==738648== Memcheck, a memory error detector
==738648== Copyright (C) 2002-2024, and GNU GPL'd, by Julian Seward et al.
==738648== Using Valgrind-3.26.0 and LibVEX; rerun with -h for copyright info
==738648== Command: gawk -f funstack.awk
==738648== Parent PID: 738647
==738648== 
==738648== 
==738648== FILE DESCRIPTORS: 3 open (2 inherited) at exit.
==738648== Open file descriptor 0: /dev/null
==738648==    at 0x4C4BE8B: dup2 (dup2.c:29)
==738648==    by 0x405EDA8: remap_std_file (io.c:615)
==738648==    by 0x405EDA8: iop_close (io.c:651)
==738648==    by 0x4061153: nextfile (io.c:453)
==738648==    by 0x404ECBF: r_interpret (interpret.h:1421)
==738648==    by 0x400EDDE: main (main.c:532)
==738648== 
==738648== 
==738648== HEAP SUMMARY:
==738648==     in use at exit: 395,634 bytes in 4,113 blocks
==738648==   total heap usage: 34,058 allocs, 29,945 frees, 4,311,731 bytes allocated
==738648== 
==738648== 1 bytes in 1 blocks are still reachable in loss record 1 of 287
==738648==    at 0x497D858: malloc (vg_replace_malloc.c:447)
==738648==    by 0x4066564: emalloc_real (awk.h:2156)
==738648==    by 0x4066564: estrdup (main.c:1451)
==738648==    by 0x400D434: init_locale (main.c:1476)
==738648==    by 0x400D434: set_locale_stuff (main.c:1849)
==738648==    by 0x400D434: main (main.c:254)
==738648== 
==738648== 1 bytes in 1 blocks are still reachable in loss record 2 of 287
==738648==    at 0x497D858: malloc (vg_replace_malloc.c:447)
==738648==    by 0x4066564: emalloc_real (awk.h:2156)
==738648==    by 0x4066564: estrdup (main.c:1451)
==738648==    by 0x400D469: init_locale (main.c:1478)
==738648==    by 0x400D469: set_locale_stuff (main.c:1849)
==738648==    by 0x400D469: main (main.c:254)
==738648== 
==738648== 1 bytes in 1 blocks are still reachable in loss record 3 of 287
==738648==    at 0x497D858: malloc (vg_replace_malloc.c:447)
==738648==    by 0x4066564: emalloc_real (awk.h:2156)
==738648==    by 0x4066564: estrdup (main.c:1451)
==738648==    by 0x400D485: init_locale (main.c:1479)
==738648==    by 0x400D485: set_locale_stuff (main.c:1849)
==738648==    by 0x400D485: main (main.c:254)
==738648== 
==738648== 1 bytes in 1 blocks are still reachable in loss record 4 of 287
==738648==    at 0x497D858: malloc (vg_replace_malloc.c:447)
==738648==    by 0x4066564: emalloc_real (awk.h:2156)
==738648==    by 0x4066564: estrdup (main.c:1451)
==738648==    by 0x400D4A1: init_locale (main.c:1480)
==738648==    by 0x400D4A1: set_locale_stuff (main.c:1849)
==738648==    by 0x400D4A1: main (main.c:254)
==738648== 
==738648== 1 bytes in 1 blocks are still reachable in loss record 5 of 287
==738648==    at 0x497D858: malloc (vg_replace_malloc.c:447)
==738648==    by 0x4066564: emalloc_real (awk.h:2156)
==738648==    by 0x4066564: estrdup (main.c:1451)
==738648==    by 0x400D4BD: init_locale (main.c:1481)
==738648==    by 0x400D4BD: set_locale_stuff (main.c:1849)
==738648==    by 0x400D4BD: main (main.c:254)
==738648== 
==738648== 1 bytes in 1 blocks are still reachable in loss record 6 of 287
==738648==    at 0x497D858: malloc (vg_replace_malloc.c:447)
==738648==    by 0x4066564: emalloc_real (awk.h:2156)
==738648==    by 0x4066564: estrdup (main.c:1451)
==738648==    by 0x400D4D9: init_locale (main.c:1482)
==738648==    by 0x400D4D9: set_locale_stuff (main.c:1849)
==738648==    by 0x400D4D9: main (main.c:254)
==738648== 
==738648== 1 bytes in 1 blocks are still reachable in loss record 7 of 287
==738648==    at 0x497D858: malloc (vg_replace_malloc.c:447)
==738648==    by 0x4066564: emalloc_real (awk.h:2156)
==738648==    by 0x4066564: estrdup (main.c:1451)
==738648==    by 0x400D4F5: init_locale (main.c:1483)
==738648==    by 0x400D4F5: set_locale_stuff (main.c:1849)
==738648==    by 0x400D4F5: main (main.c:254)
==738648== 
==738648== 1 bytes in 1 blocks are still reachable in loss record 8 of 287
==738648==    at 0x497D858: malloc (vg_replace_malloc.c:447)
==738648==    by 0x4066564: emalloc_real (awk.h:2156)
==738648==    by 0x4066564: estrdup (main.c:1451)
==738648==    by 0x400D511: init_locale (main.c:1484)
==738648==    by 0x400D511: set_locale_stuff (main.c:1849)
==738648==    by 0x400D511: main (main.c:254)
==738648== 
==738648== 1 bytes in 1 blocks are still reachable in loss record 9 of 287
==738648==    at 0x497D858: malloc (vg_replace_malloc.c:447)
==738648==    by 0x4066564: emalloc_real (awk.h:2156)
==738648==    by 0x4066564: estrdup (main.c:1451)
==738648==    by 0x400D52D: init_locale (main.c:1485)
==738648==    by 0x400D52D: set_locale_stuff (main.c:1849)
==738648==    by 0x400D52D: main (main.c:254)
==738648== 
==738648== 1 bytes in 1 blocks are still reachable in loss record 10 of 287
==738648==    at 0x497D858: malloc (vg_replace_malloc.c:447)
==738648==    by 0x4069457: emalloc_real (awk.h:2156)
==738648==    by 0x4069457: make_str_node (node.c:422)
==738648==    by 0x400D5C7: main (main.c:278)
==738648== 
==738648== 1 bytes in 1 blocks are still reachable in loss record 11 of 287
==738648==    at 0x497D858: malloc (vg_replace_malloc.c:447)
==738648==    by 0x4069457: emalloc_real (awk.h:2156)
==738648==    by 0x4069457: make_str_node (node.c:422)
==738648==    by 0x40553E0: init_fields (field.c:111)
==738648==    by 0x400E1A4: main (main.c:410)
==738648== 
==738648== 1 bytes in 1 blocks are still reachable in loss record 12 of 287
==738648==    at 0x497D858: malloc (vg_replace_malloc.c:447)
==738648==    by 0x4069457: emalloc_real (awk.h:2156)
==738648==    by 0x4069457: make_str_node (node.c:422)
==738648==    by 0x40473FB: update_ERRNO_int (eval.c:1036)
==738648==    by 0x40473FB: update_ERRNO_int (eval.c:1022)
==738648==    by 0x40613B8: nextfile (io.c:515)
==738648==    by 0x404ECBF: r_interpret (interpret.h:1421)
==738648==    by 0x400EDDE: main (main.c:532)
==738648== 
==738648== 2 bytes in 1 blocks are still reachable in loss record 13 of 287
==738648==    at 0x497D858: malloc (vg_replace_malloc.c:447)
==738648==    by 0x4066564: emalloc_real (awk.h:2156)
==738648==    by 0x4066564: estrdup (main.c:1451)
==738648==    by 0x400D44E: init_locale (main.c:1477)
==738648==    by 0x400D44E: set_locale_stuff (main.c:1849)
==738648==    by 0x400D44E: main (main.c:254)
==738648== 
==738648== 2 bytes in 1 blocks are still reachable in loss record 14 of 287
==738648==    at 0x497D858: malloc (vg_replace_malloc.c:447)
==738648==    by 0x4046CFF: emalloc_real (awk.h:2156)
==738648==    by 0x4046CFF: set_OFS (eval.c:839)
==738648==    by 0x400D9A3: init_vars (main.c:873)
==738648==    by 0x400D9A3: main (main.c:403)
==738648== 
==738648== 2 bytes in 1 blocks are still reachable in loss record 15 of 287
==738648==    at 0x497D858: malloc (vg_replace_malloc.c:447)
==738648==    by 0x4069457: emalloc_real (awk.h:2156)
==738648==    by 0x4069457: make_str_node (node.c:422)
==738648==    by 0x40613F5: nextfile (io.c:518)
==738648==    by 0x404ECBF: r_interpret (interpret.h:1421)
==738648==    by 0x400EDDE: main (main.c:532)
==738648== 
==738648== 2 bytes in 1 blocks are still reachable in loss record 16 of 287
==738648==    at 0x497D858: malloc (vg_replace_malloc.c:447)
==738648==    by 0x4069457: emalloc_real (awk.h:2156)
==738648==    by 0x4069457: make_str_node (node.c:422)
==738648==    by 0x40604F8: get_a_record (io.c:4164)
==738648==    by 0x4060947: inrec (io.c:585)
==738648==    by 0x404ECFC: r_interpret (interpret.h:1457)
==738648==    by 0x400EDDE: main (main.c:532)
==738648== 
==738648== 3 bytes in 1 blocks are still reachable in loss record 17 of 287
==738648==    at 0x497D858: malloc (vg_replace_malloc.c:447)
==738648==    by 0x4069457: emalloc_real (awk.h:2156)
==738648==    by 0x4069457: make_str_node (node.c:422)
==738648==    by 0x4054B6F: update_PROCINFO_str.part.0 (field.c:1661)
==738648==    by 0x400E83A: load_procinfo (main.c:1072)
==738648==    by 0x400E83A: init_vars (main.c:878)
==738648==    by 0x400E83A: main (main.c:403)
==738648== 
==738648== 3 bytes in 1 blocks are still reachable in loss record 18 of 287
==738648==    at 0x497D858: malloc (vg_replace_malloc.c:447)
==738648==    by 0x4069457: emalloc_real (awk.h:2156)
==738648==    by 0x4069457: make_str_node (node.c:422)
==738648==    by 0x4054B87: update_PROCINFO_str.part.0 (field.c:1662)
==738648==    by 0x400E83A: load_procinfo (main.c:1072)
==738648==    by 0x400E83A: init_vars (main.c:878)
==738648==    by 0x400E83A: main (main.c:403)
==738648== 
==738648== 3 bytes in 1 blocks are still reachable in loss record 19 of 287
==738648==    at 0x497D858: malloc (vg_replace_malloc.c:447)
==738648==    by 0x4050256: emalloc_real (awk.h:2156)
==738648==    by 0x4050256: r_interpret (interpret.h:895)
==738648==    by 0x400EDDE: main (main.c:532)
==738648== 
==738648== 4 bytes in 1 blocks are still reachable in loss record 20 of 287
==738648==    at 0x497D858: malloc (vg_replace_malloc.c:447)
==738648==    by 0x4069457: emalloc_real (awk.h:2156)
==738648==    by 0x4069457: make_str_node (node.c:422)
==738648==    by 0x4058004: update_PROCINFO_num (field.c:1674)
==738648==    by 0x400E79D: load_procinfo (main.c:1055)
==738648==    by 0x400E79D: init_vars (main.c:878)
==738648==    by 0x400E79D: main (main.c:403)
==738648== 
==738648== 4 bytes in 1 blocks are still reachable in loss record 21 of 287
==738648==    at 0x497D858: malloc (vg_replace_malloc.c:447)
==738648==    by 0x4069457: emalloc_real (awk.h:2156)
==738648==    by 0x4069457: make_str_node (node.c:422)
==738648==    by 0x4058004: update_PROCINFO_num (field.c:1674)
==738648==    by 0x400E7D2: load_procinfo (main.c:1061)
==738648==    by 0x400E7D2: init_vars (main.c:878)
==738648==    by 0x400E7D2: main (main.c:403)
==738648== 
==738648== 4 bytes in 1 blocks are still reachable in loss record 22 of 287
==738648==    at 0x497D858: malloc (vg_replace_malloc.c:447)
==738648==    by 0x4069457: emalloc_real (awk.h:2156)
==738648==    by 0x4069457: make_str_node (node.c:422)
==738648==    by 0x4058004: update_PROCINFO_num (field.c:1674)
==738648==    by 0x400E80A: load_procinfo (main.c:1067)
==738648==    by 0x400E80A: init_vars (main.c:878)
==738648==    by 0x400E80A: main (main.c:403)
==738648== 
==738648== 4 bytes in 1 blocks are still reachable in loss record 23 of 287
==738648==    at 0x497D858: malloc (vg_replace_malloc.c:447)
==738648==    by 0x4069457: emalloc_real (awk.h:2156)
==738648==    by 0x4069457: make_str_node (node.c:422)
==738648==    by 0x4054B6F: update_PROCINFO_str.part.0 (field.c:1661)
==738648==    by 0x400E8D2: load_procinfo (main.c:1087)
==738648==    by 0x400E8D2: init_vars (main.c:878)
==738648==    by 0x400E8D2: main (main.c:403)
==738648== 
==738648== 5 bytes in 1 blocks are still reachable in loss record 24 of 287
==738648==    at 0x497D858: malloc (vg_replace_malloc.c:447)
==738648==    by 0x4069457: emalloc_real (awk.h:2156)
==738648==    by 0x4069457: make_str_node (node.c:422)
==738648==    by 0x4058004: update_PROCINFO_num (field.c:1674)
==738648==    by 0x400E7B6: load_procinfo (main.c:1058)
==738648==    by 0x400E7B6: init_vars (main.c:878)
==738648==    by 0x400E7B6: main (main.c:403)
==738648== 
==738648== 5 bytes in 1 blocks are still reachable in loss record 25 of 287
==738648==    at 0x497D858: malloc (vg_replace_malloc.c:447)
==738648==    by 0x4069457: emalloc_real (awk.h:2156)
==738648==    by 0x4069457: make_str_node (node.c:422)
==738648==    by 0x4058004: update_PROCINFO_num (field.c:1674)
==738648==    by 0x400E7EE: load_procinfo (main.c:1064)
==738648==    by 0x400E7EE: init_vars (main.c:878)
==738648==    by 0x400E7EE: main (main.c:403)
==738648== 
==738648== 5 bytes in 1 blocks are still reachable in loss record 26 of 287
==738648==    at 0x497D858: malloc (vg_replace_malloc.c:447)
==738648==    by 0x4069457: emalloc_real (awk.h:2156)
==738648==    by 0x4069457: make_str_node (node.c:422)
==738648==    by 0x4058004: update_PROCINFO_num (field.c:1674)
==738648==    by 0x400E826: load_procinfo (main.c:1070)
==738648==    by 0x400E826: init_vars (main.c:878)
==738648==    by 0x400E826: main (main.c:403)
==738648== 
==738648== 5 bytes in 1 blocks are still reachable in loss record 27 of 287
==738648==    at 0x497D858: malloc (vg_replace_malloc.c:447)
==738648==    by 0x4066564: emalloc_real (awk.h:2156)
==738648==    by 0x4066564: estrdup (main.c:1451)
==738648==    by 0x400E91C: load_procinfo_argv (main.c:988)
==738648==    by 0x400E91C: load_procinfo (main.c:1093)
==738648==    by 0x400E91C: init_vars (main.c:878)
==738648==    by 0x400E91C: main (main.c:403)
==738648== 
==738648== 5 bytes in 1 blocks are still reachable in loss record 28 of 287
==738648==    at 0x497D858: malloc (vg_replace_malloc.c:447)
==738648==    by 0x4069457: emalloc_real (awk.h:2156)
==738648==    by 0x4069457: make_str_node (node.c:422)
==738648==    by 0x400EC1B: load_procinfo_argv (main.c:996)
==738648==    by 0x400EC1B: load_procinfo (main.c:1093)
==738648==    by 0x400EC1B: init_vars (main.c:878)
==738648==    by 0x400EC1B: main (main.c:403)
==738648== 
==738648== 5 bytes in 1 blocks are still reachable in loss record 29 of 287
==738648==    at 0x497D858: malloc (vg_replace_malloc.c:447)
==738648==    by 0x4066564: emalloc_real (awk.h:2156)
==738648==    by 0x4066564: estrdup (main.c:1451)
==738648==    by 0x400E407: init_args (main.c:764)
==738648==    by 0x400E407: main (main.c:470)
==738648== 
==738648== 5 bytes in 1 blocks are still reachable in loss record 30 of 287
==738648==    at 0x497D858: malloc (vg_replace_malloc.c:447)
==738648==    by 0x4069457: emalloc_real (awk.h:2156)
==738648==    by 0x4069457: make_str_node (node.c:422)
==738648==    by 0x4077055: install (symbol.c:399)
==738648==    by 0x400E414: init_args (main.c:764)
==738648==    by 0x400E414: main (main.c:470)
==738648== 
==738648== 5 bytes in 1 blocks are still reachable in loss record 31 of 287
==738648==    at 0x497D858: malloc (vg_replace_malloc.c:447)
==738648==    by 0x4069457: emalloc_real (awk.h:2156)
==738648==    by 0x4069457: make_str_node (node.c:422)
==738648==    by 0x400E43D: init_args (main.c:766)
==738648==    by 0x400E43D: main (main.c:470)
==738648== 
==738648== 5 bytes in 1 blocks are still reachable in loss record 32 of 287
==738648==    at 0x497D858: malloc (vg_replace_malloc.c:447)
==738648==    by 0x4066564: emalloc_real (awk.h:2156)
==738648==    by 0x4066564: estrdup (main.c:1451)
==738648==    by 0x400EA83: init_args (main.c:791)
==738648==    by 0x400EA83: main (main.c:470)
==738648== 
==738648== 5 bytes in 1 blocks are still reachable in loss record 33 of 287
==738648==    at 0x497D858: malloc (vg_replace_malloc.c:447)
==738648==    by 0x4069457: emalloc_real (awk.h:2156)
==738648==    by 0x4069457: make_str_node (node.c:422)
==738648==    by 0x4077055: install (symbol.c:399)
==738648==    by 0x400EA90: init_args (main.c:791)
==738648==    by 0x400EA90: main (main.c:470)
==738648== 
==738648== 5 bytes in 1 blocks are still reachable in loss record 34 of 287
==738648==    at 0x497D858: malloc (vg_replace_malloc.c:447)
==738648==    by 0x4069457: emalloc_real (awk.h:2156)
==738648==    by 0x4069457: make_str_node (node.c:422)
==738648==    by 0x4077055: install (symbol.c:399)
==738648==    by 0x401CA25: yyparse (awkgram.y:2156)
==738648==    by 0x402073A: parse_program (awkgram.y:2797)
==738648==    by 0x400EAD8: main (main.c:483)
==738648== 
==738648== 5 bytes in 1 blocks are still reachable in loss record 35 of 287
==738648==    at 0x497D858: malloc (vg_replace_malloc.c:447)
==738648==    by 0x4069457: emalloc_real (awk.h:2156)
==738648==    by 0x4069457: make_str_node (node.c:422)
==738648==    by 0x40780AA: load_symbols (symbol.c:677)
==738648==    by 0x400ED85: main (main.c:499)
==738648== 
==738648== 6 bytes in 1 blocks are still reachable in loss record 36 of 287
==738648==    at 0x497D858: malloc (vg_replace_malloc.c:447)
==738648==    by 0x4069457: emalloc_real (awk.h:2156)
==738648==    by 0x4069457: make_str_node (node.c:422)
==738648==    by 0x4054B87: update_PROCINFO_str.part.0 (field.c:1662)
==738648==    by 0x400E71D: load_procinfo (main.c:1021)
==738648==    by 0x400E71D: init_vars (main.c:878)
==738648==    by 0x400E71D: main (main.c:403)
==738648== 
==738648== 6 bytes in 1 blocks are still reachable in loss record 37 of 287
==738648==    at 0x497D858: malloc (vg_replace_malloc.c:447)
==738648==    by 0x4069457: emalloc_real (awk.h:2156)
==738648==    by 0x4069457: make_str_node (node.c:422)
==738648==    by 0x4054B87: update_PROCINFO_str.part.0 (field.c:1662)
==738648==    by 0x400E743: load_procinfo (main.c:1023)
==738648==    by 0x400E743: init_vars (main.c:878)
==738648==    by 0x400E743: main (main.c:403)
==738648== 
==738648== 6 bytes in 1 blocks are still reachable in loss record 38 of 287
==738648==    at 0x497D858: malloc (vg_replace_malloc.c:447)
==738648==    by 0x4069457: emalloc_real (awk.h:2156)
==738648==    by 0x4069457: make_str_node (node.c:422)
==738648==    by 0x407810A: load_symbols (symbol.c:681)
==738648==    by 0x400ED85: main (main.c:499)
==738648== 
==738648== 6 bytes in 1 blocks are still reachable in loss record 39 of 287
==738648==    at 0x497D858: malloc (vg_replace_malloc.c:447)
==738648==    by 0x4069457: emalloc_real (awk.h:2156)
==738648==    by 0x4069457: make_str_node (node.c:422)
==738648==    by 0x4058004: update_PROCINFO_num (field.c:1674)
==738648==    by 0x40473B3: update_ERRNO_int (eval.c:1029)
==738648==    by 0x40473B3: update_ERRNO_int (eval.c:1022)
==738648==    by 0x40613B8: nextfile (io.c:515)
==738648==    by 0x404ECBF: r_interpret (interpret.h:1421)
==738648==    by 0x400EDDE: main (main.c:532)
==738648== 
==738648== 7 bytes in 1 blocks are still reachable in loss record 40 of 287
==738648==    at 0x497D858: malloc (vg_replace_malloc.c:447)
==738648==    by 0x4066564: emalloc_real (awk.h:2156)
==738648==    by 0x4066564: estrdup (main.c:1451)
==738648==    by 0x4077381: init_the_tables (symbol.c:78)
==738648==    by 0x400D60A: main (main.c:287)
==738648== 
==738648== 7 bytes in 1 blocks are still reachable in loss record 41 of 287
==738648==    at 0x497D858: malloc (vg_replace_malloc.c:447)
==738648==    by 0x4069457: emalloc_real (awk.h:2156)
==738648==    by 0x4069457: make_str_node (node.c:422)
==738648==    by 0x4077055: install (symbol.c:399)
==738648==    by 0x4077390: install_symbol (symbol.c:173)
==738648==    by 0x4077390: init_the_tables (symbol.c:78)
==738648==    by 0x400D60A: main (main.c:287)
==738648== 
==738648== 7 bytes in 1 blocks are still reachable in loss record 42 of 287
==738648==    at 0x497D858: malloc (vg_replace_malloc.c:447)
==738648==    by 0x4069457: emalloc_real (awk.h:2156)
==738648==    by 0x4069457: make_str_node (node.c:422)
==738648==    by 0x4058004: update_PROCINFO_num (field.c:1674)
==738648==    by 0x400E784: load_procinfo (main.c:1046)
==738648==    by 0x400E784: init_vars (main.c:878)
==738648==    by 0x400E784: main (main.c:403)
==738648== 
==738648== 7 bytes in 1 blocks are still reachable in loss record 43 of 287
==738648==    at 0x497D858: malloc (vg_replace_malloc.c:447)
==738648==    by 0x4069457: emalloc_real (awk.h:2156)
==738648==    by 0x4069457: make_str_node (node.c:422)
==738648==    by 0x40780DA: load_symbols (symbol.c:679)
==738648==    by 0x400ED85: main (main.c:499)
==738648== 
==738648== 8 bytes in 1 blocks are still reachable in loss record 44 of 287
==738648==    at 0x497D858: malloc (vg_replace_malloc.c:447)
==738648==    by 0x4066564: emalloc_real (awk.h:2156)
==738648==    by 0x4066564: estrdup (main.c:1451)
==738648==    by 0x407735A: init_the_tables (symbol.c:77)
==738648==    by 0x400D60A: main (main.c:287)
==738648== 
==738648== 8 bytes in 1 blocks are still reachable in loss record 45 of 287
==738648==    at 0x497D858: malloc (vg_replace_malloc.c:447)
==738648==    by 0x4069457: emalloc_real (awk.h:2156)
==738648==    by 0x4069457: make_str_node (node.c:422)
==738648==    by 0x4077055: install (symbol.c:399)
==738648==    by 0x4077369: install_symbol (symbol.c:173)
==738648==    by 0x4077369: init_the_tables (symbol.c:77)
==738648==    by 0x400D60A: main (main.c:287)
==738648== 
==738648== 8 bytes in 1 blocks are still reachable in loss record 46 of 287
==738648==    at 0x497D858: malloc (vg_replace_malloc.c:447)
==738648==    by 0x4069457: emalloc_real (awk.h:2156)
==738648==    by 0x4069457: make_str_node (node.c:422)
==738648==    by 0x4054B6F: update_PROCINFO_str.part.0 (field.c:1661)
==738648==    by 0x400E71D: load_procinfo (main.c:1021)
==738648==    by 0x400E71D: init_vars (main.c:878)
==738648==    by 0x400E71D: main (main.c:403)
==738648== 
==738648== 8 bytes in 1 blocks are still reachable in loss record 47 of 287
==738648==    at 0x497D858: malloc (vg_replace_malloc.c:447)
==738648==    by 0x4066564: emalloc_real (awk.h:2156)
==738648==    by 0x4066564: estrdup (main.c:1451)
==738648==    by 0x400E02B: load_environ (main.c:930)
==738648==    by 0x400E02B: init_vars (main.c:879)
==738648==    by 0x400E02B: main (main.c:403)
==738648== 
==738648== 8 bytes in 1 blocks are still reachable in loss record 48 of 287
==738648==    at 0x497D858: malloc (vg_replace_malloc.c:447)
==738648==    by 0x4069457: emalloc_real (awk.h:2156)
==738648==    by 0x4069457: make_str_node (node.c:422)
==738648==    by 0x4077055: install (symbol.c:399)
==738648==    by 0x400E038: load_environ (main.c:930)
==738648==    by 0x400E038: init_vars (main.c:879)
==738648==    by 0x400E038: main (main.c:403)
==738648== 
==738648== 8 bytes in 1 blocks are still reachable in loss record 49 of 287
==738648==    at 0x497D858: malloc (vg_replace_malloc.c:447)
==738648==    by 0x4055372: emalloc_real (awk.h:2156)
==738648==    by 0x4055372: init_fields (field.c:103)
==738648==    by 0x400E1A4: main (main.c:410)
==738648== 
==738648== 8 bytes in 1 blocks are still reachable in loss record 50 of 287
==738648==    at 0x497D858: malloc (vg_replace_malloc.c:447)
==738648==    by 0x4083389: csets_emplace_back (minrx.c:1122)
==738648==    by 0x4085EF9: chr (minrx.c:1628)
==738648==    by 0x4085EF9: rep (minrx.c:1514)
==738648==    by 0x4086191: cat (minrx.c:1408)
==738648==    by 0x4086268: alt (minrx.c:1333)
==738648==    by 0x4086BB0: compile.constprop.0 (minrx.c:1903)
==738648==    by 0x4089B38: minrx_regncomp (minrx.c:2490)
==738648==    by 0x407427D: make_regexp (re.c:355)
==738648==    by 0x40195EB: make_regnode (awkgram.y:5306)
==738648==    by 0x401D996: yyparse (awkgram.y:584)
==738648==    by 0x402073A: parse_program (awkgram.y:2797)
==738648==    by 0x400EAD8: main (main.c:483)
==738648== 
==738648== 8 bytes in 1 blocks are still reachable in loss record 51 of 287
==738648==    at 0x497D858: malloc (vg_replace_malloc.c:447)
==738648==    by 0x4069457: emalloc_real (awk.h:2156)
==738648==    by 0x4069457: make_str_node (node.c:422)
==738648==    by 0x40780F2: load_symbols (symbol.c:680)
==738648==    by 0x400ED85: main (main.c:499)
==738648== 
==738648== 8 bytes in 1 blocks are still reachable in loss record 52 of 287
==738648==    at 0x497D858: malloc (vg_replace_malloc.c:447)
==738648==    by 0x4069457: emalloc_real (awk.h:2156)
==738648==    by 0x4069457: make_str_node (node.c:422)
==738648==    by 0x4078122: load_symbols (symbol.c:682)
==738648==    by 0x400ED85: main (main.c:499)
==738648== 
==738648== 8 bytes in 1 blocks are still reachable in loss record 53 of 287
==738648==    at 0x497D858: malloc (vg_replace_malloc.c:447)
==738648==    by 0x4086EBA: firstclosure (minrx.c:1834)
==738648==    by 0x4086EBA: compile.constprop.0 (minrx.c:1923)
==738648==    by 0x4089B38: minrx_regncomp (minrx.c:2490)
==738648==    by 0x407427D: make_regexp (re.c:355)
==738648==    by 0x40753B5: re_cache_get (re.c:556)
==738648==    by 0x40753B5: re_update (re.c:610)
==738648==    by 0x4056783: do_split (field.c:1230)
==738648==    by 0x404FC3C: r_interpret (interpret.h:1114)
==738648==    by 0x400EDDE: main (main.c:532)
==738648== 
==738648== 9 bytes in 1 blocks are still reachable in loss record 54 of 287
==738648==    at 0x497D858: malloc (vg_replace_malloc.c:447)
==738648==    by 0x4066564: emalloc_real (awk.h:2156)
==738648==    by 0x4066564: estrdup (main.c:1451)
==738648==    by 0x400E6F6: load_procinfo (main.c:1019)
==738648==    by 0x400E6F6: init_vars (main.c:878)
==738648==    by 0x400E6F6: main (main.c:403)
==738648== 
==738648== 9 bytes in 1 blocks are still reachable in loss record 55 of 287
==738648==    at 0x497D858: malloc (vg_replace_malloc.c:447)
==738648==    by 0x4069457: emalloc_real (awk.h:2156)
==738648==    by 0x4069457: make_str_node (node.c:422)
==738648==    by 0x4077055: install (symbol.c:399)
==738648==    by 0x400E703: load_procinfo (main.c:1019)
==738648==    by 0x400E703: init_vars (main.c:878)
==738648==    by 0x400E703: main (main.c:403)
==738648== 
==738648== 9 bytes in 1 blocks are still reachable in loss record 56 of 287
==738648==    at 0x497D858: malloc (vg_replace_malloc.c:447)
==738648==    by 0x4069457: emalloc_real (awk.h:2156)
==738648==    by 0x4069457: make_str_node (node.c:422)
==738648==    by 0x4054B6F: update_PROCINFO_str.part.0 (field.c:1661)
==738648==    by 0x400E730: load_procinfo (main.c:1022)
==738648==    by 0x400E730: init_vars (main.c:878)
==738648==    by 0x400E730: main (main.c:403)
==738648== 
==738648== 9 bytes in 1 blocks are still reachable in loss record 57 of 287
==738648==    at 0x497D858: malloc (vg_replace_malloc.c:447)
==738648==    by 0x4069457: emalloc_real (awk.h:2156)
==738648==    by 0x4069457: make_str_node (node.c:422)
==738648==    by 0x4054B6F: update_PROCINFO_str.part.0 (field.c:1661)
==738648==    by 0x400E743: load_procinfo (main.c:1023)
==738648==    by 0x400E743: init_vars (main.c:878)
==738648==    by 0x400E743: main (main.c:403)
==738648== 
==738648== 10 bytes in 1 blocks are still reachable in loss record 58 of 287
==738648==    at 0x497D858: malloc (vg_replace_malloc.c:447)
==738648==    by 0x4069457: emalloc_real (awk.h:2156)
==738648==    by 0x4069457: make_str_node (node.c:422)
==738648==    by 0x4058004: update_PROCINFO_num (field.c:1674)
==738648==    by 0x400E757: load_procinfo (main.c:1035)
==738648==    by 0x400E757: init_vars (main.c:878)
==738648==    by 0x400E757: main (main.c:403)
==738648== 
==738648== 10 bytes in 1 blocks are still reachable in loss record 59 of 287
==738648==    at 0x497D858: malloc (vg_replace_malloc.c:447)
==738648==    by 0x4069457: emalloc_real (awk.h:2156)
==738648==    by 0x4069457: make_str_node (node.c:422)
==738648==    by 0x4058004: update_PROCINFO_num (field.c:1674)
==738648==    by 0x400E76B: load_procinfo (main.c:1036)
==738648==    by 0x400E76B: init_vars (main.c:878)
==738648==    by 0x400E76B: main (main.c:403)
==738648== 
==738648== 10 bytes in 1 blocks are still reachable in loss record 60 of 287
==738648==    at 0x497D858: malloc (vg_replace_malloc.c:447)
==738648==    by 0x4069457: emalloc_real (awk.h:2156)
==738648==    by 0x4069457: make_str_node (node.c:422)
==738648==    by 0x4054B87: update_PROCINFO_str.part.0 (field.c:1662)
==738648==    by 0x400E8D2: load_procinfo (main.c:1087)
==738648==    by 0x400E8D2: init_vars (main.c:878)
==738648==    by 0x400E8D2: main (main.c:403)
==738648== 
==738648== 12 bytes in 1 blocks are still reachable in loss record 61 of 287
==738648==    at 0x497D858: malloc (vg_replace_malloc.c:447)
==738648==    by 0x4069457: emalloc_real (awk.h:2156)
==738648==    by 0x4069457: make_str_node (node.c:422)
==738648==    by 0x4077FD7: load_symbols (symbol.c:663)
==738648==    by 0x400ED85: main (main.c:499)
==738648== 
==738648== 12 bytes in 1 blocks are still reachable in loss record 62 of 287
==738648==    at 0x497D858: malloc (vg_replace_malloc.c:447)
==738648==    by 0x4066564: emalloc_real (awk.h:2156)
==738648==    by 0x4066564: estrdup (main.c:1451)
==738648==    by 0x4078093: load_symbols (symbol.c:675)
==738648==    by 0x400ED85: main (main.c:499)
==738648== 
==738648== 13 bytes in 1 blocks are still reachable in loss record 63 of 287
==738648==    at 0x497D858: malloc (vg_replace_malloc.c:447)
==738648==    by 0x4066564: emalloc_real (awk.h:2156)
==738648==    by 0x4066564: estrdup (main.c:1451)
==738648==    by 0x4014A21: do_add_srcfile (awkgram.y:2834)
==738648==    by 0x4018A70: add_srcfile (awkgram.y:2916)
==738648==    by 0x400D7E5: parse_args (main.c:1585)
==738648==    by 0x400D7E5: main (main.c:294)
==738648== 
==738648== 16 bytes in 1 blocks are still reachable in loss record 64 of 287
==738648==    at 0x497D858: malloc (vg_replace_malloc.c:447)
==738648==    by 0x407474B: emalloc_real (awk.h:2156)
==738648==    by 0x407474B: make_regexp (re.c:370)
==738648==    by 0x40753B5: re_cache_get (re.c:556)
==738648==    by 0x40753B5: re_update (re.c:610)
==738648==    by 0x4056783: do_split (field.c:1230)
==738648==    by 0x404FC3C: r_interpret (interpret.h:1114)
==738648==    by 0x400EDDE: main (main.c:532)
==738648== 
==738648== 21 bytes in 3 blocks are still reachable in loss record 65 of 287
==738648==    at 0x497D858: malloc (vg_replace_malloc.c:447)
==738648==    by 0x4066564: emalloc_real (awk.h:2156)
==738648==    by 0x4066564: estrdup (main.c:1451)
==738648==    by 0x400D69D: save_argv (main.c:1498)
==738648==    by 0x400D69D: parse_args (main.c:1554)
==738648==    by 0x400D69D: main (main.c:294)
==738648== 
==738648== 21 bytes in 3 blocks are still reachable in loss record 66 of 287
==738648==    at 0x497D858: malloc (vg_replace_malloc.c:447)
==738648==    by 0x4069457: emalloc_real (awk.h:2156)
==738648==    by 0x4069457: make_str_node (node.c:422)
==738648==    by 0x400E9C6: load_procinfo_argv (main.c:991)
==738648==    by 0x400E9C6: load_procinfo (main.c:1093)
==738648==    by 0x400E9C6: init_vars (main.c:878)
==738648==    by 0x400E9C6: main (main.c:403)
==738648== 
==738648== 24 bytes in 1 blocks are still reachable in loss record 67 of 287
==738648==    at 0x4984E43: calloc (vg_replace_malloc.c:1678)
==738648==    by 0x405E8B2: ezalloc_real (awk.h:2174)
==738648==    by 0x405E8B2: init_awkpath (io.c:2996)
==738648==    by 0x405E8B2: do_find_source (io.c:3068)
==738648==    by 0x4065061: find_source (io.c:3098)
==738648==    by 0x40189F8: add_srcfile (awkgram.y:2864)
==738648==    by 0x400D7E5: parse_args (main.c:1585)
==738648==    by 0x400D7E5: main (main.c:294)
==738648== 
==738648== 24 bytes in 1 blocks are still reachable in loss record 68 of 287
==738648==    at 0x497D858: malloc (vg_replace_malloc.c:447)
==738648==    by 0x4069457: emalloc_real (awk.h:2156)
==738648==    by 0x4069457: make_str_node (node.c:422)
==738648==    by 0x4054B87: update_PROCINFO_str.part.0 (field.c:1662)
==738648==    by 0x400E730: load_procinfo (main.c:1022)
==738648==    by 0x400E730: init_vars (main.c:878)
==738648==    by 0x400E730: main (main.c:403)
==738648== 
==738648== 26 bytes in 1 blocks are still reachable in loss record 69 of 287
==738648==    at 0x497D858: malloc (vg_replace_malloc.c:447)
==738648==    by 0x405E9A7: emalloc_real (awk.h:2156)
==738648==    by 0x405E9A7: init_awkpath (io.c:3026)
==738648==    by 0x405E9A7: do_find_source (io.c:3068)
==738648==    by 0x4065061: find_source (io.c:3098)
==738648==    by 0x40189F8: add_srcfile (awkgram.y:2864)
==738648==    by 0x400D7E5: parse_args (main.c:1585)
==738648==    by 0x400D7E5: main (main.c:294)
==738648== 
==738648== 32 bytes in 1 blocks are still reachable in loss record 70 of 287
==738648==    at 0x497D858: malloc (vg_replace_malloc.c:447)
==738648==    by 0x4066202: emalloc_real.constprop.0 (awk.h:2156)
==738648==    by 0x400D66C: save_argv (main.c:1496)
==738648==    by 0x400D66C: parse_args (main.c:1554)
==738648==    by 0x400D66C: main (main.c:294)
==738648== 
==738648== 32 bytes in 1 blocks are still reachable in loss record 71 of 287
==738648==    at 0x497D858: malloc (vg_replace_malloc.c:447)
==738648==    by 0x4045E57: emalloc_real (awk.h:2156)
==738648==    by 0x4045E57: fmt_index (eval.c:913)
==738648==    by 0x4046F46: set_CONVFMT (eval.c:956)
==738648==    by 0x400D9A3: init_vars (main.c:873)
==738648==    by 0x400D9A3: main (main.c:403)
==738648== 
==738648== 32 bytes in 4 blocks are still reachable in loss record 72 of 287
==738648==    at 0x498507F: realloc (vg_replace_malloc.c:1804)
==738648==    by 0x4082014: add_char_to_set (charset.c:3415)
==738648==    by 0x4082C22: charset_add_char.part.0 (charset.c:9054)
==738648==    by 0x4086F77: charset_add_char (charset.c:9051)
==738648==    by 0x4086F77: cset_set (minrx.c:928)
==738648==    by 0x4086F77: firstclosure (minrx.c:1841)
==738648==    by 0x4086F77: compile.constprop.0 (minrx.c:1923)
==738648==    by 0x4089B38: minrx_regncomp (minrx.c:2490)
==738648==    by 0x407427D: make_regexp (re.c:355)
==738648==    by 0x40195EB: make_regnode (awkgram.y:5306)
==738648==    by 0x401D996: yyparse (awkgram.y:584)
==738648==    by 0x402073A: parse_program (awkgram.y:2797)
==738648==    by 0x400EAD8: main (main.c:483)
==738648== 
==738648== 36 bytes in 9 blocks are still reachable in loss record 73 of 287
==738648==    at 0x497D858: malloc (vg_replace_malloc.c:447)
==738648==    by 0x4082ACF: charset_merge.part.0 (charset.c:9371)
==738648==    by 0x4086FDE: charset_merge (charset.c:9361)
==738648==    by 0x4086FDE: cset_merge (minrx.c:901)
==738648==    by 0x4086FDE: firstclosure (minrx.c:1843)
==738648==    by 0x4086FDE: compile.constprop.0 (minrx.c:1923)
==738648==    by 0x4089B38: minrx_regncomp (minrx.c:2490)
==738648==    by 0x407427D: make_regexp (re.c:355)
==738648==    by 0x40195EB: make_regnode (awkgram.y:5306)
==738648==    by 0x401D996: yyparse (awkgram.y:584)
==738648==    by 0x402073A: parse_program (awkgram.y:2797)
==738648==    by 0x400EAD8: main (main.c:483)
==738648== 
==738648== 38 bytes in 1 blocks are still reachable in loss record 74 of 287
==738648==    at 0x497D858: malloc (vg_replace_malloc.c:447)
==738648==    by 0x405E673: emalloc_real (awk.h:2156)
==738648==    by 0x405E673: do_find_source (io.c:3070)
==738648==    by 0x4065061: find_source (io.c:3098)
==738648==    by 0x40189F8: add_srcfile (awkgram.y:2864)
==738648==    by 0x400D7E5: parse_args (main.c:1585)
==738648==    by 0x400D7E5: main (main.c:294)
==738648== 
==738648== 39 bytes in 1 blocks are still reachable in loss record 75 of 287
==738648==    at 0x498507F: realloc (vg_replace_malloc.c:1804)
==738648==    by 0x4074630: erealloc_real (awk.h:2192)
==738648==    by 0x4074630: make_regexp (re.c:101)
==738648==    by 0x40195EB: make_regnode (awkgram.y:5306)
==738648==    by 0x401D996: yyparse (awkgram.y:584)
==738648==    by 0x402073A: parse_program (awkgram.y:2797)
==738648==    by 0x400EAD8: main (main.c:483)
==738648== 
==738648== 40 bytes in 1 blocks are still reachable in loss record 76 of 287
==738648==    at 0x497D858: malloc (vg_replace_malloc.c:447)
==738648==    by 0x4082059: add_char_to_set (charset.c:3407)
==738648==    by 0x4082C22: charset_add_char.part.0 (charset.c:9054)
==738648==    by 0x4086F77: charset_add_char (charset.c:9051)
==738648==    by 0x4086F77: cset_set (minrx.c:928)
==738648==    by 0x4086F77: firstclosure (minrx.c:1841)
==738648==    by 0x4086F77: compile.constprop.0 (minrx.c:1923)
==738648==    by 0x4089B38: minrx_regncomp (minrx.c:2490)
==738648==    by 0x407427D: make_regexp (re.c:355)
==738648==    by 0x40753B5: re_cache_get (re.c:556)
==738648==    by 0x40753B5: re_update (re.c:610)
==738648==    by 0x4056783: do_split (field.c:1230)
==738648==    by 0x404FC3C: r_interpret (interpret.h:1114)
==738648==    by 0x400EDDE: main (main.c:532)
==738648== 
==738648== 46 bytes in 11 blocks are still reachable in loss record 77 of 287
==738648==    at 0x497D858: malloc (vg_replace_malloc.c:447)
==738648==    by 0x4069457: emalloc_real (awk.h:2156)
==738648==    by 0x4069457: make_str_node (node.c:422)
==738648==    by 0x400D984: init_vars (main.c:867)
==738648==    by 0x400D984: main (main.c:403)
==738648== 
==738648== 48 bytes in 1 blocks are still reachable in loss record 78 of 287
==738648==    at 0x497D858: malloc (vg_replace_malloc.c:447)
==738648==    by 0x4068FEB: emalloc_real (awk.h:2156)
==738648==    by 0x4068FEB: r_getblock (node.c:1164)
==738648==    by 0x40768D9: str_lookup (str_array.c:214)
==738648==    by 0x407708C: assoc_set (awk.h:2220)
==738648==    by 0x407708C: install (symbol.c:430)
==738648==    by 0x4077369: install_symbol (symbol.c:173)
==738648==    by 0x4077369: init_the_tables (symbol.c:77)
==738648==    by 0x400D60A: main (main.c:287)
==738648== 
==738648== 48 bytes in 1 blocks are still reachable in loss record 79 of 287
==738648==    at 0x497D858: malloc (vg_replace_malloc.c:447)
==738648==    by 0x4068FEB: emalloc_real (awk.h:2156)
==738648==    by 0x4068FEB: r_getblock (node.c:1164)
==738648==    by 0x40768D9: str_lookup (str_array.c:214)
==738648==    by 0x407708C: assoc_set (awk.h:2220)
==738648==    by 0x407708C: install (symbol.c:430)
==738648==    by 0x4077390: install_symbol (symbol.c:173)
==738648==    by 0x4077390: init_the_tables (symbol.c:78)
==738648==    by 0x400D60A: main (main.c:287)
==738648== 
==738648== 48 bytes in 1 blocks are still reachable in loss record 80 of 287
==738648==    at 0x497D858: malloc (vg_replace_malloc.c:447)
==738648==    by 0x4068FEB: emalloc_real (awk.h:2156)
==738648==    by 0x4068FEB: r_getblock (node.c:1164)
==738648==    by 0x40768D9: str_lookup (str_array.c:214)
==738648==    by 0x407708C: assoc_set (awk.h:2220)
==738648==    by 0x407708C: install (symbol.c:430)
==738648==    by 0x400E703: load_procinfo (main.c:1019)
==738648==    by 0x400E703: init_vars (main.c:878)
==738648==    by 0x400E703: main (main.c:403)
==738648== 
==738648== 48 bytes in 1 blocks are still reachable in loss record 81 of 287
==738648==    at 0x497D858: malloc (vg_replace_malloc.c:447)
==738648==    by 0x4068FEB: emalloc_real (awk.h:2156)
==738648==    by 0x4068FEB: r_getblock (node.c:1164)
==738648==    by 0x40768D9: str_lookup (str_array.c:214)
==738648==    by 0x4054B9E: assoc_set (awk.h:2220)
==738648==    by 0x4054B9E: update_PROCINFO_str.part.0 (field.c:1662)
==738648==    by 0x400E71D: load_procinfo (main.c:1021)
==738648==    by 0x400E71D: init_vars (main.c:878)
==738648==    by 0x400E71D: main (main.c:403)
==738648== 
==738648== 48 bytes in 1 blocks are still reachable in loss record 82 of 287
==738648==    at 0x497D858: malloc (vg_replace_malloc.c:447)
==738648==    by 0x4068FEB: emalloc_real (awk.h:2156)
==738648==    by 0x4068FEB: r_getblock (node.c:1164)
==738648==    by 0x40768D9: str_lookup (str_array.c:214)
==738648==    by 0x4054B9E: assoc_set (awk.h:2220)
==738648==    by 0x4054B9E: update_PROCINFO_str.part.0 (field.c:1662)
==738648==    by 0x400E730: load_procinfo (main.c:1022)
==738648==    by 0x400E730: init_vars (main.c:878)
==738648==    by 0x400E730: main (main.c:403)
==738648== 
==738648== 48 bytes in 1 blocks are still reachable in loss record 83 of 287
==738648==    at 0x497D858: malloc (vg_replace_malloc.c:447)
==738648==    by 0x4068FEB: emalloc_real (awk.h:2156)
==738648==    by 0x4068FEB: r_getblock (node.c:1164)
==738648==    by 0x40768D9: str_lookup (str_array.c:214)
==738648==    by 0x4054B9E: assoc_set (awk.h:2220)
==738648==    by 0x4054B9E: update_PROCINFO_str.part.0 (field.c:1662)
==738648==    by 0x400E743: load_procinfo (main.c:1023)
==738648==    by 0x400E743: init_vars (main.c:878)
==738648==    by 0x400E743: main (main.c:403)
==738648== 
==738648== 48 bytes in 1 blocks are still reachable in loss record 84 of 287
==738648==    at 0x497D858: malloc (vg_replace_malloc.c:447)
==738648==    by 0x4068FEB: emalloc_real (awk.h:2156)
==738648==    by 0x4068FEB: r_getblock (node.c:1164)
==738648==    by 0x40768D9: str_lookup (str_array.c:214)
==738648==    by 0x405802A: assoc_set (awk.h:2220)
==738648==    by 0x405802A: update_PROCINFO_num (field.c:1675)
==738648==    by 0x400E757: load_procinfo (main.c:1035)
==738648==    by 0x400E757: init_vars (main.c:878)
==738648==    by 0x400E757: main (main.c:403)
==738648== 
==738648== 48 bytes in 1 blocks are still reachable in loss record 85 of 287
==738648==    at 0x497D858: malloc (vg_replace_malloc.c:447)
==738648==    by 0x4068FEB: emalloc_real (awk.h:2156)
==738648==    by 0x4068FEB: r_getblock (node.c:1164)
==738648==    by 0x40768D9: str_lookup (str_array.c:214)
==738648==    by 0x405802A: assoc_set (awk.h:2220)
==738648==    by 0x405802A: update_PROCINFO_num (field.c:1675)
==738648==    by 0x400E76B: load_procinfo (main.c:1036)
==738648==    by 0x400E76B: init_vars (main.c:878)
==738648==    by 0x400E76B: main (main.c:403)
==738648== 
==738648== 48 bytes in 1 blocks are still reachable in loss record 86 of 287
==738648==    at 0x497D858: malloc (vg_replace_malloc.c:447)
==738648==    by 0x4068FEB: emalloc_real (awk.h:2156)
==738648==    by 0x4068FEB: r_getblock (node.c:1164)
==738648==    by 0x40768D9: str_lookup (str_array.c:214)
==738648==    by 0x405802A: assoc_set (awk.h:2220)
==738648==    by 0x405802A: update_PROCINFO_num (field.c:1675)
==738648==    by 0x400E784: load_procinfo (main.c:1046)
==738648==    by 0x400E784: init_vars (main.c:878)
==738648==    by 0x400E784: main (main.c:403)
==738648== 
==738648== 48 bytes in 1 blocks are still reachable in loss record 87 of 287
==738648==    at 0x497D858: malloc (vg_replace_malloc.c:447)
==738648==    by 0x4068FEB: emalloc_real (awk.h:2156)
==738648==    by 0x4068FEB: r_getblock (node.c:1164)
==738648==    by 0x40768D9: str_lookup (str_array.c:214)
==738648==    by 0x405802A: assoc_set (awk.h:2220)
==738648==    by 0x405802A: update_PROCINFO_num (field.c:1675)
==738648==    by 0x400E79D: load_procinfo (main.c:1055)
==738648==    by 0x400E79D: init_vars (main.c:878)
==738648==    by 0x400E79D: main (main.c:403)
==738648== 
==738648== 48 bytes in 1 blocks are still reachable in loss record 88 of 287
==738648==    at 0x497D858: malloc (vg_replace_malloc.c:447)
==738648==    by 0x4068FEB: emalloc_real (awk.h:2156)
==738648==    by 0x4068FEB: r_getblock (node.c:1164)
==738648==    by 0x40768D9: str_lookup (str_array.c:214)
==738648==    by 0x405802A: assoc_set (awk.h:2220)
==738648==    by 0x405802A: update_PROCINFO_num (field.c:1675)
==738648==    by 0x400E7B6: load_procinfo (main.c:1058)
==738648==    by 0x400E7B6: init_vars (main.c:878)
==738648==    by 0x400E7B6: main (main.c:403)
==738648== 
==738648== 48 bytes in 1 blocks are still reachable in loss record 89 of 287
==738648==    at 0x497D858: malloc (vg_replace_malloc.c:447)
==738648==    by 0x4068FEB: emalloc_real (awk.h:2156)
==738648==    by 0x4068FEB: r_getblock (node.c:1164)
==738648==    by 0x40768D9: str_lookup (str_array.c:214)
==738648==    by 0x405802A: assoc_set (awk.h:2220)
==738648==    by 0x405802A: update_PROCINFO_num (field.c:1675)
==738648==    by 0x400E7D2: load_procinfo (main.c:1061)
==738648==    by 0x400E7D2: init_vars (main.c:878)
==738648==    by 0x400E7D2: main (main.c:403)
==738648== 
==738648== 48 bytes in 1 blocks are still reachable in loss record 90 of 287
==738648==    at 0x497D858: malloc (vg_replace_malloc.c:447)
==738648==    by 0x4068FEB: emalloc_real (awk.h:2156)
==738648==    by 0x4068FEB: r_getblock (node.c:1164)
==738648==    by 0x40768D9: str_lookup (str_array.c:214)
==738648==    by 0x405802A: assoc_set (awk.h:2220)
==738648==    by 0x405802A: update_PROCINFO_num (field.c:1675)
==738648==    by 0x400E7EE: load_procinfo (main.c:1064)
==738648==    by 0x400E7EE: init_vars (main.c:878)
==738648==    by 0x400E7EE: main (main.c:403)
==738648== 
==738648== 48 bytes in 1 blocks are still reachable in loss record 91 of 287
==738648==    at 0x497D858: malloc (vg_replace_malloc.c:447)
==738648==    by 0x4068FEB: emalloc_real (awk.h:2156)
==738648==    by 0x4068FEB: r_getblock (node.c:1164)
==738648==    by 0x40768D9: str_lookup (str_array.c:214)
==738648==    by 0x405802A: assoc_set (awk.h:2220)
==738648==    by 0x405802A: update_PROCINFO_num (field.c:1675)
==738648==    by 0x400E80A: load_procinfo (main.c:1067)
==738648==    by 0x400E80A: init_vars (main.c:878)
==738648==    by 0x400E80A: main (main.c:403)
==738648== 
==738648== 48 bytes in 1 blocks are still reachable in loss record 92 of 287
==738648==    at 0x497D858: malloc (vg_replace_malloc.c:447)
==738648==    by 0x4068FEB: emalloc_real (awk.h:2156)
==738648==    by 0x4068FEB: r_getblock (node.c:1164)
==738648==    by 0x40768D9: str_lookup (str_array.c:214)
==738648==    by 0x405802A: assoc_set (awk.h:2220)
==738648==    by 0x405802A: update_PROCINFO_num (field.c:1675)
==738648==    by 0x400E826: load_procinfo (main.c:1070)
==738648==    by 0x400E826: init_vars (main.c:878)
==738648==    by 0x400E826: main (main.c:403)
==738648== 
==738648== 48 bytes in 1 blocks are still reachable in loss record 93 of 287
==738648==    at 0x497D858: malloc (vg_replace_malloc.c:447)
==738648==    by 0x4068FEB: emalloc_real (awk.h:2156)
==738648==    by 0x4068FEB: r_getblock (node.c:1164)
==738648==    by 0x40768D9: str_lookup (str_array.c:214)
==738648==    by 0x4054B9E: assoc_set (awk.h:2220)
==738648==    by 0x4054B9E: update_PROCINFO_str.part.0 (field.c:1662)
==738648==    by 0x400E83A: load_procinfo (main.c:1072)
==738648==    by 0x400E83A: init_vars (main.c:878)
==738648==    by 0x400E83A: main (main.c:403)
==738648== 
==738648== 48 bytes in 1 blocks are still reachable in loss record 94 of 287
==738648==    at 0x497D858: malloc (vg_replace_malloc.c:447)
==738648==    by 0x4068FEB: emalloc_real (awk.h:2156)
==738648==    by 0x4068FEB: r_getblock (node.c:1164)
==738648==    by 0x40768D9: str_lookup (str_array.c:214)
==738648==    by 0x4054B9E: assoc_set (awk.h:2220)
==738648==    by 0x4054B9E: update_PROCINFO_str.part.0 (field.c:1662)
==738648==    by 0x400E8D2: load_procinfo (main.c:1087)
==738648==    by 0x400E8D2: init_vars (main.c:878)
==738648==    by 0x400E8D2: main (main.c:403)
==738648== 
==738648== 48 bytes in 1 blocks are still reachable in loss record 95 of 287
==738648==    at 0x497D858: malloc (vg_replace_malloc.c:447)
==738648==    by 0x4068FEB: emalloc_real (awk.h:2156)
==738648==    by 0x4068FEB: r_getblock (node.c:1164)
==738648==    by 0x40768D9: str_lookup (str_array.c:214)
==738648==    by 0x40662E6: assoc_set (awk.h:2220)
==738648==    by 0x400EC2D: load_procinfo_argv (main.c:997)
==738648==    by 0x400EC2D: load_procinfo (main.c:1093)
==738648==    by 0x400EC2D: init_vars (main.c:878)
==738648==    by 0x400EC2D: main (main.c:403)
==738648== 
==738648== 48 bytes in 1 blocks are still reachable in loss record 96 of 287
==738648==    at 0x497D858: malloc (vg_replace_malloc.c:447)
==738648==    by 0x4068FEB: emalloc_real (awk.h:2156)
==738648==    by 0x4068FEB: r_getblock (node.c:1164)
==738648==    by 0x40768D9: str_lookup (str_array.c:214)
==738648==    by 0x407708C: assoc_set (awk.h:2220)
==738648==    by 0x407708C: install (symbol.c:430)
==738648==    by 0x400E038: load_environ (main.c:930)
==738648==    by 0x400E038: init_vars (main.c:879)
==738648==    by 0x400E038: main (main.c:403)
==738648== 
==738648== 48 bytes in 1 blocks are still reachable in loss record 97 of 287
==738648==    at 0x497D858: malloc (vg_replace_malloc.c:447)
==738648==    by 0x4068FEB: emalloc_real (awk.h:2156)
==738648==    by 0x4068FEB: r_getblock (node.c:1164)
==738648==    by 0x40768D9: str_lookup (str_array.c:214)
==738648==    by 0x407708C: assoc_set (awk.h:2220)
==738648==    by 0x407708C: install (symbol.c:430)
==738648==    by 0x400E414: init_args (main.c:764)
==738648==    by 0x400E414: main (main.c:470)
==738648== 
==738648== 48 bytes in 1 blocks are still reachable in loss record 98 of 287
==738648==    at 0x497D858: malloc (vg_replace_malloc.c:447)
==738648==    by 0x4068FEB: emalloc_real (awk.h:2156)
==738648==    by 0x4068FEB: r_getblock (node.c:1164)
==738648==    by 0x40768D9: str_lookup (str_array.c:214)
==738648==    by 0x407708C: assoc_set (awk.h:2220)
==738648==    by 0x407708C: install (symbol.c:430)
==738648==    by 0x400EA90: init_args (main.c:791)
==738648==    by 0x400EA90: main (main.c:470)
==738648== 
==738648== 48 bytes in 1 blocks are still reachable in loss record 99 of 287
==738648==    at 0x497D858: malloc (vg_replace_malloc.c:447)
==738648==    by 0x4068FEB: emalloc_real (awk.h:2156)
==738648==    by 0x4068FEB: r_getblock (node.c:1164)
==738648==    by 0x40768D9: str_lookup (str_array.c:214)
==738648==    by 0x407708C: assoc_set (awk.h:2220)
==738648==    by 0x407708C: install (symbol.c:430)
==738648==    by 0x401CA25: yyparse (awkgram.y:2156)
==738648==    by 0x402073A: parse_program (awkgram.y:2797)
==738648==    by 0x400EAD8: main (main.c:483)
==738648== 
==738648== 48 bytes in 1 blocks are still reachable in loss record 100 of 287
==738648==    at 0x497D858: malloc (vg_replace_malloc.c:447)
==738648==    by 0x4068FEB: emalloc_real (awk.h:2156)
==738648==    by 0x4068FEB: r_getblock (node.c:1164)
==738648==    by 0x40768D9: str_lookup (str_array.c:214)
==738648==    by 0x4077FEA: load_symbols (symbol.c:664)
==738648==    by 0x400ED85: main (main.c:499)
==738648== 
==738648== 48 bytes in 1 blocks are still reachable in loss record 101 of 287
==738648==    at 0x497D858: malloc (vg_replace_malloc.c:447)
==738648==    by 0x4068FEB: emalloc_real (awk.h:2156)
==738648==    by 0x4068FEB: r_getblock (node.c:1164)
==738648==    by 0x40768D9: str_lookup (str_array.c:214)
==738648==    by 0x405802A: assoc_set (awk.h:2220)
==738648==    by 0x405802A: update_PROCINFO_num (field.c:1675)
==738648==    by 0x40473B3: update_ERRNO_int (eval.c:1029)
==738648==    by 0x40473B3: update_ERRNO_int (eval.c:1022)
==738648==    by 0x40613B8: nextfile (io.c:515)
==738648==    by 0x404ECBF: r_interpret (interpret.h:1421)
==738648==    by 0x400EDDE: main (main.c:532)
==738648== 
==738648== 48 bytes in 6 blocks are still reachable in loss record 102 of 287
==738648==    at 0x497D858: malloc (vg_replace_malloc.c:447)
==738648==    by 0x4083389: csets_emplace_back (minrx.c:1122)
==738648==    by 0x40852DA: chr (minrx.c:1621)
==738648==    by 0x40852DA: rep (minrx.c:1514)
==738648==    by 0x4086100: cat (minrx.c:1406)
==738648==    by 0x4086268: alt (minrx.c:1333)
==738648==    by 0x4086BB0: compile.constprop.0 (minrx.c:1903)
==738648==    by 0x4089B38: minrx_regncomp (minrx.c:2490)
==738648==    by 0x407427D: make_regexp (re.c:355)
==738648==    by 0x40195EB: make_regnode (awkgram.y:5306)
==738648==    by 0x401D996: yyparse (awkgram.y:584)
==738648==    by 0x402073A: parse_program (awkgram.y:2797)
==738648==    by 0x400EAD8: main (main.c:483)
==738648== 
==738648== 64 bytes in 1 blocks are still reachable in loss record 103 of 287
==738648==    at 0x497D858: malloc (vg_replace_malloc.c:447)
==738648==    by 0x4084391: charset_create (charset.c:9027)
==738648==    by 0x4084391: charset_invert (charset.c:9139)
==738648==    by 0x4084391: cset_invert (minrx.c:910)
==738648==    by 0x4085F1F: chr (minrx.c:1631)
==738648==    by 0x4085F1F: rep (minrx.c:1514)
==738648==    by 0x4086191: cat (minrx.c:1408)
==738648==    by 0x4086268: alt (minrx.c:1333)
==738648==    by 0x4086BB0: compile.constprop.0 (minrx.c:1903)
==738648==    by 0x4089B38: minrx_regncomp (minrx.c:2490)
==738648==    by 0x407427D: make_regexp (re.c:355)
==738648==    by 0x40195EB: make_regnode (awkgram.y:5306)
==738648==    by 0x401D996: yyparse (awkgram.y:584)
==738648==    by 0x402073A: parse_program (awkgram.y:2797)
==738648==    by 0x400EAD8: main (main.c:483)
==738648== 
==738648== 64 bytes in 1 blocks are still reachable in loss record 104 of 287
==738648==    at 0x497D858: malloc (vg_replace_malloc.c:447)
==738648==    by 0x4084391: charset_create (charset.c:9027)
==738648==    by 0x4084391: charset_invert (charset.c:9139)
==738648==    by 0x4084391: cset_invert (minrx.c:910)
==738648==    by 0x40852FC: chr (minrx.c:1622)
==738648==    by 0x40852FC: rep (minrx.c:1514)
==738648==    by 0x4086100: cat (minrx.c:1406)
==738648==    by 0x4086268: alt (minrx.c:1333)
==738648==    by 0x4086BB0: compile.constprop.0 (minrx.c:1903)
==738648==    by 0x4089B38: minrx_regncomp (minrx.c:2490)
==738648==    by 0x407427D: make_regexp (re.c:355)
==738648==    by 0x40195EB: make_regnode (awkgram.y:5306)
==738648==    by 0x401D996: yyparse (awkgram.y:584)
==738648==    by 0x402073A: parse_program (awkgram.y:2797)
==738648==    by 0x400EAD8: main (main.c:483)
==738648== 
==738648== 64 bytes in 1 blocks are still reachable in loss record 105 of 287
==738648==    at 0x497D858: malloc (vg_replace_malloc.c:447)
==738648==    by 0x4086F0A: charset_create (charset.c:9027)
==738648==    by 0x4086F0A: cset_construct (minrx.c:883)
==738648==    by 0x4086F0A: firstclosure (minrx.c:1836)
==738648==    by 0x4086F0A: compile.constprop.0 (minrx.c:1923)
==738648==    by 0x4089B38: minrx_regncomp (minrx.c:2490)
==738648==    by 0x407427D: make_regexp (re.c:355)
==738648==    by 0x40753B5: re_cache_get (re.c:556)
==738648==    by 0x40753B5: re_update (re.c:610)
==738648==    by 0x4056783: do_split (field.c:1230)
==738648==    by 0x404FC3C: r_interpret (interpret.h:1114)
==738648==    by 0x400EDDE: main (main.c:532)
==738648== 
==738648== 80 bytes in 1 blocks are still reachable in loss record 106 of 287
==738648==    at 0x497D858: malloc (vg_replace_malloc.c:447)
==738648==    by 0x4082141: add_range_to_set (charset.c:3438)
==738648==    by 0x40844CE: charset_invert (charset.c:9146)
==738648==    by 0x40844CE: cset_invert (minrx.c:910)
==738648==    by 0x4085F1F: chr (minrx.c:1631)
==738648==    by 0x4085F1F: rep (minrx.c:1514)
==738648==    by 0x4086191: cat (minrx.c:1408)
==738648==    by 0x4086268: alt (minrx.c:1333)
==738648==    by 0x4086BB0: compile.constprop.0 (minrx.c:1903)
==738648==    by 0x4089B38: minrx_regncomp (minrx.c:2490)
==738648==    by 0x407427D: make_regexp (re.c:355)
==738648==    by 0x40195EB: make_regnode (awkgram.y:5306)
==738648==    by 0x401D996: yyparse (awkgram.y:584)
==738648==    by 0x402073A: parse_program (awkgram.y:2797)
==738648== 
==738648== 80 bytes in 1 blocks are still reachable in loss record 107 of 287
==738648==    at 0x497D858: malloc (vg_replace_malloc.c:447)
==738648==    by 0x4082141: add_range_to_set (charset.c:3438)
==738648==    by 0x408442D: charset_invert (charset.c:9157)
==738648==    by 0x408442D: cset_invert (minrx.c:910)
==738648==    by 0x40852FC: chr (minrx.c:1622)
==738648==    by 0x40852FC: rep (minrx.c:1514)
==738648==    by 0x4086100: cat (minrx.c:1406)
==738648==    by 0x4086268: alt (minrx.c:1333)
==738648==    by 0x4086BB0: compile.constprop.0 (minrx.c:1903)
==738648==    by 0x4089B38: minrx_regncomp (minrx.c:2490)
==738648==    by 0x407427D: make_regexp (re.c:355)
==738648==    by 0x40195EB: make_regnode (awkgram.y:5306)
==738648==    by 0x401D996: yyparse (awkgram.y:584)
==738648==    by 0x402073A: parse_program (awkgram.y:2797)
==738648== 
==738648== 80 bytes in 1 blocks are still reachable in loss record 108 of 287
==738648==    at 0x497D858: malloc (vg_replace_malloc.c:447)
==738648==    by 0x4020D1E: emalloc_real (awk.h:2156)
==738648==    by 0x4020D1E: parse_program (awkgram.y:2810)
==738648==    by 0x400EAD8: main (main.c:483)
==738648== 
==738648== 80 bytes in 1 blocks are still reachable in loss record 109 of 287
==738648==    at 0x497D858: malloc (vg_replace_malloc.c:447)
==738648==    by 0x4082141: add_range_to_set (charset.c:3438)
==738648==    by 0x408269F: charset_finalize (charset.c:8983)
==738648==    by 0x4082DA5: charset_in_set (charset.c:9425)
==738648==    by 0x40884CD: cset_test (minrx.c:936)
==738648==    by 0x40884CD: execute_add (minrx.c:1990)
==738648==    by 0x408951C: execute (minrx.c:2392)
==738648==    by 0x4089DD9: minrx_regnexec (minrx.c:2506)
==738648==    by 0x4075121: research (re.c:483)
==738648==    by 0x40293C0: do_sub (builtin.c:1888)
==738648==    by 0x404FD01: r_interpret (interpret.h:1161)
==738648==    by 0x400EDDE: main (main.c:532)
==738648== 
==738648== 80 bytes in 1 blocks are still reachable in loss record 110 of 287
==738648==    at 0x497D858: malloc (vg_replace_malloc.c:447)
==738648==    by 0x4082141: add_range_to_set (charset.c:3438)
==738648==    by 0x408254B: charset_finalize (charset.c:8975)
==738648==    by 0x4087709: charset_firstbytes (charset.c:9475)
==738648==    by 0x4087709: cset_firstbytes (minrx.c:1060)
==738648==    by 0x4087709: firstbytes (minrx.c:1859)
==738648==    by 0x4087709: compile.constprop.0 (minrx.c:1924)
==738648==    by 0x4089B38: minrx_regncomp (minrx.c:2490)
==738648==    by 0x407427D: make_regexp (re.c:355)
==738648==    by 0x40753B5: re_cache_get (re.c:556)
==738648==    by 0x40753B5: re_update (re.c:610)
==738648==    by 0x4056783: do_split (field.c:1230)
==738648==    by 0x404FC3C: r_interpret (interpret.h:1114)
==738648==    by 0x400EDDE: main (main.c:532)
==738648== 
==738648== 88 bytes in 1 blocks are still reachable in loss record 111 of 287
==738648==    at 0x497D858: malloc (vg_replace_malloc.c:447)
==738648==    by 0x4068FEB: emalloc_real (awk.h:2156)
==738648==    by 0x4068FEB: r_getblock (node.c:1164)
==738648==    by 0x40693C1: make_str_node (node.c:406)
==738648==    by 0x400D5C7: main (main.c:278)
==738648== 
==738648== 88 bytes in 1 blocks are still reachable in loss record 112 of 287
==738648==    at 0x497D858: malloc (vg_replace_malloc.c:447)
==738648==    by 0x4068FEB: emalloc_real (awk.h:2156)
==738648==    by 0x4068FEB: r_getblock (node.c:1164)
==738648==    by 0x40772C7: init_the_tables (symbol.c:68)
==738648==    by 0x400D60A: main (main.c:287)
==738648== 
==738648== 88 bytes in 1 blocks are still reachable in loss record 113 of 287
==738648==    at 0x497D858: malloc (vg_replace_malloc.c:447)
==738648==    by 0x4068FEB: emalloc_real (awk.h:2156)
==738648==    by 0x4068FEB: r_getblock (node.c:1164)
==738648==    by 0x4077308: init_the_tables (symbol.c:72)
==738648==    by 0x400D60A: main (main.c:287)
==738648== 
==738648== 88 bytes in 1 blocks are still reachable in loss record 114 of 287
==738648==    at 0x497D858: malloc (vg_replace_malloc.c:447)
==738648==    by 0x4068FEB: emalloc_real (awk.h:2156)
==738648==    by 0x4068FEB: r_getblock (node.c:1164)
==738648==    by 0x40693C1: make_str_node (node.c:406)
==738648==    by 0x4077055: install (symbol.c:399)
==738648==    by 0x4077369: install_symbol (symbol.c:173)
==738648==    by 0x4077369: init_the_tables (symbol.c:77)
==738648==    by 0x400D60A: main (main.c:287)
==738648== 
==738648== 88 bytes in 1 blocks are still reachable in loss record 115 of 287
==738648==    at 0x497D858: malloc (vg_replace_malloc.c:447)
==738648==    by 0x4068FEB: emalloc_real (awk.h:2156)
==738648==    by 0x4068FEB: r_getblock (node.c:1164)
==738648==    by 0x4077133: make_symbol (symbol.c:376)
==738648==    by 0x4077133: install (symbol.c:417)
==738648==    by 0x4077369: install_symbol (symbol.c:173)
==738648==    by 0x4077369: init_the_tables (symbol.c:77)
==738648==    by 0x400D60A: main (main.c:287)
==738648== 
==738648== 88 bytes in 1 blocks are still reachable in loss record 116 of 287
==738648==    at 0x497D858: malloc (vg_replace_malloc.c:447)
==738648==    by 0x4068FEB: emalloc_real (awk.h:2156)
==738648==    by 0x4068FEB: r_getblock (node.c:1164)
==738648==    by 0x40693C1: make_str_node (node.c:406)
==738648==    by 0x4077055: install (symbol.c:399)
==738648==    by 0x4077390: install_symbol (symbol.c:173)
==738648==    by 0x4077390: init_the_tables (symbol.c:78)
==738648==    by 0x400D60A: main (main.c:287)
==738648== 
==738648== 88 bytes in 1 blocks are still reachable in loss record 117 of 287
==738648==    at 0x497D858: malloc (vg_replace_malloc.c:447)
==738648==    by 0x4068FEB: emalloc_real (awk.h:2156)
==738648==    by 0x4068FEB: r_getblock (node.c:1164)
==738648==    by 0x4077133: make_symbol (symbol.c:376)
==738648==    by 0x4077133: install (symbol.c:417)
==738648==    by 0x4077390: install_symbol (symbol.c:173)
==738648==    by 0x4077390: init_the_tables (symbol.c:78)
==738648==    by 0x400D60A: main (main.c:287)
==738648== 
==738648== 88 bytes in 1 blocks are still reachable in loss record 118 of 287
==738648==    at 0x497D858: malloc (vg_replace_malloc.c:447)
==738648==    by 0x4068FEB: emalloc_real (awk.h:2156)
==738648==    by 0x4068FEB: r_getblock (node.c:1164)
==738648==    by 0x40693C1: make_str_node (node.c:406)
==738648==    by 0x4077055: install (symbol.c:399)
==738648==    by 0x400E703: load_procinfo (main.c:1019)
==738648==    by 0x400E703: init_vars (main.c:878)
==738648==    by 0x400E703: main (main.c:403)
==738648== 
==738648== 88 bytes in 1 blocks are still reachable in loss record 119 of 287
==738648==    at 0x497D858: malloc (vg_replace_malloc.c:447)
==738648==    by 0x4068FEB: emalloc_real (awk.h:2156)
==738648==    by 0x4068FEB: r_getblock (node.c:1164)
==738648==    by 0x4077133: make_symbol (symbol.c:376)
==738648==    by 0x4077133: install (symbol.c:417)
==738648==    by 0x400E703: load_procinfo (main.c:1019)
==738648==    by 0x400E703: init_vars (main.c:878)
==738648==    by 0x400E703: main (main.c:403)
==738648== 
==738648== 88 bytes in 1 blocks are still reachable in loss record 120 of 287
==738648==    at 0x497D858: malloc (vg_replace_malloc.c:447)
==738648==    by 0x4068FEB: emalloc_real (awk.h:2156)
==738648==    by 0x4068FEB: r_getblock (node.c:1164)
==738648==    by 0x40693C1: make_str_node (node.c:406)
==738648==    by 0x4054B6F: update_PROCINFO_str.part.0 (field.c:1661)
==738648==    by 0x400E71D: load_procinfo (main.c:1021)
==738648==    by 0x400E71D: init_vars (main.c:878)
==738648==    by 0x400E71D: main (main.c:403)
==738648== 
==738648== 88 bytes in 1 blocks are still reachable in loss record 121 of 287
==738648==    at 0x497D858: malloc (vg_replace_malloc.c:447)
==738648==    by 0x4068FEB: emalloc_real (awk.h:2156)
==738648==    by 0x4068FEB: r_getblock (node.c:1164)
==738648==    by 0x40693C1: make_str_node (node.c:406)
==738648==    by 0x4054B87: update_PROCINFO_str.part.0 (field.c:1662)
==738648==    by 0x400E71D: load_procinfo (main.c:1021)
==738648==    by 0x400E71D: init_vars (main.c:878)
==738648==    by 0x400E71D: main (main.c:403)
==738648== 
==738648== 88 bytes in 1 blocks are still reachable in loss record 122 of 287
==738648==    at 0x497D858: malloc (vg_replace_malloc.c:447)
==738648==    by 0x4068FEB: emalloc_real (awk.h:2156)
==738648==    by 0x4068FEB: r_getblock (node.c:1164)
==738648==    by 0x40693C1: make_str_node (node.c:406)
==738648==    by 0x4054B6F: update_PROCINFO_str.part.0 (field.c:1661)
==738648==    by 0x400E730: load_procinfo (main.c:1022)
==738648==    by 0x400E730: init_vars (main.c:878)
==738648==    by 0x400E730: main (main.c:403)
==738648== 
==738648== 88 bytes in 1 blocks are still reachable in loss record 123 of 287
==738648==    at 0x497D858: malloc (vg_replace_malloc.c:447)
==738648==    by 0x4068FEB: emalloc_real (awk.h:2156)
==738648==    by 0x4068FEB: r_getblock (node.c:1164)
==738648==    by 0x40693C1: make_str_node (node.c:406)
==738648==    by 0x4054B87: update_PROCINFO_str.part.0 (field.c:1662)
==738648==    by 0x400E730: load_procinfo (main.c:1022)
==738648==    by 0x400E730: init_vars (main.c:878)
==738648==    by 0x400E730: main (main.c:403)
==738648== 
==738648== 88 bytes in 1 blocks are still reachable in loss record 124 of 287
==738648==    at 0x497D858: malloc (vg_replace_malloc.c:447)
==738648==    by 0x4068FEB: emalloc_real (awk.h:2156)
==738648==    by 0x4068FEB: r_getblock (node.c:1164)
==738648==    by 0x40693C1: make_str_node (node.c:406)
==738648==    by 0x4054B6F: update_PROCINFO_str.part.0 (field.c:1661)
==738648==    by 0x400E743: load_procinfo (main.c:1023)
==738648==    by 0x400E743: init_vars (main.c:878)
==738648==    by 0x400E743: main (main.c:403)
==738648== 
==738648== 88 bytes in 1 blocks are still reachable in loss record 125 of 287
==738648==    at 0x497D858: malloc (vg_replace_malloc.c:447)
==738648==    by 0x4068FEB: emalloc_real (awk.h:2156)
==738648==    by 0x4068FEB: r_getblock (node.c:1164)
==738648==    by 0x40693C1: make_str_node (node.c:406)
==738648==    by 0x4054B87: update_PROCINFO_str.part.0 (field.c:1662)
==738648==    by 0x400E743: load_procinfo (main.c:1023)
==738648==    by 0x400E743: init_vars (main.c:878)
==738648==    by 0x400E743: main (main.c:403)
==738648== 
==738648== 88 bytes in 1 blocks are still reachable in loss record 126 of 287
==738648==    at 0x497D858: malloc (vg_replace_malloc.c:447)
==738648==    by 0x4068FEB: emalloc_real (awk.h:2156)
==738648==    by 0x4068FEB: r_getblock (node.c:1164)
==738648==    by 0x40693C1: make_str_node (node.c:406)
==738648==    by 0x4058004: update_PROCINFO_num (field.c:1674)
==738648==    by 0x400E757: load_procinfo (main.c:1035)
==738648==    by 0x400E757: init_vars (main.c:878)
==738648==    by 0x400E757: main (main.c:403)
==738648== 
==738648== 88 bytes in 1 blocks are still reachable in loss record 127 of 287
==738648==    at 0x497D858: malloc (vg_replace_malloc.c:447)
==738648==    by 0x4068FEB: emalloc_real (awk.h:2156)
==738648==    by 0x4068FEB: r_getblock (node.c:1164)
==738648==    by 0x4069930: make_number_node (awk.h:2206)
==738648==    by 0x4069930: r_make_number (node.c:369)
==738648==    by 0x4058013: update_PROCINFO_num (field.c:1675)
==738648==    by 0x400E757: load_procinfo (main.c:1035)
==738648==    by 0x400E757: init_vars (main.c:878)
==738648==    by 0x400E757: main (main.c:403)
==738648== 
==738648== 88 bytes in 1 blocks are still reachable in loss record 128 of 287
==738648==    at 0x497D858: malloc (vg_replace_malloc.c:447)
==738648==    by 0x4068FEB: emalloc_real (awk.h:2156)
==738648==    by 0x4068FEB: r_getblock (node.c:1164)
==738648==    by 0x40693C1: make_str_node (node.c:406)
==738648==    by 0x4058004: update_PROCINFO_num (field.c:1674)
==738648==    by 0x400E76B: load_procinfo (main.c:1036)
==738648==    by 0x400E76B: init_vars (main.c:878)
==738648==    by 0x400E76B: main (main.c:403)
==738648== 
==738648== 88 bytes in 1 blocks are still reachable in loss record 129 of 287
==738648==    at 0x497D858: malloc (vg_replace_malloc.c:447)
==738648==    by 0x4068FEB: emalloc_real (awk.h:2156)
==738648==    by 0x4068FEB: r_getblock (node.c:1164)
==738648==    by 0x4069930: make_number_node (awk.h:2206)
==738648==    by 0x4069930: r_make_number (node.c:369)
==738648==    by 0x4058013: update_PROCINFO_num (field.c:1675)
==738648==    by 0x400E76B: load_procinfo (main.c:1036)
==738648==    by 0x400E76B: init_vars (main.c:878)
==738648==    by 0x400E76B: main (main.c:403)
==738648== 
==738648== 88 bytes in 1 blocks are still reachable in loss record 130 of 287
==738648==    at 0x497D858: malloc (vg_replace_malloc.c:447)
==738648==    by 0x4068FEB: emalloc_real (awk.h:2156)
==738648==    by 0x4068FEB: r_getblock (node.c:1164)
==738648==    by 0x40693C1: make_str_node (node.c:406)
==738648==    by 0x4058004: update_PROCINFO_num (field.c:1674)
==738648==    by 0x400E784: load_procinfo (main.c:1046)
==738648==    by 0x400E784: init_vars (main.c:878)
==738648==    by 0x400E784: main (main.c:403)
==738648== 
==738648== 88 bytes in 1 blocks are still reachable in loss record 131 of 287
==738648==    at 0x497D858: malloc (vg_replace_malloc.c:447)
==738648==    by 0x4068FEB: emalloc_real (awk.h:2156)
==738648==    by 0x4068FEB: r_getblock (node.c:1164)
==738648==    by 0x4069930: make_number_node (awk.h:2206)
==738648==    by 0x4069930: r_make_number (node.c:369)
==738648==    by 0x4058013: update_PROCINFO_num (field.c:1675)
==738648==    by 0x400E784: load_procinfo (main.c:1046)
==738648==    by 0x400E784: init_vars (main.c:878)
==738648==    by 0x400E784: main (main.c:403)
==738648== 
==738648== 88 bytes in 1 blocks are still reachable in loss record 132 of 287
==738648==    at 0x497D858: malloc (vg_replace_malloc.c:447)
==738648==    by 0x4068FEB: emalloc_real (awk.h:2156)
==738648==    by 0x4068FEB: r_getblock (node.c:1164)
==738648==    by 0x40693C1: make_str_node (node.c:406)
==738648==    by 0x4058004: update_PROCINFO_num (field.c:1674)
==738648==    by 0x400E79D: load_procinfo (main.c:1055)
==738648==    by 0x400E79D: init_vars (main.c:878)
==738648==    by 0x400E79D: main (main.c:403)
==738648== 
==738648== 88 bytes in 1 blocks are still reachable in loss record 133 of 287
==738648==    at 0x497D858: malloc (vg_replace_malloc.c:447)
==738648==    by 0x4068FEB: emalloc_real (awk.h:2156)
==738648==    by 0x4068FEB: r_getblock (node.c:1164)
==738648==    by 0x4069930: make_number_node (awk.h:2206)
==738648==    by 0x4069930: r_make_number (node.c:369)
==738648==    by 0x4058013: update_PROCINFO_num (field.c:1675)
==738648==    by 0x400E79D: load_procinfo (main.c:1055)
==738648==    by 0x400E79D: init_vars (main.c:878)
==738648==    by 0x400E79D: main (main.c:403)
==738648== 
==738648== 88 bytes in 1 blocks are still reachable in loss record 134 of 287
==738648==    at 0x497D858: malloc (vg_replace_malloc.c:447)
==738648==    by 0x4068FEB: emalloc_real (awk.h:2156)
==738648==    by 0x4068FEB: r_getblock (node.c:1164)
==738648==    by 0x40693C1: make_str_node (node.c:406)
==738648==    by 0x4058004: update_PROCINFO_num (field.c:1674)
==738648==    by 0x400E7B6: load_procinfo (main.c:1058)
==738648==    by 0x400E7B6: init_vars (main.c:878)
==738648==    by 0x400E7B6: main (main.c:403)
==738648== 
==738648== 88 bytes in 1 blocks are still reachable in loss record 135 of 287
==738648==    at 0x497D858: malloc (vg_replace_malloc.c:447)
==738648==    by 0x4068FEB: emalloc_real (awk.h:2156)
==738648==    by 0x4068FEB: r_getblock (node.c:1164)
==738648==    by 0x4069930: make_number_node (awk.h:2206)
==738648==    by 0x4069930: r_make_number (node.c:369)
==738648==    by 0x4058013: update_PROCINFO_num (field.c:1675)
==738648==    by 0x400E7B6: load_procinfo (main.c:1058)
==738648==    by 0x400E7B6: init_vars (main.c:878)
==738648==    by 0x400E7B6: main (main.c:403)
==738648== 
==738648== 88 bytes in 1 blocks are still reachable in loss record 136 of 287
==738648==    at 0x497D858: malloc (vg_replace_malloc.c:447)
==738648==    by 0x4068FEB: emalloc_real (awk.h:2156)
==738648==    by 0x4068FEB: r_getblock (node.c:1164)
==738648==    by 0x40693C1: make_str_node (node.c:406)
==738648==    by 0x4058004: update_PROCINFO_num (field.c:1674)
==738648==    by 0x400E7D2: load_procinfo (main.c:1061)
==738648==    by 0x400E7D2: init_vars (main.c:878)
==738648==    by 0x400E7D2: main (main.c:403)
==738648== 
==738648== 88 bytes in 1 blocks are still reachable in loss record 137 of 287
==738648==    at 0x497D858: malloc (vg_replace_malloc.c:447)
==738648==    by 0x4068FEB: emalloc_real (awk.h:2156)
==738648==    by 0x4068FEB: r_getblock (node.c:1164)
==738648==    by 0x4069930: make_number_node (awk.h:2206)
==738648==    by 0x4069930: r_make_number (node.c:369)
==738648==    by 0x4058013: update_PROCINFO_num (field.c:1675)
==738648==    by 0x400E7D2: load_procinfo (main.c:1061)
==738648==    by 0x400E7D2: init_vars (main.c:878)
==738648==    by 0x400E7D2: main (main.c:403)
==738648== 
==738648== 88 bytes in 1 blocks are still reachable in loss record 138 of 287
==738648==    at 0x497D858: malloc (vg_replace_malloc.c:447)
==738648==    by 0x4068FEB: emalloc_real (awk.h:2156)
==738648==    by 0x4068FEB: r_getblock (node.c:1164)
==738648==    by 0x40693C1: make_str_node (node.c:406)
==738648==    by 0x4058004: update_PROCINFO_num (field.c:1674)
==738648==    by 0x400E7EE: load_procinfo (main.c:1064)
==738648==    by 0x400E7EE: init_vars (main.c:878)
==738648==    by 0x400E7EE: main (main.c:403)
==738648== 
==738648== 88 bytes in 1 blocks are still reachable in loss record 139 of 287
==738648==    at 0x497D858: malloc (vg_replace_malloc.c:447)
==738648==    by 0x4068FEB: emalloc_real (awk.h:2156)
==738648==    by 0x4068FEB: r_getblock (node.c:1164)
==738648==    by 0x4069930: make_number_node (awk.h:2206)
==738648==    by 0x4069930: r_make_number (node.c:369)
==738648==    by 0x4058013: update_PROCINFO_num (field.c:1675)
==738648==    by 0x400E7EE: load_procinfo (main.c:1064)
==738648==    by 0x400E7EE: init_vars (main.c:878)
==738648==    by 0x400E7EE: main (main.c:403)
==738648== 
==738648== 88 bytes in 1 blocks are still reachable in loss record 140 of 287
==738648==    at 0x497D858: malloc (vg_replace_malloc.c:447)
==738648==    by 0x4068FEB: emalloc_real (awk.h:2156)
==738648==    by 0x4068FEB: r_getblock (node.c:1164)
==738648==    by 0x40693C1: make_str_node (node.c:406)
==738648==    by 0x4058004: update_PROCINFO_num (field.c:1674)
==738648==    by 0x400E80A: load_procinfo (main.c:1067)
==738648==    by 0x400E80A: init_vars (main.c:878)
==738648==    by 0x400E80A: main (main.c:403)
==738648== 
==738648== 88 bytes in 1 blocks are still reachable in loss record 141 of 287
==738648==    at 0x497D858: malloc (vg_replace_malloc.c:447)
==738648==    by 0x4068FEB: emalloc_real (awk.h:2156)
==738648==    by 0x4068FEB: r_getblock (node.c:1164)
==738648==    by 0x4069930: make_number_node (awk.h:2206)
==738648==    by 0x4069930: r_make_number (node.c:369)
==738648==    by 0x4058013: update_PROCINFO_num (field.c:1675)
==738648==    by 0x400E80A: load_procinfo (main.c:1067)
==738648==    by 0x400E80A: init_vars (main.c:878)
==738648==    by 0x400E80A: main (main.c:403)
==738648== 
==738648== 88 bytes in 1 blocks are still reachable in loss record 142 of 287
==738648==    at 0x497D858: malloc (vg_replace_malloc.c:447)
==738648==    by 0x4068FEB: emalloc_real (awk.h:2156)
==738648==    by 0x4068FEB: r_getblock (node.c:1164)
==738648==    by 0x40693C1: make_str_node (node.c:406)
==738648==    by 0x4058004: update_PROCINFO_num (field.c:1674)
==738648==    by 0x400E826: load_procinfo (main.c:1070)
==738648==    by 0x400E826: init_vars (main.c:878)
==738648==    by 0x400E826: main (main.c:403)
==738648== 
==738648== 88 bytes in 1 blocks are still reachable in loss record 143 of 287
==738648==    at 0x497D858: malloc (vg_replace_malloc.c:447)
==738648==    by 0x4068FEB: emalloc_real (awk.h:2156)
==738648==    by 0x4068FEB: r_getblock (node.c:1164)
==738648==    by 0x4069930: make_number_node (awk.h:2206)
==738648==    by 0x4069930: r_make_number (node.c:369)
==738648==    by 0x4058013: update_PROCINFO_num (field.c:1675)
==738648==    by 0x400E826: load_procinfo (main.c:1070)
==738648==    by 0x400E826: init_vars (main.c:878)
==738648==    by 0x400E826: main (main.c:403)
==738648== 
==738648== 88 bytes in 1 blocks are still reachable in loss record 144 of 287
==738648==    at 0x497D858: malloc (vg_replace_malloc.c:447)
==738648==    by 0x4068FEB: emalloc_real (awk.h:2156)
==738648==    by 0x4068FEB: r_getblock (node.c:1164)
==738648==    by 0x40693C1: make_str_node (node.c:406)
==738648==    by 0x4054B6F: update_PROCINFO_str.part.0 (field.c:1661)
==738648==    by 0x400E83A: load_procinfo (main.c:1072)
==738648==    by 0x400E83A: init_vars (main.c:878)
==738648==    by 0x400E83A: main (main.c:403)
==738648== 
==738648== 88 bytes in 1 blocks are still reachable in loss record 145 of 287
==738648==    at 0x497D858: malloc (vg_replace_malloc.c:447)
==738648==    by 0x4068FEB: emalloc_real (awk.h:2156)
==738648==    by 0x4068FEB: r_getblock (node.c:1164)
==738648==    by 0x40693C1: make_str_node (node.c:406)
==738648==    by 0x4054B87: update_PROCINFO_str.part.0 (field.c:1662)
==738648==    by 0x400E83A: load_procinfo (main.c:1072)
==738648==    by 0x400E83A: init_vars (main.c:878)
==738648==    by 0x400E83A: main (main.c:403)
==738648== 
==738648== 88 bytes in 1 blocks are still reachable in loss record 146 of 287
==738648==    at 0x497D858: malloc (vg_replace_malloc.c:447)
==738648==    by 0x4068FEB: emalloc_real (awk.h:2156)
==738648==    by 0x4068FEB: r_getblock (node.c:1164)
==738648==    by 0x40693C1: make_str_node (node.c:406)
==738648==    by 0x4054B6F: update_PROCINFO_str.part.0 (field.c:1661)
==738648==    by 0x400E8D2: load_procinfo (main.c:1087)
==738648==    by 0x400E8D2: init_vars (main.c:878)
==738648==    by 0x400E8D2: main (main.c:403)
==738648== 
==738648== 88 bytes in 1 blocks are still reachable in loss record 147 of 287
==738648==    at 0x497D858: malloc (vg_replace_malloc.c:447)
==738648==    by 0x4068FEB: emalloc_real (awk.h:2156)
==738648==    by 0x4068FEB: r_getblock (node.c:1164)
==738648==    by 0x40693C1: make_str_node (node.c:406)
==738648==    by 0x4054B87: update_PROCINFO_str.part.0 (field.c:1662)
==738648==    by 0x400E8D2: load_procinfo (main.c:1087)
==738648==    by 0x400E8D2: init_vars (main.c:878)
==738648==    by 0x400E8D2: main (main.c:403)
==738648== 
==738648== 88 bytes in 1 blocks are still reachable in loss record 148 of 287
==738648==    at 0x497D858: malloc (vg_replace_malloc.c:447)
==738648==    by 0x4068FEB: emalloc_real (awk.h:2156)
==738648==    by 0x4068FEB: r_getblock (node.c:1164)
==738648==    by 0x400E8E9: load_procinfo_argv (main.c:984)
==738648==    by 0x400E8E9: load_procinfo (main.c:1093)
==738648==    by 0x400E8E9: init_vars (main.c:878)
==738648==    by 0x400E8E9: main (main.c:403)
==738648== 
==738648== 88 bytes in 1 blocks are still reachable in loss record 149 of 287
==738648==    at 0x497D858: malloc (vg_replace_malloc.c:447)
==738648==    by 0x4068FEB: emalloc_real (awk.h:2156)
==738648==    by 0x4068FEB: r_getblock (node.c:1164)
==738648==    by 0x40348D2: make_node (cint_array.c:731)
==738648==    by 0x40348D2: cint_lookup (cint_array.c:256)
==738648==    by 0x400E9D6: assoc_set (awk.h:2220)
==738648==    by 0x400E9D6: load_procinfo_argv (main.c:992)
==738648==    by 0x400E9D6: load_procinfo (main.c:1093)
==738648==    by 0x400E9D6: init_vars (main.c:878)
==738648==    by 0x400E9D6: main (main.c:403)
==738648== 
==738648== 88 bytes in 1 blocks are still reachable in loss record 150 of 287
==738648==    at 0x497D858: malloc (vg_replace_malloc.c:447)
==738648==    by 0x4068FEB: emalloc_real (awk.h:2156)
==738648==    by 0x4068FEB: r_getblock (node.c:1164)
==738648==    by 0x40344E7: make_node (cint_array.c:731)
==738648==    by 0x40344E7: tree_lookup (cint_array.c:796)
==738648==    by 0x400E9D6: assoc_set (awk.h:2220)
==738648==    by 0x400E9D6: load_procinfo_argv (main.c:992)
==738648==    by 0x400E9D6: load_procinfo (main.c:1093)
==738648==    by 0x400E9D6: init_vars (main.c:878)
==738648==    by 0x400E9D6: main (main.c:403)
==738648== 
==738648== 88 bytes in 1 blocks are still reachable in loss record 151 of 287
==738648==    at 0x497D858: malloc (vg_replace_malloc.c:447)
==738648==    by 0x4068FEB: emalloc_real (awk.h:2156)
==738648==    by 0x4068FEB: r_getblock (node.c:1164)
==738648==    by 0x40693C1: make_str_node (node.c:406)
==738648==    by 0x400EC1B: load_procinfo_argv (main.c:996)
==738648==    by 0x400EC1B: load_procinfo (main.c:1093)
==738648==    by 0x400EC1B: init_vars (main.c:878)
==738648==    by 0x400EC1B: main (main.c:403)
==738648== 
==738648== 88 bytes in 1 blocks are still reachable in loss record 152 of 287
==738648==    at 0x497D858: malloc (vg_replace_malloc.c:447)
==738648==    by 0x4068FEB: emalloc_real (awk.h:2156)
==738648==    by 0x4068FEB: r_getblock (node.c:1164)
==738648==    by 0x40693C1: make_str_node (node.c:406)
==738648==    by 0x4077055: install (symbol.c:399)
==738648==    by 0x400E038: load_environ (main.c:930)
==738648==    by 0x400E038: init_vars (main.c:879)
==738648==    by 0x400E038: main (main.c:403)
==738648== 
==738648== 88 bytes in 1 blocks are still reachable in loss record 153 of 287
==738648==    at 0x497D858: malloc (vg_replace_malloc.c:447)
==738648==    by 0x4068FEB: emalloc_real (awk.h:2156)
==738648==    by 0x4068FEB: r_getblock (node.c:1164)
==738648==    by 0x4077133: make_symbol (symbol.c:376)
==738648==    by 0x4077133: install (symbol.c:417)
==738648==    by 0x400E038: load_environ (main.c:930)
==738648==    by 0x400E038: init_vars (main.c:879)
==738648==    by 0x400E038: main (main.c:403)
==738648== 
==738648== 88 bytes in 1 blocks are still reachable in loss record 154 of 287
==738648==    at 0x497D858: malloc (vg_replace_malloc.c:447)
==738648==    by 0x4068FEB: emalloc_real (awk.h:2156)
==738648==    by 0x4068FEB: r_getblock (node.c:1164)
==738648==    by 0x40693C1: make_str_node (node.c:406)
==738648==    by 0x40553E0: init_fields (field.c:111)
==738648==    by 0x400E1A4: main (main.c:410)
==738648== 
==738648== 88 bytes in 1 blocks are still reachable in loss record 155 of 287
==738648==    at 0x497D858: malloc (vg_replace_malloc.c:447)
==738648==    by 0x4068FEB: emalloc_real (awk.h:2156)
==738648==    by 0x4068FEB: r_getblock (node.c:1164)
==738648==    by 0x4048A91: init_interpret (eval.c:1902)
==738648==    by 0x400E3D5: main (main.c:468)
==738648== 
==738648== 88 bytes in 1 blocks are still reachable in loss record 156 of 287
==738648==    at 0x497D858: malloc (vg_replace_malloc.c:447)
==738648==    by 0x4068FEB: emalloc_real (awk.h:2156)
==738648==    by 0x4068FEB: r_getblock (node.c:1164)
==738648==    by 0x4069930: make_number_node (awk.h:2206)
==738648==    by 0x4069930: r_make_number (node.c:369)
==738648==    by 0x4048AE5: init_interpret (eval.c:1910)
==738648==    by 0x400E3D5: main (main.c:468)
==738648== 
==738648== 88 bytes in 1 blocks are still reachable in loss record 157 of 287
==738648==    at 0x497D858: malloc (vg_replace_malloc.c:447)
==738648==    by 0x4068FEB: emalloc_real (awk.h:2156)
==738648==    by 0x4068FEB: r_getblock (node.c:1164)
==738648==    by 0x4069930: make_number_node (awk.h:2206)
==738648==    by 0x4069930: r_make_number (node.c:369)
==738648==    by 0x4048AFA: init_interpret (eval.c:1911)
==738648==    by 0x400E3D5: main (main.c:468)
==738648== 
==738648== 88 bytes in 1 blocks are still reachable in loss record 158 of 287
==738648==    at 0x497D858: malloc (vg_replace_malloc.c:447)
==738648==    by 0x4068FEB: emalloc_real (awk.h:2156)
==738648==    by 0x4068FEB: r_getblock (node.c:1164)
==738648==    by 0x40693C1: make_str_node (node.c:406)
==738648==    by 0x4077055: install (symbol.c:399)
==738648==    by 0x400E414: init_args (main.c:764)
==738648==    by 0x400E414: main (main.c:470)
==738648== 
==738648== 88 bytes in 1 blocks are still reachable in loss record 159 of 287
==738648==    at 0x497D858: malloc (vg_replace_malloc.c:447)
==738648==    by 0x4068FEB: emalloc_real (awk.h:2156)
==738648==    by 0x4068FEB: r_getblock (node.c:1164)
==738648==    by 0x4077133: make_symbol (symbol.c:376)
==738648==    by 0x4077133: install (symbol.c:417)
==738648==    by 0x400E414: init_args (main.c:764)
==738648==    by 0x400E414: main (main.c:470)
==738648== 
==738648== 88 bytes in 1 blocks are still reachable in loss record 160 of 287
==738648==    at 0x497D858: malloc (vg_replace_malloc.c:447)
==738648==    by 0x4068FEB: emalloc_real (awk.h:2156)
==738648==    by 0x4068FEB: r_getblock (node.c:1164)
==738648==    by 0x40693C1: make_str_node (node.c:406)
==738648==    by 0x400E43D: init_args (main.c:766)
==738648==    by 0x400E43D: main (main.c:470)
==738648== 
==738648== 88 bytes in 1 blocks are still reachable in loss record 161 of 287
==738648==    at 0x497D858: malloc (vg_replace_malloc.c:447)
==738648==    by 0x4068FEB: emalloc_real (awk.h:2156)
==738648==    by 0x4068FEB: r_getblock (node.c:1164)
==738648==    by 0x40348D2: make_node (cint_array.c:731)
==738648==    by 0x40348D2: cint_lookup (cint_array.c:256)
==738648==    by 0x40662E6: assoc_set (awk.h:2220)
==738648==    by 0x400E453: init_args (main.c:768)
==738648==    by 0x400E453: main (main.c:470)
==738648== 
==738648== 88 bytes in 1 blocks are still reachable in loss record 162 of 287
==738648==    at 0x497D858: malloc (vg_replace_malloc.c:447)
==738648==    by 0x4068FEB: emalloc_real (awk.h:2156)
==738648==    by 0x4068FEB: r_getblock (node.c:1164)
==738648==    by 0x40344E7: make_node (cint_array.c:731)
==738648==    by 0x40344E7: tree_lookup (cint_array.c:796)
==738648==    by 0x40662E6: assoc_set (awk.h:2220)
==738648==    by 0x400E453: init_args (main.c:768)
==738648==    by 0x400E453: main (main.c:470)
==738648== 
==738648== 88 bytes in 1 blocks are still reachable in loss record 163 of 287
==738648==    at 0x497D858: malloc (vg_replace_malloc.c:447)
==738648==    by 0x4068FEB: emalloc_real (awk.h:2156)
==738648==    by 0x4068FEB: r_getblock (node.c:1164)
==738648==    by 0x40693C1: make_str_node (node.c:406)
==738648==    by 0x4077055: install (symbol.c:399)
==738648==    by 0x400EA90: init_args (main.c:791)
==738648==    by 0x400EA90: main (main.c:470)
==738648== 
==738648== 88 bytes in 1 blocks are still reachable in loss record 164 of 287
==738648==    at 0x497D858: malloc (vg_replace_malloc.c:447)
==738648==    by 0x4068FEB: emalloc_real (awk.h:2156)
==738648==    by 0x4068FEB: r_getblock (node.c:1164)
==738648==    by 0x4077133: make_symbol (symbol.c:376)
==738648==    by 0x4077133: install (symbol.c:417)
==738648==    by 0x400EA90: init_args (main.c:791)
==738648==    by 0x400EA90: main (main.c:470)
==738648== 
==738648== 88 bytes in 1 blocks are still reachable in loss record 165 of 287
==738648==    at 0x497D858: malloc (vg_replace_malloc.c:447)
==738648==    by 0x4068FEB: emalloc_real (awk.h:2156)
==738648==    by 0x4068FEB: r_getblock (node.c:1164)
==738648==    by 0x4069930: make_number_node (awk.h:2206)
==738648==    by 0x4069930: r_make_number (node.c:369)
==738648==    by 0x400EAA8: init_args (main.c:792)
==738648==    by 0x400EAA8: main (main.c:470)
==738648== 
==738648== 88 bytes in 1 blocks are still reachable in loss record 166 of 287
==738648==    at 0x497D858: malloc (vg_replace_malloc.c:447)
==738648==    by 0x4068FEB: emalloc_real (awk.h:2156)
==738648==    by 0x4068FEB: r_getblock (node.c:1164)
==738648==    by 0x40693C1: make_str_node (node.c:406)
==738648==    by 0x4077055: install (symbol.c:399)
==738648==    by 0x401CA25: yyparse (awkgram.y:2156)
==738648==    by 0x402073A: parse_program (awkgram.y:2797)
==738648==    by 0x400EAD8: main (main.c:483)
==738648== 
==738648== 88 bytes in 1 blocks are still reachable in loss record 167 of 287
==738648==    at 0x497D858: malloc (vg_replace_malloc.c:447)
==738648==    by 0x4068FEB: emalloc_real (awk.h:2156)
==738648==    by 0x4068FEB: r_getblock (node.c:1164)
==738648==    by 0x4077133: make_symbol (symbol.c:376)
==738648==    by 0x4077133: install (symbol.c:417)
==738648==    by 0x401CA25: yyparse (awkgram.y:2156)
==738648==    by 0x402073A: parse_program (awkgram.y:2797)
==738648==    by 0x400EAD8: main (main.c:483)
==738648== 
==738648== 88 bytes in 1 blocks are still reachable in loss record 168 of 287
==738648==    at 0x497D858: malloc (vg_replace_malloc.c:447)
==738648==    by 0x4068FEB: emalloc_real (awk.h:2156)
==738648==    by 0x4068FEB: r_getblock (node.c:1164)
==738648==    by 0x40693C1: make_str_node (node.c:406)
==738648==    by 0x4077FD7: load_symbols (symbol.c:663)
==738648==    by 0x400ED85: main (main.c:499)
==738648== 
==738648== 88 bytes in 1 blocks are still reachable in loss record 169 of 287
==738648==    at 0x497D858: malloc (vg_replace_malloc.c:447)
==738648==    by 0x4068FEB: emalloc_real (awk.h:2156)
==738648==    by 0x4068FEB: r_getblock (node.c:1164)
==738648==    by 0x4077FF4: load_symbols (symbol.c:666)
==738648==    by 0x400ED85: main (main.c:499)
==738648== 
==738648== 88 bytes in 1 blocks are still reachable in loss record 170 of 287
==738648==    at 0x497D858: malloc (vg_replace_malloc.c:447)
==738648==    by 0x4068FEB: emalloc_real (awk.h:2156)
==738648==    by 0x4068FEB: r_getblock (node.c:1164)
==738648==    by 0x40693C1: make_str_node (node.c:406)
==738648==    by 0x40780AA: load_symbols (symbol.c:677)
==738648==    by 0x400ED85: main (main.c:499)
==738648== 
==738648== 88 bytes in 1 blocks are still reachable in loss record 171 of 287
==738648==    at 0x497D858: malloc (vg_replace_malloc.c:447)
==738648==    by 0x4068FEB: emalloc_real (awk.h:2156)
==738648==    by 0x4068FEB: r_getblock (node.c:1164)
==738648==    by 0x40693C1: make_str_node (node.c:406)
==738648==    by 0x40780DA: load_symbols (symbol.c:679)
==738648==    by 0x400ED85: main (main.c:499)
==738648== 
==738648== 88 bytes in 1 blocks are still reachable in loss record 172 of 287
==738648==    at 0x497D858: malloc (vg_replace_malloc.c:447)
==738648==    by 0x4068FEB: emalloc_real (awk.h:2156)
==738648==    by 0x4068FEB: r_getblock (node.c:1164)
==738648==    by 0x40693C1: make_str_node (node.c:406)
==738648==    by 0x40780F2: load_symbols (symbol.c:680)
==738648==    by 0x400ED85: main (main.c:499)
==738648== 
==738648== 88 bytes in 1 blocks are still reachable in loss record 173 of 287
==738648==    at 0x497D858: malloc (vg_replace_malloc.c:447)
==738648==    by 0x4068FEB: emalloc_real (awk.h:2156)
==738648==    by 0x4068FEB: r_getblock (node.c:1164)
==738648==    by 0x40693C1: make_str_node (node.c:406)
==738648==    by 0x407810A: load_symbols (symbol.c:681)
==738648==    by 0x400ED85: main (main.c:499)
==738648== 
==738648== 88 bytes in 1 blocks are still reachable in loss record 174 of 287
==738648==    at 0x497D858: malloc (vg_replace_malloc.c:447)
==738648==    by 0x4068FEB: emalloc_real (awk.h:2156)
==738648==    by 0x4068FEB: r_getblock (node.c:1164)
==738648==    by 0x40693C1: make_str_node (node.c:406)
==738648==    by 0x4078122: load_symbols (symbol.c:682)
==738648==    by 0x400ED85: main (main.c:499)
==738648== 
==738648== 88 bytes in 1 blocks are still reachable in loss record 175 of 287
==738648==    at 0x497D858: malloc (vg_replace_malloc.c:447)
==738648==    by 0x4068FEB: emalloc_real (awk.h:2156)
==738648==    by 0x4068FEB: r_getblock (node.c:1164)
==738648==    by 0x40693C1: make_str_node (node.c:406)
==738648==    by 0x4058004: update_PROCINFO_num (field.c:1674)
==738648==    by 0x40473B3: update_ERRNO_int (eval.c:1029)
==738648==    by 0x40473B3: update_ERRNO_int (eval.c:1022)
==738648==    by 0x40613B8: nextfile (io.c:515)
==738648==    by 0x404ECBF: r_interpret (interpret.h:1421)
==738648==    by 0x400EDDE: main (main.c:532)
==738648== 
==738648== 88 bytes in 1 blocks are still reachable in loss record 176 of 287
==738648==    at 0x497D858: malloc (vg_replace_malloc.c:447)
==738648==    by 0x4068FEB: emalloc_real (awk.h:2156)
==738648==    by 0x4068FEB: r_getblock (node.c:1164)
==738648==    by 0x4069930: make_number_node (awk.h:2206)
==738648==    by 0x4069930: r_make_number (node.c:369)
==738648==    by 0x4058013: update_PROCINFO_num (field.c:1675)
==738648==    by 0x40473B3: update_ERRNO_int (eval.c:1029)
==738648==    by 0x40473B3: update_ERRNO_int (eval.c:1022)
==738648==    by 0x40613B8: nextfile (io.c:515)
==738648==    by 0x404ECBF: r_interpret (interpret.h:1421)
==738648==    by 0x400EDDE: main (main.c:532)
==738648== 
==738648== 88 bytes in 1 blocks are still reachable in loss record 177 of 287
==738648==    at 0x497D858: malloc (vg_replace_malloc.c:447)
==738648==    by 0x4068FEB: emalloc_real (awk.h:2156)
==738648==    by 0x4068FEB: r_getblock (node.c:1164)
==738648==    by 0x40693C1: make_str_node (node.c:406)
==738648==    by 0x40473FB: update_ERRNO_int (eval.c:1036)
==738648==    by 0x40473FB: update_ERRNO_int (eval.c:1022)
==738648==    by 0x40613B8: nextfile (io.c:515)
==738648==    by 0x404ECBF: r_interpret (interpret.h:1421)
==738648==    by 0x400EDDE: main (main.c:532)
==738648== 
==738648== 88 bytes in 1 blocks are still reachable in loss record 178 of 287
==738648==    at 0x497D858: malloc (vg_replace_malloc.c:447)
==738648==    by 0x4068FEB: emalloc_real (awk.h:2156)
==738648==    by 0x4068FEB: r_getblock (node.c:1164)
==738648==    by 0x40693C1: make_str_node (node.c:406)
==738648==    by 0x40613F5: nextfile (io.c:518)
==738648==    by 0x404ECBF: r_interpret (interpret.h:1421)
==738648==    by 0x400EDDE: main (main.c:532)
==738648== 
==738648== 88 bytes in 1 blocks are still reachable in loss record 179 of 287
==738648==    at 0x497D858: malloc (vg_replace_malloc.c:447)
==738648==    by 0x4068FEB: emalloc_real (awk.h:2156)
==738648==    by 0x4068FEB: r_getblock (node.c:1164)
==738648==    by 0x40693C1: make_str_node (node.c:406)
==738648==    by 0x40604F8: get_a_record (io.c:4164)
==738648==    by 0x4060947: inrec (io.c:585)
==738648==    by 0x404ECFC: r_interpret (interpret.h:1457)
==738648==    by 0x400EDDE: main (main.c:532)
==738648== 
==738648== 88 bytes in 1 blocks are still reachable in loss record 180 of 287
==738648==    at 0x497D858: malloc (vg_replace_malloc.c:447)
==738648==    by 0x4068FEB: emalloc_real (awk.h:2156)
==738648==    by 0x4068FEB: r_getblock (node.c:1164)
==738648==    by 0x4055A4F: set_record (field.c:343)
==738648==    by 0x406096F: inrec (io.c:590)
==738648==    by 0x404ECFC: r_interpret (interpret.h:1457)
==738648==    by 0x400EDDE: main (main.c:532)
==738648== 
==738648== 88 bytes in 1 blocks are still reachable in loss record 181 of 287
==738648==    at 0x497D858: malloc (vg_replace_malloc.c:447)
==738648==    by 0x4068FEB: emalloc_real (awk.h:2156)
==738648==    by 0x4068FEB: r_getblock (node.c:1164)
==738648==    by 0x40693C1: make_str_node (node.c:406)
==738648==    by 0x40502C0: r_interpret (interpret.h:900)
==738648==    by 0x400EDDE: main (main.c:532)
==738648== 
==738648== 104 bytes in 1 blocks are still reachable in loss record 182 of 287
==738648==    at 0x4984E43: calloc (vg_replace_malloc.c:1678)
==738648==    by 0x4075D54: ezalloc_real (awk.h:2174)
==738648==    by 0x4075D54: grow_table (str_array.c:682)
==738648==    by 0x407693C: str_lookup (str_array.c:150)
==738648==    by 0x407708C: assoc_set (awk.h:2220)
==738648==    by 0x407708C: install (symbol.c:430)
==738648==    by 0x4077369: install_symbol (symbol.c:173)
==738648==    by 0x4077369: init_the_tables (symbol.c:77)
==738648==    by 0x400D60A: main (main.c:287)
==738648== 
==738648== 104 bytes in 1 blocks are still reachable in loss record 183 of 287
==738648==    at 0x4984E43: calloc (vg_replace_malloc.c:1678)
==738648==    by 0x4075D54: ezalloc_real (awk.h:2174)
==738648==    by 0x4075D54: grow_table (str_array.c:682)
==738648==    by 0x407693C: str_lookup (str_array.c:150)
==738648==    by 0x407708C: assoc_set (awk.h:2220)
==738648==    by 0x407708C: install (symbol.c:430)
==738648==    by 0x400DA01: init_vars (main.c:865)
==738648==    by 0x400DA01: main (main.c:403)
==738648== 
==738648== 104 bytes in 1 blocks are still reachable in loss record 184 of 287
==738648==    at 0x4984E43: calloc (vg_replace_malloc.c:1678)
==738648==    by 0x4075D54: ezalloc_real (awk.h:2174)
==738648==    by 0x4075D54: grow_table (str_array.c:682)
==738648==    by 0x407693C: str_lookup (str_array.c:150)
==738648==    by 0x4054B9E: assoc_set (awk.h:2220)
==738648==    by 0x4054B9E: update_PROCINFO_str.part.0 (field.c:1662)
==738648==    by 0x400E71D: load_procinfo (main.c:1021)
==738648==    by 0x400E71D: init_vars (main.c:878)
==738648==    by 0x400E71D: main (main.c:403)
==738648== 
==738648== 104 bytes in 1 blocks are still reachable in loss record 185 of 287
==738648==    at 0x4984E43: calloc (vg_replace_malloc.c:1678)
==738648==    by 0x4075D54: ezalloc_real (awk.h:2174)
==738648==    by 0x4075D54: grow_table (str_array.c:682)
==738648==    by 0x407693C: str_lookup (str_array.c:150)
==738648==    by 0x400E127: assoc_set (awk.h:2220)
==738648==    by 0x400E127: load_environ (main.c:949)
==738648==    by 0x400E127: init_vars (main.c:879)
==738648==    by 0x400E127: main (main.c:403)
==738648== 
==738648== 104 bytes in 1 blocks are still reachable in loss record 186 of 287
==738648==    at 0x4984E43: calloc (vg_replace_malloc.c:1678)
==738648==    by 0x4075D54: ezalloc_real (awk.h:2174)
==738648==    by 0x4075D54: grow_table (str_array.c:682)
==738648==    by 0x407693C: str_lookup (str_array.c:150)
==738648==    by 0x407708C: assoc_set (awk.h:2220)
==738648==    by 0x407708C: install (symbol.c:430)
==738648==    by 0x4020040: install_function (awkgram.y:5083)
==738648==    by 0x4020040: yyparse (awkgram.y:546)
==738648==    by 0x402073A: parse_program (awkgram.y:2797)
==738648==    by 0x400EAD8: main (main.c:483)
==738648== 
==738648== 120 bytes in 1 blocks are still reachable in loss record 187 of 287
==738648==    at 0x498507F: realloc (vg_replace_malloc.c:1804)
==738648==    by 0x4014E11: erealloc_real (awk.h:2192)
==738648==    by 0x4014E11: tokexpand (awkgram.y:3290)
==738648==    by 0x401ACE7: yylex (awkgram.y:4062)
==738648==    by 0x401C83C: yyparse (awkgram.c:1879)
==738648==    by 0x402073A: parse_program (awkgram.y:2797)
==738648==    by 0x400EAD8: main (main.c:483)
==738648== 
==738648== 120 bytes in 9 blocks are still reachable in loss record 188 of 287
==738648==    at 0x497D858: malloc (vg_replace_malloc.c:447)
==738648==    by 0x4082B5F: charset_merge.part.0 (charset.c:9394)
==738648==    by 0x4086FDE: charset_merge (charset.c:9361)
==738648==    by 0x4086FDE: cset_merge (minrx.c:901)
==738648==    by 0x4086FDE: firstclosure (minrx.c:1843)
==738648==    by 0x4086FDE: compile.constprop.0 (minrx.c:1923)
==738648==    by 0x4089B38: minrx_regncomp (minrx.c:2490)
==738648==    by 0x407427D: make_regexp (re.c:355)
==738648==    by 0x40195EB: make_regnode (awkgram.y:5306)
==738648==    by 0x401D996: yyparse (awkgram.y:584)
==738648==    by 0x402073A: parse_program (awkgram.y:2797)
==738648==    by 0x400EAD8: main (main.c:483)
==738648== 
==738648== 128 bytes in 4 blocks are still reachable in loss record 189 of 287
==738648==    at 0x498507F: realloc (vg_replace_malloc.c:1804)
==738648==    by 0x40820F1: add_range_to_set (charset.c:3446)
==738648==    by 0x408269F: charset_finalize (charset.c:8983)
==738648==    by 0x4087709: charset_firstbytes (charset.c:9475)
==738648==    by 0x4087709: cset_firstbytes (minrx.c:1060)
==738648==    by 0x4087709: firstbytes (minrx.c:1859)
==738648==    by 0x4087709: compile.constprop.0 (minrx.c:1924)
==738648==    by 0x4089B38: minrx_regncomp (minrx.c:2490)
==738648==    by 0x407427D: make_regexp (re.c:355)
==738648==    by 0x40195EB: make_regnode (awkgram.y:5306)
==738648==    by 0x401D996: yyparse (awkgram.y:584)
==738648==    by 0x402073A: parse_program (awkgram.y:2797)
==738648==    by 0x400EAD8: main (main.c:483)
==738648== 
==738648== 136 bytes in 1 blocks are still reachable in loss record 190 of 287
==738648==    at 0x4984E43: calloc (vg_replace_malloc.c:1678)
==738648==    by 0x407421C: ezalloc_real (awk.h:2174)
==738648==    by 0x407421C: make_regexp (re.c:278)
==738648==    by 0x40753B5: re_cache_get (re.c:556)
==738648==    by 0x40753B5: re_update (re.c:610)
==738648==    by 0x4056783: do_split (field.c:1230)
==738648==    by 0x404FC3C: r_interpret (interpret.h:1114)
==738648==    by 0x400EDDE: main (main.c:532)
==738648== 
==738648== 151 bytes in 24 blocks are still reachable in loss record 191 of 287
==738648==    at 0x497D858: malloc (vg_replace_malloc.c:447)
==738648==    by 0x4066564: emalloc_real (awk.h:2156)
==738648==    by 0x4066564: estrdup (main.c:1451)
==738648==    by 0x400D9F0: init_vars (main.c:865)
==738648==    by 0x400D9F0: main (main.c:403)
==738648== 
==738648== 151 bytes in 24 blocks are still reachable in loss record 192 of 287
==738648==    at 0x497D858: malloc (vg_replace_malloc.c:447)
==738648==    by 0x4069457: emalloc_real (awk.h:2156)
==738648==    by 0x4069457: make_str_node (node.c:422)
==738648==    by 0x4077055: install (symbol.c:399)
==738648==    by 0x400DA01: init_vars (main.c:865)
==738648==    by 0x400DA01: main (main.c:403)
==738648== 
==738648== 160 bytes in 20 blocks are still reachable in loss record 193 of 287
==738648==    at 0x497D858: malloc (vg_replace_malloc.c:447)
==738648==    by 0x4083389: csets_emplace_back (minrx.c:1122)
==738648==    by 0x40852DA: chr (minrx.c:1621)
==738648==    by 0x40852DA: rep (minrx.c:1514)
==738648==    by 0x4086191: cat (minrx.c:1408)
==738648==    by 0x4086268: alt (minrx.c:1333)
==738648==    by 0x4086BB0: compile.constprop.0 (minrx.c:1903)
==738648==    by 0x4089B38: minrx_regncomp (minrx.c:2490)
==738648==    by 0x407427D: make_regexp (re.c:355)
==738648==    by 0x40195EB: make_regnode (awkgram.y:5306)
==738648==    by 0x401D996: yyparse (awkgram.y:584)
==738648==    by 0x402073A: parse_program (awkgram.y:2797)
==738648==    by 0x400EAD8: main (main.c:483)
==738648== 
==738648== 176 bytes in 2 blocks are still reachable in loss record 194 of 287
==738648==    at 0x497D858: malloc (vg_replace_malloc.c:447)
==738648==    by 0x4068FEB: emalloc_real (awk.h:2156)
==738648==    by 0x4068FEB: r_getblock (node.c:1164)
==738648==    by 0x401DE08: make_regnode (awkgram.y:5300)
==738648==    by 0x401DE08: yyparse (awkgram.y:1671)
==738648==    by 0x402073A: parse_program (awkgram.y:2797)
==738648==    by 0x400EAD8: main (main.c:483)
==738648== 
==738648== 176 bytes in 2 blocks are still reachable in loss record 195 of 287
==738648==    at 0x497D858: malloc (vg_replace_malloc.c:447)
==738648==    by 0x4068FEB: emalloc_real (awk.h:2156)
==738648==    by 0x4068FEB: r_getblock (node.c:1164)
==738648==    by 0x40693C1: make_str_node (node.c:406)
==738648==    by 0x404F33C: r_interpret (interpret.h:984)
==738648==    by 0x400EDDE: main (main.c:532)
==738648== 
==738648== 205 bytes in 24 blocks are still reachable in loss record 196 of 287
==738648==    at 0x497D858: malloc (vg_replace_malloc.c:447)
==738648==    by 0x4069457: emalloc_real (awk.h:2156)
==738648==    by 0x4069457: make_str_node (node.c:422)
==738648==    by 0x400E0F5: load_environ (main.c:946)
==738648==    by 0x400E0F5: init_vars (main.c:879)
==738648==    by 0x400E0F5: main (main.c:403)
==738648== 
==738648== 224 bytes in 2 blocks are still reachable in loss record 197 of 287
==738648==    at 0x497D858: malloc (vg_replace_malloc.c:447)
==738648==    by 0x4010F67: emalloc_real (awk.h:2156)
==738648==    by 0x4010F67: concat_exp (array.c:425)
==738648==    by 0x404F33C: r_interpret (interpret.h:984)
==738648==    by 0x400EDDE: main (main.c:532)
==738648== 
==738648== 236 bytes in 56 blocks are still reachable in loss record 198 of 287
==738648==    at 0x497D858: malloc (vg_replace_malloc.c:447)
==738648==    by 0x4066564: emalloc_real (awk.h:2156)
==738648==    by 0x4066564: estrdup (main.c:1451)
==738648==    by 0x401B5EC: yylex (awkgram.y:4493)
==738648==    by 0x401C83C: yyparse (awkgram.c:1879)
==738648==    by 0x402073A: parse_program (awkgram.y:2797)
==738648==    by 0x400EAD8: main (main.c:483)
==738648== 
==738648== 256 bytes in 1 blocks are still reachable in loss record 199 of 287
==738648==    at 0x4984E43: calloc (vg_replace_malloc.c:1678)
==738648==    by 0x4034892: ezalloc_real (awk.h:2174)
==738648==    by 0x4034892: cint_lookup (cint_array.c:249)
==738648==    by 0x400E9D6: assoc_set (awk.h:2220)
==738648==    by 0x400E9D6: load_procinfo_argv (main.c:992)
==738648==    by 0x400E9D6: load_procinfo (main.c:1093)
==738648==    by 0x400E9D6: init_vars (main.c:878)
==738648==    by 0x400E9D6: main (main.c:403)
==738648== 
==738648== 256 bytes in 1 blocks are still reachable in loss record 200 of 287
==738648==    at 0x4984E43: calloc (vg_replace_malloc.c:1678)
==738648==    by 0x4034297: ezalloc_real (awk.h:2174)
==738648==    by 0x4034297: tree_lookup (cint_array.c:773)
==738648==    by 0x400E9D6: assoc_set (awk.h:2220)
==738648==    by 0x400E9D6: load_procinfo_argv (main.c:992)
==738648==    by 0x400E9D6: load_procinfo (main.c:1093)
==738648==    by 0x400E9D6: init_vars (main.c:878)
==738648==    by 0x400E9D6: main (main.c:403)
==738648== 
==738648== 256 bytes in 1 blocks are still reachable in loss record 201 of 287
==738648==    at 0x4984E43: calloc (vg_replace_malloc.c:1678)
==738648==    by 0x40344C0: ezalloc_real (awk.h:2174)
==738648==    by 0x40344C0: leaf_lookup (cint_array.c:1064)
==738648==    by 0x40344C0: tree_lookup (cint_array.c:797)
==738648==    by 0x400E9D6: assoc_set (awk.h:2220)
==738648==    by 0x400E9D6: load_procinfo_argv (main.c:992)
==738648==    by 0x400E9D6: load_procinfo (main.c:1093)
==738648==    by 0x400E9D6: init_vars (main.c:878)
==738648==    by 0x400E9D6: main (main.c:403)
==738648== 
==738648== 256 bytes in 1 blocks are still reachable in loss record 202 of 287
==738648==    at 0x4984E43: calloc (vg_replace_malloc.c:1678)
==738648==    by 0x4034892: ezalloc_real (awk.h:2174)
==738648==    by 0x4034892: cint_lookup (cint_array.c:249)
==738648==    by 0x40662E6: assoc_set (awk.h:2220)
==738648==    by 0x400E453: init_args (main.c:768)
==738648==    by 0x400E453: main (main.c:470)
==738648== 
==738648== 256 bytes in 1 blocks are still reachable in loss record 203 of 287
==738648==    at 0x4984E43: calloc (vg_replace_malloc.c:1678)
==738648==    by 0x4034297: ezalloc_real (awk.h:2174)
==738648==    by 0x4034297: tree_lookup (cint_array.c:773)
==738648==    by 0x40662E6: assoc_set (awk.h:2220)
==738648==    by 0x400E453: init_args (main.c:768)
==738648==    by 0x400E453: main (main.c:470)
==738648== 
==738648== 256 bytes in 1 blocks are still reachable in loss record 204 of 287
==738648==    at 0x4984E43: calloc (vg_replace_malloc.c:1678)
==738648==    by 0x40344C0: ezalloc_real (awk.h:2174)
==738648==    by 0x40344C0: leaf_lookup (cint_array.c:1064)
==738648==    by 0x40344C0: tree_lookup (cint_array.c:797)
==738648==    by 0x40662E6: assoc_set (awk.h:2220)
==738648==    by 0x400E453: init_args (main.c:768)
==738648==    by 0x400E453: main (main.c:470)
==738648== 
==738648== 256 bytes in 1 blocks are still reachable in loss record 205 of 287
==738648==    at 0x497D858: malloc (vg_replace_malloc.c:447)
==738648==    by 0x4086BDE: compile.constprop.0 (minrx.c:1905)
==738648==    by 0x4089B38: minrx_regncomp (minrx.c:2490)
==738648==    by 0x407427D: make_regexp (re.c:355)
==738648==    by 0x40753B5: re_cache_get (re.c:556)
==738648==    by 0x40753B5: re_update (re.c:610)
==738648==    by 0x4056783: do_split (field.c:1230)
==738648==    by 0x404FC3C: r_interpret (interpret.h:1114)
==738648==    by 0x400EDDE: main (main.c:532)
==738648== 
==738648== 264 bytes in 3 blocks are still reachable in loss record 206 of 287
==738648==    at 0x497D858: malloc (vg_replace_malloc.c:447)
==738648==    by 0x4068FEB: emalloc_real (awk.h:2156)
==738648==    by 0x4068FEB: r_getblock (node.c:1164)
==738648==    by 0x40693C1: make_str_node (node.c:406)
==738648==    by 0x400E9C6: load_procinfo_argv (main.c:991)
==738648==    by 0x400E9C6: load_procinfo (main.c:1093)
==738648==    by 0x400E9C6: init_vars (main.c:878)
==738648==    by 0x400E9C6: main (main.c:403)
==738648== 
==738648== 264 bytes in 3 blocks are still reachable in loss record 207 of 287
==738648==    at 0x497D858: malloc (vg_replace_malloc.c:447)
==738648==    by 0x4068FEB: emalloc_real (awk.h:2156)
==738648==    by 0x4068FEB: r_getblock (node.c:1164)
==738648==    by 0x4014FDC: make_regnode (awkgram.y:5300)
==738648==    by 0x4014FDC: mk_rexp (awkgram.y:5332)
==738648==    by 0x4017F39: snode (awkgram.y:4780)
==738648==    by 0x401DBAA: yyparse (awkgram.y:1917)
==738648==    by 0x402073A: parse_program (awkgram.y:2797)
==738648==    by 0x400EAD8: main (main.c:483)
==738648== 
==738648== 272 bytes in 7 blocks are still reachable in loss record 208 of 287
==738648==    at 0x498507F: realloc (vg_replace_malloc.c:1804)
==738648==    by 0x40833D3: csets_emplace_back (minrx.c:1130)
==738648==    by 0x40852DA: chr (minrx.c:1621)
==738648==    by 0x40852DA: rep (minrx.c:1514)
==738648==    by 0x4086191: cat (minrx.c:1408)
==738648==    by 0x4086268: alt (minrx.c:1333)
==738648==    by 0x4086BB0: compile.constprop.0 (minrx.c:1903)
==738648==    by 0x4089B38: minrx_regncomp (minrx.c:2490)
==738648==    by 0x407427D: make_regexp (re.c:355)
==738648==    by 0x40195EB: make_regnode (awkgram.y:5306)
==738648==    by 0x401D996: yyparse (awkgram.y:584)
==738648==    by 0x402073A: parse_program (awkgram.y:2797)
==738648==    by 0x400EAD8: main (main.c:483)
==738648== 
==738648== 278 bytes in 42 blocks are still reachable in loss record 209 of 287
==738648==    at 0x497D858: malloc (vg_replace_malloc.c:447)
==738648==    by 0x4069457: emalloc_real (awk.h:2156)
==738648==    by 0x4069457: make_str_node (node.c:422)
==738648==    by 0x4077055: install (symbol.c:399)
==738648==    by 0x401982E: install_builtins (awkgram.y:6601)
==738648==    by 0x400ED71: main (main.c:491)
==738648== 
==738648== 296 bytes in 1 blocks are still reachable in loss record 210 of 287
==738648==    at 0x4984E43: calloc (vg_replace_malloc.c:1678)
==738648==    by 0x4014A06: ezalloc_real (awk.h:2174)
==738648==    by 0x4014A06: do_add_srcfile (awkgram.y:2833)
==738648==    by 0x4018A70: add_srcfile (awkgram.y:2916)
==738648==    by 0x400D7E5: parse_args (main.c:1585)
==738648==    by 0x400D7E5: main (main.c:294)
==738648== 
==738648== 300 bytes in 26 blocks are still reachable in loss record 211 of 287
==738648==    at 0x497D858: malloc (vg_replace_malloc.c:447)
==738648==    by 0x4069457: emalloc_real (awk.h:2156)
==738648==    by 0x4069457: make_str_node (node.c:422)
==738648==    by 0x4077055: install (symbol.c:399)
==738648==    by 0x401E274: install_function (awkgram.y:5083)
==738648==    by 0x401E274: yyparse (awkgram.y:546)
==738648==    by 0x402073A: parse_program (awkgram.y:2797)
==738648==    by 0x400EAD8: main (main.c:483)
==738648== 
==738648== 346 bytes in 35 blocks are still reachable in loss record 212 of 287
==738648==    at 0x497D858: malloc (vg_replace_malloc.c:447)
==738648==    by 0x4069457: emalloc_real (awk.h:2156)
==738648==    by 0x4069457: make_str_node (node.c:422)
==738648==    by 0x4077055: install (symbol.c:399)
==738648==    by 0x401CA63: yyparse (awkgram.y:2148)
==738648==    by 0x402073A: parse_program (awkgram.y:2797)
==738648==    by 0x400EAD8: main (main.c:483)
==738648== 
==738648== 350 bytes in 28 blocks are still reachable in loss record 213 of 287
==738648==    at 0x497D858: malloc (vg_replace_malloc.c:447)
==738648==    by 0x4069457: emalloc_real (awk.h:2156)
==738648==    by 0x4069457: make_str_node (node.c:422)
==738648==    by 0x4077055: install (symbol.c:399)
==738648==    by 0x4020040: install_function (awkgram.y:5083)
==738648==    by 0x4020040: yyparse (awkgram.y:546)
==738648==    by 0x402073A: parse_program (awkgram.y:2797)
==738648==    by 0x400EAD8: main (main.c:483)
==738648== 
==738648== 351 bytes in 36 blocks are still reachable in loss record 214 of 287
==738648==    at 0x497D858: malloc (vg_replace_malloc.c:447)
==738648==    by 0x4066564: emalloc_real (awk.h:2156)
==738648==    by 0x4066564: estrdup (main.c:1451)
==738648==    by 0x401A0B8: yylex (awkgram.y:4495)
==738648==    by 0x401C83C: yyparse (awkgram.c:1879)
==738648==    by 0x402073A: parse_program (awkgram.y:2797)
==738648==    by 0x400EAD8: main (main.c:483)
==738648== 
==738648== 352 bytes in 1 blocks are still reachable in loss record 215 of 287
==738648==    at 0x497D858: malloc (vg_replace_malloc.c:447)
==738648==    by 0x40869ED: compile.constprop.0 (minrx.c:1866)
==738648==    by 0x4089B38: minrx_regncomp (minrx.c:2490)
==738648==    by 0x407427D: make_regexp (re.c:355)
==738648==    by 0x40753B5: re_cache_get (re.c:556)
==738648==    by 0x40753B5: re_update (re.c:610)
==738648==    by 0x4056783: do_split (field.c:1230)
==738648==    by 0x404FC3C: r_interpret (interpret.h:1114)
==738648==    by 0x400EDDE: main (main.c:532)
==738648== 
==738648== 416 bytes in 4 blocks are still reachable in loss record 216 of 287
==738648==    at 0x4984E43: calloc (vg_replace_malloc.c:1678)
==738648==    by 0x4075D54: ezalloc_real (awk.h:2174)
==738648==    by 0x4075D54: grow_table (str_array.c:682)
==738648==    by 0x407693C: str_lookup (str_array.c:150)
==738648==    by 0x404EEEF: r_interpret (interpret.h:427)
==738648==    by 0x400EDDE: main (main.c:532)
==738648== 
==738648== 448 bytes in 7 blocks are still reachable in loss record 217 of 287
==738648==    at 0x497D858: malloc (vg_replace_malloc.c:447)
==738648==    by 0x4084391: charset_create (charset.c:9027)
==738648==    by 0x4084391: charset_invert (charset.c:9139)
==738648==    by 0x4084391: cset_invert (minrx.c:910)
==738648==    by 0x40852FC: chr (minrx.c:1622)
==738648==    by 0x40852FC: rep (minrx.c:1514)
==738648==    by 0x4086191: cat (minrx.c:1408)
==738648==    by 0x4086268: alt (minrx.c:1333)
==738648==    by 0x4086BB0: compile.constprop.0 (minrx.c:1903)
==738648==    by 0x4089B38: minrx_regncomp (minrx.c:2490)
==738648==    by 0x407427D: make_regexp (re.c:355)
==738648==    by 0x40195EB: make_regnode (awkgram.y:5306)
==738648==    by 0x401D996: yyparse (awkgram.y:584)
==738648==    by 0x402073A: parse_program (awkgram.y:2797)
==738648==    by 0x400EAD8: main (main.c:483)
==738648== 
==738648== 448 bytes in 7 blocks are still reachable in loss record 218 of 287
==738648==    at 0x497D858: malloc (vg_replace_malloc.c:447)
==738648==    by 0x408333D: charset_create (charset.c:9027)
==738648==    by 0x408333D: cset_construct (minrx.c:883)
==738648==    by 0x408333D: csets_emplace_back (minrx.c:1136)
==738648==    by 0x40852DA: chr (minrx.c:1621)
==738648==    by 0x40852DA: rep (minrx.c:1514)
==738648==    by 0x4086100: cat (minrx.c:1406)
==738648==    by 0x4086268: alt (minrx.c:1333)
==738648==    by 0x4086BB0: compile.constprop.0 (minrx.c:1903)
==738648==    by 0x4089B38: minrx_regncomp (minrx.c:2490)
==738648==    by 0x407427D: make_regexp (re.c:355)
==738648==    by 0x40195EB: make_regnode (awkgram.y:5306)
==738648==    by 0x401D996: yyparse (awkgram.y:584)
==738648==    by 0x402073A: parse_program (awkgram.y:2797)
==738648==    by 0x400EAD8: main (main.c:483)
==738648== 
==738648== 512 bytes in 1 blocks are still reachable in loss record 219 of 287
==738648==    at 0x4984E43: calloc (vg_replace_malloc.c:1678)
==738648==    by 0x4055BEE: ezalloc_real (awk.h:2174)
==738648==    by 0x4055BEE: set_record (field.c:309)
==738648==    by 0x406096F: inrec (io.c:590)
==738648==    by 0x404ECFC: r_interpret (interpret.h:1457)
==738648==    by 0x400EDDE: main (main.c:532)
==738648== 
==738648== 552 bytes in 1 blocks are still reachable in loss record 220 of 287
==738648==    at 0x4984E43: calloc (vg_replace_malloc.c:1678)
==738648==    by 0x4078976: ezalloc_real (awk.h:2174)
==738648==    by 0x4078976: new_context (symbol.c:870)
==738648==    by 0x400D61D: main (main.c:292)
==738648== 
==738648== 560 bytes in 7 blocks are still reachable in loss record 221 of 287
==738648==    at 0x497D858: malloc (vg_replace_malloc.c:447)
==738648==    by 0x4082141: add_range_to_set (charset.c:3438)
==738648==    by 0x408442D: charset_invert (charset.c:9157)
==738648==    by 0x408442D: cset_invert (minrx.c:910)
==738648==    by 0x40852FC: chr (minrx.c:1622)
==738648==    by 0x40852FC: rep (minrx.c:1514)
==738648==    by 0x4086191: cat (minrx.c:1408)
==738648==    by 0x4086268: alt (minrx.c:1333)
==738648==    by 0x4086BB0: compile.constprop.0 (minrx.c:1903)
==738648==    by 0x4089B38: minrx_regncomp (minrx.c:2490)
==738648==    by 0x407427D: make_regexp (re.c:355)
==738648==    by 0x40195EB: make_regnode (awkgram.y:5306)
==738648==    by 0x401D996: yyparse (awkgram.y:584)
==738648==    by 0x402073A: parse_program (awkgram.y:2797)
==738648== 
==738648== 560 bytes in 7 blocks are still reachable in loss record 222 of 287
==738648==    at 0x497D858: malloc (vg_replace_malloc.c:447)
==738648==    by 0x4082141: add_range_to_set (charset.c:3438)
==738648==    by 0x4084670: charset_add_range (charset.c:9090)
==738648==    by 0x4084670: cset_set_range (minrx.c:920)
==738648==    by 0x4084670: cset_parse.isra.0 (minrx.c:1041)
==738648==    by 0x40852FC: chr (minrx.c:1622)
==738648==    by 0x40852FC: rep (minrx.c:1514)
==738648==    by 0x4086100: cat (minrx.c:1406)
==738648==    by 0x4086268: alt (minrx.c:1333)
==738648==    by 0x4086BB0: compile.constprop.0 (minrx.c:1903)
==738648==    by 0x4089B38: minrx_regncomp (minrx.c:2490)
==738648==    by 0x407427D: make_regexp (re.c:355)
==738648==    by 0x40195EB: make_regnode (awkgram.y:5306)
==738648==    by 0x401D996: yyparse (awkgram.y:584)
==738648==    by 0x402073A: parse_program (awkgram.y:2797)
==738648== 
==738648== 640 bytes in 3 blocks are still reachable in loss record 223 of 287
==738648==    at 0x498507F: realloc (vg_replace_malloc.c:1804)
==738648==    by 0x4082014: add_char_to_set (charset.c:3415)
==738648==    by 0x4082C22: charset_add_char.part.0 (charset.c:9054)
==738648==    by 0x40841E8: charset_add_char (charset.c:9051)
==738648==    by 0x40841E8: add_cclass_to_set (charset.c:8699)
==738648==    by 0x4084AB8: charset_add_cclass (charset.c:9264)
==738648==    by 0x4084AB8: charset_add_cclass2 (charset.c:9305)
==738648==    by 0x4084AB8: cset_cclass (minrx.c:942)
==738648==    by 0x4084AB8: cset_parse.isra.0 (minrx.c:993)
==738648==    by 0x40852FC: chr (minrx.c:1622)
==738648==    by 0x40852FC: rep (minrx.c:1514)
==738648==    by 0x4086191: cat (minrx.c:1408)
==738648==    by 0x4086268: alt (minrx.c:1333)
==738648==    by 0x4086BB0: compile.constprop.0 (minrx.c:1903)
==738648==    by 0x4089B38: minrx_regncomp (minrx.c:2490)
==738648==    by 0x407427D: make_regexp (re.c:355)
==738648==    by 0x40195EB: make_regnode (awkgram.y:5306)
==738648== 
==738648== 650 bytes in 54 blocks are still reachable in loss record 224 of 287
==738648==    at 0x497D858: malloc (vg_replace_malloc.c:447)
==738648==    by 0x4066564: emalloc_real (awk.h:2156)
==738648==    by 0x4066564: estrdup (main.c:1451)
==738648==    by 0x401D86A: yyparse (awkgram.y:502)
==738648==    by 0x402073A: parse_program (awkgram.y:2797)
==738648==    by 0x400EAD8: main (main.c:483)
==738648== 
==738648== 830 bytes in 24 blocks are still reachable in loss record 225 of 287
==738648==    at 0x497D858: malloc (vg_replace_malloc.c:447)
==738648==    by 0x4069457: emalloc_real (awk.h:2156)
==738648==    by 0x4069457: make_str_node (node.c:422)
==738648==    by 0x400E10D: load_environ (main.c:947)
==738648==    by 0x400E10D: init_vars (main.c:879)
==738648==    by 0x400E10D: main (main.c:403)
==738648== 
==738648== 880 bytes in 10 blocks are still reachable in loss record 226 of 287
==738648==    at 0x497D858: malloc (vg_replace_malloc.c:447)
==738648==    by 0x4068FEB: emalloc_real (awk.h:2156)
==738648==    by 0x4068FEB: r_getblock (node.c:1164)
==738648==    by 0x4069930: make_number_node (awk.h:2206)
==738648==    by 0x4069930: r_make_number (node.c:369)
==738648==    by 0x400DA23: init_vars (main.c:869)
==738648==    by 0x400DA23: main (main.c:403)
==738648== 
==738648== 928 bytes in 116 blocks are still reachable in loss record 227 of 287
==738648==    at 0x497D858: malloc (vg_replace_malloc.c:447)
==738648==    by 0x4086EBA: firstclosure (minrx.c:1834)
==738648==    by 0x4086EBA: compile.constprop.0 (minrx.c:1923)
==738648==    by 0x4089B38: minrx_regncomp (minrx.c:2490)
==738648==    by 0x407427D: make_regexp (re.c:355)
==738648==    by 0x40195EB: make_regnode (awkgram.y:5306)
==738648==    by 0x401D996: yyparse (awkgram.y:584)
==738648==    by 0x402073A: parse_program (awkgram.y:2797)
==738648==    by 0x400EAD8: main (main.c:483)
==738648== 
==738648== 955 bytes in 111 blocks are still reachable in loss record 228 of 287
==738648==    at 0x498507F: realloc (vg_replace_malloc.c:1804)
==738648==    by 0x406956E: erealloc_real (awk.h:2192)
==738648==    by 0x406956E: make_str_node (node.c:494)
==738648==    by 0x401B194: yylex (awkgram.y:4074)
==738648==    by 0x401C83C: yyparse (awkgram.c:1879)
==738648==    by 0x402073A: parse_program (awkgram.y:2797)
==738648==    by 0x400EAD8: main (main.c:483)
==738648== 
==738648== 968 bytes in 11 blocks are still reachable in loss record 229 of 287
==738648==    at 0x497D858: malloc (vg_replace_malloc.c:447)
==738648==    by 0x4068FEB: emalloc_real (awk.h:2156)
==738648==    by 0x4068FEB: r_getblock (node.c:1164)
==738648==    by 0x40693C1: make_str_node (node.c:406)
==738648==    by 0x400D984: init_vars (main.c:867)
==738648==    by 0x400D984: main (main.c:403)
==738648== 
==738648== 1,016 bytes in 1 blocks are still reachable in loss record 230 of 287
==738648==    at 0x4984E43: calloc (vg_replace_malloc.c:1678)
==738648==    by 0x4075D54: ezalloc_real (awk.h:2174)
==738648==    by 0x4075D54: grow_table (str_array.c:682)
==738648==    by 0x407691D: str_lookup (str_array.c:162)
==738648==    by 0x40782E9: load_symbols (symbol.c:701)
==738648==    by 0x400ED85: main (main.c:499)
==738648== 
==738648== 1,091 bytes in 210 blocks are still reachable in loss record 231 of 287
==738648==    at 0x497D858: malloc (vg_replace_malloc.c:447)
==738648==    by 0x4069457: emalloc_real (awk.h:2156)
==738648==    by 0x4069457: make_str_node (node.c:422)
==738648==    by 0x401B194: yylex (awkgram.y:4074)
==738648==    by 0x401C83C: yyparse (awkgram.c:1879)
==738648==    by 0x402073A: parse_program (awkgram.y:2797)
==738648==    by 0x400EAD8: main (main.c:483)
==738648== 
==738648== 1,152 bytes in 24 blocks are still reachable in loss record 232 of 287
==738648==    at 0x497D858: malloc (vg_replace_malloc.c:447)
==738648==    by 0x4068FEB: emalloc_real (awk.h:2156)
==738648==    by 0x4068FEB: r_getblock (node.c:1164)
==738648==    by 0x40768D9: str_lookup (str_array.c:214)
==738648==    by 0x407708C: assoc_set (awk.h:2220)
==738648==    by 0x407708C: install (symbol.c:430)
==738648==    by 0x400DA01: init_vars (main.c:865)
==738648==    by 0x400DA01: main (main.c:403)
==738648== 
==738648== 1,152 bytes in 24 blocks are still reachable in loss record 233 of 287
==738648==    at 0x497D858: malloc (vg_replace_malloc.c:447)
==738648==    by 0x4068FEB: emalloc_real (awk.h:2156)
==738648==    by 0x4068FEB: r_getblock (node.c:1164)
==738648==    by 0x40768D9: str_lookup (str_array.c:214)
==738648==    by 0x400E127: assoc_set (awk.h:2220)
==738648==    by 0x400E127: load_environ (main.c:949)
==738648==    by 0x400E127: init_vars (main.c:879)
==738648==    by 0x400E127: main (main.c:403)
==738648== 
==738648== 1,196 bytes in 118 blocks are still reachable in loss record 234 of 287
==738648==    at 0x497D858: malloc (vg_replace_malloc.c:447)
==738648==    by 0x4066564: emalloc_real (awk.h:2156)
==738648==    by 0x4066564: estrdup (main.c:1451)
==738648==    by 0x4019CDE: yylex (awkgram.y:3684)
==738648==    by 0x401C83C: yyparse (awkgram.c:1879)
==738648==    by 0x402073A: parse_program (awkgram.y:2797)
==738648==    by 0x400EAD8: main (main.c:483)
==738648== 
==738648== 1,248 bytes in 26 blocks are still reachable in loss record 235 of 287
==738648==    at 0x497D858: malloc (vg_replace_malloc.c:447)
==738648==    by 0x4068FEB: emalloc_real (awk.h:2156)
==738648==    by 0x4068FEB: r_getblock (node.c:1164)
==738648==    by 0x40768D9: str_lookup (str_array.c:214)
==738648==    by 0x407708C: assoc_set (awk.h:2220)
==738648==    by 0x407708C: install (symbol.c:430)
==738648==    by 0x401E274: install_function (awkgram.y:5083)
==738648==    by 0x401E274: yyparse (awkgram.y:546)
==738648==    by 0x402073A: parse_program (awkgram.y:2797)
==738648==    by 0x400EAD8: main (main.c:483)
==738648== 
==738648== 1,271 bytes in 120 blocks are still reachable in loss record 236 of 287
==738648==    at 0x497D858: malloc (vg_replace_malloc.c:447)
==738648==    by 0x4066564: emalloc_real (awk.h:2156)
==738648==    by 0x4066564: estrdup (main.c:1451)
==738648==    by 0x401E3D7: yyparse (awkgram.y:2042)
==738648==    by 0x402073A: parse_program (awkgram.y:2797)
==738648==    by 0x400EAD8: main (main.c:483)
==738648== 
==738648== 1,344 bytes in 28 blocks are still reachable in loss record 237 of 287
==738648==    at 0x497D858: malloc (vg_replace_malloc.c:447)
==738648==    by 0x4068FEB: emalloc_real (awk.h:2156)
==738648==    by 0x4068FEB: r_getblock (node.c:1164)
==738648==    by 0x40768D9: str_lookup (str_array.c:214)
==738648==    by 0x407708C: assoc_set (awk.h:2220)
==738648==    by 0x407708C: install (symbol.c:430)
==738648==    by 0x4020040: install_function (awkgram.y:5083)
==738648==    by 0x4020040: yyparse (awkgram.y:546)
==738648==    by 0x402073A: parse_program (awkgram.y:2797)
==738648==    by 0x400EAD8: main (main.c:483)
==738648== 
==738648== 1,472 bytes in 162 blocks are still reachable in loss record 238 of 287
==738648==    at 0x497D858: malloc (vg_replace_malloc.c:447)
==738648==    by 0x4069457: emalloc_real (awk.h:2156)
==738648==    by 0x4069457: make_str_node (node.c:422)
==738648==    by 0x4078494: load_symbols (symbol.c:700)
==738648==    by 0x400ED85: main (main.c:499)
==738648== 
==738648== 1,600 bytes in 20 blocks are still reachable in loss record 239 of 287
==738648==    at 0x497D858: malloc (vg_replace_malloc.c:447)
==738648==    by 0x4082141: add_range_to_set (charset.c:3438)
==738648==    by 0x408254B: charset_finalize (charset.c:8975)
==738648==    by 0x4087709: charset_firstbytes (charset.c:9475)
==738648==    by 0x4087709: cset_firstbytes (minrx.c:1060)
==738648==    by 0x4087709: firstbytes (minrx.c:1859)
==738648==    by 0x4087709: compile.constprop.0 (minrx.c:1924)
==738648==    by 0x4089B38: minrx_regncomp (minrx.c:2490)
==738648==    by 0x407427D: make_regexp (re.c:355)
==738648==    by 0x40195EB: make_regnode (awkgram.y:5306)
==738648==    by 0x401D996: yyparse (awkgram.y:584)
==738648==    by 0x402073A: parse_program (awkgram.y:2797)
==738648==    by 0x400EAD8: main (main.c:483)
==738648== 
==738648== 1,680 bytes in 35 blocks are still reachable in loss record 240 of 287
==738648==    at 0x497D858: malloc (vg_replace_malloc.c:447)
==738648==    by 0x4068FEB: emalloc_real (awk.h:2156)
==738648==    by 0x4068FEB: r_getblock (node.c:1164)
==738648==    by 0x40768D9: str_lookup (str_array.c:214)
==738648==    by 0x407708C: assoc_set (awk.h:2220)
==738648==    by 0x407708C: install (symbol.c:430)
==738648==    by 0x401CA63: yyparse (awkgram.y:2148)
==738648==    by 0x402073A: parse_program (awkgram.y:2797)
==738648==    by 0x400EAD8: main (main.c:483)
==738648== 
==738648== 1,888 bytes in 118 blocks are still reachable in loss record 241 of 287
==738648==    at 0x497D858: malloc (vg_replace_malloc.c:447)
==738648==    by 0x407474B: emalloc_real (awk.h:2156)
==738648==    by 0x407474B: make_regexp (re.c:370)
==738648==    by 0x40195EB: make_regnode (awkgram.y:5306)
==738648==    by 0x401D996: yyparse (awkgram.y:584)
==738648==    by 0x402073A: parse_program (awkgram.y:2797)
==738648==    by 0x400EAD8: main (main.c:483)
==738648== 
==738648== 2,016 bytes in 42 blocks are still reachable in loss record 242 of 287
==738648==    at 0x497D858: malloc (vg_replace_malloc.c:447)
==738648==    by 0x4068FEB: emalloc_real (awk.h:2156)
==738648==    by 0x4068FEB: r_getblock (node.c:1164)
==738648==    by 0x40768D9: str_lookup (str_array.c:214)
==738648==    by 0x407708C: assoc_set (awk.h:2220)
==738648==    by 0x407708C: install (symbol.c:430)
==738648==    by 0x401982E: install_builtins (awkgram.y:6601)
==738648==    by 0x400ED71: main (main.c:491)
==738648== 
==738648== 2,048 bytes in 1 blocks are still reachable in loss record 243 of 287
==738648==    at 0x497D858: malloc (vg_replace_malloc.c:447)
==738648==    by 0x4048A59: emalloc_real (awk.h:2156)
==738648==    by 0x4048A59: init_interpret (eval.c:1897)
==738648==    by 0x400E3D5: main (main.c:468)
==738648== 
==738648== 2,112 bytes in 24 blocks are still reachable in loss record 244 of 287
==738648==    at 0x497D858: malloc (vg_replace_malloc.c:447)
==738648==    by 0x4068FEB: emalloc_real (awk.h:2156)
==738648==    by 0x4068FEB: r_getblock (node.c:1164)
==738648==    by 0x40693C1: make_str_node (node.c:406)
==738648==    by 0x4077055: install (symbol.c:399)
==738648==    by 0x400DA01: init_vars (main.c:865)
==738648==    by 0x400DA01: main (main.c:403)
==738648== 
==738648== 2,112 bytes in 24 blocks are still reachable in loss record 245 of 287
==738648==    at 0x497D858: malloc (vg_replace_malloc.c:447)
==738648==    by 0x4068FEB: emalloc_real (awk.h:2156)
==738648==    by 0x4068FEB: r_getblock (node.c:1164)
==738648==    by 0x4077133: make_symbol (symbol.c:376)
==738648==    by 0x4077133: install (symbol.c:417)
==738648==    by 0x400DA01: init_vars (main.c:865)
==738648==    by 0x400DA01: main (main.c:403)
==738648== 
==738648== 2,112 bytes in 24 blocks are still reachable in loss record 246 of 287
==738648==    at 0x497D858: malloc (vg_replace_malloc.c:447)
==738648==    by 0x4068FEB: emalloc_real (awk.h:2156)
==738648==    by 0x4068FEB: r_getblock (node.c:1164)
==738648==    by 0x40693C1: make_str_node (node.c:406)
==738648==    by 0x400E0F5: load_environ (main.c:946)
==738648==    by 0x400E0F5: init_vars (main.c:879)
==738648==    by 0x400E0F5: main (main.c:403)
==738648== 
==738648== 2,112 bytes in 24 blocks are still reachable in loss record 247 of 287
==738648==    at 0x497D858: malloc (vg_replace_malloc.c:447)
==738648==    by 0x4068FEB: emalloc_real (awk.h:2156)
==738648==    by 0x4068FEB: r_getblock (node.c:1164)
==738648==    by 0x40693C1: make_str_node (node.c:406)
==738648==    by 0x400E10D: load_environ (main.c:947)
==738648==    by 0x400E10D: init_vars (main.c:879)
==738648==    by 0x400E10D: main (main.c:403)
==738648== 
==738648== 2,288 bytes in 26 blocks are still reachable in loss record 248 of 287
==738648==    at 0x497D858: malloc (vg_replace_malloc.c:447)
==738648==    by 0x4068FEB: emalloc_real (awk.h:2156)
==738648==    by 0x4068FEB: r_getblock (node.c:1164)
==738648==    by 0x40693C1: make_str_node (node.c:406)
==738648==    by 0x4077055: install (symbol.c:399)
==738648==    by 0x401E274: install_function (awkgram.y:5083)
==738648==    by 0x401E274: yyparse (awkgram.y:546)
==738648==    by 0x402073A: parse_program (awkgram.y:2797)
==738648==    by 0x400EAD8: main (main.c:483)
==738648== 
==738648== 2,288 bytes in 26 blocks are still reachable in loss record 249 of 287
==738648==    at 0x497D858: malloc (vg_replace_malloc.c:447)
==738648==    by 0x4068FEB: emalloc_real (awk.h:2156)
==738648==    by 0x4068FEB: r_getblock (node.c:1164)
==738648==    by 0x407721E: make_symbol (symbol.c:376)
==738648==    by 0x407721E: install (symbol.c:417)
==738648==    by 0x401E274: install_function (awkgram.y:5083)
==738648==    by 0x401E274: yyparse (awkgram.y:546)
==738648==    by 0x402073A: parse_program (awkgram.y:2797)
==738648==    by 0x400EAD8: main (main.c:483)
==738648== 
==738648== 2,464 bytes in 28 blocks are still reachable in loss record 250 of 287
==738648==    at 0x497D858: malloc (vg_replace_malloc.c:447)
==738648==    by 0x4068FEB: emalloc_real (awk.h:2156)
==738648==    by 0x4068FEB: r_getblock (node.c:1164)
==738648==    by 0x40693C1: make_str_node (node.c:406)
==738648==    by 0x4077055: install (symbol.c:399)
==738648==    by 0x4020040: install_function (awkgram.y:5083)
==738648==    by 0x4020040: yyparse (awkgram.y:546)
==738648==    by 0x402073A: parse_program (awkgram.y:2797)
==738648==    by 0x400EAD8: main (main.c:483)
==738648== 
==738648== 2,464 bytes in 28 blocks are still reachable in loss record 251 of 287
==738648==    at 0x497D858: malloc (vg_replace_malloc.c:447)
==738648==    by 0x4068FEB: emalloc_real (awk.h:2156)
==738648==    by 0x4068FEB: r_getblock (node.c:1164)
==738648==    by 0x407721E: make_symbol (symbol.c:376)
==738648==    by 0x407721E: install (symbol.c:417)
==738648==    by 0x4020040: install_function (awkgram.y:5083)
==738648==    by 0x4020040: yyparse (awkgram.y:546)
==738648==    by 0x402073A: parse_program (awkgram.y:2797)
==738648==    by 0x400EAD8: main (main.c:483)
==738648== 
==738648== 2,592 bytes in 54 blocks are still reachable in loss record 252 of 287
==738648==    at 0x497D858: malloc (vg_replace_malloc.c:447)
==738648==    by 0x4068FEB: emalloc_real (awk.h:2156)
==738648==    by 0x4068FEB: r_getblock (node.c:1164)
==738648==    by 0x40768D9: str_lookup (str_array.c:214)
==738648==    by 0x404EEEF: r_interpret (interpret.h:427)
==738648==    by 0x400EDDE: main (main.c:532)
==738648== 
==738648== 2,624 bytes in 41 blocks are still reachable in loss record 253 of 287
==738648==    at 0x497D858: malloc (vg_replace_malloc.c:447)
==738648==    by 0x408333D: charset_create (charset.c:9027)
==738648==    by 0x408333D: cset_construct (minrx.c:883)
==738648==    by 0x408333D: csets_emplace_back (minrx.c:1136)
==738648==    by 0x40852DA: chr (minrx.c:1621)
==738648==    by 0x40852DA: rep (minrx.c:1514)
==738648==    by 0x4086191: cat (minrx.c:1408)
==738648==    by 0x4086268: alt (minrx.c:1333)
==738648==    by 0x4086BB0: compile.constprop.0 (minrx.c:1903)
==738648==    by 0x4089B38: minrx_regncomp (minrx.c:2490)
==738648==    by 0x407427D: make_regexp (re.c:355)
==738648==    by 0x40195EB: make_regnode (awkgram.y:5306)
==738648==    by 0x401D996: yyparse (awkgram.y:584)
==738648==    by 0x402073A: parse_program (awkgram.y:2797)
==738648==    by 0x400EAD8: main (main.c:483)
==738648== 
==738648== 3,040 bytes in 38 blocks are still reachable in loss record 254 of 287
==738648==    at 0x497D858: malloc (vg_replace_malloc.c:447)
==738648==    by 0x4082141: add_range_to_set (charset.c:3438)
==738648==    by 0x4084670: charset_add_range (charset.c:9090)
==738648==    by 0x4084670: cset_set_range (minrx.c:920)
==738648==    by 0x4084670: cset_parse.isra.0 (minrx.c:1041)
==738648==    by 0x40852FC: chr (minrx.c:1622)
==738648==    by 0x40852FC: rep (minrx.c:1514)
==738648==    by 0x4086191: cat (minrx.c:1408)
==738648==    by 0x4086268: alt (minrx.c:1333)
==738648==    by 0x4086BB0: compile.constprop.0 (minrx.c:1903)
==738648==    by 0x4089B38: minrx_regncomp (minrx.c:2490)
==738648==    by 0x407427D: make_regexp (re.c:355)
==738648==    by 0x40195EB: make_regnode (awkgram.y:5306)
==738648==    by 0x401D996: yyparse (awkgram.y:584)
==738648==    by 0x402073A: parse_program (awkgram.y:2797)
==738648== 
==738648== 3,080 bytes in 35 blocks are still reachable in loss record 255 of 287
==738648==    at 0x497D858: malloc (vg_replace_malloc.c:447)
==738648==    by 0x4068FEB: emalloc_real (awk.h:2156)
==738648==    by 0x4068FEB: r_getblock (node.c:1164)
==738648==    by 0x40693C1: make_str_node (node.c:406)
==738648==    by 0x4077055: install (symbol.c:399)
==738648==    by 0x401CA63: yyparse (awkgram.y:2148)
==738648==    by 0x402073A: parse_program (awkgram.y:2797)
==738648==    by 0x400EAD8: main (main.c:483)
==738648== 
==738648== 3,080 bytes in 35 blocks are still reachable in loss record 256 of 287
==738648==    at 0x497D858: malloc (vg_replace_malloc.c:447)
==738648==    by 0x4068FEB: emalloc_real (awk.h:2156)
==738648==    by 0x4068FEB: r_getblock (node.c:1164)
==738648==    by 0x4077133: make_symbol (symbol.c:376)
==738648==    by 0x4077133: install (symbol.c:417)
==738648==    by 0x401CA63: yyparse (awkgram.y:2148)
==738648==    by 0x402073A: parse_program (awkgram.y:2797)
==738648==    by 0x400EAD8: main (main.c:483)
==738648== 
==738648== 3,168 bytes in 36 blocks are still reachable in loss record 257 of 287
==738648==    at 0x497D858: malloc (vg_replace_malloc.c:447)
==738648==    by 0x4068FEB: emalloc_real (awk.h:2156)
==738648==    by 0x4068FEB: r_getblock (node.c:1164)
==738648==    by 0x40693C1: make_str_node (node.c:406)
==738648==    by 0x402A3B0: do_sub (builtin.c:2203)
==738648==    by 0x404FD01: r_interpret (interpret.h:1161)
==738648==    by 0x400EDDE: main (main.c:532)
==738648== 
==738648== 3,690 bytes in 36 blocks are still reachable in loss record 258 of 287
==738648==    at 0x498507F: realloc (vg_replace_malloc.c:1804)
==738648==    by 0x40296A3: erealloc_real (awk.h:2192)
==738648==    by 0x40296A3: do_sub (builtin.c:2005)
==738648==    by 0x404FD01: r_interpret (interpret.h:1161)
==738648==    by 0x400EDDE: main (main.c:532)
==738648== 
==738648== 3,696 bytes in 42 blocks are still reachable in loss record 259 of 287
==738648==    at 0x497D858: malloc (vg_replace_malloc.c:447)
==738648==    by 0x4068FEB: emalloc_real (awk.h:2156)
==738648==    by 0x4068FEB: r_getblock (node.c:1164)
==738648==    by 0x40693C1: make_str_node (node.c:406)
==738648==    by 0x4077055: install (symbol.c:399)
==738648==    by 0x401982E: install_builtins (awkgram.y:6601)
==738648==    by 0x400ED71: main (main.c:491)
==738648== 
==738648== 3,696 bytes in 42 blocks are still reachable in loss record 260 of 287
==738648==    at 0x497D858: malloc (vg_replace_malloc.c:447)
==738648==    by 0x4068FEB: emalloc_real (awk.h:2156)
==738648==    by 0x4068FEB: r_getblock (node.c:1164)
==738648==    by 0x407721E: make_symbol (symbol.c:376)
==738648==    by 0x407721E: install (symbol.c:417)
==738648==    by 0x401982E: install_builtins (awkgram.y:6601)
==738648==    by 0x400ED71: main (main.c:491)
==738648== 
==738648== 4,120 bytes in 103 blocks are still reachable in loss record 261 of 287
==738648==    at 0x497D858: malloc (vg_replace_malloc.c:447)
==738648==    by 0x4082059: add_char_to_set (charset.c:3407)
==738648==    by 0x4082C22: charset_add_char.part.0 (charset.c:9054)
==738648==    by 0x4086F77: charset_add_char (charset.c:9051)
==738648==    by 0x4086F77: cset_set (minrx.c:928)
==738648==    by 0x4086F77: firstclosure (minrx.c:1841)
==738648==    by 0x4086F77: compile.constprop.0 (minrx.c:1923)
==738648==    by 0x4089B38: minrx_regncomp (minrx.c:2490)
==738648==    by 0x407427D: make_regexp (re.c:355)
==738648==    by 0x40195EB: make_regnode (awkgram.y:5306)
==738648==    by 0x401D996: yyparse (awkgram.y:584)
==738648==    by 0x402073A: parse_program (awkgram.y:2797)
==738648==    by 0x400EAD8: main (main.c:483)
==738648== 
==738648== 4,928 bytes in 26 blocks are still reachable in loss record 262 of 287
==738648==    at 0x4984E43: calloc (vg_replace_malloc.c:1678)
==738648==    by 0x40778BB: ezalloc_real (awk.h:2174)
==738648==    by 0x40778BB: make_params (symbol.c:229)
==738648==    by 0x401E2B5: install_function (awkgram.y:5096)
==738648==    by 0x401E2B5: yyparse (awkgram.y:546)
==738648==    by 0x402073A: parse_program (awkgram.y:2797)
==738648==    by 0x400EAD8: main (main.c:483)
==738648== 
==738648== 5,048 bytes in 1 blocks are still reachable in loss record 263 of 287
==738648==    at 0x497D858: malloc (vg_replace_malloc.c:447)
==738648==    by 0x4078891: emalloc_real (awk.h:2156)
==738648==    by 0x4078891: bcalloc (symbol.c:849)
==738648==    by 0x402065C: parse_program (awkgram.y:2770)
==738648==    by 0x400EAD8: main (main.c:483)
==738648== 
==738648== 5,048 bytes in 1 blocks are still reachable in loss record 264 of 287
==738648==    at 0x497D858: malloc (vg_replace_malloc.c:447)
==738648==    by 0x4078891: emalloc_real (awk.h:2156)
==738648==    by 0x4078891: bcalloc (symbol.c:849)
==738648==    by 0x4020B58: parse_program (awkgram.y:2778)
==738648==    by 0x400EAD8: main (main.c:483)
==738648== 
==738648== 5,048 bytes in 1 blocks are still reachable in loss record 265 of 287
==738648==    at 0x497D858: malloc (vg_replace_malloc.c:447)
==738648==    by 0x4078891: emalloc_real (awk.h:2156)
==738648==    by 0x4078891: bcalloc (symbol.c:849)
==738648==    by 0x40132C0: optimize_assignment (awkgram.y:6092)
==738648==    by 0x401CB82: yyparse (awkgram.y:1300)
==738648==    by 0x402073A: parse_program (awkgram.y:2797)
==738648==    by 0x400EAD8: main (main.c:483)
==738648== 
==738648== 5,048 bytes in 1 blocks are still reachable in loss record 266 of 287
==738648==    at 0x497D858: malloc (vg_replace_malloc.c:447)
==738648==    by 0x4078891: emalloc_real (awk.h:2156)
==738648==    by 0x4078891: bcalloc (symbol.c:849)
==738648==    by 0x401A94D: yylex (awkgram.y:4009)
==738648==    by 0x401C83C: yyparse (awkgram.c:1879)
==738648==    by 0x402073A: parse_program (awkgram.y:2797)
==738648==    by 0x400EAD8: main (main.c:483)
==738648== 
==738648== 5,048 bytes in 1 blocks are still reachable in loss record 267 of 287
==738648==    at 0x497D858: malloc (vg_replace_malloc.c:447)
==738648==    by 0x4078891: emalloc_real (awk.h:2156)
==738648==    by 0x4078891: bcalloc (symbol.c:849)
==738648==    by 0x401DF54: list_create (awkgram.y:6411)
==738648==    by 0x401DF54: yyparse (awkgram.y:1954)
==738648==    by 0x402073A: parse_program (awkgram.y:2797)
==738648==    by 0x400EAD8: main (main.c:483)
==738648== 
==738648== 5,048 bytes in 1 blocks are still reachable in loss record 268 of 287
==738648==    at 0x497D858: malloc (vg_replace_malloc.c:447)
==738648==    by 0x4078891: emalloc_real (awk.h:2156)
==738648==    by 0x4078891: bcalloc (symbol.c:849)
==738648==    by 0x401EDC4: mk_expression_list (awkgram.y:6328)
==738648==    by 0x401EDC4: yyparse (awkgram.y:1585)
==738648==    by 0x402073A: parse_program (awkgram.y:2797)
==738648==    by 0x400EAD8: main (main.c:483)
==738648== 
==738648== 5,048 bytes in 1 blocks are still reachable in loss record 269 of 287
==738648==    at 0x497D858: malloc (vg_replace_malloc.c:447)
==738648==    by 0x4078891: emalloc_real (awk.h:2156)
==738648==    by 0x4078891: bcalloc (symbol.c:849)
==738648==    by 0x401B899: yylex (awkgram.y:4498)
==738648==    by 0x401C83C: yyparse (awkgram.c:1879)
==738648==    by 0x402073A: parse_program (awkgram.y:2797)
==738648==    by 0x400EAD8: main (main.c:483)
==738648== 
==738648== 5,048 bytes in 1 blocks are still reachable in loss record 270 of 287
==738648==    at 0x497D858: malloc (vg_replace_malloc.c:447)
==738648==    by 0x4078891: emalloc_real (awk.h:2156)
==738648==    by 0x4078891: bcalloc (symbol.c:849)
==738648==    by 0x4015A62: mk_condition (awkgram.y:5722)
==738648==    by 0x401EAE6: yyparse (awkgram.y:1433)
==738648==    by 0x402073A: parse_program (awkgram.y:2797)
==738648==    by 0x400EAD8: main (main.c:483)
==738648== 
==738648== 5,048 bytes in 1 blocks are still reachable in loss record 271 of 287
==738648==    at 0x497D858: malloc (vg_replace_malloc.c:447)
==738648==    by 0x4078891: emalloc_real (awk.h:2156)
==738648==    by 0x4078891: bcalloc (symbol.c:849)
==738648==    by 0x401A44C: yylex (awkgram.y:3913)
==738648==    by 0x401C83C: yyparse (awkgram.c:1879)
==738648==    by 0x402073A: parse_program (awkgram.y:2797)
==738648==    by 0x400EAD8: main (main.c:483)
==738648== 
==738648== 6,640 bytes in 83 blocks are still reachable in loss record 272 of 287
==738648==    at 0x497D858: malloc (vg_replace_malloc.c:447)
==738648==    by 0x4082141: add_range_to_set (charset.c:3438)
==738648==    by 0x408269F: charset_finalize (charset.c:8983)
==738648==    by 0x4087709: charset_firstbytes (charset.c:9475)
==738648==    by 0x4087709: cset_firstbytes (minrx.c:1060)
==738648==    by 0x4087709: firstbytes (minrx.c:1859)
==738648==    by 0x4087709: compile.constprop.0 (minrx.c:1924)
==738648==    by 0x4089B38: minrx_regncomp (minrx.c:2490)
==738648==    by 0x407427D: make_regexp (re.c:355)
==738648==    by 0x40195EB: make_regnode (awkgram.y:5306)
==738648==    by 0x401D996: yyparse (awkgram.y:584)
==738648==    by 0x402073A: parse_program (awkgram.y:2797)
==738648==    by 0x400EAD8: main (main.c:483)
==738648== 
==738648== 7,424 bytes in 116 blocks are still reachable in loss record 273 of 287
==738648==    at 0x497D858: malloc (vg_replace_malloc.c:447)
==738648==    by 0x4086F0A: charset_create (charset.c:9027)
==738648==    by 0x4086F0A: cset_construct (minrx.c:883)
==738648==    by 0x4086F0A: firstclosure (minrx.c:1836)
==738648==    by 0x4086F0A: compile.constprop.0 (minrx.c:1923)
==738648==    by 0x4089B38: minrx_regncomp (minrx.c:2490)
==738648==    by 0x407427D: make_regexp (re.c:355)
==738648==    by 0x40195EB: make_regnode (awkgram.y:5306)
==738648==    by 0x401D996: yyparse (awkgram.y:584)
==738648==    by 0x402073A: parse_program (awkgram.y:2797)
==738648==    by 0x400EAD8: main (main.c:483)
==738648== 
==738648== 7,776 bytes in 162 blocks are still reachable in loss record 274 of 287
==738648==    at 0x497D858: malloc (vg_replace_malloc.c:447)
==738648==    by 0x4068FEB: emalloc_real (awk.h:2156)
==738648==    by 0x4068FEB: r_getblock (node.c:1164)
==738648==    by 0x40768D9: str_lookup (str_array.c:214)
==738648==    by 0x40782E9: load_symbols (symbol.c:701)
==738648==    by 0x400ED85: main (main.c:499)
==738648== 
==738648== 8,624 bytes in 98 blocks are still reachable in loss record 275 of 287
==738648==    at 0x497D858: malloc (vg_replace_malloc.c:447)
==738648==    by 0x4068FEB: emalloc_real (awk.h:2156)
==738648==    by 0x4068FEB: r_getblock (node.c:1164)
==738648==    by 0x4069930: make_number_node (awk.h:2206)
==738648==    by 0x4069930: r_make_number (node.c:369)
==738648==    by 0x401A26C: yylex (awkgram.y:4256)
==738648==    by 0x401C83C: yyparse (awkgram.c:1879)
==738648==    by 0x402073A: parse_program (awkgram.y:2797)
==738648==    by 0x400EAD8: main (main.c:483)
==738648== 
==738648== 10,096 bytes in 2 blocks are still reachable in loss record 276 of 287
==738648==    at 0x497D858: malloc (vg_replace_malloc.c:447)
==738648==    by 0x4078891: emalloc_real (awk.h:2156)
==738648==    by 0x4078891: bcalloc (symbol.c:849)
==738648==    by 0x401DF23: list_create (awkgram.y:6411)
==738648==    by 0x401DF23: yyparse (awkgram.y:1958)
==738648==    by 0x402073A: parse_program (awkgram.y:2797)
==738648==    by 0x400EAD8: main (main.c:483)
==738648== 
==738648== 10,096 bytes in 2 blocks are still reachable in loss record 277 of 287
==738648==    at 0x497D858: malloc (vg_replace_malloc.c:447)
==738648==    by 0x4078891: emalloc_real (awk.h:2156)
==738648==    by 0x4078891: bcalloc (symbol.c:849)
==738648==    by 0x401A0E0: yylex (awkgram.y:4504)
==738648==    by 0x401C83C: yyparse (awkgram.c:1879)
==738648==    by 0x402073A: parse_program (awkgram.y:2797)
==738648==    by 0x400EAD8: main (main.c:483)
==738648== 
==738648== 10,384 bytes in 118 blocks are still reachable in loss record 278 of 287
==738648==    at 0x497D858: malloc (vg_replace_malloc.c:447)
==738648==    by 0x4068FEB: emalloc_real (awk.h:2156)
==738648==    by 0x4068FEB: r_getblock (node.c:1164)
==738648==    by 0x40693C1: make_str_node (node.c:406)
==738648==    by 0x401D986: yyparse (awkgram.y:583)
==738648==    by 0x402073A: parse_program (awkgram.y:2797)
==738648==    by 0x400EAD8: main (main.c:483)
==738648== 
==738648== 10,384 bytes in 118 blocks are still reachable in loss record 279 of 287
==738648==    at 0x497D858: malloc (vg_replace_malloc.c:447)
==738648==    by 0x4068FEB: emalloc_real (awk.h:2156)
==738648==    by 0x4068FEB: r_getblock (node.c:1164)
==738648==    by 0x4019588: make_regnode (awkgram.y:5300)
==738648==    by 0x401D996: yyparse (awkgram.y:584)
==738648==    by 0x402073A: parse_program (awkgram.y:2797)
==738648==    by 0x400EAD8: main (main.c:483)
==738648== 
==738648== 14,256 bytes in 162 blocks are still reachable in loss record 280 of 287
==738648==    at 0x497D858: malloc (vg_replace_malloc.c:447)
==738648==    by 0x4068FEB: emalloc_real (awk.h:2156)
==738648==    by 0x4068FEB: r_getblock (node.c:1164)
==738648==    by 0x40693C1: make_str_node (node.c:406)
==738648==    by 0x4078494: load_symbols (symbol.c:700)
==738648==    by 0x400ED85: main (main.c:499)
==738648== 
==738648== 15,144 bytes in 3 blocks are still reachable in loss record 281 of 287
==738648==    at 0x497D858: malloc (vg_replace_malloc.c:447)
==738648==    by 0x4078891: emalloc_real (awk.h:2156)
==738648==    by 0x4078891: bcalloc (symbol.c:849)
==738648==    by 0x401C2EA: yylex (awkgram.y:4447)
==738648==    by 0x401C83C: yyparse (awkgram.c:1879)
==738648==    by 0x402073A: parse_program (awkgram.y:2797)
==738648==    by 0x400EAD8: main (main.c:483)
==738648== 
==738648== 15,144 bytes in 3 blocks are still reachable in loss record 282 of 287
==738648==    at 0x497D858: malloc (vg_replace_malloc.c:447)
==738648==    by 0x4078891: emalloc_real (awk.h:2156)
==738648==    by 0x4078891: bcalloc (symbol.c:849)
==738648==    by 0x401AF98: yylex (awkgram.y:4064)
==738648==    by 0x401C83C: yyparse (awkgram.c:1879)
==738648==    by 0x402073A: parse_program (awkgram.y:2797)
==738648==    by 0x400EAD8: main (main.c:483)
==738648== 
==738648== 16,048 bytes in 118 blocks are still reachable in loss record 283 of 287
==738648==    at 0x4984E43: calloc (vg_replace_malloc.c:1678)
==738648==    by 0x407421C: ezalloc_real (awk.h:2174)
==738648==    by 0x407421C: make_regexp (re.c:278)
==738648==    by 0x40195EB: make_regnode (awkgram.y:5306)
==738648==    by 0x401D996: yyparse (awkgram.y:584)
==738648==    by 0x402073A: parse_program (awkgram.y:2797)
==738648==    by 0x400EAD8: main (main.c:483)
==738648== 
==738648== 20,192 bytes in 4 blocks are still reachable in loss record 284 of 287
==738648==    at 0x497D858: malloc (vg_replace_malloc.c:447)
==738648==    by 0x4078891: emalloc_real (awk.h:2156)
==738648==    by 0x4078891: bcalloc (symbol.c:849)
==738648==    by 0x401CA87: list_create (awkgram.y:6411)
==738648==    by 0x401CA87: yyparse (awkgram.y:2149)
==738648==    by 0x402073A: parse_program (awkgram.y:2797)
==738648==    by 0x400EAD8: main (main.c:483)
==738648== 
==738648== 26,848 bytes in 118 blocks are still reachable in loss record 285 of 287
==738648==    at 0x497D858: malloc (vg_replace_malloc.c:447)
==738648==    by 0x4086BDE: compile.constprop.0 (minrx.c:1905)
==738648==    by 0x4089B38: minrx_regncomp (minrx.c:2490)
==738648==    by 0x407427D: make_regexp (re.c:355)
==738648==    by 0x40195EB: make_regnode (awkgram.y:5306)
==738648==    by 0x401D996: yyparse (awkgram.y:584)
==738648==    by 0x402073A: parse_program (awkgram.y:2797)
==738648==    by 0x400EAD8: main (main.c:483)
==738648== 
==738648== 28,248 bytes in 321 blocks are still reachable in loss record 286 of 287
==738648==    at 0x497D858: malloc (vg_replace_malloc.c:447)
==738648==    by 0x4068FEB: emalloc_real (awk.h:2156)
==738648==    by 0x4068FEB: r_getblock (node.c:1164)
==738648==    by 0x40693C1: make_str_node (node.c:406)
==738648==    by 0x401B194: yylex (awkgram.y:4074)
==738648==    by 0x401C83C: yyparse (awkgram.c:1879)
==738648==    by 0x402073A: parse_program (awkgram.y:2797)
==738648==    by 0x400EAD8: main (main.c:483)
==738648== 
==738648== 41,536 bytes in 118 blocks are still reachable in loss record 287 of 287
==738648==    at 0x497D858: malloc (vg_replace_malloc.c:447)
==738648==    by 0x40869ED: compile.constprop.0 (minrx.c:1866)
==738648==    by 0x4089B38: minrx_regncomp (minrx.c:2490)
==738648==    by 0x407427D: make_regexp (re.c:355)
==738648==    by 0x40195EB: make_regnode (awkgram.y:5306)
==738648==    by 0x401D996: yyparse (awkgram.y:584)
==738648==    by 0x402073A: parse_program (awkgram.y:2797)
==738648==    by 0x400EAD8: main (main.c:483)
==738648== 
==738648== LEAK SUMMARY:
==738648==    definitely lost: 0 bytes in 0 blocks
==738648==    indirectly lost: 0 bytes in 0 blocks
==738648==      possibly lost: 0 bytes in 0 blocks
==738648==    still reachable: 395,634 bytes in 4,113 blocks
==738648==         suppressed: 0 bytes in 0 blocks
==738648== 
==738648== For lists of detected and suppressed errors, rerun with: -s
==738648== ERROR SUMMARY: 1 errors from 1 contexts (suppressed: 0 from 0)
