==747921== Memcheck, a memory error detector
==747921== Copyright (C) 2002-2024, and GNU GPL'd, by Julian Seward et al.
==747921== Using Valgrind-3.26.0 and LibVEX; rerun with -h for copyright info
==747921== Command: gawk -f widesub.awk
==747921== Parent PID: 747920
==747921== 
==747921== 
==747921== FILE DESCRIPTORS: 3 open (3 inherited) at exit.
==747921== 
==747921== HEAP SUMMARY:
==747921==     in use at exit: 66,754 bytes in 905 blocks
==747921==   total heap usage: 1,481 allocs, 576 frees, 106,091 bytes allocated
==747921== 
==747921== 1 bytes in 1 blocks are still reachable in loss record 1 of 218
==747921==    at 0x586E858: malloc (vg_replace_malloc.c:447)
==747921==    by 0x44390B0: rboxc_gawk_estrdup (in /root/rboxc/target/gawk-format-lifetime-candidate/release/rboxc)
==747921==    by 0x443E365: single_binary_main_gawk (in /root/rboxc/target/gawk-format-lifetime-candidate/release/rboxc)
==747921==    by 0x5A18600: (below main) (libc_start_call_main.h:59)
==747921== 
==747921== 1 bytes in 1 blocks are still reachable in loss record 2 of 218
==747921==    at 0x586E858: malloc (vg_replace_malloc.c:447)
==747921==    by 0x44390B0: rboxc_gawk_estrdup (in /root/rboxc/target/gawk-format-lifetime-candidate/release/rboxc)
==747921==    by 0x443E37D: single_binary_main_gawk (in /root/rboxc/target/gawk-format-lifetime-candidate/release/rboxc)
==747921==    by 0x5A18600: (below main) (libc_start_call_main.h:59)
==747921== 
==747921== 1 bytes in 1 blocks are still reachable in loss record 3 of 218
==747921==    at 0x586E858: malloc (vg_replace_malloc.c:447)
==747921==    by 0x44390B0: rboxc_gawk_estrdup (in /root/rboxc/target/gawk-format-lifetime-candidate/release/rboxc)
==747921==    by 0x443E395: single_binary_main_gawk (in /root/rboxc/target/gawk-format-lifetime-candidate/release/rboxc)
==747921==    by 0x5A18600: (below main) (libc_start_call_main.h:59)
==747921== 
==747921== 1 bytes in 1 blocks are still reachable in loss record 4 of 218
==747921==    at 0x586E858: malloc (vg_replace_malloc.c:447)
==747921==    by 0x44390B0: rboxc_gawk_estrdup (in /root/rboxc/target/gawk-format-lifetime-candidate/release/rboxc)
==747921==    by 0x443E3AD: single_binary_main_gawk (in /root/rboxc/target/gawk-format-lifetime-candidate/release/rboxc)
==747921==    by 0x5A18600: (below main) (libc_start_call_main.h:59)
==747921== 
==747921== 1 bytes in 1 blocks are still reachable in loss record 5 of 218
==747921==    at 0x586E858: malloc (vg_replace_malloc.c:447)
==747921==    by 0x44390B0: rboxc_gawk_estrdup (in /root/rboxc/target/gawk-format-lifetime-candidate/release/rboxc)
==747921==    by 0x443E3C5: single_binary_main_gawk (in /root/rboxc/target/gawk-format-lifetime-candidate/release/rboxc)
==747921==    by 0x5A18600: (below main) (libc_start_call_main.h:59)
==747921== 
==747921== 1 bytes in 1 blocks are still reachable in loss record 6 of 218
==747921==    at 0x586E858: malloc (vg_replace_malloc.c:447)
==747921==    by 0x44390B0: rboxc_gawk_estrdup (in /root/rboxc/target/gawk-format-lifetime-candidate/release/rboxc)
==747921==    by 0x443E3DD: single_binary_main_gawk (in /root/rboxc/target/gawk-format-lifetime-candidate/release/rboxc)
==747921==    by 0x5A18600: (below main) (libc_start_call_main.h:59)
==747921== 
==747921== 1 bytes in 1 blocks are still reachable in loss record 7 of 218
==747921==    at 0x586E858: malloc (vg_replace_malloc.c:447)
==747921==    by 0x44390B0: rboxc_gawk_estrdup (in /root/rboxc/target/gawk-format-lifetime-candidate/release/rboxc)
==747921==    by 0x443E3F5: single_binary_main_gawk (in /root/rboxc/target/gawk-format-lifetime-candidate/release/rboxc)
==747921==    by 0x5A18600: (below main) (libc_start_call_main.h:59)
==747921== 
==747921== 1 bytes in 1 blocks are still reachable in loss record 8 of 218
==747921==    at 0x586E858: malloc (vg_replace_malloc.c:447)
==747921==    by 0x473F017: rboxc_gawk_make_str_node (in /root/rboxc/target/gawk-format-lifetime-candidate/release/rboxc)
==747921==    by 0x443E47C: single_binary_main_gawk (in /root/rboxc/target/gawk-format-lifetime-candidate/release/rboxc)
==747921==    by 0x5A18600: (below main) (libc_start_call_main.h:59)
==747921== 
==747921== 1 bytes in 1 blocks are still reachable in loss record 9 of 218
==747921==    at 0x586E858: malloc (vg_replace_malloc.c:447)
==747921==    by 0x473F017: rboxc_gawk_make_str_node (in /root/rboxc/target/gawk-format-lifetime-candidate/release/rboxc)
==747921==    by 0x472BED5: rboxc_gawk_init_fields (in /root/rboxc/target/gawk-format-lifetime-candidate/release/rboxc)
==747921==    by 0x443F9A0: single_binary_main_gawk (in /root/rboxc/target/gawk-format-lifetime-candidate/release/rboxc)
==747921==    by 0x5A18600: (below main) (libc_start_call_main.h:59)
==747921== 
==747921== 1 bytes in 1 blocks are still reachable in loss record 10 of 218
==747921==    at 0x586E858: malloc (vg_replace_malloc.c:447)
==747921==    by 0x473F017: rboxc_gawk_make_str_node (in /root/rboxc/target/gawk-format-lifetime-candidate/release/rboxc)
==747921==    by 0x472BF20: rboxc_gawk_init_fields (in /root/rboxc/target/gawk-format-lifetime-candidate/release/rboxc)
==747921==    by 0x443F9A0: single_binary_main_gawk (in /root/rboxc/target/gawk-format-lifetime-candidate/release/rboxc)
==747921==    by 0x5A18600: (below main) (libc_start_call_main.h:59)
==747921== 
==747921== 2 bytes in 1 blocks are still reachable in loss record 11 of 218
==747921==    at 0x586E858: malloc (vg_replace_malloc.c:447)
==747921==    by 0x44390B0: rboxc_gawk_estrdup (in /root/rboxc/target/gawk-format-lifetime-candidate/release/rboxc)
==747921==    by 0x443E31E: single_binary_main_gawk (in /root/rboxc/target/gawk-format-lifetime-candidate/release/rboxc)
==747921==    by 0x5A18600: (below main) (libc_start_call_main.h:59)
==747921== 
==747921== 2 bytes in 1 blocks are still reachable in loss record 12 of 218
==747921==    at 0x586E858: malloc (vg_replace_malloc.c:447)
==747921==    by 0x44390B0: rboxc_gawk_estrdup (in /root/rboxc/target/gawk-format-lifetime-candidate/release/rboxc)
==747921==    by 0x443E335: single_binary_main_gawk (in /root/rboxc/target/gawk-format-lifetime-candidate/release/rboxc)
==747921==    by 0x5A18600: (below main) (libc_start_call_main.h:59)
==747921== 
==747921== 2 bytes in 1 blocks are still reachable in loss record 13 of 218
==747921==    at 0x586E858: malloc (vg_replace_malloc.c:447)
==747921==    by 0x44390B0: rboxc_gawk_estrdup (in /root/rboxc/target/gawk-format-lifetime-candidate/release/rboxc)
==747921==    by 0x443E34D: single_binary_main_gawk (in /root/rboxc/target/gawk-format-lifetime-candidate/release/rboxc)
==747921==    by 0x5A18600: (below main) (libc_start_call_main.h:59)
==747921== 
==747921== 2 bytes in 1 blocks are still reachable in loss record 14 of 218
==747921==    at 0x586E858: malloc (vg_replace_malloc.c:447)
==747921==    by 0x471D3BF: rboxc_gawk_set_OFS (in /root/rboxc/target/gawk-format-lifetime-candidate/release/rboxc)
==747921==    by 0x443F2E8: single_binary_main_gawk (in /root/rboxc/target/gawk-format-lifetime-candidate/release/rboxc)
==747921==    by 0x5A18600: (below main) (libc_start_call_main.h:59)
==747921== 
==747921== 2 bytes in 1 blocks are still reachable in loss record 15 of 218
==747921==    at 0x587607F: realloc (vg_replace_malloc.c:1804)
==747921==    by 0x46FF563: rboxc_gawk_do_sub (in /root/rboxc/target/gawk-format-lifetime-candidate/release/rboxc)
==747921==    by 0x47263C1: rboxc_gawk_r_interpret (in /root/rboxc/target/gawk-format-lifetime-candidate/release/rboxc)
==747921==    by 0x4440403: single_binary_main_gawk (in /root/rboxc/target/gawk-format-lifetime-candidate/release/rboxc)
==747921==    by 0x5A18600: (below main) (libc_start_call_main.h:59)
==747921== 
==747921== 3 bytes in 1 blocks are still reachable in loss record 16 of 218
==747921==    at 0x586E858: malloc (vg_replace_malloc.c:447)
==747921==    by 0x473F017: rboxc_gawk_make_str_node (in /root/rboxc/target/gawk-format-lifetime-candidate/release/rboxc)
==747921==    by 0x472B6AF: update_PROCINFO_str.part.0 (in /root/rboxc/target/gawk-format-lifetime-candidate/release/rboxc)
==747921==    by 0x443F5CC: single_binary_main_gawk (in /root/rboxc/target/gawk-format-lifetime-candidate/release/rboxc)
==747921==    by 0x5A18600: (below main) (libc_start_call_main.h:59)
==747921== 
==747921== 3 bytes in 1 blocks are still reachable in loss record 17 of 218
==747921==    at 0x586E858: malloc (vg_replace_malloc.c:447)
==747921==    by 0x473F017: rboxc_gawk_make_str_node (in /root/rboxc/target/gawk-format-lifetime-candidate/release/rboxc)
==747921==    by 0x472B6C7: update_PROCINFO_str.part.0 (in /root/rboxc/target/gawk-format-lifetime-candidate/release/rboxc)
==747921==    by 0x443F5CC: single_binary_main_gawk (in /root/rboxc/target/gawk-format-lifetime-candidate/release/rboxc)
==747921==    by 0x5A18600: (below main) (libc_start_call_main.h:59)
==747921== 
==747921== 3 bytes in 3 blocks are still reachable in loss record 18 of 218
==747921==    at 0x586E858: malloc (vg_replace_malloc.c:447)
==747921==    by 0x473F017: rboxc_gawk_make_str_node (in /root/rboxc/target/gawk-format-lifetime-candidate/release/rboxc)
==747921==    by 0x46F0DF4: yylex (in /root/rboxc/target/gawk-format-lifetime-candidate/release/rboxc)
==747921==    by 0x46F249C: rboxc_gawk_yyparse (in /root/rboxc/target/gawk-format-lifetime-candidate/release/rboxc)
==747921==    by 0x46F639A: rboxc_gawk_parse_program (in /root/rboxc/target/gawk-format-lifetime-candidate/release/rboxc)
==747921==    by 0x44402A4: single_binary_main_gawk (in /root/rboxc/target/gawk-format-lifetime-candidate/release/rboxc)
==747921==    by 0x5A18600: (below main) (libc_start_call_main.h:59)
==747921== 
==747921== 4 bytes in 1 blocks are still reachable in loss record 19 of 218
==747921==    at 0x586E858: malloc (vg_replace_malloc.c:447)
==747921==    by 0x473F017: rboxc_gawk_make_str_node (in /root/rboxc/target/gawk-format-lifetime-candidate/release/rboxc)
==747921==    by 0x472EB44: rboxc_gawk_update_PROCINFO_num (in /root/rboxc/target/gawk-format-lifetime-candidate/release/rboxc)
==747921==    by 0x443F53B: single_binary_main_gawk (in /root/rboxc/target/gawk-format-lifetime-candidate/release/rboxc)
==747921==    by 0x5A18600: (below main) (libc_start_call_main.h:59)
==747921== 
==747921== 4 bytes in 1 blocks are still reachable in loss record 20 of 218
==747921==    at 0x586E858: malloc (vg_replace_malloc.c:447)
==747921==    by 0x473F017: rboxc_gawk_make_str_node (in /root/rboxc/target/gawk-format-lifetime-candidate/release/rboxc)
==747921==    by 0x472EB44: rboxc_gawk_update_PROCINFO_num (in /root/rboxc/target/gawk-format-lifetime-candidate/release/rboxc)
==747921==    by 0x443F56C: single_binary_main_gawk (in /root/rboxc/target/gawk-format-lifetime-candidate/release/rboxc)
==747921==    by 0x5A18600: (below main) (libc_start_call_main.h:59)
==747921== 
==747921== 4 bytes in 1 blocks are still reachable in loss record 21 of 218
==747921==    at 0x586E858: malloc (vg_replace_malloc.c:447)
==747921==    by 0x473F017: rboxc_gawk_make_str_node (in /root/rboxc/target/gawk-format-lifetime-candidate/release/rboxc)
==747921==    by 0x472EB44: rboxc_gawk_update_PROCINFO_num (in /root/rboxc/target/gawk-format-lifetime-candidate/release/rboxc)
==747921==    by 0x443F5A0: single_binary_main_gawk (in /root/rboxc/target/gawk-format-lifetime-candidate/release/rboxc)
==747921==    by 0x5A18600: (below main) (libc_start_call_main.h:59)
==747921== 
==747921== 4 bytes in 1 blocks are still reachable in loss record 22 of 218
==747921==    at 0x586E858: malloc (vg_replace_malloc.c:447)
==747921==    by 0x473F017: rboxc_gawk_make_str_node (in /root/rboxc/target/gawk-format-lifetime-candidate/release/rboxc)
==747921==    by 0x472B6AF: update_PROCINFO_str.part.0 (in /root/rboxc/target/gawk-format-lifetime-candidate/release/rboxc)
==747921==    by 0x443F758: single_binary_main_gawk (in /root/rboxc/target/gawk-format-lifetime-candidate/release/rboxc)
==747921==    by 0x5A18600: (below main) (libc_start_call_main.h:59)
==747921== 
==747921== 5 bytes in 1 blocks are still reachable in loss record 23 of 218
==747921==    at 0x586E858: malloc (vg_replace_malloc.c:447)
==747921==    by 0x473F017: rboxc_gawk_make_str_node (in /root/rboxc/target/gawk-format-lifetime-candidate/release/rboxc)
==747921==    by 0x472EB44: rboxc_gawk_update_PROCINFO_num (in /root/rboxc/target/gawk-format-lifetime-candidate/release/rboxc)
==747921==    by 0x443F552: single_binary_main_gawk (in /root/rboxc/target/gawk-format-lifetime-candidate/release/rboxc)
==747921==    by 0x5A18600: (below main) (libc_start_call_main.h:59)
==747921== 
==747921== 5 bytes in 1 blocks are still reachable in loss record 24 of 218
==747921==    at 0x586E858: malloc (vg_replace_malloc.c:447)
==747921==    by 0x473F017: rboxc_gawk_make_str_node (in /root/rboxc/target/gawk-format-lifetime-candidate/release/rboxc)
==747921==    by 0x472EB44: rboxc_gawk_update_PROCINFO_num (in /root/rboxc/target/gawk-format-lifetime-candidate/release/rboxc)
==747921==    by 0x443F586: single_binary_main_gawk (in /root/rboxc/target/gawk-format-lifetime-candidate/release/rboxc)
==747921==    by 0x5A18600: (below main) (libc_start_call_main.h:59)
==747921== 
==747921== 5 bytes in 1 blocks are still reachable in loss record 25 of 218
==747921==    at 0x586E858: malloc (vg_replace_malloc.c:447)
==747921==    by 0x473F017: rboxc_gawk_make_str_node (in /root/rboxc/target/gawk-format-lifetime-candidate/release/rboxc)
==747921==    by 0x472EB44: rboxc_gawk_update_PROCINFO_num (in /root/rboxc/target/gawk-format-lifetime-candidate/release/rboxc)
==747921==    by 0x443F5BA: single_binary_main_gawk (in /root/rboxc/target/gawk-format-lifetime-candidate/release/rboxc)
==747921==    by 0x5A18600: (below main) (libc_start_call_main.h:59)
==747921== 
==747921== 5 bytes in 1 blocks are still reachable in loss record 26 of 218
==747921==    at 0x586E858: malloc (vg_replace_malloc.c:447)
==747921==    by 0x443F7C5: single_binary_main_gawk (in /root/rboxc/target/gawk-format-lifetime-candidate/release/rboxc)
==747921==    by 0x5A18600: (below main) (libc_start_call_main.h:59)
==747921== 
==747921== 5 bytes in 1 blocks are still reachable in loss record 27 of 218
==747921==    at 0x586E858: malloc (vg_replace_malloc.c:447)
==747921==    by 0x473F017: rboxc_gawk_make_str_node (in /root/rboxc/target/gawk-format-lifetime-candidate/release/rboxc)
==747921==    by 0x443F86B: single_binary_main_gawk (in /root/rboxc/target/gawk-format-lifetime-candidate/release/rboxc)
==747921==    by 0x5A18600: (below main) (libc_start_call_main.h:59)
==747921== 
==747921== 5 bytes in 1 blocks are still reachable in loss record 28 of 218
==747921==    at 0x586E858: malloc (vg_replace_malloc.c:447)
==747921==    by 0x443FED2: single_binary_main_gawk (in /root/rboxc/target/gawk-format-lifetime-candidate/release/rboxc)
==747921==    by 0x5A18600: (below main) (libc_start_call_main.h:59)
==747921== 
==747921== 5 bytes in 1 blocks are still reachable in loss record 29 of 218
==747921==    at 0x586E858: malloc (vg_replace_malloc.c:447)
==747921==    by 0x473F017: rboxc_gawk_make_str_node (in /root/rboxc/target/gawk-format-lifetime-candidate/release/rboxc)
==747921==    by 0x474D135: install (in /root/rboxc/target/gawk-format-lifetime-candidate/release/rboxc)
==747921==    by 0x443FF58: single_binary_main_gawk (in /root/rboxc/target/gawk-format-lifetime-candidate/release/rboxc)
==747921==    by 0x5A18600: (below main) (libc_start_call_main.h:59)
==747921== 
==747921== 5 bytes in 1 blocks are still reachable in loss record 30 of 218
==747921==    at 0x586E858: malloc (vg_replace_malloc.c:447)
==747921==    by 0x473F017: rboxc_gawk_make_str_node (in /root/rboxc/target/gawk-format-lifetime-candidate/release/rboxc)
==747921==    by 0x443FF98: single_binary_main_gawk (in /root/rboxc/target/gawk-format-lifetime-candidate/release/rboxc)
==747921==    by 0x5A18600: (below main) (libc_start_call_main.h:59)
==747921== 
==747921== 5 bytes in 1 blocks are still reachable in loss record 31 of 218
==747921==    at 0x586E858: malloc (vg_replace_malloc.c:447)
==747921==    by 0x44401AB: single_binary_main_gawk (in /root/rboxc/target/gawk-format-lifetime-candidate/release/rboxc)
==747921==    by 0x5A18600: (below main) (libc_start_call_main.h:59)
==747921== 
==747921== 5 bytes in 1 blocks are still reachable in loss record 32 of 218
==747921==    at 0x586E858: malloc (vg_replace_malloc.c:447)
==747921==    by 0x473F017: rboxc_gawk_make_str_node (in /root/rboxc/target/gawk-format-lifetime-candidate/release/rboxc)
==747921==    by 0x474D135: install (in /root/rboxc/target/gawk-format-lifetime-candidate/release/rboxc)
==747921==    by 0x4440233: single_binary_main_gawk (in /root/rboxc/target/gawk-format-lifetime-candidate/release/rboxc)
==747921==    by 0x5A18600: (below main) (libc_start_call_main.h:59)
==747921== 
==747921== 6 bytes in 1 blocks are still reachable in loss record 33 of 218
==747921==    at 0x586E858: malloc (vg_replace_malloc.c:447)
==747921==    by 0x473F017: rboxc_gawk_make_str_node (in /root/rboxc/target/gawk-format-lifetime-candidate/release/rboxc)
==747921==    by 0x472B6C7: update_PROCINFO_str.part.0 (in /root/rboxc/target/gawk-format-lifetime-candidate/release/rboxc)
==747921==    by 0x443F4C2: single_binary_main_gawk (in /root/rboxc/target/gawk-format-lifetime-candidate/release/rboxc)
==747921==    by 0x5A18600: (below main) (libc_start_call_main.h:59)
==747921== 
==747921== 6 bytes in 1 blocks are still reachable in loss record 34 of 218
==747921==    at 0x586E858: malloc (vg_replace_malloc.c:447)
==747921==    by 0x473F017: rboxc_gawk_make_str_node (in /root/rboxc/target/gawk-format-lifetime-candidate/release/rboxc)
==747921==    by 0x472B6C7: update_PROCINFO_str.part.0 (in /root/rboxc/target/gawk-format-lifetime-candidate/release/rboxc)
==747921==    by 0x443F4E2: single_binary_main_gawk (in /root/rboxc/target/gawk-format-lifetime-candidate/release/rboxc)
==747921==    by 0x5A18600: (below main) (libc_start_call_main.h:59)
==747921== 
==747921== 6 bytes in 1 blocks are still reachable in loss record 35 of 218
==747921==    at 0x586E858: malloc (vg_replace_malloc.c:447)
==747921==    by 0x473F017: rboxc_gawk_make_str_node (in /root/rboxc/target/gawk-format-lifetime-candidate/release/rboxc)
==747921==    by 0x474E1EA: rboxc_gawk_load_symbols (in /root/rboxc/target/gawk-format-lifetime-candidate/release/rboxc)
==747921==    by 0x444037C: single_binary_main_gawk (in /root/rboxc/target/gawk-format-lifetime-candidate/release/rboxc)
==747921==    by 0x5A18600: (below main) (libc_start_call_main.h:59)
==747921== 
==747921== 6 bytes in 1 blocks are still reachable in loss record 36 of 218
==747921==    at 0x586E858: malloc (vg_replace_malloc.c:447)
==747921==    by 0x473F017: rboxc_gawk_make_str_node (in /root/rboxc/target/gawk-format-lifetime-candidate/release/rboxc)
==747921==    by 0x46F9FF2: rboxc_gawk_do_substr (in /root/rboxc/target/gawk-format-lifetime-candidate/release/rboxc)
==747921==    by 0x47262FC: rboxc_gawk_r_interpret (in /root/rboxc/target/gawk-format-lifetime-candidate/release/rboxc)
==747921==    by 0x4440403: single_binary_main_gawk (in /root/rboxc/target/gawk-format-lifetime-candidate/release/rboxc)
==747921==    by 0x5A18600: (below main) (libc_start_call_main.h:59)
==747921== 
==747921== 6 bytes in 2 blocks are still reachable in loss record 37 of 218
==747921==    at 0x586E858: malloc (vg_replace_malloc.c:447)
==747921==    by 0x44390B0: rboxc_gawk_estrdup (in /root/rboxc/target/gawk-format-lifetime-candidate/release/rboxc)
==747921==    by 0x46EFD18: yylex (in /root/rboxc/target/gawk-format-lifetime-candidate/release/rboxc)
==747921==    by 0x46F249C: rboxc_gawk_yyparse (in /root/rboxc/target/gawk-format-lifetime-candidate/release/rboxc)
==747921==    by 0x46F639A: rboxc_gawk_parse_program (in /root/rboxc/target/gawk-format-lifetime-candidate/release/rboxc)
==747921==    by 0x44402A4: single_binary_main_gawk (in /root/rboxc/target/gawk-format-lifetime-candidate/release/rboxc)
==747921==    by 0x5A18600: (below main) (libc_start_call_main.h:59)
==747921== 
==747921== 6 bytes in 2 blocks are still reachable in loss record 38 of 218
==747921==    at 0x586E858: malloc (vg_replace_malloc.c:447)
==747921==    by 0x473F017: rboxc_gawk_make_str_node (in /root/rboxc/target/gawk-format-lifetime-candidate/release/rboxc)
==747921==    by 0x474D135: install (in /root/rboxc/target/gawk-format-lifetime-candidate/release/rboxc)
==747921==    by 0x46F26C3: rboxc_gawk_yyparse (in /root/rboxc/target/gawk-format-lifetime-candidate/release/rboxc)
==747921==    by 0x46F639A: rboxc_gawk_parse_program (in /root/rboxc/target/gawk-format-lifetime-candidate/release/rboxc)
==747921==    by 0x44402A4: single_binary_main_gawk (in /root/rboxc/target/gawk-format-lifetime-candidate/release/rboxc)
==747921==    by 0x5A18600: (below main) (libc_start_call_main.h:59)
==747921== 
==747921== 7 bytes in 1 blocks are still reachable in loss record 39 of 218
==747921==    at 0x586E858: malloc (vg_replace_malloc.c:447)
==747921==    by 0x44390B0: rboxc_gawk_estrdup (in /root/rboxc/target/gawk-format-lifetime-candidate/release/rboxc)
==747921==    by 0x474D461: init_the_tables (in /root/rboxc/target/gawk-format-lifetime-candidate/release/rboxc)
==747921==    by 0x443E550: single_binary_main_gawk (in /root/rboxc/target/gawk-format-lifetime-candidate/release/rboxc)
==747921==    by 0x5A18600: (below main) (libc_start_call_main.h:59)
==747921== 
==747921== 7 bytes in 1 blocks are still reachable in loss record 40 of 218
==747921==    at 0x586E858: malloc (vg_replace_malloc.c:447)
==747921==    by 0x473F017: rboxc_gawk_make_str_node (in /root/rboxc/target/gawk-format-lifetime-candidate/release/rboxc)
==747921==    by 0x474D135: install (in /root/rboxc/target/gawk-format-lifetime-candidate/release/rboxc)
==747921==    by 0x474D470: init_the_tables (in /root/rboxc/target/gawk-format-lifetime-candidate/release/rboxc)
==747921==    by 0x443E550: single_binary_main_gawk (in /root/rboxc/target/gawk-format-lifetime-candidate/release/rboxc)
==747921==    by 0x5A18600: (below main) (libc_start_call_main.h:59)
==747921== 
==747921== 7 bytes in 1 blocks are still reachable in loss record 41 of 218
==747921==    at 0x586E858: malloc (vg_replace_malloc.c:447)
==747921==    by 0x473F017: rboxc_gawk_make_str_node (in /root/rboxc/target/gawk-format-lifetime-candidate/release/rboxc)
==747921==    by 0x472EB44: rboxc_gawk_update_PROCINFO_num (in /root/rboxc/target/gawk-format-lifetime-candidate/release/rboxc)
==747921==    by 0x443F524: single_binary_main_gawk (in /root/rboxc/target/gawk-format-lifetime-candidate/release/rboxc)
==747921==    by 0x5A18600: (below main) (libc_start_call_main.h:59)
==747921== 
==747921== 7 bytes in 1 blocks are still reachable in loss record 42 of 218
==747921==    at 0x586E858: malloc (vg_replace_malloc.c:447)
==747921==    by 0x473F017: rboxc_gawk_make_str_node (in /root/rboxc/target/gawk-format-lifetime-candidate/release/rboxc)
==747921==    by 0x474E1BA: rboxc_gawk_load_symbols (in /root/rboxc/target/gawk-format-lifetime-candidate/release/rboxc)
==747921==    by 0x444037C: single_binary_main_gawk (in /root/rboxc/target/gawk-format-lifetime-candidate/release/rboxc)
==747921==    by 0x5A18600: (below main) (libc_start_call_main.h:59)
==747921== 
==747921== 8 bytes in 1 blocks are still reachable in loss record 43 of 218
==747921==    at 0x586E858: malloc (vg_replace_malloc.c:447)
==747921==    by 0x44390B0: rboxc_gawk_estrdup (in /root/rboxc/target/gawk-format-lifetime-candidate/release/rboxc)
==747921==    by 0x474D43A: init_the_tables (in /root/rboxc/target/gawk-format-lifetime-candidate/release/rboxc)
==747921==    by 0x443E550: single_binary_main_gawk (in /root/rboxc/target/gawk-format-lifetime-candidate/release/rboxc)
==747921==    by 0x5A18600: (below main) (libc_start_call_main.h:59)
==747921== 
==747921== 8 bytes in 1 blocks are still reachable in loss record 44 of 218
==747921==    at 0x586E858: malloc (vg_replace_malloc.c:447)
==747921==    by 0x473F017: rboxc_gawk_make_str_node (in /root/rboxc/target/gawk-format-lifetime-candidate/release/rboxc)
==747921==    by 0x474D135: install (in /root/rboxc/target/gawk-format-lifetime-candidate/release/rboxc)
==747921==    by 0x474D449: init_the_tables (in /root/rboxc/target/gawk-format-lifetime-candidate/release/rboxc)
==747921==    by 0x443E550: single_binary_main_gawk (in /root/rboxc/target/gawk-format-lifetime-candidate/release/rboxc)
==747921==    by 0x5A18600: (below main) (libc_start_call_main.h:59)
==747921== 
==747921== 8 bytes in 1 blocks are still reachable in loss record 45 of 218
==747921==    at 0x586E858: malloc (vg_replace_malloc.c:447)
==747921==    by 0x473F017: rboxc_gawk_make_str_node (in /root/rboxc/target/gawk-format-lifetime-candidate/release/rboxc)
==747921==    by 0x472B6AF: update_PROCINFO_str.part.0 (in /root/rboxc/target/gawk-format-lifetime-candidate/release/rboxc)
==747921==    by 0x443F4C2: single_binary_main_gawk (in /root/rboxc/target/gawk-format-lifetime-candidate/release/rboxc)
==747921==    by 0x5A18600: (below main) (libc_start_call_main.h:59)
==747921== 
==747921== 8 bytes in 1 blocks are still reachable in loss record 46 of 218
==747921==    at 0x586E858: malloc (vg_replace_malloc.c:447)
==747921==    by 0x443F8A0: single_binary_main_gawk (in /root/rboxc/target/gawk-format-lifetime-candidate/release/rboxc)
==747921==    by 0x5A18600: (below main) (libc_start_call_main.h:59)
==747921== 
==747921== 8 bytes in 1 blocks are still reachable in loss record 47 of 218
==747921==    at 0x586E858: malloc (vg_replace_malloc.c:447)
==747921==    by 0x473F017: rboxc_gawk_make_str_node (in /root/rboxc/target/gawk-format-lifetime-candidate/release/rboxc)
==747921==    by 0x474D135: install (in /root/rboxc/target/gawk-format-lifetime-candidate/release/rboxc)
==747921==    by 0x443F92D: single_binary_main_gawk (in /root/rboxc/target/gawk-format-lifetime-candidate/release/rboxc)
==747921==    by 0x5A18600: (below main) (libc_start_call_main.h:59)
==747921== 
==747921== 8 bytes in 1 blocks are still reachable in loss record 48 of 218
==747921==    at 0x586E858: malloc (vg_replace_malloc.c:447)
==747921==    by 0x472BEB2: rboxc_gawk_init_fields (in /root/rboxc/target/gawk-format-lifetime-candidate/release/rboxc)
==747921==    by 0x443F9A0: single_binary_main_gawk (in /root/rboxc/target/gawk-format-lifetime-candidate/release/rboxc)
==747921==    by 0x5A18600: (below main) (libc_start_call_main.h:59)
==747921== 
==747921== 8 bytes in 1 blocks are still reachable in loss record 49 of 218
==747921==    at 0x586E858: malloc (vg_replace_malloc.c:447)
==747921==    by 0x475D1BA: compile.constprop.0 (in /root/rboxc/target/gawk-format-lifetime-candidate/release/rboxc)
==747921==    by 0x475FE38: rboxc_gawk_minrx_regncomp (in /root/rboxc/target/gawk-format-lifetime-candidate/release/rboxc)
==747921==    by 0x474A2BD: rboxc_gawk_make_regexp (in /root/rboxc/target/gawk-format-lifetime-candidate/release/rboxc)
==747921==    by 0x46EF24B: rboxc_gawk_make_regnode (in /root/rboxc/target/gawk-format-lifetime-candidate/release/rboxc)
==747921==    by 0x46F35F6: rboxc_gawk_yyparse (in /root/rboxc/target/gawk-format-lifetime-candidate/release/rboxc)
==747921==    by 0x46F639A: rboxc_gawk_parse_program (in /root/rboxc/target/gawk-format-lifetime-candidate/release/rboxc)
==747921==    by 0x44402A4: single_binary_main_gawk (in /root/rboxc/target/gawk-format-lifetime-candidate/release/rboxc)
==747921==    by 0x5A18600: (below main) (libc_start_call_main.h:59)
==747921== 
==747921== 8 bytes in 1 blocks are still reachable in loss record 50 of 218
==747921==    at 0x586E858: malloc (vg_replace_malloc.c:447)
==747921==    by 0x473F017: rboxc_gawk_make_str_node (in /root/rboxc/target/gawk-format-lifetime-candidate/release/rboxc)
==747921==    by 0x474E1D2: rboxc_gawk_load_symbols (in /root/rboxc/target/gawk-format-lifetime-candidate/release/rboxc)
==747921==    by 0x444037C: single_binary_main_gawk (in /root/rboxc/target/gawk-format-lifetime-candidate/release/rboxc)
==747921==    by 0x5A18600: (below main) (libc_start_call_main.h:59)
==747921== 
==747921== 8 bytes in 1 blocks are still reachable in loss record 51 of 218
==747921==    at 0x586E858: malloc (vg_replace_malloc.c:447)
==747921==    by 0x473F017: rboxc_gawk_make_str_node (in /root/rboxc/target/gawk-format-lifetime-candidate/release/rboxc)
==747921==    by 0x474E202: rboxc_gawk_load_symbols (in /root/rboxc/target/gawk-format-lifetime-candidate/release/rboxc)
==747921==    by 0x444037C: single_binary_main_gawk (in /root/rboxc/target/gawk-format-lifetime-candidate/release/rboxc)
==747921==    by 0x5A18600: (below main) (libc_start_call_main.h:59)
==747921== 
==747921== 9 bytes in 1 blocks are still reachable in loss record 52 of 218
==747921==    at 0x586E858: malloc (vg_replace_malloc.c:447)
==747921==    by 0x443F414: single_binary_main_gawk (in /root/rboxc/target/gawk-format-lifetime-candidate/release/rboxc)
==747921==    by 0x5A18600: (below main) (libc_start_call_main.h:59)
==747921== 
==747921== 9 bytes in 1 blocks are still reachable in loss record 53 of 218
==747921==    at 0x586E858: malloc (vg_replace_malloc.c:447)
==747921==    by 0x473F017: rboxc_gawk_make_str_node (in /root/rboxc/target/gawk-format-lifetime-candidate/release/rboxc)
==747921==    by 0x474D135: install (in /root/rboxc/target/gawk-format-lifetime-candidate/release/rboxc)
==747921==    by 0x443F4A1: single_binary_main_gawk (in /root/rboxc/target/gawk-format-lifetime-candidate/release/rboxc)
==747921==    by 0x5A18600: (below main) (libc_start_call_main.h:59)
==747921== 
==747921== 9 bytes in 1 blocks are still reachable in loss record 54 of 218
==747921==    at 0x586E858: malloc (vg_replace_malloc.c:447)
==747921==    by 0x473F017: rboxc_gawk_make_str_node (in /root/rboxc/target/gawk-format-lifetime-candidate/release/rboxc)
==747921==    by 0x472B6AF: update_PROCINFO_str.part.0 (in /root/rboxc/target/gawk-format-lifetime-candidate/release/rboxc)
==747921==    by 0x443F4D2: single_binary_main_gawk (in /root/rboxc/target/gawk-format-lifetime-candidate/release/rboxc)
==747921==    by 0x5A18600: (below main) (libc_start_call_main.h:59)
==747921== 
==747921== 9 bytes in 1 blocks are still reachable in loss record 55 of 218
==747921==    at 0x586E858: malloc (vg_replace_malloc.c:447)
==747921==    by 0x473F017: rboxc_gawk_make_str_node (in /root/rboxc/target/gawk-format-lifetime-candidate/release/rboxc)
==747921==    by 0x472B6AF: update_PROCINFO_str.part.0 (in /root/rboxc/target/gawk-format-lifetime-candidate/release/rboxc)
==747921==    by 0x443F4E2: single_binary_main_gawk (in /root/rboxc/target/gawk-format-lifetime-candidate/release/rboxc)
==747921==    by 0x5A18600: (below main) (libc_start_call_main.h:59)
==747921== 
==747921== 10 bytes in 1 blocks are still reachable in loss record 56 of 218
==747921==    at 0x586E858: malloc (vg_replace_malloc.c:447)
==747921==    by 0x473F017: rboxc_gawk_make_str_node (in /root/rboxc/target/gawk-format-lifetime-candidate/release/rboxc)
==747921==    by 0x472EB44: rboxc_gawk_update_PROCINFO_num (in /root/rboxc/target/gawk-format-lifetime-candidate/release/rboxc)
==747921==    by 0x443F4FB: single_binary_main_gawk (in /root/rboxc/target/gawk-format-lifetime-candidate/release/rboxc)
==747921==    by 0x5A18600: (below main) (libc_start_call_main.h:59)
==747921== 
==747921== 10 bytes in 1 blocks are still reachable in loss record 57 of 218
==747921==    at 0x586E858: malloc (vg_replace_malloc.c:447)
==747921==    by 0x473F017: rboxc_gawk_make_str_node (in /root/rboxc/target/gawk-format-lifetime-candidate/release/rboxc)
==747921==    by 0x472EB44: rboxc_gawk_update_PROCINFO_num (in /root/rboxc/target/gawk-format-lifetime-candidate/release/rboxc)
==747921==    by 0x443F50D: single_binary_main_gawk (in /root/rboxc/target/gawk-format-lifetime-candidate/release/rboxc)
==747921==    by 0x5A18600: (below main) (libc_start_call_main.h:59)
==747921== 
==747921== 10 bytes in 1 blocks are still reachable in loss record 58 of 218
==747921==    at 0x586E858: malloc (vg_replace_malloc.c:447)
==747921==    by 0x473F017: rboxc_gawk_make_str_node (in /root/rboxc/target/gawk-format-lifetime-candidate/release/rboxc)
==747921==    by 0x472B6C7: update_PROCINFO_str.part.0 (in /root/rboxc/target/gawk-format-lifetime-candidate/release/rboxc)
==747921==    by 0x443F758: single_binary_main_gawk (in /root/rboxc/target/gawk-format-lifetime-candidate/release/rboxc)
==747921==    by 0x5A18600: (below main) (libc_start_call_main.h:59)
==747921== 
==747921== 10 bytes in 1 blocks are still reachable in loss record 59 of 218
==747921==    at 0x587607F: realloc (vg_replace_malloc.c:1804)
==747921==    by 0x474A670: rboxc_gawk_make_regexp (in /root/rboxc/target/gawk-format-lifetime-candidate/release/rboxc)
==747921==    by 0x46EF24B: rboxc_gawk_make_regnode (in /root/rboxc/target/gawk-format-lifetime-candidate/release/rboxc)
==747921==    by 0x46F35F6: rboxc_gawk_yyparse (in /root/rboxc/target/gawk-format-lifetime-candidate/release/rboxc)
==747921==    by 0x46F639A: rboxc_gawk_parse_program (in /root/rboxc/target/gawk-format-lifetime-candidate/release/rboxc)
==747921==    by 0x44402A4: single_binary_main_gawk (in /root/rboxc/target/gawk-format-lifetime-candidate/release/rboxc)
==747921==    by 0x5A18600: (below main) (libc_start_call_main.h:59)
==747921== 
==747921== 12 bytes in 1 blocks are still reachable in loss record 60 of 218
==747921==    at 0x586E858: malloc (vg_replace_malloc.c:447)
==747921==    by 0x44390B0: rboxc_gawk_estrdup (in /root/rboxc/target/gawk-format-lifetime-candidate/release/rboxc)
==747921==    by 0x46EA661: do_add_srcfile (in /root/rboxc/target/gawk-format-lifetime-candidate/release/rboxc)
==747921==    by 0x46EE6D0: rboxc_gawk_add_srcfile (in /root/rboxc/target/gawk-format-lifetime-candidate/release/rboxc)
==747921==    by 0x443E939: single_binary_main_gawk (in /root/rboxc/target/gawk-format-lifetime-candidate/release/rboxc)
==747921==    by 0x5A18600: (below main) (libc_start_call_main.h:59)
==747921== 
==747921== 12 bytes in 1 blocks are still reachable in loss record 61 of 218
==747921==    at 0x586E858: malloc (vg_replace_malloc.c:447)
==747921==    by 0x473F017: rboxc_gawk_make_str_node (in /root/rboxc/target/gawk-format-lifetime-candidate/release/rboxc)
==747921==    by 0x474E0B7: rboxc_gawk_load_symbols (in /root/rboxc/target/gawk-format-lifetime-candidate/release/rboxc)
==747921==    by 0x444037C: single_binary_main_gawk (in /root/rboxc/target/gawk-format-lifetime-candidate/release/rboxc)
==747921==    by 0x5A18600: (below main) (libc_start_call_main.h:59)
==747921== 
==747921== 12 bytes in 1 blocks are still reachable in loss record 62 of 218
==747921==    at 0x586E858: malloc (vg_replace_malloc.c:447)
==747921==    by 0x44390B0: rboxc_gawk_estrdup (in /root/rboxc/target/gawk-format-lifetime-candidate/release/rboxc)
==747921==    by 0x474E173: rboxc_gawk_load_symbols (in /root/rboxc/target/gawk-format-lifetime-candidate/release/rboxc)
==747921==    by 0x444037C: single_binary_main_gawk (in /root/rboxc/target/gawk-format-lifetime-candidate/release/rboxc)
==747921==    by 0x5A18600: (below main) (libc_start_call_main.h:59)
==747921== 
==747921== 20 bytes in 3 blocks are still reachable in loss record 63 of 218
==747921==    at 0x586E858: malloc (vg_replace_malloc.c:447)
==747921==    by 0x443E678: single_binary_main_gawk (in /root/rboxc/target/gawk-format-lifetime-candidate/release/rboxc)
==747921==    by 0x5A18600: (below main) (libc_start_call_main.h:59)
==747921== 
==747921== 20 bytes in 3 blocks are still reachable in loss record 64 of 218
==747921==    at 0x586E858: malloc (vg_replace_malloc.c:447)
==747921==    by 0x473F017: rboxc_gawk_make_str_node (in /root/rboxc/target/gawk-format-lifetime-candidate/release/rboxc)
==747921==    by 0x4440154: single_binary_main_gawk (in /root/rboxc/target/gawk-format-lifetime-candidate/release/rboxc)
==747921==    by 0x5A18600: (below main) (libc_start_call_main.h:59)
==747921== 
==747921== 24 bytes in 1 blocks are still reachable in loss record 65 of 218
==747921==    at 0x5875E43: calloc (vg_replace_malloc.c:1678)
==747921==    by 0x4735832: do_find_source (in /root/rboxc/target/gawk-format-lifetime-candidate/release/rboxc)
==747921==    by 0x473C081: rboxc_gawk_find_source (in /root/rboxc/target/gawk-format-lifetime-candidate/release/rboxc)
==747921==    by 0x46EE658: rboxc_gawk_add_srcfile (in /root/rboxc/target/gawk-format-lifetime-candidate/release/rboxc)
==747921==    by 0x443E939: single_binary_main_gawk (in /root/rboxc/target/gawk-format-lifetime-candidate/release/rboxc)
==747921==    by 0x5A18600: (below main) (libc_start_call_main.h:59)
==747921== 
==747921== 24 bytes in 1 blocks are still reachable in loss record 66 of 218
==747921==    at 0x586E858: malloc (vg_replace_malloc.c:447)
==747921==    by 0x473F017: rboxc_gawk_make_str_node (in /root/rboxc/target/gawk-format-lifetime-candidate/release/rboxc)
==747921==    by 0x472B6C7: update_PROCINFO_str.part.0 (in /root/rboxc/target/gawk-format-lifetime-candidate/release/rboxc)
==747921==    by 0x443F4D2: single_binary_main_gawk (in /root/rboxc/target/gawk-format-lifetime-candidate/release/rboxc)
==747921==    by 0x5A18600: (below main) (libc_start_call_main.h:59)
==747921== 
==747921== 24 bytes in 3 blocks are still reachable in loss record 67 of 218
==747921==    at 0x586E858: malloc (vg_replace_malloc.c:447)
==747921==    by 0x4759689: csets_emplace_back (in /root/rboxc/target/gawk-format-lifetime-candidate/release/rboxc)
==747921==    by 0x475B5DA: rep (in /root/rboxc/target/gawk-format-lifetime-candidate/release/rboxc)
==747921==    by 0x475C491: cat (in /root/rboxc/target/gawk-format-lifetime-candidate/release/rboxc)
==747921==    by 0x475C568: alt (in /root/rboxc/target/gawk-format-lifetime-candidate/release/rboxc)
==747921==    by 0x475CEB0: compile.constprop.0 (in /root/rboxc/target/gawk-format-lifetime-candidate/release/rboxc)
==747921==    by 0x475FE38: rboxc_gawk_minrx_regncomp (in /root/rboxc/target/gawk-format-lifetime-candidate/release/rboxc)
==747921==    by 0x474A2BD: rboxc_gawk_make_regexp (in /root/rboxc/target/gawk-format-lifetime-candidate/release/rboxc)
==747921==    by 0x46EF24B: rboxc_gawk_make_regnode (in /root/rboxc/target/gawk-format-lifetime-candidate/release/rboxc)
==747921==    by 0x46F35F6: rboxc_gawk_yyparse (in /root/rboxc/target/gawk-format-lifetime-candidate/release/rboxc)
==747921==    by 0x46F639A: rboxc_gawk_parse_program (in /root/rboxc/target/gawk-format-lifetime-candidate/release/rboxc)
==747921==    by 0x44402A4: single_binary_main_gawk (in /root/rboxc/target/gawk-format-lifetime-candidate/release/rboxc)
==747921== 
==747921== 25 bytes in 3 blocks are still reachable in loss record 68 of 218
==747921==    at 0x586E858: malloc (vg_replace_malloc.c:447)
==747921==    by 0x44390B0: rboxc_gawk_estrdup (in /root/rboxc/target/gawk-format-lifetime-candidate/release/rboxc)
==747921==    by 0x46EF93E: yylex (in /root/rboxc/target/gawk-format-lifetime-candidate/release/rboxc)
==747921==    by 0x46F249C: rboxc_gawk_yyparse (in /root/rboxc/target/gawk-format-lifetime-candidate/release/rboxc)
==747921==    by 0x46F639A: rboxc_gawk_parse_program (in /root/rboxc/target/gawk-format-lifetime-candidate/release/rboxc)
==747921==    by 0x44402A4: single_binary_main_gawk (in /root/rboxc/target/gawk-format-lifetime-candidate/release/rboxc)
==747921==    by 0x5A18600: (below main) (libc_start_call_main.h:59)
==747921== 
==747921== 26 bytes in 1 blocks are still reachable in loss record 69 of 218
==747921==    at 0x586E858: malloc (vg_replace_malloc.c:447)
==747921==    by 0x4735927: do_find_source (in /root/rboxc/target/gawk-format-lifetime-candidate/release/rboxc)
==747921==    by 0x473C081: rboxc_gawk_find_source (in /root/rboxc/target/gawk-format-lifetime-candidate/release/rboxc)
==747921==    by 0x46EE658: rboxc_gawk_add_srcfile (in /root/rboxc/target/gawk-format-lifetime-candidate/release/rboxc)
==747921==    by 0x443E939: single_binary_main_gawk (in /root/rboxc/target/gawk-format-lifetime-candidate/release/rboxc)
==747921==    by 0x5A18600: (below main) (libc_start_call_main.h:59)
==747921== 
==747921== 31 bytes in 1 blocks are still reachable in loss record 70 of 218
==747921==    at 0x587607F: realloc (vg_replace_malloc.c:1804)
==747921==    by 0x473F12E: rboxc_gawk_make_str_node (in /root/rboxc/target/gawk-format-lifetime-candidate/release/rboxc)
==747921==    by 0x46F0DF4: yylex (in /root/rboxc/target/gawk-format-lifetime-candidate/release/rboxc)
==747921==    by 0x46F249C: rboxc_gawk_yyparse (in /root/rboxc/target/gawk-format-lifetime-candidate/release/rboxc)
==747921==    by 0x46F639A: rboxc_gawk_parse_program (in /root/rboxc/target/gawk-format-lifetime-candidate/release/rboxc)
==747921==    by 0x44402A4: single_binary_main_gawk (in /root/rboxc/target/gawk-format-lifetime-candidate/release/rboxc)
==747921==    by 0x5A18600: (below main) (libc_start_call_main.h:59)
==747921== 
==747921== 32 bytes in 1 blocks are still reachable in loss record 71 of 218
==747921==    at 0x586E858: malloc (vg_replace_malloc.c:447)
==747921==    by 0x443E5D9: single_binary_main_gawk (in /root/rboxc/target/gawk-format-lifetime-candidate/release/rboxc)
==747921==    by 0x5A18600: (below main) (libc_start_call_main.h:59)
==747921== 
==747921== 32 bytes in 1 blocks are still reachable in loss record 72 of 218
==747921==    at 0x586E858: malloc (vg_replace_malloc.c:447)
==747921==    by 0x471C517: fmt_index (in /root/rboxc/target/gawk-format-lifetime-candidate/release/rboxc)
==747921==    by 0x471D606: rboxc_gawk_set_CONVFMT (in /root/rboxc/target/gawk-format-lifetime-candidate/release/rboxc)
==747921==    by 0x443F2E8: single_binary_main_gawk (in /root/rboxc/target/gawk-format-lifetime-candidate/release/rboxc)
==747921==    by 0x5A18600: (below main) (libc_start_call_main.h:59)
==747921== 
==747921== 37 bytes in 1 blocks are still reachable in loss record 73 of 218
==747921==    at 0x586E858: malloc (vg_replace_malloc.c:447)
==747921==    by 0x47355F3: do_find_source (in /root/rboxc/target/gawk-format-lifetime-candidate/release/rboxc)
==747921==    by 0x473C081: rboxc_gawk_find_source (in /root/rboxc/target/gawk-format-lifetime-candidate/release/rboxc)
==747921==    by 0x46EE658: rboxc_gawk_add_srcfile (in /root/rboxc/target/gawk-format-lifetime-candidate/release/rboxc)
==747921==    by 0x443E939: single_binary_main_gawk (in /root/rboxc/target/gawk-format-lifetime-candidate/release/rboxc)
==747921==    by 0x5A18600: (below main) (libc_start_call_main.h:59)
==747921== 
==747921== 40 bytes in 1 blocks are still reachable in loss record 74 of 218
==747921==    at 0x586E858: malloc (vg_replace_malloc.c:447)
==747921==    by 0x4758359: add_char_to_set (in /root/rboxc/target/gawk-format-lifetime-candidate/release/rboxc)
==747921==    by 0x4758F22: charset_add_char.part.0 (in /root/rboxc/target/gawk-format-lifetime-candidate/release/rboxc)
==747921==    by 0x475D277: compile.constprop.0 (in /root/rboxc/target/gawk-format-lifetime-candidate/release/rboxc)
==747921==    by 0x475FE38: rboxc_gawk_minrx_regncomp (in /root/rboxc/target/gawk-format-lifetime-candidate/release/rboxc)
==747921==    by 0x474A2BD: rboxc_gawk_make_regexp (in /root/rboxc/target/gawk-format-lifetime-candidate/release/rboxc)
==747921==    by 0x46EF24B: rboxc_gawk_make_regnode (in /root/rboxc/target/gawk-format-lifetime-candidate/release/rboxc)
==747921==    by 0x46F35F6: rboxc_gawk_yyparse (in /root/rboxc/target/gawk-format-lifetime-candidate/release/rboxc)
==747921==    by 0x46F639A: rboxc_gawk_parse_program (in /root/rboxc/target/gawk-format-lifetime-candidate/release/rboxc)
==747921==    by 0x44402A4: single_binary_main_gawk (in /root/rboxc/target/gawk-format-lifetime-candidate/release/rboxc)
==747921==    by 0x5A18600: (below main) (libc_start_call_main.h:59)
==747921== 
==747921== 40 bytes in 1 blocks are still reachable in loss record 75 of 218
==747921==    at 0x586E858: malloc (vg_replace_malloc.c:447)
==747921==    by 0x46F697E: rboxc_gawk_parse_program (in /root/rboxc/target/gawk-format-lifetime-candidate/release/rboxc)
==747921==    by 0x44402A4: single_binary_main_gawk (in /root/rboxc/target/gawk-format-lifetime-candidate/release/rboxc)
==747921==    by 0x5A18600: (below main) (libc_start_call_main.h:59)
==747921== 
==747921== 48 bytes in 1 blocks are still reachable in loss record 76 of 218
==747921==    at 0x586E858: malloc (vg_replace_malloc.c:447)
==747921==    by 0x473EBAB: rboxc_gawk_r_getblock (in /root/rboxc/target/gawk-format-lifetime-candidate/release/rboxc)
==747921==    by 0x474C959: str_lookup (in /root/rboxc/target/gawk-format-lifetime-candidate/release/rboxc)
==747921==    by 0x474D16C: install (in /root/rboxc/target/gawk-format-lifetime-candidate/release/rboxc)
==747921==    by 0x474D449: init_the_tables (in /root/rboxc/target/gawk-format-lifetime-candidate/release/rboxc)
==747921==    by 0x443E550: single_binary_main_gawk (in /root/rboxc/target/gawk-format-lifetime-candidate/release/rboxc)
==747921==    by 0x5A18600: (below main) (libc_start_call_main.h:59)
==747921== 
==747921== 48 bytes in 1 blocks are still reachable in loss record 77 of 218
==747921==    at 0x586E858: malloc (vg_replace_malloc.c:447)
==747921==    by 0x473EBAB: rboxc_gawk_r_getblock (in /root/rboxc/target/gawk-format-lifetime-candidate/release/rboxc)
==747921==    by 0x474C959: str_lookup (in /root/rboxc/target/gawk-format-lifetime-candidate/release/rboxc)
==747921==    by 0x474D16C: install (in /root/rboxc/target/gawk-format-lifetime-candidate/release/rboxc)
==747921==    by 0x474D470: init_the_tables (in /root/rboxc/target/gawk-format-lifetime-candidate/release/rboxc)
==747921==    by 0x443E550: single_binary_main_gawk (in /root/rboxc/target/gawk-format-lifetime-candidate/release/rboxc)
==747921==    by 0x5A18600: (below main) (libc_start_call_main.h:59)
==747921== 
==747921== 48 bytes in 1 blocks are still reachable in loss record 78 of 218
==747921==    at 0x586E858: malloc (vg_replace_malloc.c:447)
==747921==    by 0x473EBAB: rboxc_gawk_r_getblock (in /root/rboxc/target/gawk-format-lifetime-candidate/release/rboxc)
==747921==    by 0x474C959: str_lookup (in /root/rboxc/target/gawk-format-lifetime-candidate/release/rboxc)
==747921==    by 0x474D16C: install (in /root/rboxc/target/gawk-format-lifetime-candidate/release/rboxc)
==747921==    by 0x443F4A1: single_binary_main_gawk (in /root/rboxc/target/gawk-format-lifetime-candidate/release/rboxc)
==747921==    by 0x5A18600: (below main) (libc_start_call_main.h:59)
==747921== 
==747921== 48 bytes in 1 blocks are still reachable in loss record 79 of 218
==747921==    at 0x586E858: malloc (vg_replace_malloc.c:447)
==747921==    by 0x473EBAB: rboxc_gawk_r_getblock (in /root/rboxc/target/gawk-format-lifetime-candidate/release/rboxc)
==747921==    by 0x474C959: str_lookup (in /root/rboxc/target/gawk-format-lifetime-candidate/release/rboxc)
==747921==    by 0x472B6DE: update_PROCINFO_str.part.0 (in /root/rboxc/target/gawk-format-lifetime-candidate/release/rboxc)
==747921==    by 0x443F4C2: single_binary_main_gawk (in /root/rboxc/target/gawk-format-lifetime-candidate/release/rboxc)
==747921==    by 0x5A18600: (below main) (libc_start_call_main.h:59)
==747921== 
==747921== 48 bytes in 1 blocks are still reachable in loss record 80 of 218
==747921==    at 0x586E858: malloc (vg_replace_malloc.c:447)
==747921==    by 0x473EBAB: rboxc_gawk_r_getblock (in /root/rboxc/target/gawk-format-lifetime-candidate/release/rboxc)
==747921==    by 0x474C959: str_lookup (in /root/rboxc/target/gawk-format-lifetime-candidate/release/rboxc)
==747921==    by 0x472B6DE: update_PROCINFO_str.part.0 (in /root/rboxc/target/gawk-format-lifetime-candidate/release/rboxc)
==747921==    by 0x443F4D2: single_binary_main_gawk (in /root/rboxc/target/gawk-format-lifetime-candidate/release/rboxc)
==747921==    by 0x5A18600: (below main) (libc_start_call_main.h:59)
==747921== 
==747921== 48 bytes in 1 blocks are still reachable in loss record 81 of 218
==747921==    at 0x586E858: malloc (vg_replace_malloc.c:447)
==747921==    by 0x473EBAB: rboxc_gawk_r_getblock (in /root/rboxc/target/gawk-format-lifetime-candidate/release/rboxc)
==747921==    by 0x474C959: str_lookup (in /root/rboxc/target/gawk-format-lifetime-candidate/release/rboxc)
==747921==    by 0x472B6DE: update_PROCINFO_str.part.0 (in /root/rboxc/target/gawk-format-lifetime-candidate/release/rboxc)
==747921==    by 0x443F4E2: single_binary_main_gawk (in /root/rboxc/target/gawk-format-lifetime-candidate/release/rboxc)
==747921==    by 0x5A18600: (below main) (libc_start_call_main.h:59)
==747921== 
==747921== 48 bytes in 1 blocks are still reachable in loss record 82 of 218
==747921==    at 0x586E858: malloc (vg_replace_malloc.c:447)
==747921==    by 0x473EBAB: rboxc_gawk_r_getblock (in /root/rboxc/target/gawk-format-lifetime-candidate/release/rboxc)
==747921==    by 0x474C959: str_lookup (in /root/rboxc/target/gawk-format-lifetime-candidate/release/rboxc)
==747921==    by 0x472EB6A: rboxc_gawk_update_PROCINFO_num (in /root/rboxc/target/gawk-format-lifetime-candidate/release/rboxc)
==747921==    by 0x443F4FB: single_binary_main_gawk (in /root/rboxc/target/gawk-format-lifetime-candidate/release/rboxc)
==747921==    by 0x5A18600: (below main) (libc_start_call_main.h:59)
==747921== 
==747921== 48 bytes in 1 blocks are still reachable in loss record 83 of 218
==747921==    at 0x586E858: malloc (vg_replace_malloc.c:447)
==747921==    by 0x473EBAB: rboxc_gawk_r_getblock (in /root/rboxc/target/gawk-format-lifetime-candidate/release/rboxc)
==747921==    by 0x474C959: str_lookup (in /root/rboxc/target/gawk-format-lifetime-candidate/release/rboxc)
==747921==    by 0x472EB6A: rboxc_gawk_update_PROCINFO_num (in /root/rboxc/target/gawk-format-lifetime-candidate/release/rboxc)
==747921==    by 0x443F50D: single_binary_main_gawk (in /root/rboxc/target/gawk-format-lifetime-candidate/release/rboxc)
==747921==    by 0x5A18600: (below main) (libc_start_call_main.h:59)
==747921== 
==747921== 48 bytes in 1 blocks are still reachable in loss record 84 of 218
==747921==    at 0x586E858: malloc (vg_replace_malloc.c:447)
==747921==    by 0x473EBAB: rboxc_gawk_r_getblock (in /root/rboxc/target/gawk-format-lifetime-candidate/release/rboxc)
==747921==    by 0x474C959: str_lookup (in /root/rboxc/target/gawk-format-lifetime-candidate/release/rboxc)
==747921==    by 0x472EB6A: rboxc_gawk_update_PROCINFO_num (in /root/rboxc/target/gawk-format-lifetime-candidate/release/rboxc)
==747921==    by 0x443F524: single_binary_main_gawk (in /root/rboxc/target/gawk-format-lifetime-candidate/release/rboxc)
==747921==    by 0x5A18600: (below main) (libc_start_call_main.h:59)
==747921== 
==747921== 48 bytes in 1 blocks are still reachable in loss record 85 of 218
==747921==    at 0x586E858: malloc (vg_replace_malloc.c:447)
==747921==    by 0x473EBAB: rboxc_gawk_r_getblock (in /root/rboxc/target/gawk-format-lifetime-candidate/release/rboxc)
==747921==    by 0x474C959: str_lookup (in /root/rboxc/target/gawk-format-lifetime-candidate/release/rboxc)
==747921==    by 0x472EB6A: rboxc_gawk_update_PROCINFO_num (in /root/rboxc/target/gawk-format-lifetime-candidate/release/rboxc)
==747921==    by 0x443F53B: single_binary_main_gawk (in /root/rboxc/target/gawk-format-lifetime-candidate/release/rboxc)
==747921==    by 0x5A18600: (below main) (libc_start_call_main.h:59)
==747921== 
==747921== 48 bytes in 1 blocks are still reachable in loss record 86 of 218
==747921==    at 0x586E858: malloc (vg_replace_malloc.c:447)
==747921==    by 0x473EBAB: rboxc_gawk_r_getblock (in /root/rboxc/target/gawk-format-lifetime-candidate/release/rboxc)
==747921==    by 0x474C959: str_lookup (in /root/rboxc/target/gawk-format-lifetime-candidate/release/rboxc)
==747921==    by 0x472EB6A: rboxc_gawk_update_PROCINFO_num (in /root/rboxc/target/gawk-format-lifetime-candidate/release/rboxc)
==747921==    by 0x443F552: single_binary_main_gawk (in /root/rboxc/target/gawk-format-lifetime-candidate/release/rboxc)
==747921==    by 0x5A18600: (below main) (libc_start_call_main.h:59)
==747921== 
==747921== 48 bytes in 1 blocks are still reachable in loss record 87 of 218
==747921==    at 0x586E858: malloc (vg_replace_malloc.c:447)
==747921==    by 0x473EBAB: rboxc_gawk_r_getblock (in /root/rboxc/target/gawk-format-lifetime-candidate/release/rboxc)
==747921==    by 0x474C959: str_lookup (in /root/rboxc/target/gawk-format-lifetime-candidate/release/rboxc)
==747921==    by 0x472EB6A: rboxc_gawk_update_PROCINFO_num (in /root/rboxc/target/gawk-format-lifetime-candidate/release/rboxc)
==747921==    by 0x443F56C: single_binary_main_gawk (in /root/rboxc/target/gawk-format-lifetime-candidate/release/rboxc)
==747921==    by 0x5A18600: (below main) (libc_start_call_main.h:59)
==747921== 
==747921== 48 bytes in 1 blocks are still reachable in loss record 88 of 218
==747921==    at 0x586E858: malloc (vg_replace_malloc.c:447)
==747921==    by 0x473EBAB: rboxc_gawk_r_getblock (in /root/rboxc/target/gawk-format-lifetime-candidate/release/rboxc)
==747921==    by 0x474C959: str_lookup (in /root/rboxc/target/gawk-format-lifetime-candidate/release/rboxc)
==747921==    by 0x472EB6A: rboxc_gawk_update_PROCINFO_num (in /root/rboxc/target/gawk-format-lifetime-candidate/release/rboxc)
==747921==    by 0x443F586: single_binary_main_gawk (in /root/rboxc/target/gawk-format-lifetime-candidate/release/rboxc)
==747921==    by 0x5A18600: (below main) (libc_start_call_main.h:59)
==747921== 
==747921== 48 bytes in 1 blocks are still reachable in loss record 89 of 218
==747921==    at 0x586E858: malloc (vg_replace_malloc.c:447)
==747921==    by 0x473EBAB: rboxc_gawk_r_getblock (in /root/rboxc/target/gawk-format-lifetime-candidate/release/rboxc)
==747921==    by 0x474C959: str_lookup (in /root/rboxc/target/gawk-format-lifetime-candidate/release/rboxc)
==747921==    by 0x472EB6A: rboxc_gawk_update_PROCINFO_num (in /root/rboxc/target/gawk-format-lifetime-candidate/release/rboxc)
==747921==    by 0x443F5A0: single_binary_main_gawk (in /root/rboxc/target/gawk-format-lifetime-candidate/release/rboxc)
==747921==    by 0x5A18600: (below main) (libc_start_call_main.h:59)
==747921== 
==747921== 48 bytes in 1 blocks are still reachable in loss record 90 of 218
==747921==    at 0x586E858: malloc (vg_replace_malloc.c:447)
==747921==    by 0x473EBAB: rboxc_gawk_r_getblock (in /root/rboxc/target/gawk-format-lifetime-candidate/release/rboxc)
==747921==    by 0x474C959: str_lookup (in /root/rboxc/target/gawk-format-lifetime-candidate/release/rboxc)
==747921==    by 0x472EB6A: rboxc_gawk_update_PROCINFO_num (in /root/rboxc/target/gawk-format-lifetime-candidate/release/rboxc)
==747921==    by 0x443F5BA: single_binary_main_gawk (in /root/rboxc/target/gawk-format-lifetime-candidate/release/rboxc)
==747921==    by 0x5A18600: (below main) (libc_start_call_main.h:59)
==747921== 
==747921== 48 bytes in 1 blocks are still reachable in loss record 91 of 218
==747921==    at 0x586E858: malloc (vg_replace_malloc.c:447)
==747921==    by 0x473EBAB: rboxc_gawk_r_getblock (in /root/rboxc/target/gawk-format-lifetime-candidate/release/rboxc)
==747921==    by 0x474C959: str_lookup (in /root/rboxc/target/gawk-format-lifetime-candidate/release/rboxc)
==747921==    by 0x472B6DE: update_PROCINFO_str.part.0 (in /root/rboxc/target/gawk-format-lifetime-candidate/release/rboxc)
==747921==    by 0x443F5CC: single_binary_main_gawk (in /root/rboxc/target/gawk-format-lifetime-candidate/release/rboxc)
==747921==    by 0x5A18600: (below main) (libc_start_call_main.h:59)
==747921== 
==747921== 48 bytes in 1 blocks are still reachable in loss record 92 of 218
==747921==    at 0x586E858: malloc (vg_replace_malloc.c:447)
==747921==    by 0x473EBAB: rboxc_gawk_r_getblock (in /root/rboxc/target/gawk-format-lifetime-candidate/release/rboxc)
==747921==    by 0x474C959: str_lookup (in /root/rboxc/target/gawk-format-lifetime-candidate/release/rboxc)
==747921==    by 0x472B6DE: update_PROCINFO_str.part.0 (in /root/rboxc/target/gawk-format-lifetime-candidate/release/rboxc)
==747921==    by 0x443F758: single_binary_main_gawk (in /root/rboxc/target/gawk-format-lifetime-candidate/release/rboxc)
==747921==    by 0x5A18600: (below main) (libc_start_call_main.h:59)
==747921== 
==747921== 48 bytes in 1 blocks are still reachable in loss record 93 of 218
==747921==    at 0x586E858: malloc (vg_replace_malloc.c:447)
==747921==    by 0x473EBAB: rboxc_gawk_r_getblock (in /root/rboxc/target/gawk-format-lifetime-candidate/release/rboxc)
==747921==    by 0x474C959: str_lookup (in /root/rboxc/target/gawk-format-lifetime-candidate/release/rboxc)
==747921==    by 0x4435AE2: rboxc::applet_gawk::assoc_set (in /root/rboxc/target/gawk-format-lifetime-candidate/release/rboxc)
==747921==    by 0x443F87A: single_binary_main_gawk (in /root/rboxc/target/gawk-format-lifetime-candidate/release/rboxc)
==747921==    by 0x5A18600: (below main) (libc_start_call_main.h:59)
==747921== 
==747921== 48 bytes in 1 blocks are still reachable in loss record 94 of 218
==747921==    at 0x586E858: malloc (vg_replace_malloc.c:447)
==747921==    by 0x473EBAB: rboxc_gawk_r_getblock (in /root/rboxc/target/gawk-format-lifetime-candidate/release/rboxc)
==747921==    by 0x474C959: str_lookup (in /root/rboxc/target/gawk-format-lifetime-candidate/release/rboxc)
==747921==    by 0x474D16C: install (in /root/rboxc/target/gawk-format-lifetime-candidate/release/rboxc)
==747921==    by 0x443F92D: single_binary_main_gawk (in /root/rboxc/target/gawk-format-lifetime-candidate/release/rboxc)
==747921==    by 0x5A18600: (below main) (libc_start_call_main.h:59)
==747921== 
==747921== 48 bytes in 1 blocks are still reachable in loss record 95 of 218
==747921==    at 0x586E858: malloc (vg_replace_malloc.c:447)
==747921==    by 0x473EBAB: rboxc_gawk_r_getblock (in /root/rboxc/target/gawk-format-lifetime-candidate/release/rboxc)
==747921==    by 0x474C959: str_lookup (in /root/rboxc/target/gawk-format-lifetime-candidate/release/rboxc)
==747921==    by 0x474D16C: install (in /root/rboxc/target/gawk-format-lifetime-candidate/release/rboxc)
==747921==    by 0x443FF58: single_binary_main_gawk (in /root/rboxc/target/gawk-format-lifetime-candidate/release/rboxc)
==747921==    by 0x5A18600: (below main) (libc_start_call_main.h:59)
==747921== 
==747921== 48 bytes in 1 blocks are still reachable in loss record 96 of 218
==747921==    at 0x586E858: malloc (vg_replace_malloc.c:447)
==747921==    by 0x473EBAB: rboxc_gawk_r_getblock (in /root/rboxc/target/gawk-format-lifetime-candidate/release/rboxc)
==747921==    by 0x474C959: str_lookup (in /root/rboxc/target/gawk-format-lifetime-candidate/release/rboxc)
==747921==    by 0x474D16C: install (in /root/rboxc/target/gawk-format-lifetime-candidate/release/rboxc)
==747921==    by 0x4440233: single_binary_main_gawk (in /root/rboxc/target/gawk-format-lifetime-candidate/release/rboxc)
==747921==    by 0x5A18600: (below main) (libc_start_call_main.h:59)
==747921== 
==747921== 48 bytes in 1 blocks are still reachable in loss record 97 of 218
==747921==    at 0x586E858: malloc (vg_replace_malloc.c:447)
==747921==    by 0x473EBAB: rboxc_gawk_r_getblock (in /root/rboxc/target/gawk-format-lifetime-candidate/release/rboxc)
==747921==    by 0x474C959: str_lookup (in /root/rboxc/target/gawk-format-lifetime-candidate/release/rboxc)
==747921==    by 0x474E0CA: rboxc_gawk_load_symbols (in /root/rboxc/target/gawk-format-lifetime-candidate/release/rboxc)
==747921==    by 0x444037C: single_binary_main_gawk (in /root/rboxc/target/gawk-format-lifetime-candidate/release/rboxc)
==747921==    by 0x5A18600: (below main) (libc_start_call_main.h:59)
==747921== 
==747921== 48 bytes in 3 blocks are still reachable in loss record 98 of 218
==747921==    at 0x586E858: malloc (vg_replace_malloc.c:447)
==747921==    by 0x474A78B: rboxc_gawk_make_regexp (in /root/rboxc/target/gawk-format-lifetime-candidate/release/rboxc)
==747921==    by 0x46EF24B: rboxc_gawk_make_regnode (in /root/rboxc/target/gawk-format-lifetime-candidate/release/rboxc)
==747921==    by 0x46F35F6: rboxc_gawk_yyparse (in /root/rboxc/target/gawk-format-lifetime-candidate/release/rboxc)
==747921==    by 0x46F639A: rboxc_gawk_parse_program (in /root/rboxc/target/gawk-format-lifetime-candidate/release/rboxc)
==747921==    by 0x44402A4: single_binary_main_gawk (in /root/rboxc/target/gawk-format-lifetime-candidate/release/rboxc)
==747921==    by 0x5A18600: (below main) (libc_start_call_main.h:59)
==747921== 
==747921== 49 bytes in 14 blocks are still reachable in loss record 99 of 218
==747921==    at 0x586E858: malloc (vg_replace_malloc.c:447)
==747921==    by 0x473F017: rboxc_gawk_make_str_node (in /root/rboxc/target/gawk-format-lifetime-candidate/release/rboxc)
==747921==    by 0x443F2AA: single_binary_main_gawk (in /root/rboxc/target/gawk-format-lifetime-candidate/release/rboxc)
==747921==    by 0x5A18600: (below main) (libc_start_call_main.h:59)
==747921== 
==747921== 60 bytes in 1 blocks are still reachable in loss record 100 of 218
==747921==    at 0x586E858: malloc (vg_replace_malloc.c:447)
==747921==    by 0x46EAADC: tokexpand (in /root/rboxc/target/gawk-format-lifetime-candidate/release/rboxc)
==747921==    by 0x46F6C46: rboxc_gawk_parse_program (in /root/rboxc/target/gawk-format-lifetime-candidate/release/rboxc)
==747921==    by 0x44402A4: single_binary_main_gawk (in /root/rboxc/target/gawk-format-lifetime-candidate/release/rboxc)
==747921==    by 0x5A18600: (below main) (libc_start_call_main.h:59)
==747921== 
==747921== 64 bytes in 1 blocks are still reachable in loss record 101 of 218
==747921==    at 0x586E858: malloc (vg_replace_malloc.c:447)
==747921==    by 0x475963D: csets_emplace_back (in /root/rboxc/target/gawk-format-lifetime-candidate/release/rboxc)
==747921==    by 0x475B5DA: rep (in /root/rboxc/target/gawk-format-lifetime-candidate/release/rboxc)
==747921==    by 0x475C491: cat (in /root/rboxc/target/gawk-format-lifetime-candidate/release/rboxc)
==747921==    by 0x475C568: alt (in /root/rboxc/target/gawk-format-lifetime-candidate/release/rboxc)
==747921==    by 0x475CEB0: compile.constprop.0 (in /root/rboxc/target/gawk-format-lifetime-candidate/release/rboxc)
==747921==    by 0x475FE38: rboxc_gawk_minrx_regncomp (in /root/rboxc/target/gawk-format-lifetime-candidate/release/rboxc)
==747921==    by 0x474A2BD: rboxc_gawk_make_regexp (in /root/rboxc/target/gawk-format-lifetime-candidate/release/rboxc)
==747921==    by 0x46EF24B: rboxc_gawk_make_regnode (in /root/rboxc/target/gawk-format-lifetime-candidate/release/rboxc)
==747921==    by 0x46F35F6: rboxc_gawk_yyparse (in /root/rboxc/target/gawk-format-lifetime-candidate/release/rboxc)
==747921==    by 0x46F639A: rboxc_gawk_parse_program (in /root/rboxc/target/gawk-format-lifetime-candidate/release/rboxc)
==747921==    by 0x44402A4: single_binary_main_gawk (in /root/rboxc/target/gawk-format-lifetime-candidate/release/rboxc)
==747921== 
==747921== 64 bytes in 1 blocks are still reachable in loss record 102 of 218
==747921==    at 0x586E858: malloc (vg_replace_malloc.c:447)
==747921==    by 0x475D20A: compile.constprop.0 (in /root/rboxc/target/gawk-format-lifetime-candidate/release/rboxc)
==747921==    by 0x475FE38: rboxc_gawk_minrx_regncomp (in /root/rboxc/target/gawk-format-lifetime-candidate/release/rboxc)
==747921==    by 0x474A2BD: rboxc_gawk_make_regexp (in /root/rboxc/target/gawk-format-lifetime-candidate/release/rboxc)
==747921==    by 0x46EF24B: rboxc_gawk_make_regnode (in /root/rboxc/target/gawk-format-lifetime-candidate/release/rboxc)
==747921==    by 0x46F35F6: rboxc_gawk_yyparse (in /root/rboxc/target/gawk-format-lifetime-candidate/release/rboxc)
==747921==    by 0x46F639A: rboxc_gawk_parse_program (in /root/rboxc/target/gawk-format-lifetime-candidate/release/rboxc)
==747921==    by 0x44402A4: single_binary_main_gawk (in /root/rboxc/target/gawk-format-lifetime-candidate/release/rboxc)
==747921==    by 0x5A18600: (below main) (libc_start_call_main.h:59)
==747921== 
==747921== 80 bytes in 1 blocks are still reachable in loss record 103 of 218
==747921==    at 0x586E858: malloc (vg_replace_malloc.c:447)
==747921==    by 0x4758441: add_range_to_set (in /root/rboxc/target/gawk-format-lifetime-candidate/release/rboxc)
==747921==    by 0x475A970: cset_parse.isra.0 (in /root/rboxc/target/gawk-format-lifetime-candidate/release/rboxc)
==747921==    by 0x475B5FC: rep (in /root/rboxc/target/gawk-format-lifetime-candidate/release/rboxc)
==747921==    by 0x475C491: cat (in /root/rboxc/target/gawk-format-lifetime-candidate/release/rboxc)
==747921==    by 0x475C568: alt (in /root/rboxc/target/gawk-format-lifetime-candidate/release/rboxc)
==747921==    by 0x475CEB0: compile.constprop.0 (in /root/rboxc/target/gawk-format-lifetime-candidate/release/rboxc)
==747921==    by 0x475FE38: rboxc_gawk_minrx_regncomp (in /root/rboxc/target/gawk-format-lifetime-candidate/release/rboxc)
==747921==    by 0x474A2BD: rboxc_gawk_make_regexp (in /root/rboxc/target/gawk-format-lifetime-candidate/release/rboxc)
==747921==    by 0x46EF24B: rboxc_gawk_make_regnode (in /root/rboxc/target/gawk-format-lifetime-candidate/release/rboxc)
==747921==    by 0x46F35F6: rboxc_gawk_yyparse (in /root/rboxc/target/gawk-format-lifetime-candidate/release/rboxc)
==747921==    by 0x46F639A: rboxc_gawk_parse_program (in /root/rboxc/target/gawk-format-lifetime-candidate/release/rboxc)
==747921== 
==747921== 80 bytes in 1 blocks are still reachable in loss record 104 of 218
==747921==    at 0x586E858: malloc (vg_replace_malloc.c:447)
==747921==    by 0x4758441: add_range_to_set (in /root/rboxc/target/gawk-format-lifetime-candidate/release/rboxc)
==747921==    by 0x475899F: charset_finalize (in /root/rboxc/target/gawk-format-lifetime-candidate/release/rboxc)
==747921==    by 0x475DA09: compile.constprop.0 (in /root/rboxc/target/gawk-format-lifetime-candidate/release/rboxc)
==747921==    by 0x475FE38: rboxc_gawk_minrx_regncomp (in /root/rboxc/target/gawk-format-lifetime-candidate/release/rboxc)
==747921==    by 0x474A2BD: rboxc_gawk_make_regexp (in /root/rboxc/target/gawk-format-lifetime-candidate/release/rboxc)
==747921==    by 0x46EF24B: rboxc_gawk_make_regnode (in /root/rboxc/target/gawk-format-lifetime-candidate/release/rboxc)
==747921==    by 0x46F35F6: rboxc_gawk_yyparse (in /root/rboxc/target/gawk-format-lifetime-candidate/release/rboxc)
==747921==    by 0x46F639A: rboxc_gawk_parse_program (in /root/rboxc/target/gawk-format-lifetime-candidate/release/rboxc)
==747921==    by 0x44402A4: single_binary_main_gawk (in /root/rboxc/target/gawk-format-lifetime-candidate/release/rboxc)
==747921==    by 0x5A18600: (below main) (libc_start_call_main.h:59)
==747921== 
==747921== 88 bytes in 1 blocks are still reachable in loss record 105 of 218
==747921==    at 0x586E858: malloc (vg_replace_malloc.c:447)
==747921==    by 0x473EBAB: rboxc_gawk_r_getblock (in /root/rboxc/target/gawk-format-lifetime-candidate/release/rboxc)
==747921==    by 0x473EF81: rboxc_gawk_make_str_node (in /root/rboxc/target/gawk-format-lifetime-candidate/release/rboxc)
==747921==    by 0x443E47C: single_binary_main_gawk (in /root/rboxc/target/gawk-format-lifetime-candidate/release/rboxc)
==747921==    by 0x5A18600: (below main) (libc_start_call_main.h:59)
==747921== 
==747921== 88 bytes in 1 blocks are still reachable in loss record 106 of 218
==747921==    at 0x586E858: malloc (vg_replace_malloc.c:447)
==747921==    by 0x473EBAB: rboxc_gawk_r_getblock (in /root/rboxc/target/gawk-format-lifetime-candidate/release/rboxc)
==747921==    by 0x474D3A7: init_the_tables (in /root/rboxc/target/gawk-format-lifetime-candidate/release/rboxc)
==747921==    by 0x443E550: single_binary_main_gawk (in /root/rboxc/target/gawk-format-lifetime-candidate/release/rboxc)
==747921==    by 0x5A18600: (below main) (libc_start_call_main.h:59)
==747921== 
==747921== 88 bytes in 1 blocks are still reachable in loss record 107 of 218
==747921==    at 0x586E858: malloc (vg_replace_malloc.c:447)
==747921==    by 0x473EBAB: rboxc_gawk_r_getblock (in /root/rboxc/target/gawk-format-lifetime-candidate/release/rboxc)
==747921==    by 0x474D3E8: init_the_tables (in /root/rboxc/target/gawk-format-lifetime-candidate/release/rboxc)
==747921==    by 0x443E550: single_binary_main_gawk (in /root/rboxc/target/gawk-format-lifetime-candidate/release/rboxc)
==747921==    by 0x5A18600: (below main) (libc_start_call_main.h:59)
==747921== 
==747921== 88 bytes in 1 blocks are still reachable in loss record 108 of 218
==747921==    at 0x586E858: malloc (vg_replace_malloc.c:447)
==747921==    by 0x473EBAB: rboxc_gawk_r_getblock (in /root/rboxc/target/gawk-format-lifetime-candidate/release/rboxc)
==747921==    by 0x473EF81: rboxc_gawk_make_str_node (in /root/rboxc/target/gawk-format-lifetime-candidate/release/rboxc)
==747921==    by 0x474D135: install (in /root/rboxc/target/gawk-format-lifetime-candidate/release/rboxc)
==747921==    by 0x474D449: init_the_tables (in /root/rboxc/target/gawk-format-lifetime-candidate/release/rboxc)
==747921==    by 0x443E550: single_binary_main_gawk (in /root/rboxc/target/gawk-format-lifetime-candidate/release/rboxc)
==747921==    by 0x5A18600: (below main) (libc_start_call_main.h:59)
==747921== 
==747921== 88 bytes in 1 blocks are still reachable in loss record 109 of 218
==747921==    at 0x586E858: malloc (vg_replace_malloc.c:447)
==747921==    by 0x473EBAB: rboxc_gawk_r_getblock (in /root/rboxc/target/gawk-format-lifetime-candidate/release/rboxc)
==747921==    by 0x474D213: install (in /root/rboxc/target/gawk-format-lifetime-candidate/release/rboxc)
==747921==    by 0x474D449: init_the_tables (in /root/rboxc/target/gawk-format-lifetime-candidate/release/rboxc)
==747921==    by 0x443E550: single_binary_main_gawk (in /root/rboxc/target/gawk-format-lifetime-candidate/release/rboxc)
==747921==    by 0x5A18600: (below main) (libc_start_call_main.h:59)
==747921== 
==747921== 88 bytes in 1 blocks are still reachable in loss record 110 of 218
==747921==    at 0x586E858: malloc (vg_replace_malloc.c:447)
==747921==    by 0x473EBAB: rboxc_gawk_r_getblock (in /root/rboxc/target/gawk-format-lifetime-candidate/release/rboxc)
==747921==    by 0x473EF81: rboxc_gawk_make_str_node (in /root/rboxc/target/gawk-format-lifetime-candidate/release/rboxc)
==747921==    by 0x474D135: install (in /root/rboxc/target/gawk-format-lifetime-candidate/release/rboxc)
==747921==    by 0x474D470: init_the_tables (in /root/rboxc/target/gawk-format-lifetime-candidate/release/rboxc)
==747921==    by 0x443E550: single_binary_main_gawk (in /root/rboxc/target/gawk-format-lifetime-candidate/release/rboxc)
==747921==    by 0x5A18600: (below main) (libc_start_call_main.h:59)
==747921== 
==747921== 88 bytes in 1 blocks are still reachable in loss record 111 of 218
==747921==    at 0x586E858: malloc (vg_replace_malloc.c:447)
==747921==    by 0x473EBAB: rboxc_gawk_r_getblock (in /root/rboxc/target/gawk-format-lifetime-candidate/release/rboxc)
==747921==    by 0x474D213: install (in /root/rboxc/target/gawk-format-lifetime-candidate/release/rboxc)
==747921==    by 0x474D470: init_the_tables (in /root/rboxc/target/gawk-format-lifetime-candidate/release/rboxc)
==747921==    by 0x443E550: single_binary_main_gawk (in /root/rboxc/target/gawk-format-lifetime-candidate/release/rboxc)
==747921==    by 0x5A18600: (below main) (libc_start_call_main.h:59)
==747921== 
==747921== 88 bytes in 1 blocks are still reachable in loss record 112 of 218
==747921==    at 0x586E858: malloc (vg_replace_malloc.c:447)
==747921==    by 0x473EBAB: rboxc_gawk_r_getblock (in /root/rboxc/target/gawk-format-lifetime-candidate/release/rboxc)
==747921==    by 0x473EF81: rboxc_gawk_make_str_node (in /root/rboxc/target/gawk-format-lifetime-candidate/release/rboxc)
==747921==    by 0x474D135: install (in /root/rboxc/target/gawk-format-lifetime-candidate/release/rboxc)
==747921==    by 0x443F4A1: single_binary_main_gawk (in /root/rboxc/target/gawk-format-lifetime-candidate/release/rboxc)
==747921==    by 0x5A18600: (below main) (libc_start_call_main.h:59)
==747921== 
==747921== 88 bytes in 1 blocks are still reachable in loss record 113 of 218
==747921==    at 0x586E858: malloc (vg_replace_malloc.c:447)
==747921==    by 0x473EBAB: rboxc_gawk_r_getblock (in /root/rboxc/target/gawk-format-lifetime-candidate/release/rboxc)
==747921==    by 0x474D213: install (in /root/rboxc/target/gawk-format-lifetime-candidate/release/rboxc)
==747921==    by 0x443F4A1: single_binary_main_gawk (in /root/rboxc/target/gawk-format-lifetime-candidate/release/rboxc)
==747921==    by 0x5A18600: (below main) (libc_start_call_main.h:59)
==747921== 
==747921== 88 bytes in 1 blocks are still reachable in loss record 114 of 218
==747921==    at 0x586E858: malloc (vg_replace_malloc.c:447)
==747921==    by 0x473EBAB: rboxc_gawk_r_getblock (in /root/rboxc/target/gawk-format-lifetime-candidate/release/rboxc)
==747921==    by 0x473EF81: rboxc_gawk_make_str_node (in /root/rboxc/target/gawk-format-lifetime-candidate/release/rboxc)
==747921==    by 0x472B6AF: update_PROCINFO_str.part.0 (in /root/rboxc/target/gawk-format-lifetime-candidate/release/rboxc)
==747921==    by 0x443F4C2: single_binary_main_gawk (in /root/rboxc/target/gawk-format-lifetime-candidate/release/rboxc)
==747921==    by 0x5A18600: (below main) (libc_start_call_main.h:59)
==747921== 
==747921== 88 bytes in 1 blocks are still reachable in loss record 115 of 218
==747921==    at 0x586E858: malloc (vg_replace_malloc.c:447)
==747921==    by 0x473EBAB: rboxc_gawk_r_getblock (in /root/rboxc/target/gawk-format-lifetime-candidate/release/rboxc)
==747921==    by 0x473EF81: rboxc_gawk_make_str_node (in /root/rboxc/target/gawk-format-lifetime-candidate/release/rboxc)
==747921==    by 0x472B6C7: update_PROCINFO_str.part.0 (in /root/rboxc/target/gawk-format-lifetime-candidate/release/rboxc)
==747921==    by 0x443F4C2: single_binary_main_gawk (in /root/rboxc/target/gawk-format-lifetime-candidate/release/rboxc)
==747921==    by 0x5A18600: (below main) (libc_start_call_main.h:59)
==747921== 
==747921== 88 bytes in 1 blocks are still reachable in loss record 116 of 218
==747921==    at 0x586E858: malloc (vg_replace_malloc.c:447)
==747921==    by 0x473EBAB: rboxc_gawk_r_getblock (in /root/rboxc/target/gawk-format-lifetime-candidate/release/rboxc)
==747921==    by 0x473EF81: rboxc_gawk_make_str_node (in /root/rboxc/target/gawk-format-lifetime-candidate/release/rboxc)
==747921==    by 0x472B6AF: update_PROCINFO_str.part.0 (in /root/rboxc/target/gawk-format-lifetime-candidate/release/rboxc)
==747921==    by 0x443F4D2: single_binary_main_gawk (in /root/rboxc/target/gawk-format-lifetime-candidate/release/rboxc)
==747921==    by 0x5A18600: (below main) (libc_start_call_main.h:59)
==747921== 
==747921== 88 bytes in 1 blocks are still reachable in loss record 117 of 218
==747921==    at 0x586E858: malloc (vg_replace_malloc.c:447)
==747921==    by 0x473EBAB: rboxc_gawk_r_getblock (in /root/rboxc/target/gawk-format-lifetime-candidate/release/rboxc)
==747921==    by 0x473EF81: rboxc_gawk_make_str_node (in /root/rboxc/target/gawk-format-lifetime-candidate/release/rboxc)
==747921==    by 0x472B6C7: update_PROCINFO_str.part.0 (in /root/rboxc/target/gawk-format-lifetime-candidate/release/rboxc)
==747921==    by 0x443F4D2: single_binary_main_gawk (in /root/rboxc/target/gawk-format-lifetime-candidate/release/rboxc)
==747921==    by 0x5A18600: (below main) (libc_start_call_main.h:59)
==747921== 
==747921== 88 bytes in 1 blocks are still reachable in loss record 118 of 218
==747921==    at 0x586E858: malloc (vg_replace_malloc.c:447)
==747921==    by 0x473EBAB: rboxc_gawk_r_getblock (in /root/rboxc/target/gawk-format-lifetime-candidate/release/rboxc)
==747921==    by 0x473EF81: rboxc_gawk_make_str_node (in /root/rboxc/target/gawk-format-lifetime-candidate/release/rboxc)
==747921==    by 0x472B6AF: update_PROCINFO_str.part.0 (in /root/rboxc/target/gawk-format-lifetime-candidate/release/rboxc)
==747921==    by 0x443F4E2: single_binary_main_gawk (in /root/rboxc/target/gawk-format-lifetime-candidate/release/rboxc)
==747921==    by 0x5A18600: (below main) (libc_start_call_main.h:59)
==747921== 
==747921== 88 bytes in 1 blocks are still reachable in loss record 119 of 218
==747921==    at 0x586E858: malloc (vg_replace_malloc.c:447)
==747921==    by 0x473EBAB: rboxc_gawk_r_getblock (in /root/rboxc/target/gawk-format-lifetime-candidate/release/rboxc)
==747921==    by 0x473EF81: rboxc_gawk_make_str_node (in /root/rboxc/target/gawk-format-lifetime-candidate/release/rboxc)
==747921==    by 0x472B6C7: update_PROCINFO_str.part.0 (in /root/rboxc/target/gawk-format-lifetime-candidate/release/rboxc)
==747921==    by 0x443F4E2: single_binary_main_gawk (in /root/rboxc/target/gawk-format-lifetime-candidate/release/rboxc)
==747921==    by 0x5A18600: (below main) (libc_start_call_main.h:59)
==747921== 
==747921== 88 bytes in 1 blocks are still reachable in loss record 120 of 218
==747921==    at 0x586E858: malloc (vg_replace_malloc.c:447)
==747921==    by 0x473EBAB: rboxc_gawk_r_getblock (in /root/rboxc/target/gawk-format-lifetime-candidate/release/rboxc)
==747921==    by 0x473EF81: rboxc_gawk_make_str_node (in /root/rboxc/target/gawk-format-lifetime-candidate/release/rboxc)
==747921==    by 0x472EB44: rboxc_gawk_update_PROCINFO_num (in /root/rboxc/target/gawk-format-lifetime-candidate/release/rboxc)
==747921==    by 0x443F4FB: single_binary_main_gawk (in /root/rboxc/target/gawk-format-lifetime-candidate/release/rboxc)
==747921==    by 0x5A18600: (below main) (libc_start_call_main.h:59)
==747921== 
==747921== 88 bytes in 1 blocks are still reachable in loss record 121 of 218
==747921==    at 0x586E858: malloc (vg_replace_malloc.c:447)
==747921==    by 0x473EBAB: rboxc_gawk_r_getblock (in /root/rboxc/target/gawk-format-lifetime-candidate/release/rboxc)
==747921==    by 0x473F4F0: r_make_number (in /root/rboxc/target/gawk-format-lifetime-candidate/release/rboxc)
==747921==    by 0x472EB53: rboxc_gawk_update_PROCINFO_num (in /root/rboxc/target/gawk-format-lifetime-candidate/release/rboxc)
==747921==    by 0x443F4FB: single_binary_main_gawk (in /root/rboxc/target/gawk-format-lifetime-candidate/release/rboxc)
==747921==    by 0x5A18600: (below main) (libc_start_call_main.h:59)
==747921== 
==747921== 88 bytes in 1 blocks are still reachable in loss record 122 of 218
==747921==    at 0x586E858: malloc (vg_replace_malloc.c:447)
==747921==    by 0x473EBAB: rboxc_gawk_r_getblock (in /root/rboxc/target/gawk-format-lifetime-candidate/release/rboxc)
==747921==    by 0x473EF81: rboxc_gawk_make_str_node (in /root/rboxc/target/gawk-format-lifetime-candidate/release/rboxc)
==747921==    by 0x472EB44: rboxc_gawk_update_PROCINFO_num (in /root/rboxc/target/gawk-format-lifetime-candidate/release/rboxc)
==747921==    by 0x443F50D: single_binary_main_gawk (in /root/rboxc/target/gawk-format-lifetime-candidate/release/rboxc)
==747921==    by 0x5A18600: (below main) (libc_start_call_main.h:59)
==747921== 
==747921== 88 bytes in 1 blocks are still reachable in loss record 123 of 218
==747921==    at 0x586E858: malloc (vg_replace_malloc.c:447)
==747921==    by 0x473EBAB: rboxc_gawk_r_getblock (in /root/rboxc/target/gawk-format-lifetime-candidate/release/rboxc)
==747921==    by 0x473F4F0: r_make_number (in /root/rboxc/target/gawk-format-lifetime-candidate/release/rboxc)
==747921==    by 0x472EB53: rboxc_gawk_update_PROCINFO_num (in /root/rboxc/target/gawk-format-lifetime-candidate/release/rboxc)
==747921==    by 0x443F50D: single_binary_main_gawk (in /root/rboxc/target/gawk-format-lifetime-candidate/release/rboxc)
==747921==    by 0x5A18600: (below main) (libc_start_call_main.h:59)
==747921== 
==747921== 88 bytes in 1 blocks are still reachable in loss record 124 of 218
==747921==    at 0x586E858: malloc (vg_replace_malloc.c:447)
==747921==    by 0x473EBAB: rboxc_gawk_r_getblock (in /root/rboxc/target/gawk-format-lifetime-candidate/release/rboxc)
==747921==    by 0x473EF81: rboxc_gawk_make_str_node (in /root/rboxc/target/gawk-format-lifetime-candidate/release/rboxc)
==747921==    by 0x472EB44: rboxc_gawk_update_PROCINFO_num (in /root/rboxc/target/gawk-format-lifetime-candidate/release/rboxc)
==747921==    by 0x443F524: single_binary_main_gawk (in /root/rboxc/target/gawk-format-lifetime-candidate/release/rboxc)
==747921==    by 0x5A18600: (below main) (libc_start_call_main.h:59)
==747921== 
==747921== 88 bytes in 1 blocks are still reachable in loss record 125 of 218
==747921==    at 0x586E858: malloc (vg_replace_malloc.c:447)
==747921==    by 0x473EBAB: rboxc_gawk_r_getblock (in /root/rboxc/target/gawk-format-lifetime-candidate/release/rboxc)
==747921==    by 0x473F4F0: r_make_number (in /root/rboxc/target/gawk-format-lifetime-candidate/release/rboxc)
==747921==    by 0x472EB53: rboxc_gawk_update_PROCINFO_num (in /root/rboxc/target/gawk-format-lifetime-candidate/release/rboxc)
==747921==    by 0x443F524: single_binary_main_gawk (in /root/rboxc/target/gawk-format-lifetime-candidate/release/rboxc)
==747921==    by 0x5A18600: (below main) (libc_start_call_main.h:59)
==747921== 
==747921== 88 bytes in 1 blocks are still reachable in loss record 126 of 218
==747921==    at 0x586E858: malloc (vg_replace_malloc.c:447)
==747921==    by 0x473EBAB: rboxc_gawk_r_getblock (in /root/rboxc/target/gawk-format-lifetime-candidate/release/rboxc)
==747921==    by 0x473EF81: rboxc_gawk_make_str_node (in /root/rboxc/target/gawk-format-lifetime-candidate/release/rboxc)
==747921==    by 0x472EB44: rboxc_gawk_update_PROCINFO_num (in /root/rboxc/target/gawk-format-lifetime-candidate/release/rboxc)
==747921==    by 0x443F53B: single_binary_main_gawk (in /root/rboxc/target/gawk-format-lifetime-candidate/release/rboxc)
==747921==    by 0x5A18600: (below main) (libc_start_call_main.h:59)
==747921== 
==747921== 88 bytes in 1 blocks are still reachable in loss record 127 of 218
==747921==    at 0x586E858: malloc (vg_replace_malloc.c:447)
==747921==    by 0x473EBAB: rboxc_gawk_r_getblock (in /root/rboxc/target/gawk-format-lifetime-candidate/release/rboxc)
==747921==    by 0x473F4F0: r_make_number (in /root/rboxc/target/gawk-format-lifetime-candidate/release/rboxc)
==747921==    by 0x472EB53: rboxc_gawk_update_PROCINFO_num (in /root/rboxc/target/gawk-format-lifetime-candidate/release/rboxc)
==747921==    by 0x443F53B: single_binary_main_gawk (in /root/rboxc/target/gawk-format-lifetime-candidate/release/rboxc)
==747921==    by 0x5A18600: (below main) (libc_start_call_main.h:59)
==747921== 
==747921== 88 bytes in 1 blocks are still reachable in loss record 128 of 218
==747921==    at 0x586E858: malloc (vg_replace_malloc.c:447)
==747921==    by 0x473EBAB: rboxc_gawk_r_getblock (in /root/rboxc/target/gawk-format-lifetime-candidate/release/rboxc)
==747921==    by 0x473EF81: rboxc_gawk_make_str_node (in /root/rboxc/target/gawk-format-lifetime-candidate/release/rboxc)
==747921==    by 0x472EB44: rboxc_gawk_update_PROCINFO_num (in /root/rboxc/target/gawk-format-lifetime-candidate/release/rboxc)
==747921==    by 0x443F552: single_binary_main_gawk (in /root/rboxc/target/gawk-format-lifetime-candidate/release/rboxc)
==747921==    by 0x5A18600: (below main) (libc_start_call_main.h:59)
==747921== 
==747921== 88 bytes in 1 blocks are still reachable in loss record 129 of 218
==747921==    at 0x586E858: malloc (vg_replace_malloc.c:447)
==747921==    by 0x473EBAB: rboxc_gawk_r_getblock (in /root/rboxc/target/gawk-format-lifetime-candidate/release/rboxc)
==747921==    by 0x473F4F0: r_make_number (in /root/rboxc/target/gawk-format-lifetime-candidate/release/rboxc)
==747921==    by 0x472EB53: rboxc_gawk_update_PROCINFO_num (in /root/rboxc/target/gawk-format-lifetime-candidate/release/rboxc)
==747921==    by 0x443F552: single_binary_main_gawk (in /root/rboxc/target/gawk-format-lifetime-candidate/release/rboxc)
==747921==    by 0x5A18600: (below main) (libc_start_call_main.h:59)
==747921== 
==747921== 88 bytes in 1 blocks are still reachable in loss record 130 of 218
==747921==    at 0x586E858: malloc (vg_replace_malloc.c:447)
==747921==    by 0x473EBAB: rboxc_gawk_r_getblock (in /root/rboxc/target/gawk-format-lifetime-candidate/release/rboxc)
==747921==    by 0x473EF81: rboxc_gawk_make_str_node (in /root/rboxc/target/gawk-format-lifetime-candidate/release/rboxc)
==747921==    by 0x472EB44: rboxc_gawk_update_PROCINFO_num (in /root/rboxc/target/gawk-format-lifetime-candidate/release/rboxc)
==747921==    by 0x443F56C: single_binary_main_gawk (in /root/rboxc/target/gawk-format-lifetime-candidate/release/rboxc)
==747921==    by 0x5A18600: (below main) (libc_start_call_main.h:59)
==747921== 
==747921== 88 bytes in 1 blocks are still reachable in loss record 131 of 218
==747921==    at 0x586E858: malloc (vg_replace_malloc.c:447)
==747921==    by 0x473EBAB: rboxc_gawk_r_getblock (in /root/rboxc/target/gawk-format-lifetime-candidate/release/rboxc)
==747921==    by 0x473F4F0: r_make_number (in /root/rboxc/target/gawk-format-lifetime-candidate/release/rboxc)
==747921==    by 0x472EB53: rboxc_gawk_update_PROCINFO_num (in /root/rboxc/target/gawk-format-lifetime-candidate/release/rboxc)
==747921==    by 0x443F56C: single_binary_main_gawk (in /root/rboxc/target/gawk-format-lifetime-candidate/release/rboxc)
==747921==    by 0x5A18600: (below main) (libc_start_call_main.h:59)
==747921== 
==747921== 88 bytes in 1 blocks are still reachable in loss record 132 of 218
==747921==    at 0x586E858: malloc (vg_replace_malloc.c:447)
==747921==    by 0x473EBAB: rboxc_gawk_r_getblock (in /root/rboxc/target/gawk-format-lifetime-candidate/release/rboxc)
==747921==    by 0x473EF81: rboxc_gawk_make_str_node (in /root/rboxc/target/gawk-format-lifetime-candidate/release/rboxc)
==747921==    by 0x472EB44: rboxc_gawk_update_PROCINFO_num (in /root/rboxc/target/gawk-format-lifetime-candidate/release/rboxc)
==747921==    by 0x443F586: single_binary_main_gawk (in /root/rboxc/target/gawk-format-lifetime-candidate/release/rboxc)
==747921==    by 0x5A18600: (below main) (libc_start_call_main.h:59)
==747921== 
==747921== 88 bytes in 1 blocks are still reachable in loss record 133 of 218
==747921==    at 0x586E858: malloc (vg_replace_malloc.c:447)
==747921==    by 0x473EBAB: rboxc_gawk_r_getblock (in /root/rboxc/target/gawk-format-lifetime-candidate/release/rboxc)
==747921==    by 0x473F4F0: r_make_number (in /root/rboxc/target/gawk-format-lifetime-candidate/release/rboxc)
==747921==    by 0x472EB53: rboxc_gawk_update_PROCINFO_num (in /root/rboxc/target/gawk-format-lifetime-candidate/release/rboxc)
==747921==    by 0x443F586: single_binary_main_gawk (in /root/rboxc/target/gawk-format-lifetime-candidate/release/rboxc)
==747921==    by 0x5A18600: (below main) (libc_start_call_main.h:59)
==747921== 
==747921== 88 bytes in 1 blocks are still reachable in loss record 134 of 218
==747921==    at 0x586E858: malloc (vg_replace_malloc.c:447)
==747921==    by 0x473EBAB: rboxc_gawk_r_getblock (in /root/rboxc/target/gawk-format-lifetime-candidate/release/rboxc)
==747921==    by 0x473EF81: rboxc_gawk_make_str_node (in /root/rboxc/target/gawk-format-lifetime-candidate/release/rboxc)
==747921==    by 0x472EB44: rboxc_gawk_update_PROCINFO_num (in /root/rboxc/target/gawk-format-lifetime-candidate/release/rboxc)
==747921==    by 0x443F5A0: single_binary_main_gawk (in /root/rboxc/target/gawk-format-lifetime-candidate/release/rboxc)
==747921==    by 0x5A18600: (below main) (libc_start_call_main.h:59)
==747921== 
==747921== 88 bytes in 1 blocks are still reachable in loss record 135 of 218
==747921==    at 0x586E858: malloc (vg_replace_malloc.c:447)
==747921==    by 0x473EBAB: rboxc_gawk_r_getblock (in /root/rboxc/target/gawk-format-lifetime-candidate/release/rboxc)
==747921==    by 0x473F4F0: r_make_number (in /root/rboxc/target/gawk-format-lifetime-candidate/release/rboxc)
==747921==    by 0x472EB53: rboxc_gawk_update_PROCINFO_num (in /root/rboxc/target/gawk-format-lifetime-candidate/release/rboxc)
==747921==    by 0x443F5A0: single_binary_main_gawk (in /root/rboxc/target/gawk-format-lifetime-candidate/release/rboxc)
==747921==    by 0x5A18600: (below main) (libc_start_call_main.h:59)
==747921== 
==747921== 88 bytes in 1 blocks are still reachable in loss record 136 of 218
==747921==    at 0x586E858: malloc (vg_replace_malloc.c:447)
==747921==    by 0x473EBAB: rboxc_gawk_r_getblock (in /root/rboxc/target/gawk-format-lifetime-candidate/release/rboxc)
==747921==    by 0x473EF81: rboxc_gawk_make_str_node (in /root/rboxc/target/gawk-format-lifetime-candidate/release/rboxc)
==747921==    by 0x472EB44: rboxc_gawk_update_PROCINFO_num (in /root/rboxc/target/gawk-format-lifetime-candidate/release/rboxc)
==747921==    by 0x443F5BA: single_binary_main_gawk (in /root/rboxc/target/gawk-format-lifetime-candidate/release/rboxc)
==747921==    by 0x5A18600: (below main) (libc_start_call_main.h:59)
==747921== 
==747921== 88 bytes in 1 blocks are still reachable in loss record 137 of 218
==747921==    at 0x586E858: malloc (vg_replace_malloc.c:447)
==747921==    by 0x473EBAB: rboxc_gawk_r_getblock (in /root/rboxc/target/gawk-format-lifetime-candidate/release/rboxc)
==747921==    by 0x473F4F0: r_make_number (in /root/rboxc/target/gawk-format-lifetime-candidate/release/rboxc)
==747921==    by 0x472EB53: rboxc_gawk_update_PROCINFO_num (in /root/rboxc/target/gawk-format-lifetime-candidate/release/rboxc)
==747921==    by 0x443F5BA: single_binary_main_gawk (in /root/rboxc/target/gawk-format-lifetime-candidate/release/rboxc)
==747921==    by 0x5A18600: (below main) (libc_start_call_main.h:59)
==747921== 
==747921== 88 bytes in 1 blocks are still reachable in loss record 138 of 218
==747921==    at 0x586E858: malloc (vg_replace_malloc.c:447)
==747921==    by 0x473EBAB: rboxc_gawk_r_getblock (in /root/rboxc/target/gawk-format-lifetime-candidate/release/rboxc)
==747921==    by 0x473EF81: rboxc_gawk_make_str_node (in /root/rboxc/target/gawk-format-lifetime-candidate/release/rboxc)
==747921==    by 0x472B6AF: update_PROCINFO_str.part.0 (in /root/rboxc/target/gawk-format-lifetime-candidate/release/rboxc)
==747921==    by 0x443F5CC: single_binary_main_gawk (in /root/rboxc/target/gawk-format-lifetime-candidate/release/rboxc)
==747921==    by 0x5A18600: (below main) (libc_start_call_main.h:59)
==747921== 
==747921== 88 bytes in 1 blocks are still reachable in loss record 139 of 218
==747921==    at 0x586E858: malloc (vg_replace_malloc.c:447)
==747921==    by 0x473EBAB: rboxc_gawk_r_getblock (in /root/rboxc/target/gawk-format-lifetime-candidate/release/rboxc)
==747921==    by 0x473EF81: rboxc_gawk_make_str_node (in /root/rboxc/target/gawk-format-lifetime-candidate/release/rboxc)
==747921==    by 0x472B6C7: update_PROCINFO_str.part.0 (in /root/rboxc/target/gawk-format-lifetime-candidate/release/rboxc)
==747921==    by 0x443F5CC: single_binary_main_gawk (in /root/rboxc/target/gawk-format-lifetime-candidate/release/rboxc)
==747921==    by 0x5A18600: (below main) (libc_start_call_main.h:59)
==747921== 
==747921== 88 bytes in 1 blocks are still reachable in loss record 140 of 218
==747921==    at 0x586E858: malloc (vg_replace_malloc.c:447)
==747921==    by 0x473EBAB: rboxc_gawk_r_getblock (in /root/rboxc/target/gawk-format-lifetime-candidate/release/rboxc)
==747921==    by 0x473EF81: rboxc_gawk_make_str_node (in /root/rboxc/target/gawk-format-lifetime-candidate/release/rboxc)
==747921==    by 0x472B6AF: update_PROCINFO_str.part.0 (in /root/rboxc/target/gawk-format-lifetime-candidate/release/rboxc)
==747921==    by 0x443F758: single_binary_main_gawk (in /root/rboxc/target/gawk-format-lifetime-candidate/release/rboxc)
==747921==    by 0x5A18600: (below main) (libc_start_call_main.h:59)
==747921== 
==747921== 88 bytes in 1 blocks are still reachable in loss record 141 of 218
==747921==    at 0x586E858: malloc (vg_replace_malloc.c:447)
==747921==    by 0x473EBAB: rboxc_gawk_r_getblock (in /root/rboxc/target/gawk-format-lifetime-candidate/release/rboxc)
==747921==    by 0x473EF81: rboxc_gawk_make_str_node (in /root/rboxc/target/gawk-format-lifetime-candidate/release/rboxc)
==747921==    by 0x472B6C7: update_PROCINFO_str.part.0 (in /root/rboxc/target/gawk-format-lifetime-candidate/release/rboxc)
==747921==    by 0x443F758: single_binary_main_gawk (in /root/rboxc/target/gawk-format-lifetime-candidate/release/rboxc)
==747921==    by 0x5A18600: (below main) (libc_start_call_main.h:59)
==747921== 
==747921== 88 bytes in 1 blocks are still reachable in loss record 142 of 218
==747921==    at 0x586E858: malloc (vg_replace_malloc.c:447)
==747921==    by 0x473EBAB: rboxc_gawk_r_getblock (in /root/rboxc/target/gawk-format-lifetime-candidate/release/rboxc)
==747921==    by 0x443F782: single_binary_main_gawk (in /root/rboxc/target/gawk-format-lifetime-candidate/release/rboxc)
==747921==    by 0x5A18600: (below main) (libc_start_call_main.h:59)
==747921== 
==747921== 88 bytes in 1 blocks are still reachable in loss record 143 of 218
==747921==    at 0x586E858: malloc (vg_replace_malloc.c:447)
==747921==    by 0x473EBAB: rboxc_gawk_r_getblock (in /root/rboxc/target/gawk-format-lifetime-candidate/release/rboxc)
==747921==    by 0x470A932: cint_lookup (in /root/rboxc/target/gawk-format-lifetime-candidate/release/rboxc)
==747921==    by 0x4435AE2: rboxc::applet_gawk::assoc_set (in /root/rboxc/target/gawk-format-lifetime-candidate/release/rboxc)
==747921==    by 0x4440162: single_binary_main_gawk (in /root/rboxc/target/gawk-format-lifetime-candidate/release/rboxc)
==747921==    by 0x5A18600: (below main) (libc_start_call_main.h:59)
==747921== 
==747921== 88 bytes in 1 blocks are still reachable in loss record 144 of 218
==747921==    at 0x586E858: malloc (vg_replace_malloc.c:447)
==747921==    by 0x473EBAB: rboxc_gawk_r_getblock (in /root/rboxc/target/gawk-format-lifetime-candidate/release/rboxc)
==747921==    by 0x470A547: tree_lookup (in /root/rboxc/target/gawk-format-lifetime-candidate/release/rboxc)
==747921==    by 0x4435AE2: rboxc::applet_gawk::assoc_set (in /root/rboxc/target/gawk-format-lifetime-candidate/release/rboxc)
==747921==    by 0x4440162: single_binary_main_gawk (in /root/rboxc/target/gawk-format-lifetime-candidate/release/rboxc)
==747921==    by 0x5A18600: (below main) (libc_start_call_main.h:59)
==747921== 
==747921== 88 bytes in 1 blocks are still reachable in loss record 145 of 218
==747921==    at 0x586E858: malloc (vg_replace_malloc.c:447)
==747921==    by 0x473EBAB: rboxc_gawk_r_getblock (in /root/rboxc/target/gawk-format-lifetime-candidate/release/rboxc)
==747921==    by 0x473EF81: rboxc_gawk_make_str_node (in /root/rboxc/target/gawk-format-lifetime-candidate/release/rboxc)
==747921==    by 0x443F86B: single_binary_main_gawk (in /root/rboxc/target/gawk-format-lifetime-candidate/release/rboxc)
==747921==    by 0x5A18600: (below main) (libc_start_call_main.h:59)
==747921== 
==747921== 88 bytes in 1 blocks are still reachable in loss record 146 of 218
==747921==    at 0x586E858: malloc (vg_replace_malloc.c:447)
==747921==    by 0x473EBAB: rboxc_gawk_r_getblock (in /root/rboxc/target/gawk-format-lifetime-candidate/release/rboxc)
==747921==    by 0x473EF81: rboxc_gawk_make_str_node (in /root/rboxc/target/gawk-format-lifetime-candidate/release/rboxc)
==747921==    by 0x474D135: install (in /root/rboxc/target/gawk-format-lifetime-candidate/release/rboxc)
==747921==    by 0x443F92D: single_binary_main_gawk (in /root/rboxc/target/gawk-format-lifetime-candidate/release/rboxc)
==747921==    by 0x5A18600: (below main) (libc_start_call_main.h:59)
==747921== 
==747921== 88 bytes in 1 blocks are still reachable in loss record 147 of 218
==747921==    at 0x586E858: malloc (vg_replace_malloc.c:447)
==747921==    by 0x473EBAB: rboxc_gawk_r_getblock (in /root/rboxc/target/gawk-format-lifetime-candidate/release/rboxc)
==747921==    by 0x474D213: install (in /root/rboxc/target/gawk-format-lifetime-candidate/release/rboxc)
==747921==    by 0x443F92D: single_binary_main_gawk (in /root/rboxc/target/gawk-format-lifetime-candidate/release/rboxc)
==747921==    by 0x5A18600: (below main) (libc_start_call_main.h:59)
==747921== 
==747921== 88 bytes in 1 blocks are still reachable in loss record 148 of 218
==747921==    at 0x586E858: malloc (vg_replace_malloc.c:447)
==747921==    by 0x473EBAB: rboxc_gawk_r_getblock (in /root/rboxc/target/gawk-format-lifetime-candidate/release/rboxc)
==747921==    by 0x473EF81: rboxc_gawk_make_str_node (in /root/rboxc/target/gawk-format-lifetime-candidate/release/rboxc)
==747921==    by 0x472BED5: rboxc_gawk_init_fields (in /root/rboxc/target/gawk-format-lifetime-candidate/release/rboxc)
==747921==    by 0x443F9A0: single_binary_main_gawk (in /root/rboxc/target/gawk-format-lifetime-candidate/release/rboxc)
==747921==    by 0x5A18600: (below main) (libc_start_call_main.h:59)
==747921== 
==747921== 88 bytes in 1 blocks are still reachable in loss record 149 of 218
==747921==    at 0x586E858: malloc (vg_replace_malloc.c:447)
==747921==    by 0x473EBAB: rboxc_gawk_r_getblock (in /root/rboxc/target/gawk-format-lifetime-candidate/release/rboxc)
==747921==    by 0x473EF81: rboxc_gawk_make_str_node (in /root/rboxc/target/gawk-format-lifetime-candidate/release/rboxc)
==747921==    by 0x472BF20: rboxc_gawk_init_fields (in /root/rboxc/target/gawk-format-lifetime-candidate/release/rboxc)
==747921==    by 0x443F9A0: single_binary_main_gawk (in /root/rboxc/target/gawk-format-lifetime-candidate/release/rboxc)
==747921==    by 0x5A18600: (below main) (libc_start_call_main.h:59)
==747921== 
==747921== 88 bytes in 1 blocks are still reachable in loss record 150 of 218
==747921==    at 0x586E858: malloc (vg_replace_malloc.c:447)
==747921==    by 0x473EBAB: rboxc_gawk_r_getblock (in /root/rboxc/target/gawk-format-lifetime-candidate/release/rboxc)
==747921==    by 0x471F151: rboxc_gawk_init_interpret (in /root/rboxc/target/gawk-format-lifetime-candidate/release/rboxc)
==747921==    by 0x443FE94: single_binary_main_gawk (in /root/rboxc/target/gawk-format-lifetime-candidate/release/rboxc)
==747921==    by 0x5A18600: (below main) (libc_start_call_main.h:59)
==747921== 
==747921== 88 bytes in 1 blocks are still reachable in loss record 151 of 218
==747921==    at 0x586E858: malloc (vg_replace_malloc.c:447)
==747921==    by 0x473EBAB: rboxc_gawk_r_getblock (in /root/rboxc/target/gawk-format-lifetime-candidate/release/rboxc)
==747921==    by 0x473F4F0: r_make_number (in /root/rboxc/target/gawk-format-lifetime-candidate/release/rboxc)
==747921==    by 0x471F1A5: rboxc_gawk_init_interpret (in /root/rboxc/target/gawk-format-lifetime-candidate/release/rboxc)
==747921==    by 0x443FE94: single_binary_main_gawk (in /root/rboxc/target/gawk-format-lifetime-candidate/release/rboxc)
==747921==    by 0x5A18600: (below main) (libc_start_call_main.h:59)
==747921== 
==747921== 88 bytes in 1 blocks are still reachable in loss record 152 of 218
==747921==    at 0x586E858: malloc (vg_replace_malloc.c:447)
==747921==    by 0x473EBAB: rboxc_gawk_r_getblock (in /root/rboxc/target/gawk-format-lifetime-candidate/release/rboxc)
==747921==    by 0x473F4F0: r_make_number (in /root/rboxc/target/gawk-format-lifetime-candidate/release/rboxc)
==747921==    by 0x471F1BA: rboxc_gawk_init_interpret (in /root/rboxc/target/gawk-format-lifetime-candidate/release/rboxc)
==747921==    by 0x443FE94: single_binary_main_gawk (in /root/rboxc/target/gawk-format-lifetime-candidate/release/rboxc)
==747921==    by 0x5A18600: (below main) (libc_start_call_main.h:59)
==747921== 
==747921== 88 bytes in 1 blocks are still reachable in loss record 153 of 218
==747921==    at 0x586E858: malloc (vg_replace_malloc.c:447)
==747921==    by 0x473EBAB: rboxc_gawk_r_getblock (in /root/rboxc/target/gawk-format-lifetime-candidate/release/rboxc)
==747921==    by 0x473EF81: rboxc_gawk_make_str_node (in /root/rboxc/target/gawk-format-lifetime-candidate/release/rboxc)
==747921==    by 0x474D135: install (in /root/rboxc/target/gawk-format-lifetime-candidate/release/rboxc)
==747921==    by 0x443FF58: single_binary_main_gawk (in /root/rboxc/target/gawk-format-lifetime-candidate/release/rboxc)
==747921==    by 0x5A18600: (below main) (libc_start_call_main.h:59)
==747921== 
==747921== 88 bytes in 1 blocks are still reachable in loss record 154 of 218
==747921==    at 0x586E858: malloc (vg_replace_malloc.c:447)
==747921==    by 0x473EBAB: rboxc_gawk_r_getblock (in /root/rboxc/target/gawk-format-lifetime-candidate/release/rboxc)
==747921==    by 0x474D213: install (in /root/rboxc/target/gawk-format-lifetime-candidate/release/rboxc)
==747921==    by 0x443FF58: single_binary_main_gawk (in /root/rboxc/target/gawk-format-lifetime-candidate/release/rboxc)
==747921==    by 0x5A18600: (below main) (libc_start_call_main.h:59)
==747921== 
==747921== 88 bytes in 1 blocks are still reachable in loss record 155 of 218
==747921==    at 0x586E858: malloc (vg_replace_malloc.c:447)
==747921==    by 0x473EBAB: rboxc_gawk_r_getblock (in /root/rboxc/target/gawk-format-lifetime-candidate/release/rboxc)
==747921==    by 0x473EF81: rboxc_gawk_make_str_node (in /root/rboxc/target/gawk-format-lifetime-candidate/release/rboxc)
==747921==    by 0x443FF98: single_binary_main_gawk (in /root/rboxc/target/gawk-format-lifetime-candidate/release/rboxc)
==747921==    by 0x5A18600: (below main) (libc_start_call_main.h:59)
==747921== 
==747921== 88 bytes in 1 blocks are still reachable in loss record 156 of 218
==747921==    at 0x586E858: malloc (vg_replace_malloc.c:447)
==747921==    by 0x473EBAB: rboxc_gawk_r_getblock (in /root/rboxc/target/gawk-format-lifetime-candidate/release/rboxc)
==747921==    by 0x470A932: cint_lookup (in /root/rboxc/target/gawk-format-lifetime-candidate/release/rboxc)
==747921==    by 0x4435AE2: rboxc::applet_gawk::assoc_set (in /root/rboxc/target/gawk-format-lifetime-candidate/release/rboxc)
==747921==    by 0x443FFAB: single_binary_main_gawk (in /root/rboxc/target/gawk-format-lifetime-candidate/release/rboxc)
==747921==    by 0x5A18600: (below main) (libc_start_call_main.h:59)
==747921== 
==747921== 88 bytes in 1 blocks are still reachable in loss record 157 of 218
==747921==    at 0x586E858: malloc (vg_replace_malloc.c:447)
==747921==    by 0x473EBAB: rboxc_gawk_r_getblock (in /root/rboxc/target/gawk-format-lifetime-candidate/release/rboxc)
==747921==    by 0x470A547: tree_lookup (in /root/rboxc/target/gawk-format-lifetime-candidate/release/rboxc)
==747921==    by 0x4435AE2: rboxc::applet_gawk::assoc_set (in /root/rboxc/target/gawk-format-lifetime-candidate/release/rboxc)
==747921==    by 0x443FFAB: single_binary_main_gawk (in /root/rboxc/target/gawk-format-lifetime-candidate/release/rboxc)
==747921==    by 0x5A18600: (below main) (libc_start_call_main.h:59)
==747921== 
==747921== 88 bytes in 1 blocks are still reachable in loss record 158 of 218
==747921==    at 0x586E858: malloc (vg_replace_malloc.c:447)
==747921==    by 0x473EBAB: rboxc_gawk_r_getblock (in /root/rboxc/target/gawk-format-lifetime-candidate/release/rboxc)
==747921==    by 0x473EF81: rboxc_gawk_make_str_node (in /root/rboxc/target/gawk-format-lifetime-candidate/release/rboxc)
==747921==    by 0x474D135: install (in /root/rboxc/target/gawk-format-lifetime-candidate/release/rboxc)
==747921==    by 0x4440233: single_binary_main_gawk (in /root/rboxc/target/gawk-format-lifetime-candidate/release/rboxc)
==747921==    by 0x5A18600: (below main) (libc_start_call_main.h:59)
==747921== 
==747921== 88 bytes in 1 blocks are still reachable in loss record 159 of 218
==747921==    at 0x586E858: malloc (vg_replace_malloc.c:447)
==747921==    by 0x473EBAB: rboxc_gawk_r_getblock (in /root/rboxc/target/gawk-format-lifetime-candidate/release/rboxc)
==747921==    by 0x474D213: install (in /root/rboxc/target/gawk-format-lifetime-candidate/release/rboxc)
==747921==    by 0x4440233: single_binary_main_gawk (in /root/rboxc/target/gawk-format-lifetime-candidate/release/rboxc)
==747921==    by 0x5A18600: (below main) (libc_start_call_main.h:59)
==747921== 
==747921== 88 bytes in 1 blocks are still reachable in loss record 160 of 218
==747921==    at 0x586E858: malloc (vg_replace_malloc.c:447)
==747921==    by 0x473EBAB: rboxc_gawk_r_getblock (in /root/rboxc/target/gawk-format-lifetime-candidate/release/rboxc)
==747921==    by 0x473F4F0: r_make_number (in /root/rboxc/target/gawk-format-lifetime-candidate/release/rboxc)
==747921==    by 0x4440258: single_binary_main_gawk (in /root/rboxc/target/gawk-format-lifetime-candidate/release/rboxc)
==747921==    by 0x5A18600: (below main) (libc_start_call_main.h:59)
==747921== 
==747921== 88 bytes in 1 blocks are still reachable in loss record 161 of 218
==747921==    at 0x586E858: malloc (vg_replace_malloc.c:447)
==747921==    by 0x473EBAB: rboxc_gawk_r_getblock (in /root/rboxc/target/gawk-format-lifetime-candidate/release/rboxc)
==747921==    by 0x473F4F0: r_make_number (in /root/rboxc/target/gawk-format-lifetime-candidate/release/rboxc)
==747921==    by 0x46EFECC: yylex (in /root/rboxc/target/gawk-format-lifetime-candidate/release/rboxc)
==747921==    by 0x46F249C: rboxc_gawk_yyparse (in /root/rboxc/target/gawk-format-lifetime-candidate/release/rboxc)
==747921==    by 0x46F639A: rboxc_gawk_parse_program (in /root/rboxc/target/gawk-format-lifetime-candidate/release/rboxc)
==747921==    by 0x44402A4: single_binary_main_gawk (in /root/rboxc/target/gawk-format-lifetime-candidate/release/rboxc)
==747921==    by 0x5A18600: (below main) (libc_start_call_main.h:59)
==747921== 
==747921== 88 bytes in 1 blocks are still reachable in loss record 162 of 218
==747921==    at 0x586E858: malloc (vg_replace_malloc.c:447)
==747921==    by 0x473EBAB: rboxc_gawk_r_getblock (in /root/rboxc/target/gawk-format-lifetime-candidate/release/rboxc)
==747921==    by 0x473EF81: rboxc_gawk_make_str_node (in /root/rboxc/target/gawk-format-lifetime-candidate/release/rboxc)
==747921==    by 0x474E0B7: rboxc_gawk_load_symbols (in /root/rboxc/target/gawk-format-lifetime-candidate/release/rboxc)
==747921==    by 0x444037C: single_binary_main_gawk (in /root/rboxc/target/gawk-format-lifetime-candidate/release/rboxc)
==747921==    by 0x5A18600: (below main) (libc_start_call_main.h:59)
==747921== 
==747921== 88 bytes in 1 blocks are still reachable in loss record 163 of 218
==747921==    at 0x586E858: malloc (vg_replace_malloc.c:447)
==747921==    by 0x473EBAB: rboxc_gawk_r_getblock (in /root/rboxc/target/gawk-format-lifetime-candidate/release/rboxc)
==747921==    by 0x474E0D4: rboxc_gawk_load_symbols (in /root/rboxc/target/gawk-format-lifetime-candidate/release/rboxc)
==747921==    by 0x444037C: single_binary_main_gawk (in /root/rboxc/target/gawk-format-lifetime-candidate/release/rboxc)
==747921==    by 0x5A18600: (below main) (libc_start_call_main.h:59)
==747921== 
==747921== 88 bytes in 1 blocks are still reachable in loss record 164 of 218
==747921==    at 0x586E858: malloc (vg_replace_malloc.c:447)
==747921==    by 0x473EBAB: rboxc_gawk_r_getblock (in /root/rboxc/target/gawk-format-lifetime-candidate/release/rboxc)
==747921==    by 0x473EF81: rboxc_gawk_make_str_node (in /root/rboxc/target/gawk-format-lifetime-candidate/release/rboxc)
==747921==    by 0x474E1BA: rboxc_gawk_load_symbols (in /root/rboxc/target/gawk-format-lifetime-candidate/release/rboxc)
==747921==    by 0x444037C: single_binary_main_gawk (in /root/rboxc/target/gawk-format-lifetime-candidate/release/rboxc)
==747921==    by 0x5A18600: (below main) (libc_start_call_main.h:59)
==747921== 
==747921== 88 bytes in 1 blocks are still reachable in loss record 165 of 218
==747921==    at 0x586E858: malloc (vg_replace_malloc.c:447)
==747921==    by 0x473EBAB: rboxc_gawk_r_getblock (in /root/rboxc/target/gawk-format-lifetime-candidate/release/rboxc)
==747921==    by 0x473EF81: rboxc_gawk_make_str_node (in /root/rboxc/target/gawk-format-lifetime-candidate/release/rboxc)
==747921==    by 0x474E1D2: rboxc_gawk_load_symbols (in /root/rboxc/target/gawk-format-lifetime-candidate/release/rboxc)
==747921==    by 0x444037C: single_binary_main_gawk (in /root/rboxc/target/gawk-format-lifetime-candidate/release/rboxc)
==747921==    by 0x5A18600: (below main) (libc_start_call_main.h:59)
==747921== 
==747921== 88 bytes in 1 blocks are still reachable in loss record 166 of 218
==747921==    at 0x586E858: malloc (vg_replace_malloc.c:447)
==747921==    by 0x473EBAB: rboxc_gawk_r_getblock (in /root/rboxc/target/gawk-format-lifetime-candidate/release/rboxc)
==747921==    by 0x473EF81: rboxc_gawk_make_str_node (in /root/rboxc/target/gawk-format-lifetime-candidate/release/rboxc)
==747921==    by 0x474E1EA: rboxc_gawk_load_symbols (in /root/rboxc/target/gawk-format-lifetime-candidate/release/rboxc)
==747921==    by 0x444037C: single_binary_main_gawk (in /root/rboxc/target/gawk-format-lifetime-candidate/release/rboxc)
==747921==    by 0x5A18600: (below main) (libc_start_call_main.h:59)
==747921== 
==747921== 88 bytes in 1 blocks are still reachable in loss record 167 of 218
==747921==    at 0x586E858: malloc (vg_replace_malloc.c:447)
==747921==    by 0x473EBAB: rboxc_gawk_r_getblock (in /root/rboxc/target/gawk-format-lifetime-candidate/release/rboxc)
==747921==    by 0x473EF81: rboxc_gawk_make_str_node (in /root/rboxc/target/gawk-format-lifetime-candidate/release/rboxc)
==747921==    by 0x474E202: rboxc_gawk_load_symbols (in /root/rboxc/target/gawk-format-lifetime-candidate/release/rboxc)
==747921==    by 0x444037C: single_binary_main_gawk (in /root/rboxc/target/gawk-format-lifetime-candidate/release/rboxc)
==747921==    by 0x5A18600: (below main) (libc_start_call_main.h:59)
==747921== 
==747921== 88 bytes in 1 blocks are still reachable in loss record 168 of 218
==747921==    at 0x586E858: malloc (vg_replace_malloc.c:447)
==747921==    by 0x473EBAB: rboxc_gawk_r_getblock (in /root/rboxc/target/gawk-format-lifetime-candidate/release/rboxc)
==747921==    by 0x473EF81: rboxc_gawk_make_str_node (in /root/rboxc/target/gawk-format-lifetime-candidate/release/rboxc)
==747921==    by 0x4700270: rboxc_gawk_do_sub (in /root/rboxc/target/gawk-format-lifetime-candidate/release/rboxc)
==747921==    by 0x47263C1: rboxc_gawk_r_interpret (in /root/rboxc/target/gawk-format-lifetime-candidate/release/rboxc)
==747921==    by 0x4440403: single_binary_main_gawk (in /root/rboxc/target/gawk-format-lifetime-candidate/release/rboxc)
==747921==    by 0x5A18600: (below main) (libc_start_call_main.h:59)
==747921== 
==747921== 88 bytes in 1 blocks are still reachable in loss record 169 of 218
==747921==    at 0x586E858: malloc (vg_replace_malloc.c:447)
==747921==    by 0x473EBAB: rboxc_gawk_r_getblock (in /root/rboxc/target/gawk-format-lifetime-candidate/release/rboxc)
==747921==    by 0x473EF81: rboxc_gawk_make_str_node (in /root/rboxc/target/gawk-format-lifetime-candidate/release/rboxc)
==747921==    by 0x46F9FF2: rboxc_gawk_do_substr (in /root/rboxc/target/gawk-format-lifetime-candidate/release/rboxc)
==747921==    by 0x47262FC: rboxc_gawk_r_interpret (in /root/rboxc/target/gawk-format-lifetime-candidate/release/rboxc)
==747921==    by 0x4440403: single_binary_main_gawk (in /root/rboxc/target/gawk-format-lifetime-candidate/release/rboxc)
==747921==    by 0x5A18600: (below main) (libc_start_call_main.h:59)
==747921== 
==747921== 96 bytes in 2 blocks are still reachable in loss record 170 of 218
==747921==    at 0x586E858: malloc (vg_replace_malloc.c:447)
==747921==    by 0x473EBAB: rboxc_gawk_r_getblock (in /root/rboxc/target/gawk-format-lifetime-candidate/release/rboxc)
==747921==    by 0x474C959: str_lookup (in /root/rboxc/target/gawk-format-lifetime-candidate/release/rboxc)
==747921==    by 0x474D16C: install (in /root/rboxc/target/gawk-format-lifetime-candidate/release/rboxc)
==747921==    by 0x46F26C3: rboxc_gawk_yyparse (in /root/rboxc/target/gawk-format-lifetime-candidate/release/rboxc)
==747921==    by 0x46F639A: rboxc_gawk_parse_program (in /root/rboxc/target/gawk-format-lifetime-candidate/release/rboxc)
==747921==    by 0x44402A4: single_binary_main_gawk (in /root/rboxc/target/gawk-format-lifetime-candidate/release/rboxc)
==747921==    by 0x5A18600: (below main) (libc_start_call_main.h:59)
==747921== 
==747921== 104 bytes in 1 blocks are still reachable in loss record 171 of 218
==747921==    at 0x5875E43: calloc (vg_replace_malloc.c:1678)
==747921==    by 0x474BDD4: grow_table (in /root/rboxc/target/gawk-format-lifetime-candidate/release/rboxc)
==747921==    by 0x474C9BC: str_lookup (in /root/rboxc/target/gawk-format-lifetime-candidate/release/rboxc)
==747921==    by 0x474D16C: install (in /root/rboxc/target/gawk-format-lifetime-candidate/release/rboxc)
==747921==    by 0x474D449: init_the_tables (in /root/rboxc/target/gawk-format-lifetime-candidate/release/rboxc)
==747921==    by 0x443E550: single_binary_main_gawk (in /root/rboxc/target/gawk-format-lifetime-candidate/release/rboxc)
==747921==    by 0x5A18600: (below main) (libc_start_call_main.h:59)
==747921== 
==747921== 104 bytes in 1 blocks are still reachable in loss record 172 of 218
==747921==    at 0x5875E43: calloc (vg_replace_malloc.c:1678)
==747921==    by 0x474BDD4: grow_table (in /root/rboxc/target/gawk-format-lifetime-candidate/release/rboxc)
==747921==    by 0x474C9BC: str_lookup (in /root/rboxc/target/gawk-format-lifetime-candidate/release/rboxc)
==747921==    by 0x474D16C: install (in /root/rboxc/target/gawk-format-lifetime-candidate/release/rboxc)
==747921==    by 0x443F280: single_binary_main_gawk (in /root/rboxc/target/gawk-format-lifetime-candidate/release/rboxc)
==747921==    by 0x5A18600: (below main) (libc_start_call_main.h:59)
==747921== 
==747921== 104 bytes in 1 blocks are still reachable in loss record 173 of 218
==747921==    at 0x5875E43: calloc (vg_replace_malloc.c:1678)
==747921==    by 0x474BDD4: grow_table (in /root/rboxc/target/gawk-format-lifetime-candidate/release/rboxc)
==747921==    by 0x474C9BC: str_lookup (in /root/rboxc/target/gawk-format-lifetime-candidate/release/rboxc)
==747921==    by 0x472B6DE: update_PROCINFO_str.part.0 (in /root/rboxc/target/gawk-format-lifetime-candidate/release/rboxc)
==747921==    by 0x443F4C2: single_binary_main_gawk (in /root/rboxc/target/gawk-format-lifetime-candidate/release/rboxc)
==747921==    by 0x5A18600: (below main) (libc_start_call_main.h:59)
==747921== 
==747921== 104 bytes in 1 blocks are still reachable in loss record 174 of 218
==747921==    at 0x5875E43: calloc (vg_replace_malloc.c:1678)
==747921==    by 0x474BDD4: grow_table (in /root/rboxc/target/gawk-format-lifetime-candidate/release/rboxc)
==747921==    by 0x474C9BC: str_lookup (in /root/rboxc/target/gawk-format-lifetime-candidate/release/rboxc)
==747921==    by 0x443FD46: single_binary_main_gawk (in /root/rboxc/target/gawk-format-lifetime-candidate/release/rboxc)
==747921==    by 0x5A18600: (below main) (libc_start_call_main.h:59)
==747921== 
==747921== 104 bytes in 1 blocks are still reachable in loss record 175 of 218
==747921==    at 0x5875E43: calloc (vg_replace_malloc.c:1678)
==747921==    by 0x474BDD4: grow_table (in /root/rboxc/target/gawk-format-lifetime-candidate/release/rboxc)
==747921==    by 0x474C9BC: str_lookup (in /root/rboxc/target/gawk-format-lifetime-candidate/release/rboxc)
==747921==    by 0x474D16C: install (in /root/rboxc/target/gawk-format-lifetime-candidate/release/rboxc)
==747921==    by 0x46EF48E: rboxc_gawk_install_builtins (in /root/rboxc/target/gawk-format-lifetime-candidate/release/rboxc)
==747921==    by 0x444030E: single_binary_main_gawk (in /root/rboxc/target/gawk-format-lifetime-candidate/release/rboxc)
==747921==    by 0x5A18600: (below main) (libc_start_call_main.h:59)
==747921== 
==747921== 104 bytes in 1 blocks are still reachable in loss record 176 of 218
==747921==    at 0x5875E43: calloc (vg_replace_malloc.c:1678)
==747921==    by 0x474BDD4: grow_table (in /root/rboxc/target/gawk-format-lifetime-candidate/release/rboxc)
==747921==    by 0x474C9BC: str_lookup (in /root/rboxc/target/gawk-format-lifetime-candidate/release/rboxc)
==747921==    by 0x474E3C9: rboxc_gawk_load_symbols (in /root/rboxc/target/gawk-format-lifetime-candidate/release/rboxc)
==747921==    by 0x444037C: single_binary_main_gawk (in /root/rboxc/target/gawk-format-lifetime-candidate/release/rboxc)
==747921==    by 0x5A18600: (below main) (libc_start_call_main.h:59)
==747921== 
==747921== 128 bytes in 2 blocks are still reachable in loss record 177 of 218
==747921==    at 0x586E858: malloc (vg_replace_malloc.c:447)
==747921==    by 0x475A691: cset_invert (in /root/rboxc/target/gawk-format-lifetime-candidate/release/rboxc)
==747921==    by 0x475B5FC: rep (in /root/rboxc/target/gawk-format-lifetime-candidate/release/rboxc)
==747921==    by 0x475C491: cat (in /root/rboxc/target/gawk-format-lifetime-candidate/release/rboxc)
==747921==    by 0x475C568: alt (in /root/rboxc/target/gawk-format-lifetime-candidate/release/rboxc)
==747921==    by 0x475CEB0: compile.constprop.0 (in /root/rboxc/target/gawk-format-lifetime-candidate/release/rboxc)
==747921==    by 0x475FE38: rboxc_gawk_minrx_regncomp (in /root/rboxc/target/gawk-format-lifetime-candidate/release/rboxc)
==747921==    by 0x474A2BD: rboxc_gawk_make_regexp (in /root/rboxc/target/gawk-format-lifetime-candidate/release/rboxc)
==747921==    by 0x46EF24B: rboxc_gawk_make_regnode (in /root/rboxc/target/gawk-format-lifetime-candidate/release/rboxc)
==747921==    by 0x46F35F6: rboxc_gawk_yyparse (in /root/rboxc/target/gawk-format-lifetime-candidate/release/rboxc)
==747921==    by 0x46F639A: rboxc_gawk_parse_program (in /root/rboxc/target/gawk-format-lifetime-candidate/release/rboxc)
==747921==    by 0x44402A4: single_binary_main_gawk (in /root/rboxc/target/gawk-format-lifetime-candidate/release/rboxc)
==747921== 
==747921== 151 bytes in 24 blocks are still reachable in loss record 178 of 218
==747921==    at 0x586E858: malloc (vg_replace_malloc.c:447)
==747921==    by 0x443F1EC: single_binary_main_gawk (in /root/rboxc/target/gawk-format-lifetime-candidate/release/rboxc)
==747921==    by 0x5A18600: (below main) (libc_start_call_main.h:59)
==747921== 
==747921== 151 bytes in 24 blocks are still reachable in loss record 179 of 218
==747921==    at 0x586E858: malloc (vg_replace_malloc.c:447)
==747921==    by 0x473F017: rboxc_gawk_make_str_node (in /root/rboxc/target/gawk-format-lifetime-candidate/release/rboxc)
==747921==    by 0x474D135: install (in /root/rboxc/target/gawk-format-lifetime-candidate/release/rboxc)
==747921==    by 0x443F280: single_binary_main_gawk (in /root/rboxc/target/gawk-format-lifetime-candidate/release/rboxc)
==747921==    by 0x5A18600: (below main) (libc_start_call_main.h:59)
==747921== 
==747921== 160 bytes in 2 blocks are still reachable in loss record 180 of 218
==747921==    at 0x586E858: malloc (vg_replace_malloc.c:447)
==747921==    by 0x4758441: add_range_to_set (in /root/rboxc/target/gawk-format-lifetime-candidate/release/rboxc)
==747921==    by 0x475A72D: cset_invert (in /root/rboxc/target/gawk-format-lifetime-candidate/release/rboxc)
==747921==    by 0x475B5FC: rep (in /root/rboxc/target/gawk-format-lifetime-candidate/release/rboxc)
==747921==    by 0x475C491: cat (in /root/rboxc/target/gawk-format-lifetime-candidate/release/rboxc)
==747921==    by 0x475C568: alt (in /root/rboxc/target/gawk-format-lifetime-candidate/release/rboxc)
==747921==    by 0x475CEB0: compile.constprop.0 (in /root/rboxc/target/gawk-format-lifetime-candidate/release/rboxc)
==747921==    by 0x475FE38: rboxc_gawk_minrx_regncomp (in /root/rboxc/target/gawk-format-lifetime-candidate/release/rboxc)
==747921==    by 0x474A2BD: rboxc_gawk_make_regexp (in /root/rboxc/target/gawk-format-lifetime-candidate/release/rboxc)
==747921==    by 0x46EF24B: rboxc_gawk_make_regnode (in /root/rboxc/target/gawk-format-lifetime-candidate/release/rboxc)
==747921==    by 0x46F35F6: rboxc_gawk_yyparse (in /root/rboxc/target/gawk-format-lifetime-candidate/release/rboxc)
==747921==    by 0x46F639A: rboxc_gawk_parse_program (in /root/rboxc/target/gawk-format-lifetime-candidate/release/rboxc)
==747921== 
==747921== 176 bytes in 2 blocks are still reachable in loss record 181 of 218
==747921==    at 0x586E858: malloc (vg_replace_malloc.c:447)
==747921==    by 0x473EBAB: rboxc_gawk_r_getblock (in /root/rboxc/target/gawk-format-lifetime-candidate/release/rboxc)
==747921==    by 0x473EF81: rboxc_gawk_make_str_node (in /root/rboxc/target/gawk-format-lifetime-candidate/release/rboxc)
==747921==    by 0x474D135: install (in /root/rboxc/target/gawk-format-lifetime-candidate/release/rboxc)
==747921==    by 0x46F26C3: rboxc_gawk_yyparse (in /root/rboxc/target/gawk-format-lifetime-candidate/release/rboxc)
==747921==    by 0x46F639A: rboxc_gawk_parse_program (in /root/rboxc/target/gawk-format-lifetime-candidate/release/rboxc)
==747921==    by 0x44402A4: single_binary_main_gawk (in /root/rboxc/target/gawk-format-lifetime-candidate/release/rboxc)
==747921==    by 0x5A18600: (below main) (libc_start_call_main.h:59)
==747921== 
==747921== 176 bytes in 2 blocks are still reachable in loss record 182 of 218
==747921==    at 0x586E858: malloc (vg_replace_malloc.c:447)
==747921==    by 0x473EBAB: rboxc_gawk_r_getblock (in /root/rboxc/target/gawk-format-lifetime-candidate/release/rboxc)
==747921==    by 0x474D213: install (in /root/rboxc/target/gawk-format-lifetime-candidate/release/rboxc)
==747921==    by 0x46F26C3: rboxc_gawk_yyparse (in /root/rboxc/target/gawk-format-lifetime-candidate/release/rboxc)
==747921==    by 0x46F639A: rboxc_gawk_parse_program (in /root/rboxc/target/gawk-format-lifetime-candidate/release/rboxc)
==747921==    by 0x44402A4: single_binary_main_gawk (in /root/rboxc/target/gawk-format-lifetime-candidate/release/rboxc)
==747921==    by 0x5A18600: (below main) (libc_start_call_main.h:59)
==747921== 
==747921== 216 bytes in 25 blocks are still reachable in loss record 183 of 218
==747921==    at 0x586E858: malloc (vg_replace_malloc.c:447)
==747921==    by 0x473F017: rboxc_gawk_make_str_node (in /root/rboxc/target/gawk-format-lifetime-candidate/release/rboxc)
==747921==    by 0x443FD0C: single_binary_main_gawk (in /root/rboxc/target/gawk-format-lifetime-candidate/release/rboxc)
==747921==    by 0x5A18600: (below main) (libc_start_call_main.h:59)
==747921== 
==747921== 256 bytes in 1 blocks are still reachable in loss record 184 of 218
==747921==    at 0x5875E43: calloc (vg_replace_malloc.c:1678)
==747921==    by 0x470A8F2: cint_lookup (in /root/rboxc/target/gawk-format-lifetime-candidate/release/rboxc)
==747921==    by 0x4435AE2: rboxc::applet_gawk::assoc_set (in /root/rboxc/target/gawk-format-lifetime-candidate/release/rboxc)
==747921==    by 0x4440162: single_binary_main_gawk (in /root/rboxc/target/gawk-format-lifetime-candidate/release/rboxc)
==747921==    by 0x5A18600: (below main) (libc_start_call_main.h:59)
==747921== 
==747921== 256 bytes in 1 blocks are still reachable in loss record 185 of 218
==747921==    at 0x5875E43: calloc (vg_replace_malloc.c:1678)
==747921==    by 0x470A2F7: tree_lookup (in /root/rboxc/target/gawk-format-lifetime-candidate/release/rboxc)
==747921==    by 0x4435AE2: rboxc::applet_gawk::assoc_set (in /root/rboxc/target/gawk-format-lifetime-candidate/release/rboxc)
==747921==    by 0x4440162: single_binary_main_gawk (in /root/rboxc/target/gawk-format-lifetime-candidate/release/rboxc)
==747921==    by 0x5A18600: (below main) (libc_start_call_main.h:59)
==747921== 
==747921== 256 bytes in 1 blocks are still reachable in loss record 186 of 218
==747921==    at 0x5875E43: calloc (vg_replace_malloc.c:1678)
==747921==    by 0x470A520: tree_lookup (in /root/rboxc/target/gawk-format-lifetime-candidate/release/rboxc)
==747921==    by 0x4435AE2: rboxc::applet_gawk::assoc_set (in /root/rboxc/target/gawk-format-lifetime-candidate/release/rboxc)
==747921==    by 0x4440162: single_binary_main_gawk (in /root/rboxc/target/gawk-format-lifetime-candidate/release/rboxc)
==747921==    by 0x5A18600: (below main) (libc_start_call_main.h:59)
==747921== 
==747921== 256 bytes in 1 blocks are still reachable in loss record 187 of 218
==747921==    at 0x5875E43: calloc (vg_replace_malloc.c:1678)
==747921==    by 0x470A8F2: cint_lookup (in /root/rboxc/target/gawk-format-lifetime-candidate/release/rboxc)
==747921==    by 0x4435AE2: rboxc::applet_gawk::assoc_set (in /root/rboxc/target/gawk-format-lifetime-candidate/release/rboxc)
==747921==    by 0x443FFAB: single_binary_main_gawk (in /root/rboxc/target/gawk-format-lifetime-candidate/release/rboxc)
==747921==    by 0x5A18600: (below main) (libc_start_call_main.h:59)
==747921== 
==747921== 256 bytes in 1 blocks are still reachable in loss record 188 of 218
==747921==    at 0x5875E43: calloc (vg_replace_malloc.c:1678)
==747921==    by 0x470A2F7: tree_lookup (in /root/rboxc/target/gawk-format-lifetime-candidate/release/rboxc)
==747921==    by 0x4435AE2: rboxc::applet_gawk::assoc_set (in /root/rboxc/target/gawk-format-lifetime-candidate/release/rboxc)
==747921==    by 0x443FFAB: single_binary_main_gawk (in /root/rboxc/target/gawk-format-lifetime-candidate/release/rboxc)
==747921==    by 0x5A18600: (below main) (libc_start_call_main.h:59)
==747921== 
==747921== 256 bytes in 1 blocks are still reachable in loss record 189 of 218
==747921==    at 0x5875E43: calloc (vg_replace_malloc.c:1678)
==747921==    by 0x470A520: tree_lookup (in /root/rboxc/target/gawk-format-lifetime-candidate/release/rboxc)
==747921==    by 0x4435AE2: rboxc::applet_gawk::assoc_set (in /root/rboxc/target/gawk-format-lifetime-candidate/release/rboxc)
==747921==    by 0x443FFAB: single_binary_main_gawk (in /root/rboxc/target/gawk-format-lifetime-candidate/release/rboxc)
==747921==    by 0x5A18600: (below main) (libc_start_call_main.h:59)
==747921== 
==747921== 264 bytes in 3 blocks are still reachable in loss record 190 of 218
==747921==    at 0x586E858: malloc (vg_replace_malloc.c:447)
==747921==    by 0x473EBAB: rboxc_gawk_r_getblock (in /root/rboxc/target/gawk-format-lifetime-candidate/release/rboxc)
==747921==    by 0x473EF81: rboxc_gawk_make_str_node (in /root/rboxc/target/gawk-format-lifetime-candidate/release/rboxc)
==747921==    by 0x4440154: single_binary_main_gawk (in /root/rboxc/target/gawk-format-lifetime-candidate/release/rboxc)
==747921==    by 0x5A18600: (below main) (libc_start_call_main.h:59)
==747921== 
==747921== 264 bytes in 3 blocks are still reachable in loss record 191 of 218
==747921==    at 0x586E858: malloc (vg_replace_malloc.c:447)
==747921==    by 0x473EBAB: rboxc_gawk_r_getblock (in /root/rboxc/target/gawk-format-lifetime-candidate/release/rboxc)
==747921==    by 0x473EF81: rboxc_gawk_make_str_node (in /root/rboxc/target/gawk-format-lifetime-candidate/release/rboxc)
==747921==    by 0x46F35E6: rboxc_gawk_yyparse (in /root/rboxc/target/gawk-format-lifetime-candidate/release/rboxc)
==747921==    by 0x46F639A: rboxc_gawk_parse_program (in /root/rboxc/target/gawk-format-lifetime-candidate/release/rboxc)
==747921==    by 0x44402A4: single_binary_main_gawk (in /root/rboxc/target/gawk-format-lifetime-candidate/release/rboxc)
==747921==    by 0x5A18600: (below main) (libc_start_call_main.h:59)
==747921== 
==747921== 264 bytes in 3 blocks are still reachable in loss record 192 of 218
==747921==    at 0x586E858: malloc (vg_replace_malloc.c:447)
==747921==    by 0x473EBAB: rboxc_gawk_r_getblock (in /root/rboxc/target/gawk-format-lifetime-candidate/release/rboxc)
==747921==    by 0x46EF1E8: rboxc_gawk_make_regnode (in /root/rboxc/target/gawk-format-lifetime-candidate/release/rboxc)
==747921==    by 0x46F35F6: rboxc_gawk_yyparse (in /root/rboxc/target/gawk-format-lifetime-candidate/release/rboxc)
==747921==    by 0x46F639A: rboxc_gawk_parse_program (in /root/rboxc/target/gawk-format-lifetime-candidate/release/rboxc)
==747921==    by 0x44402A4: single_binary_main_gawk (in /root/rboxc/target/gawk-format-lifetime-candidate/release/rboxc)
==747921==    by 0x5A18600: (below main) (libc_start_call_main.h:59)
==747921== 
==747921== 278 bytes in 42 blocks are still reachable in loss record 193 of 218
==747921==    at 0x586E858: malloc (vg_replace_malloc.c:447)
==747921==    by 0x473F017: rboxc_gawk_make_str_node (in /root/rboxc/target/gawk-format-lifetime-candidate/release/rboxc)
==747921==    by 0x474D135: install (in /root/rboxc/target/gawk-format-lifetime-candidate/release/rboxc)
==747921==    by 0x46EF48E: rboxc_gawk_install_builtins (in /root/rboxc/target/gawk-format-lifetime-candidate/release/rboxc)
==747921==    by 0x444030E: single_binary_main_gawk (in /root/rboxc/target/gawk-format-lifetime-candidate/release/rboxc)
==747921==    by 0x5A18600: (below main) (libc_start_call_main.h:59)
==747921== 
==747921== 296 bytes in 1 blocks are still reachable in loss record 194 of 218
==747921==    at 0x5875E43: calloc (vg_replace_malloc.c:1678)
==747921==    by 0x46EA646: do_add_srcfile (in /root/rboxc/target/gawk-format-lifetime-candidate/release/rboxc)
==747921==    by 0x46EE6D0: rboxc_gawk_add_srcfile (in /root/rboxc/target/gawk-format-lifetime-candidate/release/rboxc)
==747921==    by 0x443E939: single_binary_main_gawk (in /root/rboxc/target/gawk-format-lifetime-candidate/release/rboxc)
==747921==    by 0x5A18600: (below main) (libc_start_call_main.h:59)
==747921== 
==747921== 352 bytes in 4 blocks are still reachable in loss record 195 of 218
==747921==    at 0x586E858: malloc (vg_replace_malloc.c:447)
==747921==    by 0x473EBAB: rboxc_gawk_r_getblock (in /root/rboxc/target/gawk-format-lifetime-candidate/release/rboxc)
==747921==    by 0x473EF81: rboxc_gawk_make_str_node (in /root/rboxc/target/gawk-format-lifetime-candidate/release/rboxc)
==747921==    by 0x46F0DF4: yylex (in /root/rboxc/target/gawk-format-lifetime-candidate/release/rboxc)
==747921==    by 0x46F249C: rboxc_gawk_yyparse (in /root/rboxc/target/gawk-format-lifetime-candidate/release/rboxc)
==747921==    by 0x46F639A: rboxc_gawk_parse_program (in /root/rboxc/target/gawk-format-lifetime-candidate/release/rboxc)
==747921==    by 0x44402A4: single_binary_main_gawk (in /root/rboxc/target/gawk-format-lifetime-candidate/release/rboxc)
==747921==    by 0x5A18600: (below main) (libc_start_call_main.h:59)
==747921== 
==747921== 408 bytes in 3 blocks are still reachable in loss record 196 of 218
==747921==    at 0x5875E43: calloc (vg_replace_malloc.c:1678)
==747921==    by 0x474A25C: rboxc_gawk_make_regexp (in /root/rboxc/target/gawk-format-lifetime-candidate/release/rboxc)
==747921==    by 0x46EF24B: rboxc_gawk_make_regnode (in /root/rboxc/target/gawk-format-lifetime-candidate/release/rboxc)
==747921==    by 0x46F35F6: rboxc_gawk_yyparse (in /root/rboxc/target/gawk-format-lifetime-candidate/release/rboxc)
==747921==    by 0x46F639A: rboxc_gawk_parse_program (in /root/rboxc/target/gawk-format-lifetime-candidate/release/rboxc)
==747921==    by 0x44402A4: single_binary_main_gawk (in /root/rboxc/target/gawk-format-lifetime-candidate/release/rboxc)
==747921==    by 0x5A18600: (below main) (libc_start_call_main.h:59)
==747921== 
==747921== 477 bytes in 74 blocks are still reachable in loss record 197 of 218
==747921==    at 0x586E858: malloc (vg_replace_malloc.c:447)
==747921==    by 0x473F017: rboxc_gawk_make_str_node (in /root/rboxc/target/gawk-format-lifetime-candidate/release/rboxc)
==747921==    by 0x474E574: rboxc_gawk_load_symbols (in /root/rboxc/target/gawk-format-lifetime-candidate/release/rboxc)
==747921==    by 0x444037C: single_binary_main_gawk (in /root/rboxc/target/gawk-format-lifetime-candidate/release/rboxc)
==747921==    by 0x5A18600: (below main) (libc_start_call_main.h:59)
==747921== 
==747921== 552 bytes in 1 blocks are still reachable in loss record 198 of 218
==747921==    at 0x5875E43: calloc (vg_replace_malloc.c:1678)
==747921==    by 0x474EA56: rboxc_gawk_new_context (in /root/rboxc/target/gawk-format-lifetime-candidate/release/rboxc)
==747921==    by 0x443E56A: single_binary_main_gawk (in /root/rboxc/target/gawk-format-lifetime-candidate/release/rboxc)
==747921==    by 0x5A18600: (below main) (libc_start_call_main.h:59)
==747921== 
==747921== 576 bytes in 3 blocks are still reachable in loss record 199 of 218
==747921==    at 0x586E858: malloc (vg_replace_malloc.c:447)
==747921==    by 0x475CEDE: compile.constprop.0 (in /root/rboxc/target/gawk-format-lifetime-candidate/release/rboxc)
==747921==    by 0x475FE38: rboxc_gawk_minrx_regncomp (in /root/rboxc/target/gawk-format-lifetime-candidate/release/rboxc)
==747921==    by 0x474A2BD: rboxc_gawk_make_regexp (in /root/rboxc/target/gawk-format-lifetime-candidate/release/rboxc)
==747921==    by 0x46EF24B: rboxc_gawk_make_regnode (in /root/rboxc/target/gawk-format-lifetime-candidate/release/rboxc)
==747921==    by 0x46F35F6: rboxc_gawk_yyparse (in /root/rboxc/target/gawk-format-lifetime-candidate/release/rboxc)
==747921==    by 0x46F639A: rboxc_gawk_parse_program (in /root/rboxc/target/gawk-format-lifetime-candidate/release/rboxc)
==747921==    by 0x44402A4: single_binary_main_gawk (in /root/rboxc/target/gawk-format-lifetime-candidate/release/rboxc)
==747921==    by 0x5A18600: (below main) (libc_start_call_main.h:59)
==747921== 
==747921== 862 bytes in 25 blocks are still reachable in loss record 200 of 218
==747921==    at 0x586E858: malloc (vg_replace_malloc.c:447)
==747921==    by 0x473F017: rboxc_gawk_make_str_node (in /root/rboxc/target/gawk-format-lifetime-candidate/release/rboxc)
==747921==    by 0x443FD20: single_binary_main_gawk (in /root/rboxc/target/gawk-format-lifetime-candidate/release/rboxc)
==747921==    by 0x5A18600: (below main) (libc_start_call_main.h:59)
==747921== 
==747921== 880 bytes in 10 blocks are still reachable in loss record 201 of 218
==747921==    at 0x586E858: malloc (vg_replace_malloc.c:447)
==747921==    by 0x473EBAB: rboxc_gawk_r_getblock (in /root/rboxc/target/gawk-format-lifetime-candidate/release/rboxc)
==747921==    by 0x473F4F0: r_make_number (in /root/rboxc/target/gawk-format-lifetime-candidate/release/rboxc)
==747921==    by 0x443F2C3: single_binary_main_gawk (in /root/rboxc/target/gawk-format-lifetime-candidate/release/rboxc)
==747921==    by 0x5A18600: (below main) (libc_start_call_main.h:59)
==747921== 
==747921== 1,056 bytes in 3 blocks are still reachable in loss record 202 of 218
==747921==    at 0x586E858: malloc (vg_replace_malloc.c:447)
==747921==    by 0x475CCED: compile.constprop.0 (in /root/rboxc/target/gawk-format-lifetime-candidate/release/rboxc)
==747921==    by 0x475FE38: rboxc_gawk_minrx_regncomp (in /root/rboxc/target/gawk-format-lifetime-candidate/release/rboxc)
==747921==    by 0x474A2BD: rboxc_gawk_make_regexp (in /root/rboxc/target/gawk-format-lifetime-candidate/release/rboxc)
==747921==    by 0x46EF24B: rboxc_gawk_make_regnode (in /root/rboxc/target/gawk-format-lifetime-candidate/release/rboxc)
==747921==    by 0x46F35F6: rboxc_gawk_yyparse (in /root/rboxc/target/gawk-format-lifetime-candidate/release/rboxc)
==747921==    by 0x46F639A: rboxc_gawk_parse_program (in /root/rboxc/target/gawk-format-lifetime-candidate/release/rboxc)
==747921==    by 0x44402A4: single_binary_main_gawk (in /root/rboxc/target/gawk-format-lifetime-candidate/release/rboxc)
==747921==    by 0x5A18600: (below main) (libc_start_call_main.h:59)
==747921== 
==747921== 1,152 bytes in 24 blocks are still reachable in loss record 203 of 218
==747921==    at 0x586E858: malloc (vg_replace_malloc.c:447)
==747921==    by 0x473EBAB: rboxc_gawk_r_getblock (in /root/rboxc/target/gawk-format-lifetime-candidate/release/rboxc)
==747921==    by 0x474C959: str_lookup (in /root/rboxc/target/gawk-format-lifetime-candidate/release/rboxc)
==747921==    by 0x474D16C: install (in /root/rboxc/target/gawk-format-lifetime-candidate/release/rboxc)
==747921==    by 0x443F280: single_binary_main_gawk (in /root/rboxc/target/gawk-format-lifetime-candidate/release/rboxc)
==747921==    by 0x5A18600: (below main) (libc_start_call_main.h:59)
==747921== 
==747921== 1,200 bytes in 25 blocks are still reachable in loss record 204 of 218
==747921==    at 0x586E858: malloc (vg_replace_malloc.c:447)
==747921==    by 0x473EBAB: rboxc_gawk_r_getblock (in /root/rboxc/target/gawk-format-lifetime-candidate/release/rboxc)
==747921==    by 0x474C959: str_lookup (in /root/rboxc/target/gawk-format-lifetime-candidate/release/rboxc)
==747921==    by 0x443FD46: single_binary_main_gawk (in /root/rboxc/target/gawk-format-lifetime-candidate/release/rboxc)
==747921==    by 0x5A18600: (below main) (libc_start_call_main.h:59)
==747921== 
==747921== 1,232 bytes in 14 blocks are still reachable in loss record 205 of 218
==747921==    at 0x586E858: malloc (vg_replace_malloc.c:447)
==747921==    by 0x473EBAB: rboxc_gawk_r_getblock (in /root/rboxc/target/gawk-format-lifetime-candidate/release/rboxc)
==747921==    by 0x473EF81: rboxc_gawk_make_str_node (in /root/rboxc/target/gawk-format-lifetime-candidate/release/rboxc)
==747921==    by 0x443F2AA: single_binary_main_gawk (in /root/rboxc/target/gawk-format-lifetime-candidate/release/rboxc)
==747921==    by 0x5A18600: (below main) (libc_start_call_main.h:59)
==747921== 
==747921== 2,016 bytes in 42 blocks are still reachable in loss record 206 of 218
==747921==    at 0x586E858: malloc (vg_replace_malloc.c:447)
==747921==    by 0x473EBAB: rboxc_gawk_r_getblock (in /root/rboxc/target/gawk-format-lifetime-candidate/release/rboxc)
==747921==    by 0x474C959: str_lookup (in /root/rboxc/target/gawk-format-lifetime-candidate/release/rboxc)
==747921==    by 0x474D16C: install (in /root/rboxc/target/gawk-format-lifetime-candidate/release/rboxc)
==747921==    by 0x46EF48E: rboxc_gawk_install_builtins (in /root/rboxc/target/gawk-format-lifetime-candidate/release/rboxc)
==747921==    by 0x444030E: single_binary_main_gawk (in /root/rboxc/target/gawk-format-lifetime-candidate/release/rboxc)
==747921==    by 0x5A18600: (below main) (libc_start_call_main.h:59)
==747921== 
==747921== 2,048 bytes in 1 blocks are still reachable in loss record 207 of 218
==747921==    at 0x586E858: malloc (vg_replace_malloc.c:447)
==747921==    by 0x471F119: rboxc_gawk_init_interpret (in /root/rboxc/target/gawk-format-lifetime-candidate/release/rboxc)
==747921==    by 0x443FE94: single_binary_main_gawk (in /root/rboxc/target/gawk-format-lifetime-candidate/release/rboxc)
==747921==    by 0x5A18600: (below main) (libc_start_call_main.h:59)
==747921== 
==747921== 2,112 bytes in 24 blocks are still reachable in loss record 208 of 218
==747921==    at 0x586E858: malloc (vg_replace_malloc.c:447)
==747921==    by 0x473EBAB: rboxc_gawk_r_getblock (in /root/rboxc/target/gawk-format-lifetime-candidate/release/rboxc)
==747921==    by 0x473EF81: rboxc_gawk_make_str_node (in /root/rboxc/target/gawk-format-lifetime-candidate/release/rboxc)
==747921==    by 0x474D135: install (in /root/rboxc/target/gawk-format-lifetime-candidate/release/rboxc)
==747921==    by 0x443F280: single_binary_main_gawk (in /root/rboxc/target/gawk-format-lifetime-candidate/release/rboxc)
==747921==    by 0x5A18600: (below main) (libc_start_call_main.h:59)
==747921== 
==747921== 2,112 bytes in 24 blocks are still reachable in loss record 209 of 218
==747921==    at 0x586E858: malloc (vg_replace_malloc.c:447)
==747921==    by 0x473EBAB: rboxc_gawk_r_getblock (in /root/rboxc/target/gawk-format-lifetime-candidate/release/rboxc)
==747921==    by 0x474D213: install (in /root/rboxc/target/gawk-format-lifetime-candidate/release/rboxc)
==747921==    by 0x443F280: single_binary_main_gawk (in /root/rboxc/target/gawk-format-lifetime-candidate/release/rboxc)
==747921==    by 0x5A18600: (below main) (libc_start_call_main.h:59)
==747921== 
==747921== 2,200 bytes in 25 blocks are still reachable in loss record 210 of 218
==747921==    at 0x586E858: malloc (vg_replace_malloc.c:447)
==747921==    by 0x473EBAB: rboxc_gawk_r_getblock (in /root/rboxc/target/gawk-format-lifetime-candidate/release/rboxc)
==747921==    by 0x473EF81: rboxc_gawk_make_str_node (in /root/rboxc/target/gawk-format-lifetime-candidate/release/rboxc)
==747921==    by 0x443FD0C: single_binary_main_gawk (in /root/rboxc/target/gawk-format-lifetime-candidate/release/rboxc)
==747921==    by 0x5A18600: (below main) (libc_start_call_main.h:59)
==747921== 
==747921== 2,200 bytes in 25 blocks are still reachable in loss record 211 of 218
==747921==    at 0x586E858: malloc (vg_replace_malloc.c:447)
==747921==    by 0x473EBAB: rboxc_gawk_r_getblock (in /root/rboxc/target/gawk-format-lifetime-candidate/release/rboxc)
==747921==    by 0x473EF81: rboxc_gawk_make_str_node (in /root/rboxc/target/gawk-format-lifetime-candidate/release/rboxc)
==747921==    by 0x443FD20: single_binary_main_gawk (in /root/rboxc/target/gawk-format-lifetime-candidate/release/rboxc)
==747921==    by 0x5A18600: (below main) (libc_start_call_main.h:59)
==747921== 
==747921== 3,552 bytes in 74 blocks are still reachable in loss record 212 of 218
==747921==    at 0x586E858: malloc (vg_replace_malloc.c:447)
==747921==    by 0x473EBAB: rboxc_gawk_r_getblock (in /root/rboxc/target/gawk-format-lifetime-candidate/release/rboxc)
==747921==    by 0x474C959: str_lookup (in /root/rboxc/target/gawk-format-lifetime-candidate/release/rboxc)
==747921==    by 0x474E3C9: rboxc_gawk_load_symbols (in /root/rboxc/target/gawk-format-lifetime-candidate/release/rboxc)
==747921==    by 0x444037C: single_binary_main_gawk (in /root/rboxc/target/gawk-format-lifetime-candidate/release/rboxc)
==747921==    by 0x5A18600: (below main) (libc_start_call_main.h:59)
==747921== 
==747921== 3,696 bytes in 42 blocks are still reachable in loss record 213 of 218
==747921==    at 0x586E858: malloc (vg_replace_malloc.c:447)
==747921==    by 0x473EBAB: rboxc_gawk_r_getblock (in /root/rboxc/target/gawk-format-lifetime-candidate/release/rboxc)
==747921==    by 0x473EF81: rboxc_gawk_make_str_node (in /root/rboxc/target/gawk-format-lifetime-candidate/release/rboxc)
==747921==    by 0x474D135: install (in /root/rboxc/target/gawk-format-lifetime-candidate/release/rboxc)
==747921==    by 0x46EF48E: rboxc_gawk_install_builtins (in /root/rboxc/target/gawk-format-lifetime-candidate/release/rboxc)
==747921==    by 0x444030E: single_binary_main_gawk (in /root/rboxc/target/gawk-format-lifetime-candidate/release/rboxc)
==747921==    by 0x5A18600: (below main) (libc_start_call_main.h:59)
==747921== 
==747921== 3,696 bytes in 42 blocks are still reachable in loss record 214 of 218
==747921==    at 0x586E858: malloc (vg_replace_malloc.c:447)
==747921==    by 0x473EBAB: rboxc_gawk_r_getblock (in /root/rboxc/target/gawk-format-lifetime-candidate/release/rboxc)
==747921==    by 0x474D2FE: install (in /root/rboxc/target/gawk-format-lifetime-candidate/release/rboxc)
==747921==    by 0x46EF48E: rboxc_gawk_install_builtins (in /root/rboxc/target/gawk-format-lifetime-candidate/release/rboxc)
==747921==    by 0x444030E: single_binary_main_gawk (in /root/rboxc/target/gawk-format-lifetime-candidate/release/rboxc)
==747921==    by 0x5A18600: (below main) (libc_start_call_main.h:59)
==747921== 
==747921== 5,048 bytes in 1 blocks are still reachable in loss record 215 of 218
==747921==    at 0x586E858: malloc (vg_replace_malloc.c:447)
==747921==    by 0x474E971: rboxc_gawk_bcalloc (in /root/rboxc/target/gawk-format-lifetime-candidate/release/rboxc)
==747921==    by 0x46F62BC: rboxc_gawk_parse_program (in /root/rboxc/target/gawk-format-lifetime-candidate/release/rboxc)
==747921==    by 0x44402A4: single_binary_main_gawk (in /root/rboxc/target/gawk-format-lifetime-candidate/release/rboxc)
==747921==    by 0x5A18600: (below main) (libc_start_call_main.h:59)
==747921== 
==747921== 5,048 bytes in 1 blocks are still reachable in loss record 216 of 218
==747921==    at 0x586E858: malloc (vg_replace_malloc.c:447)
==747921==    by 0x474E971: rboxc_gawk_bcalloc (in /root/rboxc/target/gawk-format-lifetime-candidate/release/rboxc)
==747921==    by 0x46F67B8: rboxc_gawk_parse_program (in /root/rboxc/target/gawk-format-lifetime-candidate/release/rboxc)
==747921==    by 0x44402A4: single_binary_main_gawk (in /root/rboxc/target/gawk-format-lifetime-candidate/release/rboxc)
==747921==    by 0x5A18600: (below main) (libc_start_call_main.h:59)
==747921== 
==747921== 5,048 bytes in 1 blocks are still reachable in loss record 217 of 218
==747921==    at 0x586E858: malloc (vg_replace_malloc.c:447)
==747921==    by 0x474E971: rboxc_gawk_bcalloc (in /root/rboxc/target/gawk-format-lifetime-candidate/release/rboxc)
==747921==    by 0x46F1F4A: yylex (in /root/rboxc/target/gawk-format-lifetime-candidate/release/rboxc)
==747921==    by 0x46F249C: rboxc_gawk_yyparse (in /root/rboxc/target/gawk-format-lifetime-candidate/release/rboxc)
==747921==    by 0x46F639A: rboxc_gawk_parse_program (in /root/rboxc/target/gawk-format-lifetime-candidate/release/rboxc)
==747921==    by 0x44402A4: single_binary_main_gawk (in /root/rboxc/target/gawk-format-lifetime-candidate/release/rboxc)
==747921==    by 0x5A18600: (below main) (libc_start_call_main.h:59)
==747921== 
==747921== 6,512 bytes in 74 blocks are still reachable in loss record 218 of 218
==747921==    at 0x586E858: malloc (vg_replace_malloc.c:447)
==747921==    by 0x473EBAB: rboxc_gawk_r_getblock (in /root/rboxc/target/gawk-format-lifetime-candidate/release/rboxc)
==747921==    by 0x473EF81: rboxc_gawk_make_str_node (in /root/rboxc/target/gawk-format-lifetime-candidate/release/rboxc)
==747921==    by 0x474E574: rboxc_gawk_load_symbols (in /root/rboxc/target/gawk-format-lifetime-candidate/release/rboxc)
==747921==    by 0x444037C: single_binary_main_gawk (in /root/rboxc/target/gawk-format-lifetime-candidate/release/rboxc)
==747921==    by 0x5A18600: (below main) (libc_start_call_main.h:59)
==747921== 
==747921== LEAK SUMMARY:
==747921==    definitely lost: 0 bytes in 0 blocks
==747921==    indirectly lost: 0 bytes in 0 blocks
==747921==      possibly lost: 0 bytes in 0 blocks
==747921==    still reachable: 66,754 bytes in 905 blocks
==747921==         suppressed: 0 bytes in 0 blocks
==747921== 
==747921== For lists of detected and suppressed errors, rerun with: -s
==747921== ERROR SUMMARY: 0 errors from 0 contexts (suppressed: 0 from 0)
