==744874== Memcheck, a memory error detector
==744874== Copyright (C) 2002-2024, and GNU GPL'd, by Julian Seward et al.
==744874== Using Valgrind-3.26.0 and LibVEX; rerun with -h for copyright info
==744874== Command: gawk -f regexsub.awk
==744874== Parent PID: 744873
==744874== 
==744874== 
==744874== FILE DESCRIPTORS: 3 open (3 inherited) at exit.
==744874== 
==744874== HEAP SUMMARY:
==744874==     in use at exit: 86,853 bytes in 1,137 blocks
==744874==   total heap usage: 2,125 allocs, 988 frees, 145,073 bytes allocated
==744874== 
==744874== 1 bytes in 1 blocks are still reachable in loss record 1 of 248
==744874==    at 0x497D858: malloc (vg_replace_malloc.c:447)
==744874==    by 0x4066564: emalloc_real (awk.h:2156)
==744874==    by 0x4066564: estrdup (main.c:1451)
==744874==    by 0x400D434: init_locale (main.c:1476)
==744874==    by 0x400D434: set_locale_stuff (main.c:1849)
==744874==    by 0x400D434: main (main.c:254)
==744874== 
==744874== 1 bytes in 1 blocks are still reachable in loss record 2 of 248
==744874==    at 0x497D858: malloc (vg_replace_malloc.c:447)
==744874==    by 0x4066564: emalloc_real (awk.h:2156)
==744874==    by 0x4066564: estrdup (main.c:1451)
==744874==    by 0x400D469: init_locale (main.c:1478)
==744874==    by 0x400D469: set_locale_stuff (main.c:1849)
==744874==    by 0x400D469: main (main.c:254)
==744874== 
==744874== 1 bytes in 1 blocks are still reachable in loss record 3 of 248
==744874==    at 0x497D858: malloc (vg_replace_malloc.c:447)
==744874==    by 0x4066564: emalloc_real (awk.h:2156)
==744874==    by 0x4066564: estrdup (main.c:1451)
==744874==    by 0x400D485: init_locale (main.c:1479)
==744874==    by 0x400D485: set_locale_stuff (main.c:1849)
==744874==    by 0x400D485: main (main.c:254)
==744874== 
==744874== 1 bytes in 1 blocks are still reachable in loss record 4 of 248
==744874==    at 0x497D858: malloc (vg_replace_malloc.c:447)
==744874==    by 0x4066564: emalloc_real (awk.h:2156)
==744874==    by 0x4066564: estrdup (main.c:1451)
==744874==    by 0x400D4A1: init_locale (main.c:1480)
==744874==    by 0x400D4A1: set_locale_stuff (main.c:1849)
==744874==    by 0x400D4A1: main (main.c:254)
==744874== 
==744874== 1 bytes in 1 blocks are still reachable in loss record 5 of 248
==744874==    at 0x497D858: malloc (vg_replace_malloc.c:447)
==744874==    by 0x4066564: emalloc_real (awk.h:2156)
==744874==    by 0x4066564: estrdup (main.c:1451)
==744874==    by 0x400D4BD: init_locale (main.c:1481)
==744874==    by 0x400D4BD: set_locale_stuff (main.c:1849)
==744874==    by 0x400D4BD: main (main.c:254)
==744874== 
==744874== 1 bytes in 1 blocks are still reachable in loss record 6 of 248
==744874==    at 0x497D858: malloc (vg_replace_malloc.c:447)
==744874==    by 0x4066564: emalloc_real (awk.h:2156)
==744874==    by 0x4066564: estrdup (main.c:1451)
==744874==    by 0x400D4D9: init_locale (main.c:1482)
==744874==    by 0x400D4D9: set_locale_stuff (main.c:1849)
==744874==    by 0x400D4D9: main (main.c:254)
==744874== 
==744874== 1 bytes in 1 blocks are still reachable in loss record 7 of 248
==744874==    at 0x497D858: malloc (vg_replace_malloc.c:447)
==744874==    by 0x4066564: emalloc_real (awk.h:2156)
==744874==    by 0x4066564: estrdup (main.c:1451)
==744874==    by 0x400D4F5: init_locale (main.c:1483)
==744874==    by 0x400D4F5: set_locale_stuff (main.c:1849)
==744874==    by 0x400D4F5: main (main.c:254)
==744874== 
==744874== 1 bytes in 1 blocks are still reachable in loss record 8 of 248
==744874==    at 0x497D858: malloc (vg_replace_malloc.c:447)
==744874==    by 0x4066564: emalloc_real (awk.h:2156)
==744874==    by 0x4066564: estrdup (main.c:1451)
==744874==    by 0x400D511: init_locale (main.c:1484)
==744874==    by 0x400D511: set_locale_stuff (main.c:1849)
==744874==    by 0x400D511: main (main.c:254)
==744874== 
==744874== 1 bytes in 1 blocks are still reachable in loss record 9 of 248
==744874==    at 0x497D858: malloc (vg_replace_malloc.c:447)
==744874==    by 0x4066564: emalloc_real (awk.h:2156)
==744874==    by 0x4066564: estrdup (main.c:1451)
==744874==    by 0x400D52D: init_locale (main.c:1485)
==744874==    by 0x400D52D: set_locale_stuff (main.c:1849)
==744874==    by 0x400D52D: main (main.c:254)
==744874== 
==744874== 1 bytes in 1 blocks are still reachable in loss record 10 of 248
==744874==    at 0x497D858: malloc (vg_replace_malloc.c:447)
==744874==    by 0x4069457: emalloc_real (awk.h:2156)
==744874==    by 0x4069457: make_str_node (node.c:422)
==744874==    by 0x400D5C7: main (main.c:278)
==744874== 
==744874== 1 bytes in 1 blocks are still reachable in loss record 11 of 248
==744874==    at 0x497D858: malloc (vg_replace_malloc.c:447)
==744874==    by 0x4069457: emalloc_real (awk.h:2156)
==744874==    by 0x4069457: make_str_node (node.c:422)
==744874==    by 0x4055395: init_fields (field.c:105)
==744874==    by 0x400E1A4: main (main.c:410)
==744874== 
==744874== 1 bytes in 1 blocks are still reachable in loss record 12 of 248
==744874==    at 0x497D858: malloc (vg_replace_malloc.c:447)
==744874==    by 0x4069457: emalloc_real (awk.h:2156)
==744874==    by 0x4069457: make_str_node (node.c:422)
==744874==    by 0x40553E0: init_fields (field.c:111)
==744874==    by 0x400E1A4: main (main.c:410)
==744874== 
==744874== 2 bytes in 1 blocks are still reachable in loss record 13 of 248
==744874==    at 0x497D858: malloc (vg_replace_malloc.c:447)
==744874==    by 0x4066564: emalloc_real (awk.h:2156)
==744874==    by 0x4066564: estrdup (main.c:1451)
==744874==    by 0x400D44E: init_locale (main.c:1477)
==744874==    by 0x400D44E: set_locale_stuff (main.c:1849)
==744874==    by 0x400D44E: main (main.c:254)
==744874== 
==744874== 2 bytes in 1 blocks are still reachable in loss record 14 of 248
==744874==    at 0x497D858: malloc (vg_replace_malloc.c:447)
==744874==    by 0x4046CFF: emalloc_real (awk.h:2156)
==744874==    by 0x4046CFF: set_OFS (eval.c:839)
==744874==    by 0x400D9A3: init_vars (main.c:873)
==744874==    by 0x400D9A3: main (main.c:403)
==744874== 
==744874== 3 bytes in 1 blocks are still reachable in loss record 15 of 248
==744874==    at 0x497D858: malloc (vg_replace_malloc.c:447)
==744874==    by 0x4069457: emalloc_real (awk.h:2156)
==744874==    by 0x4069457: make_str_node (node.c:422)
==744874==    by 0x4054B6F: update_PROCINFO_str.part.0 (field.c:1661)
==744874==    by 0x400E83A: load_procinfo (main.c:1072)
==744874==    by 0x400E83A: init_vars (main.c:878)
==744874==    by 0x400E83A: main (main.c:403)
==744874== 
==744874== 3 bytes in 1 blocks are still reachable in loss record 16 of 248
==744874==    at 0x497D858: malloc (vg_replace_malloc.c:447)
==744874==    by 0x4069457: emalloc_real (awk.h:2156)
==744874==    by 0x4069457: make_str_node (node.c:422)
==744874==    by 0x4054B87: update_PROCINFO_str.part.0 (field.c:1662)
==744874==    by 0x400E83A: load_procinfo (main.c:1072)
==744874==    by 0x400E83A: init_vars (main.c:878)
==744874==    by 0x400E83A: main (main.c:403)
==744874== 
==744874== 4 bytes in 1 blocks are still reachable in loss record 17 of 248
==744874==    at 0x497D858: malloc (vg_replace_malloc.c:447)
==744874==    by 0x4069457: emalloc_real (awk.h:2156)
==744874==    by 0x4069457: make_str_node (node.c:422)
==744874==    by 0x4058004: update_PROCINFO_num (field.c:1674)
==744874==    by 0x400E79D: load_procinfo (main.c:1055)
==744874==    by 0x400E79D: init_vars (main.c:878)
==744874==    by 0x400E79D: main (main.c:403)
==744874== 
==744874== 4 bytes in 1 blocks are still reachable in loss record 18 of 248
==744874==    at 0x497D858: malloc (vg_replace_malloc.c:447)
==744874==    by 0x4069457: emalloc_real (awk.h:2156)
==744874==    by 0x4069457: make_str_node (node.c:422)
==744874==    by 0x4058004: update_PROCINFO_num (field.c:1674)
==744874==    by 0x400E7D2: load_procinfo (main.c:1061)
==744874==    by 0x400E7D2: init_vars (main.c:878)
==744874==    by 0x400E7D2: main (main.c:403)
==744874== 
==744874== 4 bytes in 1 blocks are still reachable in loss record 19 of 248
==744874==    at 0x497D858: malloc (vg_replace_malloc.c:447)
==744874==    by 0x4069457: emalloc_real (awk.h:2156)
==744874==    by 0x4069457: make_str_node (node.c:422)
==744874==    by 0x4058004: update_PROCINFO_num (field.c:1674)
==744874==    by 0x400E80A: load_procinfo (main.c:1067)
==744874==    by 0x400E80A: init_vars (main.c:878)
==744874==    by 0x400E80A: main (main.c:403)
==744874== 
==744874== 4 bytes in 1 blocks are still reachable in loss record 20 of 248
==744874==    at 0x497D858: malloc (vg_replace_malloc.c:447)
==744874==    by 0x4069457: emalloc_real (awk.h:2156)
==744874==    by 0x4069457: make_str_node (node.c:422)
==744874==    by 0x4054B6F: update_PROCINFO_str.part.0 (field.c:1661)
==744874==    by 0x400E8D2: load_procinfo (main.c:1087)
==744874==    by 0x400E8D2: init_vars (main.c:878)
==744874==    by 0x400E8D2: main (main.c:403)
==744874== 
==744874== 4 bytes in 1 blocks are still reachable in loss record 21 of 248
==744874==    at 0x497D858: malloc (vg_replace_malloc.c:447)
==744874==    by 0x4082ACF: charset_merge.part.0 (charset.c:9371)
==744874==    by 0x4086FDE: charset_merge (charset.c:9361)
==744874==    by 0x4086FDE: cset_merge (minrx.c:901)
==744874==    by 0x4086FDE: firstclosure (minrx.c:1843)
==744874==    by 0x4086FDE: compile.constprop.0 (minrx.c:1923)
==744874==    by 0x4089B38: minrx_regncomp (minrx.c:2490)
==744874==    by 0x407427D: make_regexp (re.c:355)
==744874==    by 0x40195EB: make_regnode (awkgram.y:5306)
==744874==    by 0x4069844: make_typed_regex (node.c:510)
==744874==    by 0x401D7CD: yyparse (awkgram.y:607)
==744874==    by 0x402073A: parse_program (awkgram.y:2797)
==744874==    by 0x400EAD8: main (main.c:483)
==744874== 
==744874== 4 bytes in 1 blocks are still reachable in loss record 22 of 248
==744874==    at 0x497D858: malloc (vg_replace_malloc.c:447)
==744874==    by 0x4082ACF: charset_merge.part.0 (charset.c:9371)
==744874==    by 0x4086FDE: charset_merge (charset.c:9361)
==744874==    by 0x4086FDE: cset_merge (minrx.c:901)
==744874==    by 0x4086FDE: firstclosure (minrx.c:1843)
==744874==    by 0x4086FDE: compile.constprop.0 (minrx.c:1923)
==744874==    by 0x4089B38: minrx_regncomp (minrx.c:2490)
==744874==    by 0x407427D: make_regexp (re.c:355)
==744874==    by 0x40195EB: make_regnode (awkgram.y:5306)
==744874==    by 0x4069844: make_typed_regex (node.c:510)
==744874==    by 0x402A2D9: do_sub (builtin.c:2201)
==744874==    by 0x404FD01: r_interpret (interpret.h:1161)
==744874==    by 0x400EDDE: main (main.c:532)
==744874== 
==744874== 5 bytes in 1 blocks are still reachable in loss record 23 of 248
==744874==    at 0x497D858: malloc (vg_replace_malloc.c:447)
==744874==    by 0x4069457: emalloc_real (awk.h:2156)
==744874==    by 0x4069457: make_str_node (node.c:422)
==744874==    by 0x4058004: update_PROCINFO_num (field.c:1674)
==744874==    by 0x400E7B6: load_procinfo (main.c:1058)
==744874==    by 0x400E7B6: init_vars (main.c:878)
==744874==    by 0x400E7B6: main (main.c:403)
==744874== 
==744874== 5 bytes in 1 blocks are still reachable in loss record 24 of 248
==744874==    at 0x497D858: malloc (vg_replace_malloc.c:447)
==744874==    by 0x4069457: emalloc_real (awk.h:2156)
==744874==    by 0x4069457: make_str_node (node.c:422)
==744874==    by 0x4058004: update_PROCINFO_num (field.c:1674)
==744874==    by 0x400E7EE: load_procinfo (main.c:1064)
==744874==    by 0x400E7EE: init_vars (main.c:878)
==744874==    by 0x400E7EE: main (main.c:403)
==744874== 
==744874== 5 bytes in 1 blocks are still reachable in loss record 25 of 248
==744874==    at 0x497D858: malloc (vg_replace_malloc.c:447)
==744874==    by 0x4069457: emalloc_real (awk.h:2156)
==744874==    by 0x4069457: make_str_node (node.c:422)
==744874==    by 0x4058004: update_PROCINFO_num (field.c:1674)
==744874==    by 0x400E826: load_procinfo (main.c:1070)
==744874==    by 0x400E826: init_vars (main.c:878)
==744874==    by 0x400E826: main (main.c:403)
==744874== 
==744874== 5 bytes in 1 blocks are still reachable in loss record 26 of 248
==744874==    at 0x497D858: malloc (vg_replace_malloc.c:447)
==744874==    by 0x4066564: emalloc_real (awk.h:2156)
==744874==    by 0x4066564: estrdup (main.c:1451)
==744874==    by 0x400E91C: load_procinfo_argv (main.c:988)
==744874==    by 0x400E91C: load_procinfo (main.c:1093)
==744874==    by 0x400E91C: init_vars (main.c:878)
==744874==    by 0x400E91C: main (main.c:403)
==744874== 
==744874== 5 bytes in 1 blocks are still reachable in loss record 27 of 248
==744874==    at 0x497D858: malloc (vg_replace_malloc.c:447)
==744874==    by 0x4069457: emalloc_real (awk.h:2156)
==744874==    by 0x4069457: make_str_node (node.c:422)
==744874==    by 0x400EC1B: load_procinfo_argv (main.c:996)
==744874==    by 0x400EC1B: load_procinfo (main.c:1093)
==744874==    by 0x400EC1B: init_vars (main.c:878)
==744874==    by 0x400EC1B: main (main.c:403)
==744874== 
==744874== 5 bytes in 1 blocks are still reachable in loss record 28 of 248
==744874==    at 0x497D858: malloc (vg_replace_malloc.c:447)
==744874==    by 0x4066564: emalloc_real (awk.h:2156)
==744874==    by 0x4066564: estrdup (main.c:1451)
==744874==    by 0x400E407: init_args (main.c:764)
==744874==    by 0x400E407: main (main.c:470)
==744874== 
==744874== 5 bytes in 1 blocks are still reachable in loss record 29 of 248
==744874==    at 0x497D858: malloc (vg_replace_malloc.c:447)
==744874==    by 0x4069457: emalloc_real (awk.h:2156)
==744874==    by 0x4069457: make_str_node (node.c:422)
==744874==    by 0x4077055: install (symbol.c:399)
==744874==    by 0x400E414: init_args (main.c:764)
==744874==    by 0x400E414: main (main.c:470)
==744874== 
==744874== 5 bytes in 1 blocks are still reachable in loss record 30 of 248
==744874==    at 0x497D858: malloc (vg_replace_malloc.c:447)
==744874==    by 0x4069457: emalloc_real (awk.h:2156)
==744874==    by 0x4069457: make_str_node (node.c:422)
==744874==    by 0x400E43D: init_args (main.c:766)
==744874==    by 0x400E43D: main (main.c:470)
==744874== 
==744874== 5 bytes in 1 blocks are still reachable in loss record 31 of 248
==744874==    at 0x497D858: malloc (vg_replace_malloc.c:447)
==744874==    by 0x4066564: emalloc_real (awk.h:2156)
==744874==    by 0x4066564: estrdup (main.c:1451)
==744874==    by 0x400EA83: init_args (main.c:791)
==744874==    by 0x400EA83: main (main.c:470)
==744874== 
==744874== 5 bytes in 1 blocks are still reachable in loss record 32 of 248
==744874==    at 0x497D858: malloc (vg_replace_malloc.c:447)
==744874==    by 0x4069457: emalloc_real (awk.h:2156)
==744874==    by 0x4069457: make_str_node (node.c:422)
==744874==    by 0x4077055: install (symbol.c:399)
==744874==    by 0x400EA90: init_args (main.c:791)
==744874==    by 0x400EA90: main (main.c:470)
==744874== 
==744874== 6 bytes in 1 blocks are still reachable in loss record 33 of 248
==744874==    at 0x497D858: malloc (vg_replace_malloc.c:447)
==744874==    by 0x4069457: emalloc_real (awk.h:2156)
==744874==    by 0x4069457: make_str_node (node.c:422)
==744874==    by 0x4054B87: update_PROCINFO_str.part.0 (field.c:1662)
==744874==    by 0x400E71D: load_procinfo (main.c:1021)
==744874==    by 0x400E71D: init_vars (main.c:878)
==744874==    by 0x400E71D: main (main.c:403)
==744874== 
==744874== 6 bytes in 1 blocks are still reachable in loss record 34 of 248
==744874==    at 0x497D858: malloc (vg_replace_malloc.c:447)
==744874==    by 0x4069457: emalloc_real (awk.h:2156)
==744874==    by 0x4069457: make_str_node (node.c:422)
==744874==    by 0x4054B87: update_PROCINFO_str.part.0 (field.c:1662)
==744874==    by 0x400E743: load_procinfo (main.c:1023)
==744874==    by 0x400E743: init_vars (main.c:878)
==744874==    by 0x400E743: main (main.c:403)
==744874== 
==744874== 6 bytes in 1 blocks are still reachable in loss record 35 of 248
==744874==    at 0x497D858: malloc (vg_replace_malloc.c:447)
==744874==    by 0x4074886: emalloc_real (awk.h:2156)
==744874==    by 0x4074886: make_regexp (re.c:98)
==744874==    by 0x40195EB: make_regnode (awkgram.y:5306)
==744874==    by 0x4069844: make_typed_regex (node.c:510)
==744874==    by 0x401D7CD: yyparse (awkgram.y:607)
==744874==    by 0x402073A: parse_program (awkgram.y:2797)
==744874==    by 0x400EAD8: main (main.c:483)
==744874== 
==744874== 6 bytes in 1 blocks are still reachable in loss record 36 of 248
==744874==    at 0x497D858: malloc (vg_replace_malloc.c:447)
==744874==    by 0x4069457: emalloc_real (awk.h:2156)
==744874==    by 0x4069457: make_str_node (node.c:422)
==744874==    by 0x407810A: load_symbols (symbol.c:681)
==744874==    by 0x400ED85: main (main.c:499)
==744874== 
==744874== 6 bytes in 1 blocks are still reachable in loss record 37 of 248
==744874==    at 0x497D858: malloc (vg_replace_malloc.c:447)
==744874==    by 0x4069457: emalloc_real (awk.h:2156)
==744874==    by 0x4069457: make_str_node (node.c:422)
==744874==    by 0x4069859: make_typed_regex (node.c:514)
==744874==    by 0x402A2D9: do_sub (builtin.c:2201)
==744874==    by 0x404FD01: r_interpret (interpret.h:1161)
==744874==    by 0x400EDDE: main (main.c:532)
==744874== 
==744874== 6 bytes in 1 blocks are still reachable in loss record 38 of 248
==744874==    at 0x497D858: malloc (vg_replace_malloc.c:447)
==744874==    by 0x40686AD: emalloc_real (awk.h:2156)
==744874==    by 0x40686AD: r_format_val.part.0 (node.c:299)
==744874==    by 0x406BAA1: force_string_fmt (awk.h:2058)
==744874==    by 0x406BAA1: format_args (printf.c:580)
==744874==    by 0x406E4D4: printf_common (printf.c:781)
==744874==    by 0x406EA67: do_printf (printf.c:857)
==744874==    by 0x404FC1B: r_interpret (interpret.h:1170)
==744874==    by 0x400EDDE: main (main.c:532)
==744874== 
==744874== 6 bytes in 1 blocks are still reachable in loss record 39 of 248
==744874==    at 0x497D858: malloc (vg_replace_malloc.c:447)
==744874==    by 0x4069457: emalloc_real (awk.h:2156)
==744874==    by 0x4069457: make_str_node (node.c:422)
==744874==    by 0x402A507: do_sub (builtin.c:2173)
==744874==    by 0x404FD01: r_interpret (interpret.h:1161)
==744874==    by 0x400EDDE: main (main.c:532)
==744874== 
==744874== 6 bytes in 1 blocks are still reachable in loss record 40 of 248
==744874==    at 0x497D858: malloc (vg_replace_malloc.c:447)
==744874==    by 0x40686AD: emalloc_real (awk.h:2156)
==744874==    by 0x40686AD: r_format_val.part.0 (node.c:299)
==744874==    by 0x4029123: force_string_fmt (awk.h:2058)
==744874==    by 0x4029123: do_sub (builtin.c:1834)
==744874==    by 0x404FD01: r_interpret (interpret.h:1161)
==744874==    by 0x400EDDE: main (main.c:532)
==744874== 
==744874== 7 bytes in 1 blocks are still reachable in loss record 41 of 248
==744874==    at 0x497D858: malloc (vg_replace_malloc.c:447)
==744874==    by 0x4066564: emalloc_real (awk.h:2156)
==744874==    by 0x4066564: estrdup (main.c:1451)
==744874==    by 0x4077381: init_the_tables (symbol.c:78)
==744874==    by 0x400D60A: main (main.c:287)
==744874== 
==744874== 7 bytes in 1 blocks are still reachable in loss record 42 of 248
==744874==    at 0x497D858: malloc (vg_replace_malloc.c:447)
==744874==    by 0x4069457: emalloc_real (awk.h:2156)
==744874==    by 0x4069457: make_str_node (node.c:422)
==744874==    by 0x4077055: install (symbol.c:399)
==744874==    by 0x4077390: install_symbol (symbol.c:173)
==744874==    by 0x4077390: init_the_tables (symbol.c:78)
==744874==    by 0x400D60A: main (main.c:287)
==744874== 
==744874== 7 bytes in 1 blocks are still reachable in loss record 43 of 248
==744874==    at 0x497D858: malloc (vg_replace_malloc.c:447)
==744874==    by 0x4069457: emalloc_real (awk.h:2156)
==744874==    by 0x4069457: make_str_node (node.c:422)
==744874==    by 0x4058004: update_PROCINFO_num (field.c:1674)
==744874==    by 0x400E784: load_procinfo (main.c:1046)
==744874==    by 0x400E784: init_vars (main.c:878)
==744874==    by 0x400E784: main (main.c:403)
==744874== 
==744874== 7 bytes in 1 blocks are still reachable in loss record 44 of 248
==744874==    at 0x497D858: malloc (vg_replace_malloc.c:447)
==744874==    by 0x4069457: emalloc_real (awk.h:2156)
==744874==    by 0x4069457: make_str_node (node.c:422)
==744874==    by 0x40780DA: load_symbols (symbol.c:679)
==744874==    by 0x400ED85: main (main.c:499)
==744874== 
==744874== 8 bytes in 1 blocks are still reachable in loss record 45 of 248
==744874==    at 0x497D858: malloc (vg_replace_malloc.c:447)
==744874==    by 0x4066564: emalloc_real (awk.h:2156)
==744874==    by 0x4066564: estrdup (main.c:1451)
==744874==    by 0x407735A: init_the_tables (symbol.c:77)
==744874==    by 0x400D60A: main (main.c:287)
==744874== 
==744874== 8 bytes in 1 blocks are still reachable in loss record 46 of 248
==744874==    at 0x497D858: malloc (vg_replace_malloc.c:447)
==744874==    by 0x4069457: emalloc_real (awk.h:2156)
==744874==    by 0x4069457: make_str_node (node.c:422)
==744874==    by 0x4077055: install (symbol.c:399)
==744874==    by 0x4077369: install_symbol (symbol.c:173)
==744874==    by 0x4077369: init_the_tables (symbol.c:77)
==744874==    by 0x400D60A: main (main.c:287)
==744874== 
==744874== 8 bytes in 1 blocks are still reachable in loss record 47 of 248
==744874==    at 0x497D858: malloc (vg_replace_malloc.c:447)
==744874==    by 0x4069457: emalloc_real (awk.h:2156)
==744874==    by 0x4069457: make_str_node (node.c:422)
==744874==    by 0x4054B6F: update_PROCINFO_str.part.0 (field.c:1661)
==744874==    by 0x400E71D: load_procinfo (main.c:1021)
==744874==    by 0x400E71D: init_vars (main.c:878)
==744874==    by 0x400E71D: main (main.c:403)
==744874== 
==744874== 8 bytes in 1 blocks are still reachable in loss record 48 of 248
==744874==    at 0x497D858: malloc (vg_replace_malloc.c:447)
==744874==    by 0x4066564: emalloc_real (awk.h:2156)
==744874==    by 0x4066564: estrdup (main.c:1451)
==744874==    by 0x400E02B: load_environ (main.c:930)
==744874==    by 0x400E02B: init_vars (main.c:879)
==744874==    by 0x400E02B: main (main.c:403)
==744874== 
==744874== 8 bytes in 1 blocks are still reachable in loss record 49 of 248
==744874==    at 0x497D858: malloc (vg_replace_malloc.c:447)
==744874==    by 0x4069457: emalloc_real (awk.h:2156)
==744874==    by 0x4069457: make_str_node (node.c:422)
==744874==    by 0x4077055: install (symbol.c:399)
==744874==    by 0x400E038: load_environ (main.c:930)
==744874==    by 0x400E038: init_vars (main.c:879)
==744874==    by 0x400E038: main (main.c:403)
==744874== 
==744874== 8 bytes in 1 blocks are still reachable in loss record 50 of 248
==744874==    at 0x497D858: malloc (vg_replace_malloc.c:447)
==744874==    by 0x4055372: emalloc_real (awk.h:2156)
==744874==    by 0x4055372: init_fields (field.c:103)
==744874==    by 0x400E1A4: main (main.c:410)
==744874== 
==744874== 8 bytes in 1 blocks are still reachable in loss record 51 of 248
==744874==    at 0x497D858: malloc (vg_replace_malloc.c:447)
==744874==    by 0x4083389: csets_emplace_back (minrx.c:1122)
==744874==    by 0x40852DA: chr (minrx.c:1621)
==744874==    by 0x40852DA: rep (minrx.c:1514)
==744874==    by 0x4086100: cat (minrx.c:1406)
==744874==    by 0x4086268: alt (minrx.c:1333)
==744874==    by 0x4086BB0: compile.constprop.0 (minrx.c:1903)
==744874==    by 0x4089B38: minrx_regncomp (minrx.c:2490)
==744874==    by 0x407427D: make_regexp (re.c:355)
==744874==    by 0x40195EB: make_regnode (awkgram.y:5306)
==744874==    by 0x4069844: make_typed_regex (node.c:510)
==744874==    by 0x401D7CD: yyparse (awkgram.y:607)
==744874==    by 0x402073A: parse_program (awkgram.y:2797)
==744874== 
==744874== 8 bytes in 1 blocks are still reachable in loss record 52 of 248
==744874==    at 0x497D858: malloc (vg_replace_malloc.c:447)
==744874==    by 0x4069457: emalloc_real (awk.h:2156)
==744874==    by 0x4069457: make_str_node (node.c:422)
==744874==    by 0x40780F2: load_symbols (symbol.c:680)
==744874==    by 0x400ED85: main (main.c:499)
==744874== 
==744874== 8 bytes in 1 blocks are still reachable in loss record 53 of 248
==744874==    at 0x497D858: malloc (vg_replace_malloc.c:447)
==744874==    by 0x4069457: emalloc_real (awk.h:2156)
==744874==    by 0x4069457: make_str_node (node.c:422)
==744874==    by 0x4078122: load_symbols (symbol.c:682)
==744874==    by 0x400ED85: main (main.c:499)
==744874== 
==744874== 8 bytes in 1 blocks are still reachable in loss record 54 of 248
==744874==    at 0x497D858: malloc (vg_replace_malloc.c:447)
==744874==    by 0x4083389: csets_emplace_back (minrx.c:1122)
==744874==    by 0x40852DA: chr (minrx.c:1621)
==744874==    by 0x40852DA: rep (minrx.c:1514)
==744874==    by 0x4086100: cat (minrx.c:1406)
==744874==    by 0x4086268: alt (minrx.c:1333)
==744874==    by 0x4086BB0: compile.constprop.0 (minrx.c:1903)
==744874==    by 0x4089B38: minrx_regncomp (minrx.c:2490)
==744874==    by 0x407427D: make_regexp (re.c:355)
==744874==    by 0x40195EB: make_regnode (awkgram.y:5306)
==744874==    by 0x4069844: make_typed_regex (node.c:510)
==744874==    by 0x402A2D9: do_sub (builtin.c:2201)
==744874==    by 0x404FD01: r_interpret (interpret.h:1161)
==744874== 
==744874== 8 bytes in 1 blocks are still reachable in loss record 55 of 248
==744874==    at 0x497D858: malloc (vg_replace_malloc.c:447)
==744874==    by 0x4086EBA: firstclosure (minrx.c:1834)
==744874==    by 0x4086EBA: compile.constprop.0 (minrx.c:1923)
==744874==    by 0x4089B38: minrx_regncomp (minrx.c:2490)
==744874==    by 0x407427D: make_regexp (re.c:355)
==744874==    by 0x40195EB: make_regnode (awkgram.y:5306)
==744874==    by 0x4069844: make_typed_regex (node.c:510)
==744874==    by 0x402A2D9: do_sub (builtin.c:2201)
==744874==    by 0x404FD01: r_interpret (interpret.h:1161)
==744874==    by 0x400EDDE: main (main.c:532)
==744874== 
==744874== 9 bytes in 1 blocks are still reachable in loss record 56 of 248
==744874==    at 0x497D858: malloc (vg_replace_malloc.c:447)
==744874==    by 0x4066564: emalloc_real (awk.h:2156)
==744874==    by 0x4066564: estrdup (main.c:1451)
==744874==    by 0x400E6F6: load_procinfo (main.c:1019)
==744874==    by 0x400E6F6: init_vars (main.c:878)
==744874==    by 0x400E6F6: main (main.c:403)
==744874== 
==744874== 9 bytes in 1 blocks are still reachable in loss record 57 of 248
==744874==    at 0x497D858: malloc (vg_replace_malloc.c:447)
==744874==    by 0x4069457: emalloc_real (awk.h:2156)
==744874==    by 0x4069457: make_str_node (node.c:422)
==744874==    by 0x4077055: install (symbol.c:399)
==744874==    by 0x400E703: load_procinfo (main.c:1019)
==744874==    by 0x400E703: init_vars (main.c:878)
==744874==    by 0x400E703: main (main.c:403)
==744874== 
==744874== 9 bytes in 1 blocks are still reachable in loss record 58 of 248
==744874==    at 0x497D858: malloc (vg_replace_malloc.c:447)
==744874==    by 0x4069457: emalloc_real (awk.h:2156)
==744874==    by 0x4069457: make_str_node (node.c:422)
==744874==    by 0x4054B6F: update_PROCINFO_str.part.0 (field.c:1661)
==744874==    by 0x400E730: load_procinfo (main.c:1022)
==744874==    by 0x400E730: init_vars (main.c:878)
==744874==    by 0x400E730: main (main.c:403)
==744874== 
==744874== 9 bytes in 1 blocks are still reachable in loss record 59 of 248
==744874==    at 0x497D858: malloc (vg_replace_malloc.c:447)
==744874==    by 0x4069457: emalloc_real (awk.h:2156)
==744874==    by 0x4069457: make_str_node (node.c:422)
==744874==    by 0x4054B6F: update_PROCINFO_str.part.0 (field.c:1661)
==744874==    by 0x400E743: load_procinfo (main.c:1023)
==744874==    by 0x400E743: init_vars (main.c:878)
==744874==    by 0x400E743: main (main.c:403)
==744874== 
==744874== 10 bytes in 1 blocks are still reachable in loss record 60 of 248
==744874==    at 0x497D858: malloc (vg_replace_malloc.c:447)
==744874==    by 0x4069457: emalloc_real (awk.h:2156)
==744874==    by 0x4069457: make_str_node (node.c:422)
==744874==    by 0x4058004: update_PROCINFO_num (field.c:1674)
==744874==    by 0x400E757: load_procinfo (main.c:1035)
==744874==    by 0x400E757: init_vars (main.c:878)
==744874==    by 0x400E757: main (main.c:403)
==744874== 
==744874== 10 bytes in 1 blocks are still reachable in loss record 61 of 248
==744874==    at 0x497D858: malloc (vg_replace_malloc.c:447)
==744874==    by 0x4069457: emalloc_real (awk.h:2156)
==744874==    by 0x4069457: make_str_node (node.c:422)
==744874==    by 0x4058004: update_PROCINFO_num (field.c:1674)
==744874==    by 0x400E76B: load_procinfo (main.c:1036)
==744874==    by 0x400E76B: init_vars (main.c:878)
==744874==    by 0x400E76B: main (main.c:403)
==744874== 
==744874== 10 bytes in 1 blocks are still reachable in loss record 62 of 248
==744874==    at 0x497D858: malloc (vg_replace_malloc.c:447)
==744874==    by 0x4069457: emalloc_real (awk.h:2156)
==744874==    by 0x4069457: make_str_node (node.c:422)
==744874==    by 0x4054B87: update_PROCINFO_str.part.0 (field.c:1662)
==744874==    by 0x400E8D2: load_procinfo (main.c:1087)
==744874==    by 0x400E8D2: init_vars (main.c:878)
==744874==    by 0x400E8D2: main (main.c:403)
==744874== 
==744874== 10 bytes in 2 blocks are still reachable in loss record 63 of 248
==744874==    at 0x497D858: malloc (vg_replace_malloc.c:447)
==744874==    by 0x4069457: emalloc_real (awk.h:2156)
==744874==    by 0x4069457: make_str_node (node.c:422)
==744874==    by 0x4069859: make_typed_regex (node.c:514)
==744874==    by 0x401D7CD: yyparse (awkgram.y:607)
==744874==    by 0x402073A: parse_program (awkgram.y:2797)
==744874==    by 0x400EAD8: main (main.c:483)
==744874== 
==744874== 12 bytes in 1 blocks are still reachable in loss record 64 of 248
==744874==    at 0x497D858: malloc (vg_replace_malloc.c:447)
==744874==    by 0x4069457: emalloc_real (awk.h:2156)
==744874==    by 0x4069457: make_str_node (node.c:422)
==744874==    by 0x4077FD7: load_symbols (symbol.c:663)
==744874==    by 0x400ED85: main (main.c:499)
==744874== 
==744874== 12 bytes in 1 blocks are still reachable in loss record 65 of 248
==744874==    at 0x497D858: malloc (vg_replace_malloc.c:447)
==744874==    by 0x4066564: emalloc_real (awk.h:2156)
==744874==    by 0x4066564: estrdup (main.c:1451)
==744874==    by 0x4078093: load_symbols (symbol.c:675)
==744874==    by 0x400ED85: main (main.c:499)
==744874== 
==744874== 13 bytes in 1 blocks are still reachable in loss record 66 of 248
==744874==    at 0x497D858: malloc (vg_replace_malloc.c:447)
==744874==    by 0x4066564: emalloc_real (awk.h:2156)
==744874==    by 0x4066564: estrdup (main.c:1451)
==744874==    by 0x4014A21: do_add_srcfile (awkgram.y:2834)
==744874==    by 0x4018A70: add_srcfile (awkgram.y:2916)
==744874==    by 0x400D7E5: parse_args (main.c:1585)
==744874==    by 0x400D7E5: main (main.c:294)
==744874== 
==744874== 16 bytes in 1 blocks are still reachable in loss record 67 of 248
==744874==    at 0x497D858: malloc (vg_replace_malloc.c:447)
==744874==    by 0x407474B: emalloc_real (awk.h:2156)
==744874==    by 0x407474B: make_regexp (re.c:370)
==744874==    by 0x40195EB: make_regnode (awkgram.y:5306)
==744874==    by 0x4069844: make_typed_regex (node.c:510)
==744874==    by 0x402A2D9: do_sub (builtin.c:2201)
==744874==    by 0x404FD01: r_interpret (interpret.h:1161)
==744874==    by 0x400EDDE: main (main.c:532)
==744874== 
==744874== 16 bytes in 2 blocks are still reachable in loss record 68 of 248
==744874==    at 0x497D858: malloc (vg_replace_malloc.c:447)
==744874==    by 0x4086EBA: firstclosure (minrx.c:1834)
==744874==    by 0x4086EBA: compile.constprop.0 (minrx.c:1923)
==744874==    by 0x4089B38: minrx_regncomp (minrx.c:2490)
==744874==    by 0x407427D: make_regexp (re.c:355)
==744874==    by 0x40195EB: make_regnode (awkgram.y:5306)
==744874==    by 0x4069844: make_typed_regex (node.c:510)
==744874==    by 0x401D7CD: yyparse (awkgram.y:607)
==744874==    by 0x402073A: parse_program (awkgram.y:2797)
==744874==    by 0x400EAD8: main (main.c:483)
==744874== 
==744874== 16 bytes in 2 blocks are still reachable in loss record 69 of 248
==744874==    at 0x497D858: malloc (vg_replace_malloc.c:447)
==744874==    by 0x4029581: emalloc_real (awk.h:2156)
==744874==    by 0x4029581: do_sub (builtin.c:1963)
==744874==    by 0x404FD01: r_interpret (interpret.h:1161)
==744874==    by 0x400EDDE: main (main.c:532)
==744874== 
==744874== 21 bytes in 3 blocks are still reachable in loss record 70 of 248
==744874==    at 0x497D858: malloc (vg_replace_malloc.c:447)
==744874==    by 0x4066564: emalloc_real (awk.h:2156)
==744874==    by 0x4066564: estrdup (main.c:1451)
==744874==    by 0x400D69D: save_argv (main.c:1498)
==744874==    by 0x400D69D: parse_args (main.c:1554)
==744874==    by 0x400D69D: main (main.c:294)
==744874== 
==744874== 21 bytes in 3 blocks are still reachable in loss record 71 of 248
==744874==    at 0x497D858: malloc (vg_replace_malloc.c:447)
==744874==    by 0x4069457: emalloc_real (awk.h:2156)
==744874==    by 0x4069457: make_str_node (node.c:422)
==744874==    by 0x400E9C6: load_procinfo_argv (main.c:991)
==744874==    by 0x400E9C6: load_procinfo (main.c:1093)
==744874==    by 0x400E9C6: init_vars (main.c:878)
==744874==    by 0x400E9C6: main (main.c:403)
==744874== 
==744874== 22 bytes in 7 blocks are still reachable in loss record 72 of 248
==744874==    at 0x497D858: malloc (vg_replace_malloc.c:447)
==744874==    by 0x4066564: emalloc_real (awk.h:2156)
==744874==    by 0x4066564: estrdup (main.c:1451)
==744874==    by 0x401A0B8: yylex (awkgram.y:4495)
==744874==    by 0x401C83C: yyparse (awkgram.c:1879)
==744874==    by 0x402073A: parse_program (awkgram.y:2797)
==744874==    by 0x400EAD8: main (main.c:483)
==744874== 
==744874== 22 bytes in 7 blocks are still reachable in loss record 73 of 248
==744874==    at 0x497D858: malloc (vg_replace_malloc.c:447)
==744874==    by 0x4069457: emalloc_real (awk.h:2156)
==744874==    by 0x4069457: make_str_node (node.c:422)
==744874==    by 0x4077055: install (symbol.c:399)
==744874==    by 0x401CA63: yyparse (awkgram.y:2148)
==744874==    by 0x402073A: parse_program (awkgram.y:2797)
==744874==    by 0x400EAD8: main (main.c:483)
==744874== 
==744874== 24 bytes in 1 blocks are still reachable in loss record 74 of 248
==744874==    at 0x4984E43: calloc (vg_replace_malloc.c:1678)
==744874==    by 0x405E8B2: ezalloc_real (awk.h:2174)
==744874==    by 0x405E8B2: init_awkpath (io.c:2996)
==744874==    by 0x405E8B2: do_find_source (io.c:3068)
==744874==    by 0x4065061: find_source (io.c:3098)
==744874==    by 0x40189F8: add_srcfile (awkgram.y:2864)
==744874==    by 0x400D7E5: parse_args (main.c:1585)
==744874==    by 0x400D7E5: main (main.c:294)
==744874== 
==744874== 24 bytes in 1 blocks are still reachable in loss record 75 of 248
==744874==    at 0x497D858: malloc (vg_replace_malloc.c:447)
==744874==    by 0x4069457: emalloc_real (awk.h:2156)
==744874==    by 0x4069457: make_str_node (node.c:422)
==744874==    by 0x4054B87: update_PROCINFO_str.part.0 (field.c:1662)
==744874==    by 0x400E730: load_procinfo (main.c:1022)
==744874==    by 0x400E730: init_vars (main.c:878)
==744874==    by 0x400E730: main (main.c:403)
==744874== 
==744874== 24 bytes in 1 blocks are still reachable in loss record 76 of 248
==744874==    at 0x497D858: malloc (vg_replace_malloc.c:447)
==744874==    by 0x4082B5F: charset_merge.part.0 (charset.c:9394)
==744874==    by 0x4086FDE: charset_merge (charset.c:9361)
==744874==    by 0x4086FDE: cset_merge (minrx.c:901)
==744874==    by 0x4086FDE: firstclosure (minrx.c:1843)
==744874==    by 0x4086FDE: compile.constprop.0 (minrx.c:1923)
==744874==    by 0x4089B38: minrx_regncomp (minrx.c:2490)
==744874==    by 0x407427D: make_regexp (re.c:355)
==744874==    by 0x40195EB: make_regnode (awkgram.y:5306)
==744874==    by 0x4069844: make_typed_regex (node.c:510)
==744874==    by 0x401D7CD: yyparse (awkgram.y:607)
==744874==    by 0x402073A: parse_program (awkgram.y:2797)
==744874==    by 0x400EAD8: main (main.c:483)
==744874== 
==744874== 24 bytes in 1 blocks are still reachable in loss record 77 of 248
==744874==    at 0x497D858: malloc (vg_replace_malloc.c:447)
==744874==    by 0x4082B5F: charset_merge.part.0 (charset.c:9394)
==744874==    by 0x4086FDE: charset_merge (charset.c:9361)
==744874==    by 0x4086FDE: cset_merge (minrx.c:901)
==744874==    by 0x4086FDE: firstclosure (minrx.c:1843)
==744874==    by 0x4086FDE: compile.constprop.0 (minrx.c:1923)
==744874==    by 0x4089B38: minrx_regncomp (minrx.c:2490)
==744874==    by 0x407427D: make_regexp (re.c:355)
==744874==    by 0x40195EB: make_regnode (awkgram.y:5306)
==744874==    by 0x4069844: make_typed_regex (node.c:510)
==744874==    by 0x402A2D9: do_sub (builtin.c:2201)
==744874==    by 0x404FD01: r_interpret (interpret.h:1161)
==744874==    by 0x400EDDE: main (main.c:532)
==744874== 
==744874== 26 bytes in 1 blocks are still reachable in loss record 78 of 248
==744874==    at 0x497D858: malloc (vg_replace_malloc.c:447)
==744874==    by 0x405E9A7: emalloc_real (awk.h:2156)
==744874==    by 0x405E9A7: init_awkpath (io.c:3026)
==744874==    by 0x405E9A7: do_find_source (io.c:3068)
==744874==    by 0x4065061: find_source (io.c:3098)
==744874==    by 0x40189F8: add_srcfile (awkgram.y:2864)
==744874==    by 0x400D7E5: parse_args (main.c:1585)
==744874==    by 0x400D7E5: main (main.c:294)
==744874== 
==744874== 26 bytes in 10 blocks are still reachable in loss record 79 of 248
==744874==    at 0x497D858: malloc (vg_replace_malloc.c:447)
==744874==    by 0x4066564: emalloc_real (awk.h:2156)
==744874==    by 0x4066564: estrdup (main.c:1451)
==744874==    by 0x4019CDE: yylex (awkgram.y:3684)
==744874==    by 0x401C83C: yyparse (awkgram.c:1879)
==744874==    by 0x402073A: parse_program (awkgram.y:2797)
==744874==    by 0x400EAD8: main (main.c:483)
==744874== 
==744874== 32 bytes in 1 blocks are still reachable in loss record 80 of 248
==744874==    at 0x497D858: malloc (vg_replace_malloc.c:447)
==744874==    by 0x4066202: emalloc_real.constprop.0 (awk.h:2156)
==744874==    by 0x400D66C: save_argv (main.c:1496)
==744874==    by 0x400D66C: parse_args (main.c:1554)
==744874==    by 0x400D66C: main (main.c:294)
==744874== 
==744874== 32 bytes in 1 blocks are still reachable in loss record 81 of 248
==744874==    at 0x497D858: malloc (vg_replace_malloc.c:447)
==744874==    by 0x4045E57: emalloc_real (awk.h:2156)
==744874==    by 0x4045E57: fmt_index (eval.c:913)
==744874==    by 0x4046F46: set_CONVFMT (eval.c:956)
==744874==    by 0x400D9A3: init_vars (main.c:873)
==744874==    by 0x400D9A3: main (main.c:403)
==744874== 
==744874== 32 bytes in 2 blocks are still reachable in loss record 82 of 248
==744874==    at 0x497D858: malloc (vg_replace_malloc.c:447)
==744874==    by 0x407474B: emalloc_real (awk.h:2156)
==744874==    by 0x407474B: make_regexp (re.c:370)
==744874==    by 0x40195EB: make_regnode (awkgram.y:5306)
==744874==    by 0x4069844: make_typed_regex (node.c:510)
==744874==    by 0x401D7CD: yyparse (awkgram.y:607)
==744874==    by 0x402073A: parse_program (awkgram.y:2797)
==744874==    by 0x400EAD8: main (main.c:483)
==744874== 
==744874== 38 bytes in 1 blocks are still reachable in loss record 83 of 248
==744874==    at 0x497D858: malloc (vg_replace_malloc.c:447)
==744874==    by 0x405E673: emalloc_real (awk.h:2156)
==744874==    by 0x405E673: do_find_source (io.c:3070)
==744874==    by 0x4065061: find_source (io.c:3098)
==744874==    by 0x40189F8: add_srcfile (awkgram.y:2864)
==744874==    by 0x400D7E5: parse_args (main.c:1585)
==744874==    by 0x400D7E5: main (main.c:294)
==744874== 
==744874== 40 bytes in 1 blocks are still reachable in loss record 84 of 248
==744874==    at 0x497D858: malloc (vg_replace_malloc.c:447)
==744874==    by 0x4082059: add_char_to_set (charset.c:3407)
==744874==    by 0x4082C22: charset_add_char.part.0 (charset.c:9054)
==744874==    by 0x4086F77: charset_add_char (charset.c:9051)
==744874==    by 0x4086F77: cset_set (minrx.c:928)
==744874==    by 0x4086F77: firstclosure (minrx.c:1841)
==744874==    by 0x4086F77: compile.constprop.0 (minrx.c:1923)
==744874==    by 0x4089B38: minrx_regncomp (minrx.c:2490)
==744874==    by 0x407427D: make_regexp (re.c:355)
==744874==    by 0x40195EB: make_regnode (awkgram.y:5306)
==744874==    by 0x4069844: make_typed_regex (node.c:510)
==744874==    by 0x401D7CD: yyparse (awkgram.y:607)
==744874==    by 0x402073A: parse_program (awkgram.y:2797)
==744874==    by 0x400EAD8: main (main.c:483)
==744874== 
==744874== 48 bytes in 1 blocks are still reachable in loss record 85 of 248
==744874==    at 0x497D858: malloc (vg_replace_malloc.c:447)
==744874==    by 0x4068FEB: emalloc_real (awk.h:2156)
==744874==    by 0x4068FEB: r_getblock (node.c:1164)
==744874==    by 0x40768D9: str_lookup (str_array.c:214)
==744874==    by 0x407708C: assoc_set (awk.h:2220)
==744874==    by 0x407708C: install (symbol.c:430)
==744874==    by 0x4077369: install_symbol (symbol.c:173)
==744874==    by 0x4077369: init_the_tables (symbol.c:77)
==744874==    by 0x400D60A: main (main.c:287)
==744874== 
==744874== 48 bytes in 1 blocks are still reachable in loss record 86 of 248
==744874==    at 0x497D858: malloc (vg_replace_malloc.c:447)
==744874==    by 0x4068FEB: emalloc_real (awk.h:2156)
==744874==    by 0x4068FEB: r_getblock (node.c:1164)
==744874==    by 0x40768D9: str_lookup (str_array.c:214)
==744874==    by 0x407708C: assoc_set (awk.h:2220)
==744874==    by 0x407708C: install (symbol.c:430)
==744874==    by 0x4077390: install_symbol (symbol.c:173)
==744874==    by 0x4077390: init_the_tables (symbol.c:78)
==744874==    by 0x400D60A: main (main.c:287)
==744874== 
==744874== 48 bytes in 1 blocks are still reachable in loss record 87 of 248
==744874==    at 0x497D858: malloc (vg_replace_malloc.c:447)
==744874==    by 0x4068FEB: emalloc_real (awk.h:2156)
==744874==    by 0x4068FEB: r_getblock (node.c:1164)
==744874==    by 0x40768D9: str_lookup (str_array.c:214)
==744874==    by 0x407708C: assoc_set (awk.h:2220)
==744874==    by 0x407708C: install (symbol.c:430)
==744874==    by 0x400E703: load_procinfo (main.c:1019)
==744874==    by 0x400E703: init_vars (main.c:878)
==744874==    by 0x400E703: main (main.c:403)
==744874== 
==744874== 48 bytes in 1 blocks are still reachable in loss record 88 of 248
==744874==    at 0x497D858: malloc (vg_replace_malloc.c:447)
==744874==    by 0x4068FEB: emalloc_real (awk.h:2156)
==744874==    by 0x4068FEB: r_getblock (node.c:1164)
==744874==    by 0x40768D9: str_lookup (str_array.c:214)
==744874==    by 0x4054B9E: assoc_set (awk.h:2220)
==744874==    by 0x4054B9E: update_PROCINFO_str.part.0 (field.c:1662)
==744874==    by 0x400E71D: load_procinfo (main.c:1021)
==744874==    by 0x400E71D: init_vars (main.c:878)
==744874==    by 0x400E71D: main (main.c:403)
==744874== 
==744874== 48 bytes in 1 blocks are still reachable in loss record 89 of 248
==744874==    at 0x497D858: malloc (vg_replace_malloc.c:447)
==744874==    by 0x4068FEB: emalloc_real (awk.h:2156)
==744874==    by 0x4068FEB: r_getblock (node.c:1164)
==744874==    by 0x40768D9: str_lookup (str_array.c:214)
==744874==    by 0x4054B9E: assoc_set (awk.h:2220)
==744874==    by 0x4054B9E: update_PROCINFO_str.part.0 (field.c:1662)
==744874==    by 0x400E730: load_procinfo (main.c:1022)
==744874==    by 0x400E730: init_vars (main.c:878)
==744874==    by 0x400E730: main (main.c:403)
==744874== 
==744874== 48 bytes in 1 blocks are still reachable in loss record 90 of 248
==744874==    at 0x497D858: malloc (vg_replace_malloc.c:447)
==744874==    by 0x4068FEB: emalloc_real (awk.h:2156)
==744874==    by 0x4068FEB: r_getblock (node.c:1164)
==744874==    by 0x40768D9: str_lookup (str_array.c:214)
==744874==    by 0x4054B9E: assoc_set (awk.h:2220)
==744874==    by 0x4054B9E: update_PROCINFO_str.part.0 (field.c:1662)
==744874==    by 0x400E743: load_procinfo (main.c:1023)
==744874==    by 0x400E743: init_vars (main.c:878)
==744874==    by 0x400E743: main (main.c:403)
==744874== 
==744874== 48 bytes in 1 blocks are still reachable in loss record 91 of 248
==744874==    at 0x497D858: malloc (vg_replace_malloc.c:447)
==744874==    by 0x4068FEB: emalloc_real (awk.h:2156)
==744874==    by 0x4068FEB: r_getblock (node.c:1164)
==744874==    by 0x40768D9: str_lookup (str_array.c:214)
==744874==    by 0x405802A: assoc_set (awk.h:2220)
==744874==    by 0x405802A: update_PROCINFO_num (field.c:1675)
==744874==    by 0x400E757: load_procinfo (main.c:1035)
==744874==    by 0x400E757: init_vars (main.c:878)
==744874==    by 0x400E757: main (main.c:403)
==744874== 
==744874== 48 bytes in 1 blocks are still reachable in loss record 92 of 248
==744874==    at 0x497D858: malloc (vg_replace_malloc.c:447)
==744874==    by 0x4068FEB: emalloc_real (awk.h:2156)
==744874==    by 0x4068FEB: r_getblock (node.c:1164)
==744874==    by 0x40768D9: str_lookup (str_array.c:214)
==744874==    by 0x405802A: assoc_set (awk.h:2220)
==744874==    by 0x405802A: update_PROCINFO_num (field.c:1675)
==744874==    by 0x400E76B: load_procinfo (main.c:1036)
==744874==    by 0x400E76B: init_vars (main.c:878)
==744874==    by 0x400E76B: main (main.c:403)
==744874== 
==744874== 48 bytes in 1 blocks are still reachable in loss record 93 of 248
==744874==    at 0x497D858: malloc (vg_replace_malloc.c:447)
==744874==    by 0x4068FEB: emalloc_real (awk.h:2156)
==744874==    by 0x4068FEB: r_getblock (node.c:1164)
==744874==    by 0x40768D9: str_lookup (str_array.c:214)
==744874==    by 0x405802A: assoc_set (awk.h:2220)
==744874==    by 0x405802A: update_PROCINFO_num (field.c:1675)
==744874==    by 0x400E784: load_procinfo (main.c:1046)
==744874==    by 0x400E784: init_vars (main.c:878)
==744874==    by 0x400E784: main (main.c:403)
==744874== 
==744874== 48 bytes in 1 blocks are still reachable in loss record 94 of 248
==744874==    at 0x497D858: malloc (vg_replace_malloc.c:447)
==744874==    by 0x4068FEB: emalloc_real (awk.h:2156)
==744874==    by 0x4068FEB: r_getblock (node.c:1164)
==744874==    by 0x40768D9: str_lookup (str_array.c:214)
==744874==    by 0x405802A: assoc_set (awk.h:2220)
==744874==    by 0x405802A: update_PROCINFO_num (field.c:1675)
==744874==    by 0x400E79D: load_procinfo (main.c:1055)
==744874==    by 0x400E79D: init_vars (main.c:878)
==744874==    by 0x400E79D: main (main.c:403)
==744874== 
==744874== 48 bytes in 1 blocks are still reachable in loss record 95 of 248
==744874==    at 0x497D858: malloc (vg_replace_malloc.c:447)
==744874==    by 0x4068FEB: emalloc_real (awk.h:2156)
==744874==    by 0x4068FEB: r_getblock (node.c:1164)
==744874==    by 0x40768D9: str_lookup (str_array.c:214)
==744874==    by 0x405802A: assoc_set (awk.h:2220)
==744874==    by 0x405802A: update_PROCINFO_num (field.c:1675)
==744874==    by 0x400E7B6: load_procinfo (main.c:1058)
==744874==    by 0x400E7B6: init_vars (main.c:878)
==744874==    by 0x400E7B6: main (main.c:403)
==744874== 
==744874== 48 bytes in 1 blocks are still reachable in loss record 96 of 248
==744874==    at 0x497D858: malloc (vg_replace_malloc.c:447)
==744874==    by 0x4068FEB: emalloc_real (awk.h:2156)
==744874==    by 0x4068FEB: r_getblock (node.c:1164)
==744874==    by 0x40768D9: str_lookup (str_array.c:214)
==744874==    by 0x405802A: assoc_set (awk.h:2220)
==744874==    by 0x405802A: update_PROCINFO_num (field.c:1675)
==744874==    by 0x400E7D2: load_procinfo (main.c:1061)
==744874==    by 0x400E7D2: init_vars (main.c:878)
==744874==    by 0x400E7D2: main (main.c:403)
==744874== 
==744874== 48 bytes in 1 blocks are still reachable in loss record 97 of 248
==744874==    at 0x497D858: malloc (vg_replace_malloc.c:447)
==744874==    by 0x4068FEB: emalloc_real (awk.h:2156)
==744874==    by 0x4068FEB: r_getblock (node.c:1164)
==744874==    by 0x40768D9: str_lookup (str_array.c:214)
==744874==    by 0x405802A: assoc_set (awk.h:2220)
==744874==    by 0x405802A: update_PROCINFO_num (field.c:1675)
==744874==    by 0x400E7EE: load_procinfo (main.c:1064)
==744874==    by 0x400E7EE: init_vars (main.c:878)
==744874==    by 0x400E7EE: main (main.c:403)
==744874== 
==744874== 48 bytes in 1 blocks are still reachable in loss record 98 of 248
==744874==    at 0x497D858: malloc (vg_replace_malloc.c:447)
==744874==    by 0x4068FEB: emalloc_real (awk.h:2156)
==744874==    by 0x4068FEB: r_getblock (node.c:1164)
==744874==    by 0x40768D9: str_lookup (str_array.c:214)
==744874==    by 0x405802A: assoc_set (awk.h:2220)
==744874==    by 0x405802A: update_PROCINFO_num (field.c:1675)
==744874==    by 0x400E80A: load_procinfo (main.c:1067)
==744874==    by 0x400E80A: init_vars (main.c:878)
==744874==    by 0x400E80A: main (main.c:403)
==744874== 
==744874== 48 bytes in 1 blocks are still reachable in loss record 99 of 248
==744874==    at 0x497D858: malloc (vg_replace_malloc.c:447)
==744874==    by 0x4068FEB: emalloc_real (awk.h:2156)
==744874==    by 0x4068FEB: r_getblock (node.c:1164)
==744874==    by 0x40768D9: str_lookup (str_array.c:214)
==744874==    by 0x405802A: assoc_set (awk.h:2220)
==744874==    by 0x405802A: update_PROCINFO_num (field.c:1675)
==744874==    by 0x400E826: load_procinfo (main.c:1070)
==744874==    by 0x400E826: init_vars (main.c:878)
==744874==    by 0x400E826: main (main.c:403)
==744874== 
==744874== 48 bytes in 1 blocks are still reachable in loss record 100 of 248
==744874==    at 0x497D858: malloc (vg_replace_malloc.c:447)
==744874==    by 0x4068FEB: emalloc_real (awk.h:2156)
==744874==    by 0x4068FEB: r_getblock (node.c:1164)
==744874==    by 0x40768D9: str_lookup (str_array.c:214)
==744874==    by 0x4054B9E: assoc_set (awk.h:2220)
==744874==    by 0x4054B9E: update_PROCINFO_str.part.0 (field.c:1662)
==744874==    by 0x400E83A: load_procinfo (main.c:1072)
==744874==    by 0x400E83A: init_vars (main.c:878)
==744874==    by 0x400E83A: main (main.c:403)
==744874== 
==744874== 48 bytes in 1 blocks are still reachable in loss record 101 of 248
==744874==    at 0x497D858: malloc (vg_replace_malloc.c:447)
==744874==    by 0x4068FEB: emalloc_real (awk.h:2156)
==744874==    by 0x4068FEB: r_getblock (node.c:1164)
==744874==    by 0x40768D9: str_lookup (str_array.c:214)
==744874==    by 0x4054B9E: assoc_set (awk.h:2220)
==744874==    by 0x4054B9E: update_PROCINFO_str.part.0 (field.c:1662)
==744874==    by 0x400E8D2: load_procinfo (main.c:1087)
==744874==    by 0x400E8D2: init_vars (main.c:878)
==744874==    by 0x400E8D2: main (main.c:403)
==744874== 
==744874== 48 bytes in 1 blocks are still reachable in loss record 102 of 248
==744874==    at 0x497D858: malloc (vg_replace_malloc.c:447)
==744874==    by 0x4068FEB: emalloc_real (awk.h:2156)
==744874==    by 0x4068FEB: r_getblock (node.c:1164)
==744874==    by 0x40768D9: str_lookup (str_array.c:214)
==744874==    by 0x40662E6: assoc_set (awk.h:2220)
==744874==    by 0x400EC2D: load_procinfo_argv (main.c:997)
==744874==    by 0x400EC2D: load_procinfo (main.c:1093)
==744874==    by 0x400EC2D: init_vars (main.c:878)
==744874==    by 0x400EC2D: main (main.c:403)
==744874== 
==744874== 48 bytes in 1 blocks are still reachable in loss record 103 of 248
==744874==    at 0x497D858: malloc (vg_replace_malloc.c:447)
==744874==    by 0x4068FEB: emalloc_real (awk.h:2156)
==744874==    by 0x4068FEB: r_getblock (node.c:1164)
==744874==    by 0x40768D9: str_lookup (str_array.c:214)
==744874==    by 0x407708C: assoc_set (awk.h:2220)
==744874==    by 0x407708C: install (symbol.c:430)
==744874==    by 0x400E038: load_environ (main.c:930)
==744874==    by 0x400E038: init_vars (main.c:879)
==744874==    by 0x400E038: main (main.c:403)
==744874== 
==744874== 48 bytes in 1 blocks are still reachable in loss record 104 of 248
==744874==    at 0x497D858: malloc (vg_replace_malloc.c:447)
==744874==    by 0x4068FEB: emalloc_real (awk.h:2156)
==744874==    by 0x4068FEB: r_getblock (node.c:1164)
==744874==    by 0x40768D9: str_lookup (str_array.c:214)
==744874==    by 0x407708C: assoc_set (awk.h:2220)
==744874==    by 0x407708C: install (symbol.c:430)
==744874==    by 0x400E414: init_args (main.c:764)
==744874==    by 0x400E414: main (main.c:470)
==744874== 
==744874== 48 bytes in 1 blocks are still reachable in loss record 105 of 248
==744874==    at 0x497D858: malloc (vg_replace_malloc.c:447)
==744874==    by 0x4068FEB: emalloc_real (awk.h:2156)
==744874==    by 0x4068FEB: r_getblock (node.c:1164)
==744874==    by 0x40768D9: str_lookup (str_array.c:214)
==744874==    by 0x407708C: assoc_set (awk.h:2220)
==744874==    by 0x407708C: install (symbol.c:430)
==744874==    by 0x400EA90: init_args (main.c:791)
==744874==    by 0x400EA90: main (main.c:470)
==744874== 
==744874== 48 bytes in 1 blocks are still reachable in loss record 106 of 248
==744874==    at 0x497D858: malloc (vg_replace_malloc.c:447)
==744874==    by 0x4068FEB: emalloc_real (awk.h:2156)
==744874==    by 0x4068FEB: r_getblock (node.c:1164)
==744874==    by 0x40768D9: str_lookup (str_array.c:214)
==744874==    by 0x4077FEA: load_symbols (symbol.c:664)
==744874==    by 0x400ED85: main (main.c:499)
==744874== 
==744874== 49 bytes in 14 blocks are still reachable in loss record 107 of 248
==744874==    at 0x497D858: malloc (vg_replace_malloc.c:447)
==744874==    by 0x4069457: emalloc_real (awk.h:2156)
==744874==    by 0x4069457: make_str_node (node.c:422)
==744874==    by 0x400D984: init_vars (main.c:867)
==744874==    by 0x400D984: main (main.c:403)
==744874== 
==744874== 56 bytes in 1 blocks are still reachable in loss record 108 of 248
==744874==    at 0x497D858: malloc (vg_replace_malloc.c:447)
==744874==    by 0x4020D1E: emalloc_real (awk.h:2156)
==744874==    by 0x4020D1E: parse_program (awkgram.y:2810)
==744874==    by 0x400EAD8: main (main.c:483)
==744874== 
==744874== 60 bytes in 1 blocks are still reachable in loss record 109 of 248
==744874==    at 0x497D858: malloc (vg_replace_malloc.c:447)
==744874==    by 0x4014E9C: emalloc_real (awk.h:2156)
==744874==    by 0x4014E9C: tokexpand (awkgram.y:3294)
==744874==    by 0x4020FE6: parse_program (awkgram.y:2795)
==744874==    by 0x400EAD8: main (main.c:483)
==744874== 
==744874== 64 bytes in 1 blocks are still reachable in loss record 110 of 248
==744874==    at 0x497D858: malloc (vg_replace_malloc.c:447)
==744874==    by 0x408333D: charset_create (charset.c:9027)
==744874==    by 0x408333D: cset_construct (minrx.c:883)
==744874==    by 0x408333D: csets_emplace_back (minrx.c:1136)
==744874==    by 0x40852DA: chr (minrx.c:1621)
==744874==    by 0x40852DA: rep (minrx.c:1514)
==744874==    by 0x4086100: cat (minrx.c:1406)
==744874==    by 0x4086268: alt (minrx.c:1333)
==744874==    by 0x4086BB0: compile.constprop.0 (minrx.c:1903)
==744874==    by 0x4089B38: minrx_regncomp (minrx.c:2490)
==744874==    by 0x407427D: make_regexp (re.c:355)
==744874==    by 0x40195EB: make_regnode (awkgram.y:5306)
==744874==    by 0x4069844: make_typed_regex (node.c:510)
==744874==    by 0x401D7CD: yyparse (awkgram.y:607)
==744874==    by 0x402073A: parse_program (awkgram.y:2797)
==744874== 
==744874== 64 bytes in 1 blocks are still reachable in loss record 111 of 248
==744874==    at 0x497D858: malloc (vg_replace_malloc.c:447)
==744874==    by 0x408333D: charset_create (charset.c:9027)
==744874==    by 0x408333D: cset_construct (minrx.c:883)
==744874==    by 0x408333D: csets_emplace_back (minrx.c:1136)
==744874==    by 0x40852DA: chr (minrx.c:1621)
==744874==    by 0x40852DA: rep (minrx.c:1514)
==744874==    by 0x4086100: cat (minrx.c:1406)
==744874==    by 0x4086268: alt (minrx.c:1333)
==744874==    by 0x4086BB0: compile.constprop.0 (minrx.c:1903)
==744874==    by 0x4089B38: minrx_regncomp (minrx.c:2490)
==744874==    by 0x407427D: make_regexp (re.c:355)
==744874==    by 0x40195EB: make_regnode (awkgram.y:5306)
==744874==    by 0x4069844: make_typed_regex (node.c:510)
==744874==    by 0x402A2D9: do_sub (builtin.c:2201)
==744874==    by 0x404FD01: r_interpret (interpret.h:1161)
==744874== 
==744874== 64 bytes in 1 blocks are still reachable in loss record 112 of 248
==744874==    at 0x497D858: malloc (vg_replace_malloc.c:447)
==744874==    by 0x4086BDE: compile.constprop.0 (minrx.c:1905)
==744874==    by 0x4089B38: minrx_regncomp (minrx.c:2490)
==744874==    by 0x407427D: make_regexp (re.c:355)
==744874==    by 0x40195EB: make_regnode (awkgram.y:5306)
==744874==    by 0x4069844: make_typed_regex (node.c:510)
==744874==    by 0x402A2D9: do_sub (builtin.c:2201)
==744874==    by 0x404FD01: r_interpret (interpret.h:1161)
==744874==    by 0x400EDDE: main (main.c:532)
==744874== 
==744874== 64 bytes in 1 blocks are still reachable in loss record 113 of 248
==744874==    at 0x497D858: malloc (vg_replace_malloc.c:447)
==744874==    by 0x4086F0A: charset_create (charset.c:9027)
==744874==    by 0x4086F0A: cset_construct (minrx.c:883)
==744874==    by 0x4086F0A: firstclosure (minrx.c:1836)
==744874==    by 0x4086F0A: compile.constprop.0 (minrx.c:1923)
==744874==    by 0x4089B38: minrx_regncomp (minrx.c:2490)
==744874==    by 0x407427D: make_regexp (re.c:355)
==744874==    by 0x40195EB: make_regnode (awkgram.y:5306)
==744874==    by 0x4069844: make_typed_regex (node.c:510)
==744874==    by 0x402A2D9: do_sub (builtin.c:2201)
==744874==    by 0x404FD01: r_interpret (interpret.h:1161)
==744874==    by 0x400EDDE: main (main.c:532)
==744874== 
==744874== 64 bytes in 8 blocks are still reachable in loss record 114 of 248
==744874==    at 0x497D858: malloc (vg_replace_malloc.c:447)
==744874==    by 0x4086EBA: firstclosure (minrx.c:1834)
==744874==    by 0x4086EBA: compile.constprop.0 (minrx.c:1923)
==744874==    by 0x4089B38: minrx_regncomp (minrx.c:2490)
==744874==    by 0x407427D: make_regexp (re.c:355)
==744874==    by 0x40195EB: make_regnode (awkgram.y:5306)
==744874==    by 0x401D996: yyparse (awkgram.y:584)
==744874==    by 0x402073A: parse_program (awkgram.y:2797)
==744874==    by 0x400EAD8: main (main.c:483)
==744874== 
==744874== 80 bytes in 1 blocks are still reachable in loss record 115 of 248
==744874==    at 0x497D858: malloc (vg_replace_malloc.c:447)
==744874==    by 0x4082141: add_range_to_set (charset.c:3438)
==744874==    by 0x4084670: charset_add_range (charset.c:9090)
==744874==    by 0x4084670: cset_set_range (minrx.c:920)
==744874==    by 0x4084670: cset_parse.isra.0 (minrx.c:1041)
==744874==    by 0x40852FC: chr (minrx.c:1622)
==744874==    by 0x40852FC: rep (minrx.c:1514)
==744874==    by 0x4086100: cat (minrx.c:1406)
==744874==    by 0x4086268: alt (minrx.c:1333)
==744874==    by 0x4086BB0: compile.constprop.0 (minrx.c:1903)
==744874==    by 0x4089B38: minrx_regncomp (minrx.c:2490)
==744874==    by 0x407427D: make_regexp (re.c:355)
==744874==    by 0x40195EB: make_regnode (awkgram.y:5306)
==744874==    by 0x4069844: make_typed_regex (node.c:510)
==744874==    by 0x401D7CD: yyparse (awkgram.y:607)
==744874== 
==744874== 80 bytes in 1 blocks are still reachable in loss record 116 of 248
==744874==    at 0x497D858: malloc (vg_replace_malloc.c:447)
==744874==    by 0x4082141: add_range_to_set (charset.c:3438)
==744874==    by 0x408269F: charset_finalize (charset.c:8983)
==744874==    by 0x4087709: charset_firstbytes (charset.c:9475)
==744874==    by 0x4087709: cset_firstbytes (minrx.c:1060)
==744874==    by 0x4087709: firstbytes (minrx.c:1859)
==744874==    by 0x4087709: compile.constprop.0 (minrx.c:1924)
==744874==    by 0x4089B38: minrx_regncomp (minrx.c:2490)
==744874==    by 0x407427D: make_regexp (re.c:355)
==744874==    by 0x40195EB: make_regnode (awkgram.y:5306)
==744874==    by 0x4069844: make_typed_regex (node.c:510)
==744874==    by 0x401D7CD: yyparse (awkgram.y:607)
==744874==    by 0x402073A: parse_program (awkgram.y:2797)
==744874==    by 0x400EAD8: main (main.c:483)
==744874== 
==744874== 80 bytes in 1 blocks are still reachable in loss record 117 of 248
==744874==    at 0x497D858: malloc (vg_replace_malloc.c:447)
==744874==    by 0x4082141: add_range_to_set (charset.c:3438)
==744874==    by 0x4084670: charset_add_range (charset.c:9090)
==744874==    by 0x4084670: cset_set_range (minrx.c:920)
==744874==    by 0x4084670: cset_parse.isra.0 (minrx.c:1041)
==744874==    by 0x40852FC: chr (minrx.c:1622)
==744874==    by 0x40852FC: rep (minrx.c:1514)
==744874==    by 0x4086100: cat (minrx.c:1406)
==744874==    by 0x4086268: alt (minrx.c:1333)
==744874==    by 0x4086BB0: compile.constprop.0 (minrx.c:1903)
==744874==    by 0x4089B38: minrx_regncomp (minrx.c:2490)
==744874==    by 0x407427D: make_regexp (re.c:355)
==744874==    by 0x40195EB: make_regnode (awkgram.y:5306)
==744874==    by 0x4069844: make_typed_regex (node.c:510)
==744874==    by 0x402A2D9: do_sub (builtin.c:2201)
==744874== 
==744874== 88 bytes in 1 blocks are still reachable in loss record 118 of 248
==744874==    at 0x497D858: malloc (vg_replace_malloc.c:447)
==744874==    by 0x4068FEB: emalloc_real (awk.h:2156)
==744874==    by 0x4068FEB: r_getblock (node.c:1164)
==744874==    by 0x40693C1: make_str_node (node.c:406)
==744874==    by 0x400D5C7: main (main.c:278)
==744874== 
==744874== 88 bytes in 1 blocks are still reachable in loss record 119 of 248
==744874==    at 0x497D858: malloc (vg_replace_malloc.c:447)
==744874==    by 0x4068FEB: emalloc_real (awk.h:2156)
==744874==    by 0x4068FEB: r_getblock (node.c:1164)
==744874==    by 0x40772C7: init_the_tables (symbol.c:68)
==744874==    by 0x400D60A: main (main.c:287)
==744874== 
==744874== 88 bytes in 1 blocks are still reachable in loss record 120 of 248
==744874==    at 0x497D858: malloc (vg_replace_malloc.c:447)
==744874==    by 0x4068FEB: emalloc_real (awk.h:2156)
==744874==    by 0x4068FEB: r_getblock (node.c:1164)
==744874==    by 0x4077308: init_the_tables (symbol.c:72)
==744874==    by 0x400D60A: main (main.c:287)
==744874== 
==744874== 88 bytes in 1 blocks are still reachable in loss record 121 of 248
==744874==    at 0x497D858: malloc (vg_replace_malloc.c:447)
==744874==    by 0x4068FEB: emalloc_real (awk.h:2156)
==744874==    by 0x4068FEB: r_getblock (node.c:1164)
==744874==    by 0x40693C1: make_str_node (node.c:406)
==744874==    by 0x4077055: install (symbol.c:399)
==744874==    by 0x4077369: install_symbol (symbol.c:173)
==744874==    by 0x4077369: init_the_tables (symbol.c:77)
==744874==    by 0x400D60A: main (main.c:287)
==744874== 
==744874== 88 bytes in 1 blocks are still reachable in loss record 122 of 248
==744874==    at 0x497D858: malloc (vg_replace_malloc.c:447)
==744874==    by 0x4068FEB: emalloc_real (awk.h:2156)
==744874==    by 0x4068FEB: r_getblock (node.c:1164)
==744874==    by 0x4077133: make_symbol (symbol.c:376)
==744874==    by 0x4077133: install (symbol.c:417)
==744874==    by 0x4077369: install_symbol (symbol.c:173)
==744874==    by 0x4077369: init_the_tables (symbol.c:77)
==744874==    by 0x400D60A: main (main.c:287)
==744874== 
==744874== 88 bytes in 1 blocks are still reachable in loss record 123 of 248
==744874==    at 0x497D858: malloc (vg_replace_malloc.c:447)
==744874==    by 0x4068FEB: emalloc_real (awk.h:2156)
==744874==    by 0x4068FEB: r_getblock (node.c:1164)
==744874==    by 0x40693C1: make_str_node (node.c:406)
==744874==    by 0x4077055: install (symbol.c:399)
==744874==    by 0x4077390: install_symbol (symbol.c:173)
==744874==    by 0x4077390: init_the_tables (symbol.c:78)
==744874==    by 0x400D60A: main (main.c:287)
==744874== 
==744874== 88 bytes in 1 blocks are still reachable in loss record 124 of 248
==744874==    at 0x497D858: malloc (vg_replace_malloc.c:447)
==744874==    by 0x4068FEB: emalloc_real (awk.h:2156)
==744874==    by 0x4068FEB: r_getblock (node.c:1164)
==744874==    by 0x4077133: make_symbol (symbol.c:376)
==744874==    by 0x4077133: install (symbol.c:417)
==744874==    by 0x4077390: install_symbol (symbol.c:173)
==744874==    by 0x4077390: init_the_tables (symbol.c:78)
==744874==    by 0x400D60A: main (main.c:287)
==744874== 
==744874== 88 bytes in 1 blocks are still reachable in loss record 125 of 248
==744874==    at 0x497D858: malloc (vg_replace_malloc.c:447)
==744874==    by 0x4068FEB: emalloc_real (awk.h:2156)
==744874==    by 0x4068FEB: r_getblock (node.c:1164)
==744874==    by 0x40693C1: make_str_node (node.c:406)
==744874==    by 0x4077055: install (symbol.c:399)
==744874==    by 0x400E703: load_procinfo (main.c:1019)
==744874==    by 0x400E703: init_vars (main.c:878)
==744874==    by 0x400E703: main (main.c:403)
==744874== 
==744874== 88 bytes in 1 blocks are still reachable in loss record 126 of 248
==744874==    at 0x497D858: malloc (vg_replace_malloc.c:447)
==744874==    by 0x4068FEB: emalloc_real (awk.h:2156)
==744874==    by 0x4068FEB: r_getblock (node.c:1164)
==744874==    by 0x4077133: make_symbol (symbol.c:376)
==744874==    by 0x4077133: install (symbol.c:417)
==744874==    by 0x400E703: load_procinfo (main.c:1019)
==744874==    by 0x400E703: init_vars (main.c:878)
==744874==    by 0x400E703: main (main.c:403)
==744874== 
==744874== 88 bytes in 1 blocks are still reachable in loss record 127 of 248
==744874==    at 0x497D858: malloc (vg_replace_malloc.c:447)
==744874==    by 0x4068FEB: emalloc_real (awk.h:2156)
==744874==    by 0x4068FEB: r_getblock (node.c:1164)
==744874==    by 0x40693C1: make_str_node (node.c:406)
==744874==    by 0x4054B6F: update_PROCINFO_str.part.0 (field.c:1661)
==744874==    by 0x400E71D: load_procinfo (main.c:1021)
==744874==    by 0x400E71D: init_vars (main.c:878)
==744874==    by 0x400E71D: main (main.c:403)
==744874== 
==744874== 88 bytes in 1 blocks are still reachable in loss record 128 of 248
==744874==    at 0x497D858: malloc (vg_replace_malloc.c:447)
==744874==    by 0x4068FEB: emalloc_real (awk.h:2156)
==744874==    by 0x4068FEB: r_getblock (node.c:1164)
==744874==    by 0x40693C1: make_str_node (node.c:406)
==744874==    by 0x4054B87: update_PROCINFO_str.part.0 (field.c:1662)
==744874==    by 0x400E71D: load_procinfo (main.c:1021)
==744874==    by 0x400E71D: init_vars (main.c:878)
==744874==    by 0x400E71D: main (main.c:403)
==744874== 
==744874== 88 bytes in 1 blocks are still reachable in loss record 129 of 248
==744874==    at 0x497D858: malloc (vg_replace_malloc.c:447)
==744874==    by 0x4068FEB: emalloc_real (awk.h:2156)
==744874==    by 0x4068FEB: r_getblock (node.c:1164)
==744874==    by 0x40693C1: make_str_node (node.c:406)
==744874==    by 0x4054B6F: update_PROCINFO_str.part.0 (field.c:1661)
==744874==    by 0x400E730: load_procinfo (main.c:1022)
==744874==    by 0x400E730: init_vars (main.c:878)
==744874==    by 0x400E730: main (main.c:403)
==744874== 
==744874== 88 bytes in 1 blocks are still reachable in loss record 130 of 248
==744874==    at 0x497D858: malloc (vg_replace_malloc.c:447)
==744874==    by 0x4068FEB: emalloc_real (awk.h:2156)
==744874==    by 0x4068FEB: r_getblock (node.c:1164)
==744874==    by 0x40693C1: make_str_node (node.c:406)
==744874==    by 0x4054B87: update_PROCINFO_str.part.0 (field.c:1662)
==744874==    by 0x400E730: load_procinfo (main.c:1022)
==744874==    by 0x400E730: init_vars (main.c:878)
==744874==    by 0x400E730: main (main.c:403)
==744874== 
==744874== 88 bytes in 1 blocks are still reachable in loss record 131 of 248
==744874==    at 0x497D858: malloc (vg_replace_malloc.c:447)
==744874==    by 0x4068FEB: emalloc_real (awk.h:2156)
==744874==    by 0x4068FEB: r_getblock (node.c:1164)
==744874==    by 0x40693C1: make_str_node (node.c:406)
==744874==    by 0x4054B6F: update_PROCINFO_str.part.0 (field.c:1661)
==744874==    by 0x400E743: load_procinfo (main.c:1023)
==744874==    by 0x400E743: init_vars (main.c:878)
==744874==    by 0x400E743: main (main.c:403)
==744874== 
==744874== 88 bytes in 1 blocks are still reachable in loss record 132 of 248
==744874==    at 0x497D858: malloc (vg_replace_malloc.c:447)
==744874==    by 0x4068FEB: emalloc_real (awk.h:2156)
==744874==    by 0x4068FEB: r_getblock (node.c:1164)
==744874==    by 0x40693C1: make_str_node (node.c:406)
==744874==    by 0x4054B87: update_PROCINFO_str.part.0 (field.c:1662)
==744874==    by 0x400E743: load_procinfo (main.c:1023)
==744874==    by 0x400E743: init_vars (main.c:878)
==744874==    by 0x400E743: main (main.c:403)
==744874== 
==744874== 88 bytes in 1 blocks are still reachable in loss record 133 of 248
==744874==    at 0x497D858: malloc (vg_replace_malloc.c:447)
==744874==    by 0x4068FEB: emalloc_real (awk.h:2156)
==744874==    by 0x4068FEB: r_getblock (node.c:1164)
==744874==    by 0x40693C1: make_str_node (node.c:406)
==744874==    by 0x4058004: update_PROCINFO_num (field.c:1674)
==744874==    by 0x400E757: load_procinfo (main.c:1035)
==744874==    by 0x400E757: init_vars (main.c:878)
==744874==    by 0x400E757: main (main.c:403)
==744874== 
==744874== 88 bytes in 1 blocks are still reachable in loss record 134 of 248
==744874==    at 0x497D858: malloc (vg_replace_malloc.c:447)
==744874==    by 0x4068FEB: emalloc_real (awk.h:2156)
==744874==    by 0x4068FEB: r_getblock (node.c:1164)
==744874==    by 0x4069930: make_number_node (awk.h:2206)
==744874==    by 0x4069930: r_make_number (node.c:369)
==744874==    by 0x4058013: update_PROCINFO_num (field.c:1675)
==744874==    by 0x400E757: load_procinfo (main.c:1035)
==744874==    by 0x400E757: init_vars (main.c:878)
==744874==    by 0x400E757: main (main.c:403)
==744874== 
==744874== 88 bytes in 1 blocks are still reachable in loss record 135 of 248
==744874==    at 0x497D858: malloc (vg_replace_malloc.c:447)
==744874==    by 0x4068FEB: emalloc_real (awk.h:2156)
==744874==    by 0x4068FEB: r_getblock (node.c:1164)
==744874==    by 0x40693C1: make_str_node (node.c:406)
==744874==    by 0x4058004: update_PROCINFO_num (field.c:1674)
==744874==    by 0x400E76B: load_procinfo (main.c:1036)
==744874==    by 0x400E76B: init_vars (main.c:878)
==744874==    by 0x400E76B: main (main.c:403)
==744874== 
==744874== 88 bytes in 1 blocks are still reachable in loss record 136 of 248
==744874==    at 0x497D858: malloc (vg_replace_malloc.c:447)
==744874==    by 0x4068FEB: emalloc_real (awk.h:2156)
==744874==    by 0x4068FEB: r_getblock (node.c:1164)
==744874==    by 0x4069930: make_number_node (awk.h:2206)
==744874==    by 0x4069930: r_make_number (node.c:369)
==744874==    by 0x4058013: update_PROCINFO_num (field.c:1675)
==744874==    by 0x400E76B: load_procinfo (main.c:1036)
==744874==    by 0x400E76B: init_vars (main.c:878)
==744874==    by 0x400E76B: main (main.c:403)
==744874== 
==744874== 88 bytes in 1 blocks are still reachable in loss record 137 of 248
==744874==    at 0x497D858: malloc (vg_replace_malloc.c:447)
==744874==    by 0x4068FEB: emalloc_real (awk.h:2156)
==744874==    by 0x4068FEB: r_getblock (node.c:1164)
==744874==    by 0x40693C1: make_str_node (node.c:406)
==744874==    by 0x4058004: update_PROCINFO_num (field.c:1674)
==744874==    by 0x400E784: load_procinfo (main.c:1046)
==744874==    by 0x400E784: init_vars (main.c:878)
==744874==    by 0x400E784: main (main.c:403)
==744874== 
==744874== 88 bytes in 1 blocks are still reachable in loss record 138 of 248
==744874==    at 0x497D858: malloc (vg_replace_malloc.c:447)
==744874==    by 0x4068FEB: emalloc_real (awk.h:2156)
==744874==    by 0x4068FEB: r_getblock (node.c:1164)
==744874==    by 0x4069930: make_number_node (awk.h:2206)
==744874==    by 0x4069930: r_make_number (node.c:369)
==744874==    by 0x4058013: update_PROCINFO_num (field.c:1675)
==744874==    by 0x400E784: load_procinfo (main.c:1046)
==744874==    by 0x400E784: init_vars (main.c:878)
==744874==    by 0x400E784: main (main.c:403)
==744874== 
==744874== 88 bytes in 1 blocks are still reachable in loss record 139 of 248
==744874==    at 0x497D858: malloc (vg_replace_malloc.c:447)
==744874==    by 0x4068FEB: emalloc_real (awk.h:2156)
==744874==    by 0x4068FEB: r_getblock (node.c:1164)
==744874==    by 0x40693C1: make_str_node (node.c:406)
==744874==    by 0x4058004: update_PROCINFO_num (field.c:1674)
==744874==    by 0x400E79D: load_procinfo (main.c:1055)
==744874==    by 0x400E79D: init_vars (main.c:878)
==744874==    by 0x400E79D: main (main.c:403)
==744874== 
==744874== 88 bytes in 1 blocks are still reachable in loss record 140 of 248
==744874==    at 0x497D858: malloc (vg_replace_malloc.c:447)
==744874==    by 0x4068FEB: emalloc_real (awk.h:2156)
==744874==    by 0x4068FEB: r_getblock (node.c:1164)
==744874==    by 0x4069930: make_number_node (awk.h:2206)
==744874==    by 0x4069930: r_make_number (node.c:369)
==744874==    by 0x4058013: update_PROCINFO_num (field.c:1675)
==744874==    by 0x400E79D: load_procinfo (main.c:1055)
==744874==    by 0x400E79D: init_vars (main.c:878)
==744874==    by 0x400E79D: main (main.c:403)
==744874== 
==744874== 88 bytes in 1 blocks are still reachable in loss record 141 of 248
==744874==    at 0x497D858: malloc (vg_replace_malloc.c:447)
==744874==    by 0x4068FEB: emalloc_real (awk.h:2156)
==744874==    by 0x4068FEB: r_getblock (node.c:1164)
==744874==    by 0x40693C1: make_str_node (node.c:406)
==744874==    by 0x4058004: update_PROCINFO_num (field.c:1674)
==744874==    by 0x400E7B6: load_procinfo (main.c:1058)
==744874==    by 0x400E7B6: init_vars (main.c:878)
==744874==    by 0x400E7B6: main (main.c:403)
==744874== 
==744874== 88 bytes in 1 blocks are still reachable in loss record 142 of 248
==744874==    at 0x497D858: malloc (vg_replace_malloc.c:447)
==744874==    by 0x4068FEB: emalloc_real (awk.h:2156)
==744874==    by 0x4068FEB: r_getblock (node.c:1164)
==744874==    by 0x4069930: make_number_node (awk.h:2206)
==744874==    by 0x4069930: r_make_number (node.c:369)
==744874==    by 0x4058013: update_PROCINFO_num (field.c:1675)
==744874==    by 0x400E7B6: load_procinfo (main.c:1058)
==744874==    by 0x400E7B6: init_vars (main.c:878)
==744874==    by 0x400E7B6: main (main.c:403)
==744874== 
==744874== 88 bytes in 1 blocks are still reachable in loss record 143 of 248
==744874==    at 0x497D858: malloc (vg_replace_malloc.c:447)
==744874==    by 0x4068FEB: emalloc_real (awk.h:2156)
==744874==    by 0x4068FEB: r_getblock (node.c:1164)
==744874==    by 0x40693C1: make_str_node (node.c:406)
==744874==    by 0x4058004: update_PROCINFO_num (field.c:1674)
==744874==    by 0x400E7D2: load_procinfo (main.c:1061)
==744874==    by 0x400E7D2: init_vars (main.c:878)
==744874==    by 0x400E7D2: main (main.c:403)
==744874== 
==744874== 88 bytes in 1 blocks are still reachable in loss record 144 of 248
==744874==    at 0x497D858: malloc (vg_replace_malloc.c:447)
==744874==    by 0x4068FEB: emalloc_real (awk.h:2156)
==744874==    by 0x4068FEB: r_getblock (node.c:1164)
==744874==    by 0x4069930: make_number_node (awk.h:2206)
==744874==    by 0x4069930: r_make_number (node.c:369)
==744874==    by 0x4058013: update_PROCINFO_num (field.c:1675)
==744874==    by 0x400E7D2: load_procinfo (main.c:1061)
==744874==    by 0x400E7D2: init_vars (main.c:878)
==744874==    by 0x400E7D2: main (main.c:403)
==744874== 
==744874== 88 bytes in 1 blocks are still reachable in loss record 145 of 248
==744874==    at 0x497D858: malloc (vg_replace_malloc.c:447)
==744874==    by 0x4068FEB: emalloc_real (awk.h:2156)
==744874==    by 0x4068FEB: r_getblock (node.c:1164)
==744874==    by 0x40693C1: make_str_node (node.c:406)
==744874==    by 0x4058004: update_PROCINFO_num (field.c:1674)
==744874==    by 0x400E7EE: load_procinfo (main.c:1064)
==744874==    by 0x400E7EE: init_vars (main.c:878)
==744874==    by 0x400E7EE: main (main.c:403)
==744874== 
==744874== 88 bytes in 1 blocks are still reachable in loss record 146 of 248
==744874==    at 0x497D858: malloc (vg_replace_malloc.c:447)
==744874==    by 0x4068FEB: emalloc_real (awk.h:2156)
==744874==    by 0x4068FEB: r_getblock (node.c:1164)
==744874==    by 0x4069930: make_number_node (awk.h:2206)
==744874==    by 0x4069930: r_make_number (node.c:369)
==744874==    by 0x4058013: update_PROCINFO_num (field.c:1675)
==744874==    by 0x400E7EE: load_procinfo (main.c:1064)
==744874==    by 0x400E7EE: init_vars (main.c:878)
==744874==    by 0x400E7EE: main (main.c:403)
==744874== 
==744874== 88 bytes in 1 blocks are still reachable in loss record 147 of 248
==744874==    at 0x497D858: malloc (vg_replace_malloc.c:447)
==744874==    by 0x4068FEB: emalloc_real (awk.h:2156)
==744874==    by 0x4068FEB: r_getblock (node.c:1164)
==744874==    by 0x40693C1: make_str_node (node.c:406)
==744874==    by 0x4058004: update_PROCINFO_num (field.c:1674)
==744874==    by 0x400E80A: load_procinfo (main.c:1067)
==744874==    by 0x400E80A: init_vars (main.c:878)
==744874==    by 0x400E80A: main (main.c:403)
==744874== 
==744874== 88 bytes in 1 blocks are still reachable in loss record 148 of 248
==744874==    at 0x497D858: malloc (vg_replace_malloc.c:447)
==744874==    by 0x4068FEB: emalloc_real (awk.h:2156)
==744874==    by 0x4068FEB: r_getblock (node.c:1164)
==744874==    by 0x4069930: make_number_node (awk.h:2206)
==744874==    by 0x4069930: r_make_number (node.c:369)
==744874==    by 0x4058013: update_PROCINFO_num (field.c:1675)
==744874==    by 0x400E80A: load_procinfo (main.c:1067)
==744874==    by 0x400E80A: init_vars (main.c:878)
==744874==    by 0x400E80A: main (main.c:403)
==744874== 
==744874== 88 bytes in 1 blocks are still reachable in loss record 149 of 248
==744874==    at 0x497D858: malloc (vg_replace_malloc.c:447)
==744874==    by 0x4068FEB: emalloc_real (awk.h:2156)
==744874==    by 0x4068FEB: r_getblock (node.c:1164)
==744874==    by 0x40693C1: make_str_node (node.c:406)
==744874==    by 0x4058004: update_PROCINFO_num (field.c:1674)
==744874==    by 0x400E826: load_procinfo (main.c:1070)
==744874==    by 0x400E826: init_vars (main.c:878)
==744874==    by 0x400E826: main (main.c:403)
==744874== 
==744874== 88 bytes in 1 blocks are still reachable in loss record 150 of 248
==744874==    at 0x497D858: malloc (vg_replace_malloc.c:447)
==744874==    by 0x4068FEB: emalloc_real (awk.h:2156)
==744874==    by 0x4068FEB: r_getblock (node.c:1164)
==744874==    by 0x4069930: make_number_node (awk.h:2206)
==744874==    by 0x4069930: r_make_number (node.c:369)
==744874==    by 0x4058013: update_PROCINFO_num (field.c:1675)
==744874==    by 0x400E826: load_procinfo (main.c:1070)
==744874==    by 0x400E826: init_vars (main.c:878)
==744874==    by 0x400E826: main (main.c:403)
==744874== 
==744874== 88 bytes in 1 blocks are still reachable in loss record 151 of 248
==744874==    at 0x497D858: malloc (vg_replace_malloc.c:447)
==744874==    by 0x4068FEB: emalloc_real (awk.h:2156)
==744874==    by 0x4068FEB: r_getblock (node.c:1164)
==744874==    by 0x40693C1: make_str_node (node.c:406)
==744874==    by 0x4054B6F: update_PROCINFO_str.part.0 (field.c:1661)
==744874==    by 0x400E83A: load_procinfo (main.c:1072)
==744874==    by 0x400E83A: init_vars (main.c:878)
==744874==    by 0x400E83A: main (main.c:403)
==744874== 
==744874== 88 bytes in 1 blocks are still reachable in loss record 152 of 248
==744874==    at 0x497D858: malloc (vg_replace_malloc.c:447)
==744874==    by 0x4068FEB: emalloc_real (awk.h:2156)
==744874==    by 0x4068FEB: r_getblock (node.c:1164)
==744874==    by 0x40693C1: make_str_node (node.c:406)
==744874==    by 0x4054B87: update_PROCINFO_str.part.0 (field.c:1662)
==744874==    by 0x400E83A: load_procinfo (main.c:1072)
==744874==    by 0x400E83A: init_vars (main.c:878)
==744874==    by 0x400E83A: main (main.c:403)
==744874== 
==744874== 88 bytes in 1 blocks are still reachable in loss record 153 of 248
==744874==    at 0x497D858: malloc (vg_replace_malloc.c:447)
==744874==    by 0x4068FEB: emalloc_real (awk.h:2156)
==744874==    by 0x4068FEB: r_getblock (node.c:1164)
==744874==    by 0x40693C1: make_str_node (node.c:406)
==744874==    by 0x4054B6F: update_PROCINFO_str.part.0 (field.c:1661)
==744874==    by 0x400E8D2: load_procinfo (main.c:1087)
==744874==    by 0x400E8D2: init_vars (main.c:878)
==744874==    by 0x400E8D2: main (main.c:403)
==744874== 
==744874== 88 bytes in 1 blocks are still reachable in loss record 154 of 248
==744874==    at 0x497D858: malloc (vg_replace_malloc.c:447)
==744874==    by 0x4068FEB: emalloc_real (awk.h:2156)
==744874==    by 0x4068FEB: r_getblock (node.c:1164)
==744874==    by 0x40693C1: make_str_node (node.c:406)
==744874==    by 0x4054B87: update_PROCINFO_str.part.0 (field.c:1662)
==744874==    by 0x400E8D2: load_procinfo (main.c:1087)
==744874==    by 0x400E8D2: init_vars (main.c:878)
==744874==    by 0x400E8D2: main (main.c:403)
==744874== 
==744874== 88 bytes in 1 blocks are still reachable in loss record 155 of 248
==744874==    at 0x497D858: malloc (vg_replace_malloc.c:447)
==744874==    by 0x4068FEB: emalloc_real (awk.h:2156)
==744874==    by 0x4068FEB: r_getblock (node.c:1164)
==744874==    by 0x400E8E9: load_procinfo_argv (main.c:984)
==744874==    by 0x400E8E9: load_procinfo (main.c:1093)
==744874==    by 0x400E8E9: init_vars (main.c:878)
==744874==    by 0x400E8E9: main (main.c:403)
==744874== 
==744874== 88 bytes in 1 blocks are still reachable in loss record 156 of 248
==744874==    at 0x497D858: malloc (vg_replace_malloc.c:447)
==744874==    by 0x4068FEB: emalloc_real (awk.h:2156)
==744874==    by 0x4068FEB: r_getblock (node.c:1164)
==744874==    by 0x40348D2: make_node (cint_array.c:731)
==744874==    by 0x40348D2: cint_lookup (cint_array.c:256)
==744874==    by 0x400E9D6: assoc_set (awk.h:2220)
==744874==    by 0x400E9D6: load_procinfo_argv (main.c:992)
==744874==    by 0x400E9D6: load_procinfo (main.c:1093)
==744874==    by 0x400E9D6: init_vars (main.c:878)
==744874==    by 0x400E9D6: main (main.c:403)
==744874== 
==744874== 88 bytes in 1 blocks are still reachable in loss record 157 of 248
==744874==    at 0x497D858: malloc (vg_replace_malloc.c:447)
==744874==    by 0x4068FEB: emalloc_real (awk.h:2156)
==744874==    by 0x4068FEB: r_getblock (node.c:1164)
==744874==    by 0x40344E7: make_node (cint_array.c:731)
==744874==    by 0x40344E7: tree_lookup (cint_array.c:796)
==744874==    by 0x400E9D6: assoc_set (awk.h:2220)
==744874==    by 0x400E9D6: load_procinfo_argv (main.c:992)
==744874==    by 0x400E9D6: load_procinfo (main.c:1093)
==744874==    by 0x400E9D6: init_vars (main.c:878)
==744874==    by 0x400E9D6: main (main.c:403)
==744874== 
==744874== 88 bytes in 1 blocks are still reachable in loss record 158 of 248
==744874==    at 0x497D858: malloc (vg_replace_malloc.c:447)
==744874==    by 0x4068FEB: emalloc_real (awk.h:2156)
==744874==    by 0x4068FEB: r_getblock (node.c:1164)
==744874==    by 0x40693C1: make_str_node (node.c:406)
==744874==    by 0x400EC1B: load_procinfo_argv (main.c:996)
==744874==    by 0x400EC1B: load_procinfo (main.c:1093)
==744874==    by 0x400EC1B: init_vars (main.c:878)
==744874==    by 0x400EC1B: main (main.c:403)
==744874== 
==744874== 88 bytes in 1 blocks are still reachable in loss record 159 of 248
==744874==    at 0x497D858: malloc (vg_replace_malloc.c:447)
==744874==    by 0x4068FEB: emalloc_real (awk.h:2156)
==744874==    by 0x4068FEB: r_getblock (node.c:1164)
==744874==    by 0x40693C1: make_str_node (node.c:406)
==744874==    by 0x4077055: install (symbol.c:399)
==744874==    by 0x400E038: load_environ (main.c:930)
==744874==    by 0x400E038: init_vars (main.c:879)
==744874==    by 0x400E038: main (main.c:403)
==744874== 
==744874== 88 bytes in 1 blocks are still reachable in loss record 160 of 248
==744874==    at 0x497D858: malloc (vg_replace_malloc.c:447)
==744874==    by 0x4068FEB: emalloc_real (awk.h:2156)
==744874==    by 0x4068FEB: r_getblock (node.c:1164)
==744874==    by 0x4077133: make_symbol (symbol.c:376)
==744874==    by 0x4077133: install (symbol.c:417)
==744874==    by 0x400E038: load_environ (main.c:930)
==744874==    by 0x400E038: init_vars (main.c:879)
==744874==    by 0x400E038: main (main.c:403)
==744874== 
==744874== 88 bytes in 1 blocks are still reachable in loss record 161 of 248
==744874==    at 0x497D858: malloc (vg_replace_malloc.c:447)
==744874==    by 0x4068FEB: emalloc_real (awk.h:2156)
==744874==    by 0x4068FEB: r_getblock (node.c:1164)
==744874==    by 0x40693C1: make_str_node (node.c:406)
==744874==    by 0x4055395: init_fields (field.c:105)
==744874==    by 0x400E1A4: main (main.c:410)
==744874== 
==744874== 88 bytes in 1 blocks are still reachable in loss record 162 of 248
==744874==    at 0x497D858: malloc (vg_replace_malloc.c:447)
==744874==    by 0x4068FEB: emalloc_real (awk.h:2156)
==744874==    by 0x4068FEB: r_getblock (node.c:1164)
==744874==    by 0x40693C1: make_str_node (node.c:406)
==744874==    by 0x40553E0: init_fields (field.c:111)
==744874==    by 0x400E1A4: main (main.c:410)
==744874== 
==744874== 88 bytes in 1 blocks are still reachable in loss record 163 of 248
==744874==    at 0x497D858: malloc (vg_replace_malloc.c:447)
==744874==    by 0x4068FEB: emalloc_real (awk.h:2156)
==744874==    by 0x4068FEB: r_getblock (node.c:1164)
==744874==    by 0x4048A91: init_interpret (eval.c:1902)
==744874==    by 0x400E3D5: main (main.c:468)
==744874== 
==744874== 88 bytes in 1 blocks are still reachable in loss record 164 of 248
==744874==    at 0x497D858: malloc (vg_replace_malloc.c:447)
==744874==    by 0x4068FEB: emalloc_real (awk.h:2156)
==744874==    by 0x4068FEB: r_getblock (node.c:1164)
==744874==    by 0x4069930: make_number_node (awk.h:2206)
==744874==    by 0x4069930: r_make_number (node.c:369)
==744874==    by 0x4048AE5: init_interpret (eval.c:1910)
==744874==    by 0x400E3D5: main (main.c:468)
==744874== 
==744874== 88 bytes in 1 blocks are still reachable in loss record 165 of 248
==744874==    at 0x497D858: malloc (vg_replace_malloc.c:447)
==744874==    by 0x4068FEB: emalloc_real (awk.h:2156)
==744874==    by 0x4068FEB: r_getblock (node.c:1164)
==744874==    by 0x4069930: make_number_node (awk.h:2206)
==744874==    by 0x4069930: r_make_number (node.c:369)
==744874==    by 0x4048AFA: init_interpret (eval.c:1911)
==744874==    by 0x400E3D5: main (main.c:468)
==744874== 
==744874== 88 bytes in 1 blocks are still reachable in loss record 166 of 248
==744874==    at 0x497D858: malloc (vg_replace_malloc.c:447)
==744874==    by 0x4068FEB: emalloc_real (awk.h:2156)
==744874==    by 0x4068FEB: r_getblock (node.c:1164)
==744874==    by 0x40693C1: make_str_node (node.c:406)
==744874==    by 0x4077055: install (symbol.c:399)
==744874==    by 0x400E414: init_args (main.c:764)
==744874==    by 0x400E414: main (main.c:470)
==744874== 
==744874== 88 bytes in 1 blocks are still reachable in loss record 167 of 248
==744874==    at 0x497D858: malloc (vg_replace_malloc.c:447)
==744874==    by 0x4068FEB: emalloc_real (awk.h:2156)
==744874==    by 0x4068FEB: r_getblock (node.c:1164)
==744874==    by 0x4077133: make_symbol (symbol.c:376)
==744874==    by 0x4077133: install (symbol.c:417)
==744874==    by 0x400E414: init_args (main.c:764)
==744874==    by 0x400E414: main (main.c:470)
==744874== 
==744874== 88 bytes in 1 blocks are still reachable in loss record 168 of 248
==744874==    at 0x497D858: malloc (vg_replace_malloc.c:447)
==744874==    by 0x4068FEB: emalloc_real (awk.h:2156)
==744874==    by 0x4068FEB: r_getblock (node.c:1164)
==744874==    by 0x40693C1: make_str_node (node.c:406)
==744874==    by 0x400E43D: init_args (main.c:766)
==744874==    by 0x400E43D: main (main.c:470)
==744874== 
==744874== 88 bytes in 1 blocks are still reachable in loss record 169 of 248
==744874==    at 0x497D858: malloc (vg_replace_malloc.c:447)
==744874==    by 0x4068FEB: emalloc_real (awk.h:2156)
==744874==    by 0x4068FEB: r_getblock (node.c:1164)
==744874==    by 0x40348D2: make_node (cint_array.c:731)
==744874==    by 0x40348D2: cint_lookup (cint_array.c:256)
==744874==    by 0x40662E6: assoc_set (awk.h:2220)
==744874==    by 0x400E453: init_args (main.c:768)
==744874==    by 0x400E453: main (main.c:470)
==744874== 
==744874== 88 bytes in 1 blocks are still reachable in loss record 170 of 248
==744874==    at 0x497D858: malloc (vg_replace_malloc.c:447)
==744874==    by 0x4068FEB: emalloc_real (awk.h:2156)
==744874==    by 0x4068FEB: r_getblock (node.c:1164)
==744874==    by 0x40344E7: make_node (cint_array.c:731)
==744874==    by 0x40344E7: tree_lookup (cint_array.c:796)
==744874==    by 0x40662E6: assoc_set (awk.h:2220)
==744874==    by 0x400E453: init_args (main.c:768)
==744874==    by 0x400E453: main (main.c:470)
==744874== 
==744874== 88 bytes in 1 blocks are still reachable in loss record 171 of 248
==744874==    at 0x497D858: malloc (vg_replace_malloc.c:447)
==744874==    by 0x4068FEB: emalloc_real (awk.h:2156)
==744874==    by 0x4068FEB: r_getblock (node.c:1164)
==744874==    by 0x40693C1: make_str_node (node.c:406)
==744874==    by 0x4077055: install (symbol.c:399)
==744874==    by 0x400EA90: init_args (main.c:791)
==744874==    by 0x400EA90: main (main.c:470)
==744874== 
==744874== 88 bytes in 1 blocks are still reachable in loss record 172 of 248
==744874==    at 0x497D858: malloc (vg_replace_malloc.c:447)
==744874==    by 0x4068FEB: emalloc_real (awk.h:2156)
==744874==    by 0x4068FEB: r_getblock (node.c:1164)
==744874==    by 0x4077133: make_symbol (symbol.c:376)
==744874==    by 0x4077133: install (symbol.c:417)
==744874==    by 0x400EA90: init_args (main.c:791)
==744874==    by 0x400EA90: main (main.c:470)
==744874== 
==744874== 88 bytes in 1 blocks are still reachable in loss record 173 of 248
==744874==    at 0x497D858: malloc (vg_replace_malloc.c:447)
==744874==    by 0x4068FEB: emalloc_real (awk.h:2156)
==744874==    by 0x4068FEB: r_getblock (node.c:1164)
==744874==    by 0x4069930: make_number_node (awk.h:2206)
==744874==    by 0x4069930: r_make_number (node.c:369)
==744874==    by 0x400EAA8: init_args (main.c:792)
==744874==    by 0x400EAA8: main (main.c:470)
==744874== 
==744874== 88 bytes in 1 blocks are still reachable in loss record 174 of 248
==744874==    at 0x497D858: malloc (vg_replace_malloc.c:447)
==744874==    by 0x4068FEB: emalloc_real (awk.h:2156)
==744874==    by 0x4068FEB: r_getblock (node.c:1164)
==744874==    by 0x40693C1: make_str_node (node.c:406)
==744874==    by 0x4077FD7: load_symbols (symbol.c:663)
==744874==    by 0x400ED85: main (main.c:499)
==744874== 
==744874== 88 bytes in 1 blocks are still reachable in loss record 175 of 248
==744874==    at 0x497D858: malloc (vg_replace_malloc.c:447)
==744874==    by 0x4068FEB: emalloc_real (awk.h:2156)
==744874==    by 0x4068FEB: r_getblock (node.c:1164)
==744874==    by 0x4077FF4: load_symbols (symbol.c:666)
==744874==    by 0x400ED85: main (main.c:499)
==744874== 
==744874== 88 bytes in 1 blocks are still reachable in loss record 176 of 248
==744874==    at 0x497D858: malloc (vg_replace_malloc.c:447)
==744874==    by 0x4068FEB: emalloc_real (awk.h:2156)
==744874==    by 0x4068FEB: r_getblock (node.c:1164)
==744874==    by 0x40693C1: make_str_node (node.c:406)
==744874==    by 0x40780DA: load_symbols (symbol.c:679)
==744874==    by 0x400ED85: main (main.c:499)
==744874== 
==744874== 88 bytes in 1 blocks are still reachable in loss record 177 of 248
==744874==    at 0x497D858: malloc (vg_replace_malloc.c:447)
==744874==    by 0x4068FEB: emalloc_real (awk.h:2156)
==744874==    by 0x4068FEB: r_getblock (node.c:1164)
==744874==    by 0x40693C1: make_str_node (node.c:406)
==744874==    by 0x40780F2: load_symbols (symbol.c:680)
==744874==    by 0x400ED85: main (main.c:499)
==744874== 
==744874== 88 bytes in 1 blocks are still reachable in loss record 178 of 248
==744874==    at 0x497D858: malloc (vg_replace_malloc.c:447)
==744874==    by 0x4068FEB: emalloc_real (awk.h:2156)
==744874==    by 0x4068FEB: r_getblock (node.c:1164)
==744874==    by 0x40693C1: make_str_node (node.c:406)
==744874==    by 0x407810A: load_symbols (symbol.c:681)
==744874==    by 0x400ED85: main (main.c:499)
==744874== 
==744874== 88 bytes in 1 blocks are still reachable in loss record 179 of 248
==744874==    at 0x497D858: malloc (vg_replace_malloc.c:447)
==744874==    by 0x4068FEB: emalloc_real (awk.h:2156)
==744874==    by 0x4068FEB: r_getblock (node.c:1164)
==744874==    by 0x40693C1: make_str_node (node.c:406)
==744874==    by 0x4078122: load_symbols (symbol.c:682)
==744874==    by 0x400ED85: main (main.c:499)
==744874== 
==744874== 88 bytes in 1 blocks are still reachable in loss record 180 of 248
==744874==    at 0x497D858: malloc (vg_replace_malloc.c:447)
==744874==    by 0x4068FEB: emalloc_real (awk.h:2156)
==744874==    by 0x4068FEB: r_getblock (node.c:1164)
==744874==    by 0x40693C1: make_str_node (node.c:406)
==744874==    by 0x4069837: make_typed_regex (node.c:509)
==744874==    by 0x402A2D9: do_sub (builtin.c:2201)
==744874==    by 0x404FD01: r_interpret (interpret.h:1161)
==744874==    by 0x400EDDE: main (main.c:532)
==744874== 
==744874== 88 bytes in 1 blocks are still reachable in loss record 181 of 248
==744874==    at 0x497D858: malloc (vg_replace_malloc.c:447)
==744874==    by 0x4068FEB: emalloc_real (awk.h:2156)
==744874==    by 0x4068FEB: r_getblock (node.c:1164)
==744874==    by 0x4019588: make_regnode (awkgram.y:5300)
==744874==    by 0x4069844: make_typed_regex (node.c:510)
==744874==    by 0x402A2D9: do_sub (builtin.c:2201)
==744874==    by 0x404FD01: r_interpret (interpret.h:1161)
==744874==    by 0x400EDDE: main (main.c:532)
==744874== 
==744874== 88 bytes in 1 blocks are still reachable in loss record 182 of 248
==744874==    at 0x497D858: malloc (vg_replace_malloc.c:447)
==744874==    by 0x4068FEB: emalloc_real (awk.h:2156)
==744874==    by 0x4068FEB: r_getblock (node.c:1164)
==744874==    by 0x40693C1: make_str_node (node.c:406)
==744874==    by 0x4069859: make_typed_regex (node.c:514)
==744874==    by 0x402A2D9: do_sub (builtin.c:2201)
==744874==    by 0x404FD01: r_interpret (interpret.h:1161)
==744874==    by 0x400EDDE: main (main.c:532)
==744874== 
==744874== 88 bytes in 1 blocks are still reachable in loss record 183 of 248
==744874==    at 0x497D858: malloc (vg_replace_malloc.c:447)
==744874==    by 0x4068FEB: emalloc_real (awk.h:2156)
==744874==    by 0x4068FEB: r_getblock (node.c:1164)
==744874==    by 0x40693C1: make_str_node (node.c:406)
==744874==    by 0x402A3B0: do_sub (builtin.c:2203)
==744874==    by 0x404FD01: r_interpret (interpret.h:1161)
==744874==    by 0x400EDDE: main (main.c:532)
==744874== 
==744874== 88 bytes in 1 blocks are still reachable in loss record 184 of 248
==744874==    at 0x497D858: malloc (vg_replace_malloc.c:447)
==744874==    by 0x4068FEB: emalloc_real (awk.h:2156)
==744874==    by 0x4068FEB: r_getblock (node.c:1164)
==744874==    by 0x40693C1: make_str_node (node.c:406)
==744874==    by 0x402A507: do_sub (builtin.c:2173)
==744874==    by 0x404FD01: r_interpret (interpret.h:1161)
==744874==    by 0x400EDDE: main (main.c:532)
==744874== 
==744874== 104 bytes in 1 blocks are still reachable in loss record 185 of 248
==744874==    at 0x4984E43: calloc (vg_replace_malloc.c:1678)
==744874==    by 0x4075D54: ezalloc_real (awk.h:2174)
==744874==    by 0x4075D54: grow_table (str_array.c:682)
==744874==    by 0x407693C: str_lookup (str_array.c:150)
==744874==    by 0x407708C: assoc_set (awk.h:2220)
==744874==    by 0x407708C: install (symbol.c:430)
==744874==    by 0x4077369: install_symbol (symbol.c:173)
==744874==    by 0x4077369: init_the_tables (symbol.c:77)
==744874==    by 0x400D60A: main (main.c:287)
==744874== 
==744874== 104 bytes in 1 blocks are still reachable in loss record 186 of 248
==744874==    at 0x4984E43: calloc (vg_replace_malloc.c:1678)
==744874==    by 0x4075D54: ezalloc_real (awk.h:2174)
==744874==    by 0x4075D54: grow_table (str_array.c:682)
==744874==    by 0x407693C: str_lookup (str_array.c:150)
==744874==    by 0x407708C: assoc_set (awk.h:2220)
==744874==    by 0x407708C: install (symbol.c:430)
==744874==    by 0x400DA01: init_vars (main.c:865)
==744874==    by 0x400DA01: main (main.c:403)
==744874== 
==744874== 104 bytes in 1 blocks are still reachable in loss record 187 of 248
==744874==    at 0x4984E43: calloc (vg_replace_malloc.c:1678)
==744874==    by 0x4075D54: ezalloc_real (awk.h:2174)
==744874==    by 0x4075D54: grow_table (str_array.c:682)
==744874==    by 0x407693C: str_lookup (str_array.c:150)
==744874==    by 0x4054B9E: assoc_set (awk.h:2220)
==744874==    by 0x4054B9E: update_PROCINFO_str.part.0 (field.c:1662)
==744874==    by 0x400E71D: load_procinfo (main.c:1021)
==744874==    by 0x400E71D: init_vars (main.c:878)
==744874==    by 0x400E71D: main (main.c:403)
==744874== 
==744874== 104 bytes in 1 blocks are still reachable in loss record 188 of 248
==744874==    at 0x4984E43: calloc (vg_replace_malloc.c:1678)
==744874==    by 0x4075D54: ezalloc_real (awk.h:2174)
==744874==    by 0x4075D54: grow_table (str_array.c:682)
==744874==    by 0x407693C: str_lookup (str_array.c:150)
==744874==    by 0x400E127: assoc_set (awk.h:2220)
==744874==    by 0x400E127: load_environ (main.c:949)
==744874==    by 0x400E127: init_vars (main.c:879)
==744874==    by 0x400E127: main (main.c:403)
==744874== 
==744874== 104 bytes in 1 blocks are still reachable in loss record 189 of 248
==744874==    at 0x4984E43: calloc (vg_replace_malloc.c:1678)
==744874==    by 0x4075D54: ezalloc_real (awk.h:2174)
==744874==    by 0x4075D54: grow_table (str_array.c:682)
==744874==    by 0x407693C: str_lookup (str_array.c:150)
==744874==    by 0x407708C: assoc_set (awk.h:2220)
==744874==    by 0x407708C: install (symbol.c:430)
==744874==    by 0x401982E: install_builtins (awkgram.y:6601)
==744874==    by 0x400ED71: main (main.c:491)
==744874== 
==744874== 104 bytes in 1 blocks are still reachable in loss record 190 of 248
==744874==    at 0x4984E43: calloc (vg_replace_malloc.c:1678)
==744874==    by 0x4075D54: ezalloc_real (awk.h:2174)
==744874==    by 0x4075D54: grow_table (str_array.c:682)
==744874==    by 0x407693C: str_lookup (str_array.c:150)
==744874==    by 0x40782E9: load_symbols (symbol.c:701)
==744874==    by 0x400ED85: main (main.c:499)
==744874== 
==744874== 128 bytes in 2 blocks are still reachable in loss record 191 of 248
==744874==    at 0x497D858: malloc (vg_replace_malloc.c:447)
==744874==    by 0x4086F0A: charset_create (charset.c:9027)
==744874==    by 0x4086F0A: cset_construct (minrx.c:883)
==744874==    by 0x4086F0A: firstclosure (minrx.c:1836)
==744874==    by 0x4086F0A: compile.constprop.0 (minrx.c:1923)
==744874==    by 0x4089B38: minrx_regncomp (minrx.c:2490)
==744874==    by 0x407427D: make_regexp (re.c:355)
==744874==    by 0x40195EB: make_regnode (awkgram.y:5306)
==744874==    by 0x4069844: make_typed_regex (node.c:510)
==744874==    by 0x401D7CD: yyparse (awkgram.y:607)
==744874==    by 0x402073A: parse_program (awkgram.y:2797)
==744874==    by 0x400EAD8: main (main.c:483)
==744874== 
==744874== 128 bytes in 8 blocks are still reachable in loss record 192 of 248
==744874==    at 0x497D858: malloc (vg_replace_malloc.c:447)
==744874==    by 0x407474B: emalloc_real (awk.h:2156)
==744874==    by 0x407474B: make_regexp (re.c:370)
==744874==    by 0x40195EB: make_regnode (awkgram.y:5306)
==744874==    by 0x401D996: yyparse (awkgram.y:584)
==744874==    by 0x402073A: parse_program (awkgram.y:2797)
==744874==    by 0x400EAD8: main (main.c:483)
==744874== 
==744874== 136 bytes in 1 blocks are still reachable in loss record 193 of 248
==744874==    at 0x4984E43: calloc (vg_replace_malloc.c:1678)
==744874==    by 0x407421C: ezalloc_real (awk.h:2174)
==744874==    by 0x407421C: make_regexp (re.c:278)
==744874==    by 0x40195EB: make_regnode (awkgram.y:5306)
==744874==    by 0x4069844: make_typed_regex (node.c:510)
==744874==    by 0x402A2D9: do_sub (builtin.c:2201)
==744874==    by 0x404FD01: r_interpret (interpret.h:1161)
==744874==    by 0x400EDDE: main (main.c:532)
==744874== 
==744874== 151 bytes in 24 blocks are still reachable in loss record 194 of 248
==744874==    at 0x497D858: malloc (vg_replace_malloc.c:447)
==744874==    by 0x4066564: emalloc_real (awk.h:2156)
==744874==    by 0x4066564: estrdup (main.c:1451)
==744874==    by 0x400D9F0: init_vars (main.c:865)
==744874==    by 0x400D9F0: main (main.c:403)
==744874== 
==744874== 151 bytes in 24 blocks are still reachable in loss record 195 of 248
==744874==    at 0x497D858: malloc (vg_replace_malloc.c:447)
==744874==    by 0x4069457: emalloc_real (awk.h:2156)
==744874==    by 0x4069457: make_str_node (node.c:422)
==744874==    by 0x4077055: install (symbol.c:399)
==744874==    by 0x400DA01: init_vars (main.c:865)
==744874==    by 0x400DA01: main (main.c:403)
==744874== 
==744874== 176 bytes in 2 blocks are still reachable in loss record 196 of 248
==744874==    at 0x497D858: malloc (vg_replace_malloc.c:447)
==744874==    by 0x4068FEB: emalloc_real (awk.h:2156)
==744874==    by 0x4068FEB: r_getblock (node.c:1164)
==744874==    by 0x40693C1: make_str_node (node.c:406)
==744874==    by 0x4069837: make_typed_regex (node.c:509)
==744874==    by 0x401D7CD: yyparse (awkgram.y:607)
==744874==    by 0x402073A: parse_program (awkgram.y:2797)
==744874==    by 0x400EAD8: main (main.c:483)
==744874== 
==744874== 176 bytes in 2 blocks are still reachable in loss record 197 of 248
==744874==    at 0x497D858: malloc (vg_replace_malloc.c:447)
==744874==    by 0x4068FEB: emalloc_real (awk.h:2156)
==744874==    by 0x4068FEB: r_getblock (node.c:1164)
==744874==    by 0x4019588: make_regnode (awkgram.y:5300)
==744874==    by 0x4069844: make_typed_regex (node.c:510)
==744874==    by 0x401D7CD: yyparse (awkgram.y:607)
==744874==    by 0x402073A: parse_program (awkgram.y:2797)
==744874==    by 0x400EAD8: main (main.c:483)
==744874== 
==744874== 176 bytes in 2 blocks are still reachable in loss record 198 of 248
==744874==    at 0x497D858: malloc (vg_replace_malloc.c:447)
==744874==    by 0x4068FEB: emalloc_real (awk.h:2156)
==744874==    by 0x4068FEB: r_getblock (node.c:1164)
==744874==    by 0x40693C1: make_str_node (node.c:406)
==744874==    by 0x4069859: make_typed_regex (node.c:514)
==744874==    by 0x401D7CD: yyparse (awkgram.y:607)
==744874==    by 0x402073A: parse_program (awkgram.y:2797)
==744874==    by 0x400EAD8: main (main.c:483)
==744874== 
==744874== 192 bytes in 2 blocks are still reachable in loss record 199 of 248
==744874==    at 0x497D858: malloc (vg_replace_malloc.c:447)
==744874==    by 0x4086BDE: compile.constprop.0 (minrx.c:1905)
==744874==    by 0x4089B38: minrx_regncomp (minrx.c:2490)
==744874==    by 0x407427D: make_regexp (re.c:355)
==744874==    by 0x40195EB: make_regnode (awkgram.y:5306)
==744874==    by 0x4069844: make_typed_regex (node.c:510)
==744874==    by 0x401D7CD: yyparse (awkgram.y:607)
==744874==    by 0x402073A: parse_program (awkgram.y:2797)
==744874==    by 0x400EAD8: main (main.c:483)
==744874== 
==744874== 205 bytes in 24 blocks are still reachable in loss record 200 of 248
==744874==    at 0x497D858: malloc (vg_replace_malloc.c:447)
==744874==    by 0x4069457: emalloc_real (awk.h:2156)
==744874==    by 0x4069457: make_str_node (node.c:422)
==744874==    by 0x400E0F5: load_environ (main.c:946)
==744874==    by 0x400E0F5: init_vars (main.c:879)
==744874==    by 0x400E0F5: main (main.c:403)
==744874== 
==744874== 256 bytes in 1 blocks are still reachable in loss record 201 of 248
==744874==    at 0x4984E43: calloc (vg_replace_malloc.c:1678)
==744874==    by 0x4034892: ezalloc_real (awk.h:2174)
==744874==    by 0x4034892: cint_lookup (cint_array.c:249)
==744874==    by 0x400E9D6: assoc_set (awk.h:2220)
==744874==    by 0x400E9D6: load_procinfo_argv (main.c:992)
==744874==    by 0x400E9D6: load_procinfo (main.c:1093)
==744874==    by 0x400E9D6: init_vars (main.c:878)
==744874==    by 0x400E9D6: main (main.c:403)
==744874== 
==744874== 256 bytes in 1 blocks are still reachable in loss record 202 of 248
==744874==    at 0x4984E43: calloc (vg_replace_malloc.c:1678)
==744874==    by 0x4034297: ezalloc_real (awk.h:2174)
==744874==    by 0x4034297: tree_lookup (cint_array.c:773)
==744874==    by 0x400E9D6: assoc_set (awk.h:2220)
==744874==    by 0x400E9D6: load_procinfo_argv (main.c:992)
==744874==    by 0x400E9D6: load_procinfo (main.c:1093)
==744874==    by 0x400E9D6: init_vars (main.c:878)
==744874==    by 0x400E9D6: main (main.c:403)
==744874== 
==744874== 256 bytes in 1 blocks are still reachable in loss record 203 of 248
==744874==    at 0x4984E43: calloc (vg_replace_malloc.c:1678)
==744874==    by 0x40344C0: ezalloc_real (awk.h:2174)
==744874==    by 0x40344C0: leaf_lookup (cint_array.c:1064)
==744874==    by 0x40344C0: tree_lookup (cint_array.c:797)
==744874==    by 0x400E9D6: assoc_set (awk.h:2220)
==744874==    by 0x400E9D6: load_procinfo_argv (main.c:992)
==744874==    by 0x400E9D6: load_procinfo (main.c:1093)
==744874==    by 0x400E9D6: init_vars (main.c:878)
==744874==    by 0x400E9D6: main (main.c:403)
==744874== 
==744874== 256 bytes in 1 blocks are still reachable in loss record 204 of 248
==744874==    at 0x4984E43: calloc (vg_replace_malloc.c:1678)
==744874==    by 0x4034892: ezalloc_real (awk.h:2174)
==744874==    by 0x4034892: cint_lookup (cint_array.c:249)
==744874==    by 0x40662E6: assoc_set (awk.h:2220)
==744874==    by 0x400E453: init_args (main.c:768)
==744874==    by 0x400E453: main (main.c:470)
==744874== 
==744874== 256 bytes in 1 blocks are still reachable in loss record 205 of 248
==744874==    at 0x4984E43: calloc (vg_replace_malloc.c:1678)
==744874==    by 0x4034297: ezalloc_real (awk.h:2174)
==744874==    by 0x4034297: tree_lookup (cint_array.c:773)
==744874==    by 0x40662E6: assoc_set (awk.h:2220)
==744874==    by 0x400E453: init_args (main.c:768)
==744874==    by 0x400E453: main (main.c:470)
==744874== 
==744874== 256 bytes in 1 blocks are still reachable in loss record 206 of 248
==744874==    at 0x4984E43: calloc (vg_replace_malloc.c:1678)
==744874==    by 0x40344C0: ezalloc_real (awk.h:2174)
==744874==    by 0x40344C0: leaf_lookup (cint_array.c:1064)
==744874==    by 0x40344C0: tree_lookup (cint_array.c:797)
==744874==    by 0x40662E6: assoc_set (awk.h:2220)
==744874==    by 0x400E453: init_args (main.c:768)
==744874==    by 0x400E453: main (main.c:470)
==744874== 
==744874== 264 bytes in 3 blocks are still reachable in loss record 207 of 248
==744874==    at 0x497D858: malloc (vg_replace_malloc.c:447)
==744874==    by 0x4068FEB: emalloc_real (awk.h:2156)
==744874==    by 0x4068FEB: r_getblock (node.c:1164)
==744874==    by 0x40693C1: make_str_node (node.c:406)
==744874==    by 0x400E9C6: load_procinfo_argv (main.c:991)
==744874==    by 0x400E9C6: load_procinfo (main.c:1093)
==744874==    by 0x400E9C6: init_vars (main.c:878)
==744874==    by 0x400E9C6: main (main.c:403)
==744874== 
==744874== 272 bytes in 2 blocks are still reachable in loss record 208 of 248
==744874==    at 0x4984E43: calloc (vg_replace_malloc.c:1678)
==744874==    by 0x407421C: ezalloc_real (awk.h:2174)
==744874==    by 0x407421C: make_regexp (re.c:278)
==744874==    by 0x40195EB: make_regnode (awkgram.y:5306)
==744874==    by 0x4069844: make_typed_regex (node.c:510)
==744874==    by 0x401D7CD: yyparse (awkgram.y:607)
==744874==    by 0x402073A: parse_program (awkgram.y:2797)
==744874==    by 0x400EAD8: main (main.c:483)
==744874== 
==744874== 278 bytes in 42 blocks are still reachable in loss record 209 of 248
==744874==    at 0x497D858: malloc (vg_replace_malloc.c:447)
==744874==    by 0x4069457: emalloc_real (awk.h:2156)
==744874==    by 0x4069457: make_str_node (node.c:422)
==744874==    by 0x4077055: install (symbol.c:399)
==744874==    by 0x401982E: install_builtins (awkgram.y:6601)
==744874==    by 0x400ED71: main (main.c:491)
==744874== 
==744874== 288 bytes in 22 blocks are still reachable in loss record 210 of 248
==744874==    at 0x497D858: malloc (vg_replace_malloc.c:447)
==744874==    by 0x4069457: emalloc_real (awk.h:2156)
==744874==    by 0x4069457: make_str_node (node.c:422)
==744874==    by 0x401B194: yylex (awkgram.y:4074)
==744874==    by 0x401C83C: yyparse (awkgram.c:1879)
==744874==    by 0x402073A: parse_program (awkgram.y:2797)
==744874==    by 0x400EAD8: main (main.c:483)
==744874== 
==744874== 296 bytes in 1 blocks are still reachable in loss record 211 of 248
==744874==    at 0x4984E43: calloc (vg_replace_malloc.c:1678)
==744874==    by 0x4014A06: ezalloc_real (awk.h:2174)
==744874==    by 0x4014A06: do_add_srcfile (awkgram.y:2833)
==744874==    by 0x4018A70: add_srcfile (awkgram.y:2916)
==744874==    by 0x400D7E5: parse_args (main.c:1585)
==744874==    by 0x400D7E5: main (main.c:294)
==744874== 
==744874== 320 bytes in 8 blocks are still reachable in loss record 212 of 248
==744874==    at 0x497D858: malloc (vg_replace_malloc.c:447)
==744874==    by 0x4082059: add_char_to_set (charset.c:3407)
==744874==    by 0x4082C22: charset_add_char.part.0 (charset.c:9054)
==744874==    by 0x4086F77: charset_add_char (charset.c:9051)
==744874==    by 0x4086F77: cset_set (minrx.c:928)
==744874==    by 0x4086F77: firstclosure (minrx.c:1841)
==744874==    by 0x4086F77: compile.constprop.0 (minrx.c:1923)
==744874==    by 0x4089B38: minrx_regncomp (minrx.c:2490)
==744874==    by 0x407427D: make_regexp (re.c:355)
==744874==    by 0x40195EB: make_regnode (awkgram.y:5306)
==744874==    by 0x401D996: yyparse (awkgram.y:584)
==744874==    by 0x402073A: parse_program (awkgram.y:2797)
==744874==    by 0x400EAD8: main (main.c:483)
==744874== 
==744874== 336 bytes in 7 blocks are still reachable in loss record 213 of 248
==744874==    at 0x497D858: malloc (vg_replace_malloc.c:447)
==744874==    by 0x4068FEB: emalloc_real (awk.h:2156)
==744874==    by 0x4068FEB: r_getblock (node.c:1164)
==744874==    by 0x40768D9: str_lookup (str_array.c:214)
==744874==    by 0x407708C: assoc_set (awk.h:2220)
==744874==    by 0x407708C: install (symbol.c:430)
==744874==    by 0x401CA63: yyparse (awkgram.y:2148)
==744874==    by 0x402073A: parse_program (awkgram.y:2797)
==744874==    by 0x400EAD8: main (main.c:483)
==744874== 
==744874== 352 bytes in 1 blocks are still reachable in loss record 214 of 248
==744874==    at 0x497D858: malloc (vg_replace_malloc.c:447)
==744874==    by 0x40869ED: compile.constprop.0 (minrx.c:1866)
==744874==    by 0x4089B38: minrx_regncomp (minrx.c:2490)
==744874==    by 0x407427D: make_regexp (re.c:355)
==744874==    by 0x40195EB: make_regnode (awkgram.y:5306)
==744874==    by 0x4069844: make_typed_regex (node.c:510)
==744874==    by 0x402A2D9: do_sub (builtin.c:2201)
==744874==    by 0x404FD01: r_interpret (interpret.h:1161)
==744874==    by 0x400EDDE: main (main.c:532)
==744874== 
==744874== 493 bytes in 79 blocks are still reachable in loss record 215 of 248
==744874==    at 0x497D858: malloc (vg_replace_malloc.c:447)
==744874==    by 0x4069457: emalloc_real (awk.h:2156)
==744874==    by 0x4069457: make_str_node (node.c:422)
==744874==    by 0x4078494: load_symbols (symbol.c:700)
==744874==    by 0x400ED85: main (main.c:499)
==744874== 
==744874== 512 bytes in 8 blocks are still reachable in loss record 216 of 248
==744874==    at 0x497D858: malloc (vg_replace_malloc.c:447)
==744874==    by 0x4086BDE: compile.constprop.0 (minrx.c:1905)
==744874==    by 0x4089B38: minrx_regncomp (minrx.c:2490)
==744874==    by 0x407427D: make_regexp (re.c:355)
==744874==    by 0x40195EB: make_regnode (awkgram.y:5306)
==744874==    by 0x401D996: yyparse (awkgram.y:584)
==744874==    by 0x402073A: parse_program (awkgram.y:2797)
==744874==    by 0x400EAD8: main (main.c:483)
==744874== 
==744874== 512 bytes in 8 blocks are still reachable in loss record 217 of 248
==744874==    at 0x497D858: malloc (vg_replace_malloc.c:447)
==744874==    by 0x4086F0A: charset_create (charset.c:9027)
==744874==    by 0x4086F0A: cset_construct (minrx.c:883)
==744874==    by 0x4086F0A: firstclosure (minrx.c:1836)
==744874==    by 0x4086F0A: compile.constprop.0 (minrx.c:1923)
==744874==    by 0x4089B38: minrx_regncomp (minrx.c:2490)
==744874==    by 0x407427D: make_regexp (re.c:355)
==744874==    by 0x40195EB: make_regnode (awkgram.y:5306)
==744874==    by 0x401D996: yyparse (awkgram.y:584)
==744874==    by 0x402073A: parse_program (awkgram.y:2797)
==744874==    by 0x400EAD8: main (main.c:483)
==744874== 
==744874== 552 bytes in 1 blocks are still reachable in loss record 218 of 248
==744874==    at 0x4984E43: calloc (vg_replace_malloc.c:1678)
==744874==    by 0x4078976: ezalloc_real (awk.h:2174)
==744874==    by 0x4078976: new_context (symbol.c:870)
==744874==    by 0x400D61D: main (main.c:292)
==744874== 
==744874== 575 bytes in 19 blocks are still reachable in loss record 219 of 248
==744874==    at 0x498507F: realloc (vg_replace_malloc.c:1804)
==744874==    by 0x406956E: erealloc_real (awk.h:2192)
==744874==    by 0x406956E: make_str_node (node.c:494)
==744874==    by 0x401B194: yylex (awkgram.y:4074)
==744874==    by 0x401C83C: yyparse (awkgram.c:1879)
==744874==    by 0x402073A: parse_program (awkgram.y:2797)
==744874==    by 0x400EAD8: main (main.c:483)
==744874== 
==744874== 616 bytes in 7 blocks are still reachable in loss record 220 of 248
==744874==    at 0x497D858: malloc (vg_replace_malloc.c:447)
==744874==    by 0x4068FEB: emalloc_real (awk.h:2156)
==744874==    by 0x4068FEB: r_getblock (node.c:1164)
==744874==    by 0x40693C1: make_str_node (node.c:406)
==744874==    by 0x4077055: install (symbol.c:399)
==744874==    by 0x401CA63: yyparse (awkgram.y:2148)
==744874==    by 0x402073A: parse_program (awkgram.y:2797)
==744874==    by 0x400EAD8: main (main.c:483)
==744874== 
==744874== 616 bytes in 7 blocks are still reachable in loss record 221 of 248
==744874==    at 0x497D858: malloc (vg_replace_malloc.c:447)
==744874==    by 0x4068FEB: emalloc_real (awk.h:2156)
==744874==    by 0x4068FEB: r_getblock (node.c:1164)
==744874==    by 0x4077133: make_symbol (symbol.c:376)
==744874==    by 0x4077133: install (symbol.c:417)
==744874==    by 0x401CA63: yyparse (awkgram.y:2148)
==744874==    by 0x402073A: parse_program (awkgram.y:2797)
==744874==    by 0x400EAD8: main (main.c:483)
==744874== 
==744874== 640 bytes in 8 blocks are still reachable in loss record 222 of 248
==744874==    at 0x497D858: malloc (vg_replace_malloc.c:447)
==744874==    by 0x4082141: add_range_to_set (charset.c:3438)
==744874==    by 0x408269F: charset_finalize (charset.c:8983)
==744874==    by 0x4087709: charset_firstbytes (charset.c:9475)
==744874==    by 0x4087709: cset_firstbytes (minrx.c:1060)
==744874==    by 0x4087709: firstbytes (minrx.c:1859)
==744874==    by 0x4087709: compile.constprop.0 (minrx.c:1924)
==744874==    by 0x4089B38: minrx_regncomp (minrx.c:2490)
==744874==    by 0x407427D: make_regexp (re.c:355)
==744874==    by 0x40195EB: make_regnode (awkgram.y:5306)
==744874==    by 0x401D996: yyparse (awkgram.y:584)
==744874==    by 0x402073A: parse_program (awkgram.y:2797)
==744874==    by 0x400EAD8: main (main.c:483)
==744874== 
==744874== 704 bytes in 2 blocks are still reachable in loss record 223 of 248
==744874==    at 0x497D858: malloc (vg_replace_malloc.c:447)
==744874==    by 0x40869ED: compile.constprop.0 (minrx.c:1866)
==744874==    by 0x4089B38: minrx_regncomp (minrx.c:2490)
==744874==    by 0x407427D: make_regexp (re.c:355)
==744874==    by 0x40195EB: make_regnode (awkgram.y:5306)
==744874==    by 0x4069844: make_typed_regex (node.c:510)
==744874==    by 0x401D7CD: yyparse (awkgram.y:607)
==744874==    by 0x402073A: parse_program (awkgram.y:2797)
==744874==    by 0x400EAD8: main (main.c:483)
==744874== 
==744874== 704 bytes in 8 blocks are still reachable in loss record 224 of 248
==744874==    at 0x497D858: malloc (vg_replace_malloc.c:447)
==744874==    by 0x4068FEB: emalloc_real (awk.h:2156)
==744874==    by 0x4068FEB: r_getblock (node.c:1164)
==744874==    by 0x40693C1: make_str_node (node.c:406)
==744874==    by 0x401D986: yyparse (awkgram.y:583)
==744874==    by 0x402073A: parse_program (awkgram.y:2797)
==744874==    by 0x400EAD8: main (main.c:483)
==744874== 
==744874== 704 bytes in 8 blocks are still reachable in loss record 225 of 248
==744874==    at 0x497D858: malloc (vg_replace_malloc.c:447)
==744874==    by 0x4068FEB: emalloc_real (awk.h:2156)
==744874==    by 0x4068FEB: r_getblock (node.c:1164)
==744874==    by 0x4019588: make_regnode (awkgram.y:5300)
==744874==    by 0x401D996: yyparse (awkgram.y:584)
==744874==    by 0x402073A: parse_program (awkgram.y:2797)
==744874==    by 0x400EAD8: main (main.c:483)
==744874== 
==744874== 830 bytes in 24 blocks are still reachable in loss record 226 of 248
==744874==    at 0x497D858: malloc (vg_replace_malloc.c:447)
==744874==    by 0x4069457: emalloc_real (awk.h:2156)
==744874==    by 0x4069457: make_str_node (node.c:422)
==744874==    by 0x400E10D: load_environ (main.c:947)
==744874==    by 0x400E10D: init_vars (main.c:879)
==744874==    by 0x400E10D: main (main.c:403)
==744874== 
==744874== 880 bytes in 10 blocks are still reachable in loss record 227 of 248
==744874==    at 0x497D858: malloc (vg_replace_malloc.c:447)
==744874==    by 0x4068FEB: emalloc_real (awk.h:2156)
==744874==    by 0x4068FEB: r_getblock (node.c:1164)
==744874==    by 0x4069930: make_number_node (awk.h:2206)
==744874==    by 0x4069930: r_make_number (node.c:369)
==744874==    by 0x400DA23: init_vars (main.c:869)
==744874==    by 0x400DA23: main (main.c:403)
==744874== 
==744874== 1,088 bytes in 8 blocks are still reachable in loss record 228 of 248
==744874==    at 0x4984E43: calloc (vg_replace_malloc.c:1678)
==744874==    by 0x407421C: ezalloc_real (awk.h:2174)
==744874==    by 0x407421C: make_regexp (re.c:278)
==744874==    by 0x40195EB: make_regnode (awkgram.y:5306)
==744874==    by 0x401D996: yyparse (awkgram.y:584)
==744874==    by 0x402073A: parse_program (awkgram.y:2797)
==744874==    by 0x400EAD8: main (main.c:483)
==744874== 
==744874== 1,152 bytes in 24 blocks are still reachable in loss record 229 of 248
==744874==    at 0x497D858: malloc (vg_replace_malloc.c:447)
==744874==    by 0x4068FEB: emalloc_real (awk.h:2156)
==744874==    by 0x4068FEB: r_getblock (node.c:1164)
==744874==    by 0x40768D9: str_lookup (str_array.c:214)
==744874==    by 0x407708C: assoc_set (awk.h:2220)
==744874==    by 0x407708C: install (symbol.c:430)
==744874==    by 0x400DA01: init_vars (main.c:865)
==744874==    by 0x400DA01: main (main.c:403)
==744874== 
==744874== 1,152 bytes in 24 blocks are still reachable in loss record 230 of 248
==744874==    at 0x497D858: malloc (vg_replace_malloc.c:447)
==744874==    by 0x4068FEB: emalloc_real (awk.h:2156)
==744874==    by 0x4068FEB: r_getblock (node.c:1164)
==744874==    by 0x40768D9: str_lookup (str_array.c:214)
==744874==    by 0x400E127: assoc_set (awk.h:2220)
==744874==    by 0x400E127: load_environ (main.c:949)
==744874==    by 0x400E127: init_vars (main.c:879)
==744874==    by 0x400E127: main (main.c:403)
==744874== 
==744874== 1,232 bytes in 14 blocks are still reachable in loss record 231 of 248
==744874==    at 0x497D858: malloc (vg_replace_malloc.c:447)
==744874==    by 0x4068FEB: emalloc_real (awk.h:2156)
==744874==    by 0x4068FEB: r_getblock (node.c:1164)
==744874==    by 0x40693C1: make_str_node (node.c:406)
==744874==    by 0x400D984: init_vars (main.c:867)
==744874==    by 0x400D984: main (main.c:403)
==744874== 
==744874== 1,936 bytes in 22 blocks are still reachable in loss record 232 of 248
==744874==    at 0x497D858: malloc (vg_replace_malloc.c:447)
==744874==    by 0x4068FEB: emalloc_real (awk.h:2156)
==744874==    by 0x4068FEB: r_getblock (node.c:1164)
==744874==    by 0x4069930: make_number_node (awk.h:2206)
==744874==    by 0x4069930: r_make_number (node.c:369)
==744874==    by 0x401A26C: yylex (awkgram.y:4256)
==744874==    by 0x401C83C: yyparse (awkgram.c:1879)
==744874==    by 0x402073A: parse_program (awkgram.y:2797)
==744874==    by 0x400EAD8: main (main.c:483)
==744874== 
==744874== 2,016 bytes in 42 blocks are still reachable in loss record 233 of 248
==744874==    at 0x497D858: malloc (vg_replace_malloc.c:447)
==744874==    by 0x4068FEB: emalloc_real (awk.h:2156)
==744874==    by 0x4068FEB: r_getblock (node.c:1164)
==744874==    by 0x40768D9: str_lookup (str_array.c:214)
==744874==    by 0x407708C: assoc_set (awk.h:2220)
==744874==    by 0x407708C: install (symbol.c:430)
==744874==    by 0x401982E: install_builtins (awkgram.y:6601)
==744874==    by 0x400ED71: main (main.c:491)
==744874== 
==744874== 2,048 bytes in 1 blocks are still reachable in loss record 234 of 248
==744874==    at 0x497D858: malloc (vg_replace_malloc.c:447)
==744874==    by 0x4048A59: emalloc_real (awk.h:2156)
==744874==    by 0x4048A59: init_interpret (eval.c:1897)
==744874==    by 0x400E3D5: main (main.c:468)
==744874== 
==744874== 2,112 bytes in 24 blocks are still reachable in loss record 235 of 248
==744874==    at 0x497D858: malloc (vg_replace_malloc.c:447)
==744874==    by 0x4068FEB: emalloc_real (awk.h:2156)
==744874==    by 0x4068FEB: r_getblock (node.c:1164)
==744874==    by 0x40693C1: make_str_node (node.c:406)
==744874==    by 0x4077055: install (symbol.c:399)
==744874==    by 0x400DA01: init_vars (main.c:865)
==744874==    by 0x400DA01: main (main.c:403)
==744874== 
==744874== 2,112 bytes in 24 blocks are still reachable in loss record 236 of 248
==744874==    at 0x497D858: malloc (vg_replace_malloc.c:447)
==744874==    by 0x4068FEB: emalloc_real (awk.h:2156)
==744874==    by 0x4068FEB: r_getblock (node.c:1164)
==744874==    by 0x4077133: make_symbol (symbol.c:376)
==744874==    by 0x4077133: install (symbol.c:417)
==744874==    by 0x400DA01: init_vars (main.c:865)
==744874==    by 0x400DA01: main (main.c:403)
==744874== 
==744874== 2,112 bytes in 24 blocks are still reachable in loss record 237 of 248
==744874==    at 0x497D858: malloc (vg_replace_malloc.c:447)
==744874==    by 0x4068FEB: emalloc_real (awk.h:2156)
==744874==    by 0x4068FEB: r_getblock (node.c:1164)
==744874==    by 0x40693C1: make_str_node (node.c:406)
==744874==    by 0x400E0F5: load_environ (main.c:946)
==744874==    by 0x400E0F5: init_vars (main.c:879)
==744874==    by 0x400E0F5: main (main.c:403)
==744874== 
==744874== 2,112 bytes in 24 blocks are still reachable in loss record 238 of 248
==744874==    at 0x497D858: malloc (vg_replace_malloc.c:447)
==744874==    by 0x4068FEB: emalloc_real (awk.h:2156)
==744874==    by 0x4068FEB: r_getblock (node.c:1164)
==744874==    by 0x40693C1: make_str_node (node.c:406)
==744874==    by 0x400E10D: load_environ (main.c:947)
==744874==    by 0x400E10D: init_vars (main.c:879)
==744874==    by 0x400E10D: main (main.c:403)
==744874== 
==744874== 2,816 bytes in 8 blocks are still reachable in loss record 239 of 248
==744874==    at 0x497D858: malloc (vg_replace_malloc.c:447)
==744874==    by 0x40869ED: compile.constprop.0 (minrx.c:1866)
==744874==    by 0x4089B38: minrx_regncomp (minrx.c:2490)
==744874==    by 0x407427D: make_regexp (re.c:355)
==744874==    by 0x40195EB: make_regnode (awkgram.y:5306)
==744874==    by 0x401D996: yyparse (awkgram.y:584)
==744874==    by 0x402073A: parse_program (awkgram.y:2797)
==744874==    by 0x400EAD8: main (main.c:483)
==744874== 
==744874== 3,608 bytes in 41 blocks are still reachable in loss record 240 of 248
==744874==    at 0x497D858: malloc (vg_replace_malloc.c:447)
==744874==    by 0x4068FEB: emalloc_real (awk.h:2156)
==744874==    by 0x4068FEB: r_getblock (node.c:1164)
==744874==    by 0x40693C1: make_str_node (node.c:406)
==744874==    by 0x401B194: yylex (awkgram.y:4074)
==744874==    by 0x401C83C: yyparse (awkgram.c:1879)
==744874==    by 0x402073A: parse_program (awkgram.y:2797)
==744874==    by 0x400EAD8: main (main.c:483)
==744874== 
==744874== 3,696 bytes in 42 blocks are still reachable in loss record 241 of 248
==744874==    at 0x497D858: malloc (vg_replace_malloc.c:447)
==744874==    by 0x4068FEB: emalloc_real (awk.h:2156)
==744874==    by 0x4068FEB: r_getblock (node.c:1164)
==744874==    by 0x40693C1: make_str_node (node.c:406)
==744874==    by 0x4077055: install (symbol.c:399)
==744874==    by 0x401982E: install_builtins (awkgram.y:6601)
==744874==    by 0x400ED71: main (main.c:491)
==744874== 
==744874== 3,696 bytes in 42 blocks are still reachable in loss record 242 of 248
==744874==    at 0x497D858: malloc (vg_replace_malloc.c:447)
==744874==    by 0x4068FEB: emalloc_real (awk.h:2156)
==744874==    by 0x4068FEB: r_getblock (node.c:1164)
==744874==    by 0x407721E: make_symbol (symbol.c:376)
==744874==    by 0x407721E: install (symbol.c:417)
==744874==    by 0x401982E: install_builtins (awkgram.y:6601)
==744874==    by 0x400ED71: main (main.c:491)
==744874== 
==744874== 3,792 bytes in 79 blocks are still reachable in loss record 243 of 248
==744874==    at 0x497D858: malloc (vg_replace_malloc.c:447)
==744874==    by 0x4068FEB: emalloc_real (awk.h:2156)
==744874==    by 0x4068FEB: r_getblock (node.c:1164)
==744874==    by 0x40768D9: str_lookup (str_array.c:214)
==744874==    by 0x40782E9: load_symbols (symbol.c:701)
==744874==    by 0x400ED85: main (main.c:499)
==744874== 
==744874== 5,048 bytes in 1 blocks are still reachable in loss record 244 of 248
==744874==    at 0x497D858: malloc (vg_replace_malloc.c:447)
==744874==    by 0x4078891: emalloc_real (awk.h:2156)
==744874==    by 0x4078891: bcalloc (symbol.c:849)
==744874==    by 0x402065C: parse_program (awkgram.y:2770)
==744874==    by 0x400EAD8: main (main.c:483)
==744874== 
==744874== 5,048 bytes in 1 blocks are still reachable in loss record 245 of 248
==744874==    at 0x497D858: malloc (vg_replace_malloc.c:447)
==744874==    by 0x4078891: emalloc_real (awk.h:2156)
==744874==    by 0x4078891: bcalloc (symbol.c:849)
==744874==    by 0x4020B58: parse_program (awkgram.y:2778)
==744874==    by 0x400EAD8: main (main.c:483)
==744874== 
==744874== 5,048 bytes in 1 blocks are still reachable in loss record 246 of 248
==744874==    at 0x497D858: malloc (vg_replace_malloc.c:447)
==744874==    by 0x4078891: emalloc_real (awk.h:2156)
==744874==    by 0x4078891: bcalloc (symbol.c:849)
==744874==    by 0x401C2EA: yylex (awkgram.y:4447)
==744874==    by 0x401C83C: yyparse (awkgram.c:1879)
==744874==    by 0x402073A: parse_program (awkgram.y:2797)
==744874==    by 0x400EAD8: main (main.c:483)
==744874== 
==744874== 5,048 bytes in 1 blocks are still reachable in loss record 247 of 248
==744874==    at 0x497D858: malloc (vg_replace_malloc.c:447)
==744874==    by 0x4078891: emalloc_real (awk.h:2156)
==744874==    by 0x4078891: bcalloc (symbol.c:849)
==744874==    by 0x401A44C: yylex (awkgram.y:3913)
==744874==    by 0x401C83C: yyparse (awkgram.c:1879)
==744874==    by 0x402073A: parse_program (awkgram.y:2797)
==744874==    by 0x400EAD8: main (main.c:483)
==744874== 
==744874== 6,952 bytes in 79 blocks are still reachable in loss record 248 of 248
==744874==    at 0x497D858: malloc (vg_replace_malloc.c:447)
==744874==    by 0x4068FEB: emalloc_real (awk.h:2156)
==744874==    by 0x4068FEB: r_getblock (node.c:1164)
==744874==    by 0x40693C1: make_str_node (node.c:406)
==744874==    by 0x4078494: load_symbols (symbol.c:700)
==744874==    by 0x400ED85: main (main.c:499)
==744874== 
==744874== LEAK SUMMARY:
==744874==    definitely lost: 0 bytes in 0 blocks
==744874==    indirectly lost: 0 bytes in 0 blocks
==744874==      possibly lost: 0 bytes in 0 blocks
==744874==    still reachable: 86,853 bytes in 1,137 blocks
==744874==         suppressed: 0 bytes in 0 blocks
==744874== 
==744874== For lists of detected and suppressed errors, rerun with: -s
==744874== ERROR SUMMARY: 0 errors from 0 contexts (suppressed: 0 from 0)
