==737864== Memcheck, a memory error detector
==737864== Copyright (C) 2002-2024, and GNU GPL'd, by Julian Seward et al.
==737864== Using Valgrind-3.26.0 and LibVEX; rerun with -h for copyright info
==737864== Command: gawk -f fnmatch.awk
==737864== Parent PID: 737863
==737864== 
==737864== 
==737864== FILE DESCRIPTORS: 3 open (3 inherited) at exit.
==737864== 
==737864== HEAP SUMMARY:
==737864==     in use at exit: 68,046 bytes in 926 blocks
==737864==   total heap usage: 1,426 allocs, 500 frees, 99,387 bytes allocated
==737864== 
==737864== 1 bytes in 1 blocks are still reachable in loss record 1 of 233
==737864==    at 0x497D858: malloc (vg_replace_malloc.c:447)
==737864==    by 0x4066564: emalloc_real (awk.h:2156)
==737864==    by 0x4066564: estrdup (main.c:1451)
==737864==    by 0x400D434: init_locale (main.c:1476)
==737864==    by 0x400D434: set_locale_stuff (main.c:1849)
==737864==    by 0x400D434: main (main.c:254)
==737864== 
==737864== 1 bytes in 1 blocks are still reachable in loss record 2 of 233
==737864==    at 0x497D858: malloc (vg_replace_malloc.c:447)
==737864==    by 0x4066564: emalloc_real (awk.h:2156)
==737864==    by 0x4066564: estrdup (main.c:1451)
==737864==    by 0x400D469: init_locale (main.c:1478)
==737864==    by 0x400D469: set_locale_stuff (main.c:1849)
==737864==    by 0x400D469: main (main.c:254)
==737864== 
==737864== 1 bytes in 1 blocks are still reachable in loss record 3 of 233
==737864==    at 0x497D858: malloc (vg_replace_malloc.c:447)
==737864==    by 0x4066564: emalloc_real (awk.h:2156)
==737864==    by 0x4066564: estrdup (main.c:1451)
==737864==    by 0x400D485: init_locale (main.c:1479)
==737864==    by 0x400D485: set_locale_stuff (main.c:1849)
==737864==    by 0x400D485: main (main.c:254)
==737864== 
==737864== 1 bytes in 1 blocks are still reachable in loss record 4 of 233
==737864==    at 0x497D858: malloc (vg_replace_malloc.c:447)
==737864==    by 0x4066564: emalloc_real (awk.h:2156)
==737864==    by 0x4066564: estrdup (main.c:1451)
==737864==    by 0x400D4A1: init_locale (main.c:1480)
==737864==    by 0x400D4A1: set_locale_stuff (main.c:1849)
==737864==    by 0x400D4A1: main (main.c:254)
==737864== 
==737864== 1 bytes in 1 blocks are still reachable in loss record 5 of 233
==737864==    at 0x497D858: malloc (vg_replace_malloc.c:447)
==737864==    by 0x4066564: emalloc_real (awk.h:2156)
==737864==    by 0x4066564: estrdup (main.c:1451)
==737864==    by 0x400D4BD: init_locale (main.c:1481)
==737864==    by 0x400D4BD: set_locale_stuff (main.c:1849)
==737864==    by 0x400D4BD: main (main.c:254)
==737864== 
==737864== 1 bytes in 1 blocks are still reachable in loss record 6 of 233
==737864==    at 0x497D858: malloc (vg_replace_malloc.c:447)
==737864==    by 0x4066564: emalloc_real (awk.h:2156)
==737864==    by 0x4066564: estrdup (main.c:1451)
==737864==    by 0x400D4D9: init_locale (main.c:1482)
==737864==    by 0x400D4D9: set_locale_stuff (main.c:1849)
==737864==    by 0x400D4D9: main (main.c:254)
==737864== 
==737864== 1 bytes in 1 blocks are still reachable in loss record 7 of 233
==737864==    at 0x497D858: malloc (vg_replace_malloc.c:447)
==737864==    by 0x4066564: emalloc_real (awk.h:2156)
==737864==    by 0x4066564: estrdup (main.c:1451)
==737864==    by 0x400D4F5: init_locale (main.c:1483)
==737864==    by 0x400D4F5: set_locale_stuff (main.c:1849)
==737864==    by 0x400D4F5: main (main.c:254)
==737864== 
==737864== 1 bytes in 1 blocks are still reachable in loss record 8 of 233
==737864==    at 0x497D858: malloc (vg_replace_malloc.c:447)
==737864==    by 0x4066564: emalloc_real (awk.h:2156)
==737864==    by 0x4066564: estrdup (main.c:1451)
==737864==    by 0x400D511: init_locale (main.c:1484)
==737864==    by 0x400D511: set_locale_stuff (main.c:1849)
==737864==    by 0x400D511: main (main.c:254)
==737864== 
==737864== 1 bytes in 1 blocks are still reachable in loss record 9 of 233
==737864==    at 0x497D858: malloc (vg_replace_malloc.c:447)
==737864==    by 0x4066564: emalloc_real (awk.h:2156)
==737864==    by 0x4066564: estrdup (main.c:1451)
==737864==    by 0x400D52D: init_locale (main.c:1485)
==737864==    by 0x400D52D: set_locale_stuff (main.c:1849)
==737864==    by 0x400D52D: main (main.c:254)
==737864== 
==737864== 1 bytes in 1 blocks are still reachable in loss record 10 of 233
==737864==    at 0x497D858: malloc (vg_replace_malloc.c:447)
==737864==    by 0x4069457: emalloc_real (awk.h:2156)
==737864==    by 0x4069457: make_str_node (node.c:422)
==737864==    by 0x400D5C7: main (main.c:278)
==737864== 
==737864== 1 bytes in 1 blocks are still reachable in loss record 11 of 233
==737864==    at 0x497D858: malloc (vg_replace_malloc.c:447)
==737864==    by 0x4069457: emalloc_real (awk.h:2156)
==737864==    by 0x4069457: make_str_node (node.c:422)
==737864==    by 0x4055395: init_fields (field.c:105)
==737864==    by 0x400E1A4: main (main.c:410)
==737864== 
==737864== 1 bytes in 1 blocks are still reachable in loss record 12 of 233
==737864==    at 0x497D858: malloc (vg_replace_malloc.c:447)
==737864==    by 0x4069457: emalloc_real (awk.h:2156)
==737864==    by 0x4069457: make_str_node (node.c:422)
==737864==    by 0x40553E0: init_fields (field.c:111)
==737864==    by 0x400E1A4: main (main.c:410)
==737864== 
==737864== 2 bytes in 1 blocks are still reachable in loss record 13 of 233
==737864==    at 0x497D858: malloc (vg_replace_malloc.c:447)
==737864==    by 0x4066564: emalloc_real (awk.h:2156)
==737864==    by 0x4066564: estrdup (main.c:1451)
==737864==    by 0x400D44E: init_locale (main.c:1477)
==737864==    by 0x400D44E: set_locale_stuff (main.c:1849)
==737864==    by 0x400D44E: main (main.c:254)
==737864== 
==737864== 2 bytes in 1 blocks are still reachable in loss record 14 of 233
==737864==    at 0x497D858: malloc (vg_replace_malloc.c:447)
==737864==    by 0x4046CFF: emalloc_real (awk.h:2156)
==737864==    by 0x4046CFF: set_OFS (eval.c:839)
==737864==    by 0x400D9A3: init_vars (main.c:873)
==737864==    by 0x400D9A3: main (main.c:403)
==737864== 
==737864== 2 bytes in 1 blocks are still reachable in loss record 15 of 233
==737864==    at 0x497D858: malloc (vg_replace_malloc.c:447)
==737864==    by 0x4066564: emalloc_real (awk.h:2156)
==737864==    by 0x4066564: estrdup (main.c:1451)
==737864==    by 0x401A0B8: yylex (awkgram.y:4495)
==737864==    by 0x401C83C: yyparse (awkgram.c:1879)
==737864==    by 0x402073A: parse_program (awkgram.y:2797)
==737864==    by 0x400EAD8: main (main.c:483)
==737864== 
==737864== 2 bytes in 1 blocks are still reachable in loss record 16 of 233
==737864==    at 0x497D858: malloc (vg_replace_malloc.c:447)
==737864==    by 0x4069457: emalloc_real (awk.h:2156)
==737864==    by 0x4069457: make_str_node (node.c:422)
==737864==    by 0x4077055: install (symbol.c:399)
==737864==    by 0x401CA63: yyparse (awkgram.y:2148)
==737864==    by 0x402073A: parse_program (awkgram.y:2797)
==737864==    by 0x400EAD8: main (main.c:483)
==737864== 
==737864== 3 bytes in 1 blocks are still reachable in loss record 17 of 233
==737864==    at 0x497D858: malloc (vg_replace_malloc.c:447)
==737864==    by 0x4069457: emalloc_real (awk.h:2156)
==737864==    by 0x4069457: make_str_node (node.c:422)
==737864==    by 0x4054B6F: update_PROCINFO_str.part.0 (field.c:1661)
==737864==    by 0x400E83A: load_procinfo (main.c:1072)
==737864==    by 0x400E83A: init_vars (main.c:878)
==737864==    by 0x400E83A: main (main.c:403)
==737864== 
==737864== 3 bytes in 1 blocks are still reachable in loss record 18 of 233
==737864==    at 0x497D858: malloc (vg_replace_malloc.c:447)
==737864==    by 0x4069457: emalloc_real (awk.h:2156)
==737864==    by 0x4069457: make_str_node (node.c:422)
==737864==    by 0x4054B87: update_PROCINFO_str.part.0 (field.c:1662)
==737864==    by 0x400E83A: load_procinfo (main.c:1072)
==737864==    by 0x400E83A: init_vars (main.c:878)
==737864==    by 0x400E83A: main (main.c:403)
==737864== 
==737864== 4 bytes in 1 blocks are still reachable in loss record 19 of 233
==737864==    at 0x497D858: malloc (vg_replace_malloc.c:447)
==737864==    by 0x4069457: emalloc_real (awk.h:2156)
==737864==    by 0x4069457: make_str_node (node.c:422)
==737864==    by 0x4058004: update_PROCINFO_num (field.c:1674)
==737864==    by 0x400E79D: load_procinfo (main.c:1055)
==737864==    by 0x400E79D: init_vars (main.c:878)
==737864==    by 0x400E79D: main (main.c:403)
==737864== 
==737864== 4 bytes in 1 blocks are still reachable in loss record 20 of 233
==737864==    at 0x497D858: malloc (vg_replace_malloc.c:447)
==737864==    by 0x4069457: emalloc_real (awk.h:2156)
==737864==    by 0x4069457: make_str_node (node.c:422)
==737864==    by 0x4058004: update_PROCINFO_num (field.c:1674)
==737864==    by 0x400E7D2: load_procinfo (main.c:1061)
==737864==    by 0x400E7D2: init_vars (main.c:878)
==737864==    by 0x400E7D2: main (main.c:403)
==737864== 
==737864== 4 bytes in 1 blocks are still reachable in loss record 21 of 233
==737864==    at 0x497D858: malloc (vg_replace_malloc.c:447)
==737864==    by 0x4069457: emalloc_real (awk.h:2156)
==737864==    by 0x4069457: make_str_node (node.c:422)
==737864==    by 0x4058004: update_PROCINFO_num (field.c:1674)
==737864==    by 0x400E80A: load_procinfo (main.c:1067)
==737864==    by 0x400E80A: init_vars (main.c:878)
==737864==    by 0x400E80A: main (main.c:403)
==737864== 
==737864== 4 bytes in 1 blocks are still reachable in loss record 22 of 233
==737864==    at 0x497D858: malloc (vg_replace_malloc.c:447)
==737864==    by 0x4069457: emalloc_real (awk.h:2156)
==737864==    by 0x4069457: make_str_node (node.c:422)
==737864==    by 0x4054B6F: update_PROCINFO_str.part.0 (field.c:1661)
==737864==    by 0x400E8D2: load_procinfo (main.c:1087)
==737864==    by 0x400E8D2: init_vars (main.c:878)
==737864==    by 0x400E8D2: main (main.c:403)
==737864== 
==737864== 4 bytes in 1 blocks are still reachable in loss record 23 of 233
==737864==    at 0x497D858: malloc (vg_replace_malloc.c:447)
==737864==    by 0x4066564: emalloc_real (awk.h:2156)
==737864==    by 0x4066564: estrdup (main.c:1451)
==737864==    by 0x4059263: ns_lookup (gawkapi.c:1664)
==737864==    by 0x405B009: api_sym_update (gawkapi.c:861)
==737864==    by 0x49955A9: init_fnmatch (fnmatch.c:198)
==737864==    by 0x4995734: dl_load (fnmatch.c:213)
==737864==    by 0x4052BC2: load_ext (ext.c:125)
==737864==    by 0x4018FDA: load_library (awkgram.y:3020)
==737864==    by 0x401CADF: yyparse (awkgram.y:379)
==737864==    by 0x402073A: parse_program (awkgram.y:2797)
==737864==    by 0x400EAD8: main (main.c:483)
==737864== 
==737864== 4 bytes in 1 blocks are still reachable in loss record 24 of 233
==737864==    at 0x497D858: malloc (vg_replace_malloc.c:447)
==737864==    by 0x4069457: emalloc_real (awk.h:2156)
==737864==    by 0x4069457: make_str_node (node.c:422)
==737864==    by 0x4077055: install (symbol.c:399)
==737864==    by 0x405B254: api_sym_update (gawkapi.c:867)
==737864==    by 0x49955A9: init_fnmatch (fnmatch.c:198)
==737864==    by 0x4995734: dl_load (fnmatch.c:213)
==737864==    by 0x4052BC2: load_ext (ext.c:125)
==737864==    by 0x4018FDA: load_library (awkgram.y:3020)
==737864==    by 0x401CADF: yyparse (awkgram.y:379)
==737864==    by 0x402073A: parse_program (awkgram.y:2797)
==737864==    by 0x400EAD8: main (main.c:483)
==737864== 
==737864== 5 bytes in 1 blocks are still reachable in loss record 25 of 233
==737864==    at 0x497D858: malloc (vg_replace_malloc.c:447)
==737864==    by 0x4069457: emalloc_real (awk.h:2156)
==737864==    by 0x4069457: make_str_node (node.c:422)
==737864==    by 0x4058004: update_PROCINFO_num (field.c:1674)
==737864==    by 0x400E7B6: load_procinfo (main.c:1058)
==737864==    by 0x400E7B6: init_vars (main.c:878)
==737864==    by 0x400E7B6: main (main.c:403)
==737864== 
==737864== 5 bytes in 1 blocks are still reachable in loss record 26 of 233
==737864==    at 0x497D858: malloc (vg_replace_malloc.c:447)
==737864==    by 0x4069457: emalloc_real (awk.h:2156)
==737864==    by 0x4069457: make_str_node (node.c:422)
==737864==    by 0x4058004: update_PROCINFO_num (field.c:1674)
==737864==    by 0x400E7EE: load_procinfo (main.c:1064)
==737864==    by 0x400E7EE: init_vars (main.c:878)
==737864==    by 0x400E7EE: main (main.c:403)
==737864== 
==737864== 5 bytes in 1 blocks are still reachable in loss record 27 of 233
==737864==    at 0x497D858: malloc (vg_replace_malloc.c:447)
==737864==    by 0x4069457: emalloc_real (awk.h:2156)
==737864==    by 0x4069457: make_str_node (node.c:422)
==737864==    by 0x4058004: update_PROCINFO_num (field.c:1674)
==737864==    by 0x400E826: load_procinfo (main.c:1070)
==737864==    by 0x400E826: init_vars (main.c:878)
==737864==    by 0x400E826: main (main.c:403)
==737864== 
==737864== 5 bytes in 1 blocks are still reachable in loss record 28 of 233
==737864==    at 0x497D858: malloc (vg_replace_malloc.c:447)
==737864==    by 0x4066564: emalloc_real (awk.h:2156)
==737864==    by 0x4066564: estrdup (main.c:1451)
==737864==    by 0x400E91C: load_procinfo_argv (main.c:988)
==737864==    by 0x400E91C: load_procinfo (main.c:1093)
==737864==    by 0x400E91C: init_vars (main.c:878)
==737864==    by 0x400E91C: main (main.c:403)
==737864== 
==737864== 5 bytes in 1 blocks are still reachable in loss record 29 of 233
==737864==    at 0x497D858: malloc (vg_replace_malloc.c:447)
==737864==    by 0x4069457: emalloc_real (awk.h:2156)
==737864==    by 0x4069457: make_str_node (node.c:422)
==737864==    by 0x400EC1B: load_procinfo_argv (main.c:996)
==737864==    by 0x400EC1B: load_procinfo (main.c:1093)
==737864==    by 0x400EC1B: init_vars (main.c:878)
==737864==    by 0x400EC1B: main (main.c:403)
==737864== 
==737864== 5 bytes in 1 blocks are still reachable in loss record 30 of 233
==737864==    at 0x497D858: malloc (vg_replace_malloc.c:447)
==737864==    by 0x4066564: emalloc_real (awk.h:2156)
==737864==    by 0x4066564: estrdup (main.c:1451)
==737864==    by 0x400E407: init_args (main.c:764)
==737864==    by 0x400E407: main (main.c:470)
==737864== 
==737864== 5 bytes in 1 blocks are still reachable in loss record 31 of 233
==737864==    at 0x497D858: malloc (vg_replace_malloc.c:447)
==737864==    by 0x4069457: emalloc_real (awk.h:2156)
==737864==    by 0x4069457: make_str_node (node.c:422)
==737864==    by 0x4077055: install (symbol.c:399)
==737864==    by 0x400E414: init_args (main.c:764)
==737864==    by 0x400E414: main (main.c:470)
==737864== 
==737864== 5 bytes in 1 blocks are still reachable in loss record 32 of 233
==737864==    at 0x497D858: malloc (vg_replace_malloc.c:447)
==737864==    by 0x4069457: emalloc_real (awk.h:2156)
==737864==    by 0x4069457: make_str_node (node.c:422)
==737864==    by 0x400E43D: init_args (main.c:766)
==737864==    by 0x400E43D: main (main.c:470)
==737864== 
==737864== 5 bytes in 1 blocks are still reachable in loss record 33 of 233
==737864==    at 0x497D858: malloc (vg_replace_malloc.c:447)
==737864==    by 0x4066564: emalloc_real (awk.h:2156)
==737864==    by 0x4066564: estrdup (main.c:1451)
==737864==    by 0x400EA83: init_args (main.c:791)
==737864==    by 0x400EA83: main (main.c:470)
==737864== 
==737864== 5 bytes in 1 blocks are still reachable in loss record 34 of 233
==737864==    at 0x497D858: malloc (vg_replace_malloc.c:447)
==737864==    by 0x4069457: emalloc_real (awk.h:2156)
==737864==    by 0x4069457: make_str_node (node.c:422)
==737864==    by 0x4077055: install (symbol.c:399)
==737864==    by 0x400EA90: init_args (main.c:791)
==737864==    by 0x400EA90: main (main.c:470)
==737864== 
==737864== 6 bytes in 1 blocks are still reachable in loss record 35 of 233
==737864==    at 0x497D858: malloc (vg_replace_malloc.c:447)
==737864==    by 0x4069457: emalloc_real (awk.h:2156)
==737864==    by 0x4069457: make_str_node (node.c:422)
==737864==    by 0x4054B87: update_PROCINFO_str.part.0 (field.c:1662)
==737864==    by 0x400E71D: load_procinfo (main.c:1021)
==737864==    by 0x400E71D: init_vars (main.c:878)
==737864==    by 0x400E71D: main (main.c:403)
==737864== 
==737864== 6 bytes in 1 blocks are still reachable in loss record 36 of 233
==737864==    at 0x497D858: malloc (vg_replace_malloc.c:447)
==737864==    by 0x4069457: emalloc_real (awk.h:2156)
==737864==    by 0x4069457: make_str_node (node.c:422)
==737864==    by 0x4054B87: update_PROCINFO_str.part.0 (field.c:1662)
==737864==    by 0x400E743: load_procinfo (main.c:1023)
==737864==    by 0x400E743: init_vars (main.c:878)
==737864==    by 0x400E743: main (main.c:403)
==737864== 
==737864== 6 bytes in 1 blocks are still reachable in loss record 37 of 233
==737864==    at 0x497D858: malloc (vg_replace_malloc.c:447)
==737864==    by 0x4069457: emalloc_real (awk.h:2156)
==737864==    by 0x4069457: make_str_node (node.c:422)
==737864==    by 0x407810A: load_symbols (symbol.c:681)
==737864==    by 0x400ED85: main (main.c:499)
==737864== 
==737864== 7 bytes in 1 blocks are still reachable in loss record 38 of 233
==737864==    at 0x497D858: malloc (vg_replace_malloc.c:447)
==737864==    by 0x4066564: emalloc_real (awk.h:2156)
==737864==    by 0x4066564: estrdup (main.c:1451)
==737864==    by 0x4077381: init_the_tables (symbol.c:78)
==737864==    by 0x400D60A: main (main.c:287)
==737864== 
==737864== 7 bytes in 1 blocks are still reachable in loss record 39 of 233
==737864==    at 0x497D858: malloc (vg_replace_malloc.c:447)
==737864==    by 0x4069457: emalloc_real (awk.h:2156)
==737864==    by 0x4069457: make_str_node (node.c:422)
==737864==    by 0x4077055: install (symbol.c:399)
==737864==    by 0x4077390: install_symbol (symbol.c:173)
==737864==    by 0x4077390: init_the_tables (symbol.c:78)
==737864==    by 0x400D60A: main (main.c:287)
==737864== 
==737864== 7 bytes in 1 blocks are still reachable in loss record 40 of 233
==737864==    at 0x497D858: malloc (vg_replace_malloc.c:447)
==737864==    by 0x4069457: emalloc_real (awk.h:2156)
==737864==    by 0x4069457: make_str_node (node.c:422)
==737864==    by 0x4058004: update_PROCINFO_num (field.c:1674)
==737864==    by 0x400E784: load_procinfo (main.c:1046)
==737864==    by 0x400E784: init_vars (main.c:878)
==737864==    by 0x400E784: main (main.c:403)
==737864== 
==737864== 7 bytes in 1 blocks are still reachable in loss record 41 of 233
==737864==    at 0x497D858: malloc (vg_replace_malloc.c:447)
==737864==    by 0x4069457: emalloc_real (awk.h:2156)
==737864==    by 0x4069457: make_str_node (node.c:422)
==737864==    by 0x40780DA: load_symbols (symbol.c:679)
==737864==    by 0x400ED85: main (main.c:499)
==737864== 
==737864== 8 bytes in 1 blocks are still reachable in loss record 42 of 233
==737864==    at 0x497D858: malloc (vg_replace_malloc.c:447)
==737864==    by 0x4066564: emalloc_real (awk.h:2156)
==737864==    by 0x4066564: estrdup (main.c:1451)
==737864==    by 0x407735A: init_the_tables (symbol.c:77)
==737864==    by 0x400D60A: main (main.c:287)
==737864== 
==737864== 8 bytes in 1 blocks are still reachable in loss record 43 of 233
==737864==    at 0x497D858: malloc (vg_replace_malloc.c:447)
==737864==    by 0x4069457: emalloc_real (awk.h:2156)
==737864==    by 0x4069457: make_str_node (node.c:422)
==737864==    by 0x4077055: install (symbol.c:399)
==737864==    by 0x4077369: install_symbol (symbol.c:173)
==737864==    by 0x4077369: init_the_tables (symbol.c:77)
==737864==    by 0x400D60A: main (main.c:287)
==737864== 
==737864== 8 bytes in 1 blocks are still reachable in loss record 44 of 233
==737864==    at 0x497D858: malloc (vg_replace_malloc.c:447)
==737864==    by 0x4069457: emalloc_real (awk.h:2156)
==737864==    by 0x4069457: make_str_node (node.c:422)
==737864==    by 0x4054B6F: update_PROCINFO_str.part.0 (field.c:1661)
==737864==    by 0x400E71D: load_procinfo (main.c:1021)
==737864==    by 0x400E71D: init_vars (main.c:878)
==737864==    by 0x400E71D: main (main.c:403)
==737864== 
==737864== 8 bytes in 1 blocks are still reachable in loss record 45 of 233
==737864==    at 0x497D858: malloc (vg_replace_malloc.c:447)
==737864==    by 0x4066564: emalloc_real (awk.h:2156)
==737864==    by 0x4066564: estrdup (main.c:1451)
==737864==    by 0x400E02B: load_environ (main.c:930)
==737864==    by 0x400E02B: init_vars (main.c:879)
==737864==    by 0x400E02B: main (main.c:403)
==737864== 
==737864== 8 bytes in 1 blocks are still reachable in loss record 46 of 233
==737864==    at 0x497D858: malloc (vg_replace_malloc.c:447)
==737864==    by 0x4069457: emalloc_real (awk.h:2156)
==737864==    by 0x4069457: make_str_node (node.c:422)
==737864==    by 0x4077055: install (symbol.c:399)
==737864==    by 0x400E038: load_environ (main.c:930)
==737864==    by 0x400E038: init_vars (main.c:879)
==737864==    by 0x400E038: main (main.c:403)
==737864== 
==737864== 8 bytes in 1 blocks are still reachable in loss record 47 of 233
==737864==    at 0x497D858: malloc (vg_replace_malloc.c:447)
==737864==    by 0x4055372: emalloc_real (awk.h:2156)
==737864==    by 0x4055372: init_fields (field.c:103)
==737864==    by 0x400E1A4: main (main.c:410)
==737864== 
==737864== 8 bytes in 1 blocks are still reachable in loss record 48 of 233
==737864==    at 0x497D858: malloc (vg_replace_malloc.c:447)
==737864==    by 0x4066564: emalloc_real (awk.h:2156)
==737864==    by 0x4066564: estrdup (main.c:1451)
==737864==    by 0x4014A21: do_add_srcfile (awkgram.y:2834)
==737864==    by 0x4018A70: add_srcfile (awkgram.y:2916)
==737864==    by 0x4018FBB: load_library (awkgram.y:3010)
==737864==    by 0x401CADF: yyparse (awkgram.y:379)
==737864==    by 0x402073A: parse_program (awkgram.y:2797)
==737864==    by 0x400EAD8: main (main.c:483)
==737864== 
==737864== 8 bytes in 1 blocks are still reachable in loss record 49 of 233
==737864==    at 0x497D858: malloc (vg_replace_malloc.c:447)
==737864==    by 0x4066564: emalloc_real (awk.h:2156)
==737864==    by 0x4066564: estrdup (main.c:1451)
==737864==    by 0x4052FBE: make_builtin (ext.c:153)
==737864==    by 0x49956D7: dl_load (fnmatch.c:213)
==737864==    by 0x4052BC2: load_ext (ext.c:125)
==737864==    by 0x4018FDA: load_library (awkgram.y:3020)
==737864==    by 0x401CADF: yyparse (awkgram.y:379)
==737864==    by 0x402073A: parse_program (awkgram.y:2797)
==737864==    by 0x400EAD8: main (main.c:483)
==737864== 
==737864== 8 bytes in 1 blocks are still reachable in loss record 50 of 233
==737864==    at 0x497D858: malloc (vg_replace_malloc.c:447)
==737864==    by 0x4069457: emalloc_real (awk.h:2156)
==737864==    by 0x4069457: make_str_node (node.c:422)
==737864==    by 0x4077055: install (symbol.c:399)
==737864==    by 0x4053117: make_builtin (ext.c:202)
==737864==    by 0x49956D7: dl_load (fnmatch.c:213)
==737864==    by 0x4052BC2: load_ext (ext.c:125)
==737864==    by 0x4018FDA: load_library (awkgram.y:3020)
==737864==    by 0x401CADF: yyparse (awkgram.y:379)
==737864==    by 0x402073A: parse_program (awkgram.y:2797)
==737864==    by 0x400EAD8: main (main.c:483)
==737864== 
==737864== 8 bytes in 1 blocks are still reachable in loss record 51 of 233
==737864==    at 0x497D858: malloc (vg_replace_malloc.c:447)
==737864==    by 0x4069457: emalloc_real (awk.h:2156)
==737864==    by 0x4069457: make_str_node (node.c:422)
==737864==    by 0x40780F2: load_symbols (symbol.c:680)
==737864==    by 0x400ED85: main (main.c:499)
==737864== 
==737864== 8 bytes in 1 blocks are still reachable in loss record 52 of 233
==737864==    at 0x497D858: malloc (vg_replace_malloc.c:447)
==737864==    by 0x4069457: emalloc_real (awk.h:2156)
==737864==    by 0x4069457: make_str_node (node.c:422)
==737864==    by 0x4078122: load_symbols (symbol.c:682)
==737864==    by 0x400ED85: main (main.c:499)
==737864== 
==737864== 9 bytes in 1 blocks are still reachable in loss record 53 of 233
==737864==    at 0x497D858: malloc (vg_replace_malloc.c:447)
==737864==    by 0x4066564: emalloc_real (awk.h:2156)
==737864==    by 0x4066564: estrdup (main.c:1451)
==737864==    by 0x400E6F6: load_procinfo (main.c:1019)
==737864==    by 0x400E6F6: init_vars (main.c:878)
==737864==    by 0x400E6F6: main (main.c:403)
==737864== 
==737864== 9 bytes in 1 blocks are still reachable in loss record 54 of 233
==737864==    at 0x497D858: malloc (vg_replace_malloc.c:447)
==737864==    by 0x4069457: emalloc_real (awk.h:2156)
==737864==    by 0x4069457: make_str_node (node.c:422)
==737864==    by 0x4077055: install (symbol.c:399)
==737864==    by 0x400E703: load_procinfo (main.c:1019)
==737864==    by 0x400E703: init_vars (main.c:878)
==737864==    by 0x400E703: main (main.c:403)
==737864== 
==737864== 9 bytes in 1 blocks are still reachable in loss record 55 of 233
==737864==    at 0x497D858: malloc (vg_replace_malloc.c:447)
==737864==    by 0x4069457: emalloc_real (awk.h:2156)
==737864==    by 0x4069457: make_str_node (node.c:422)
==737864==    by 0x4054B6F: update_PROCINFO_str.part.0 (field.c:1661)
==737864==    by 0x400E730: load_procinfo (main.c:1022)
==737864==    by 0x400E730: init_vars (main.c:878)
==737864==    by 0x400E730: main (main.c:403)
==737864== 
==737864== 9 bytes in 1 blocks are still reachable in loss record 56 of 233
==737864==    at 0x497D858: malloc (vg_replace_malloc.c:447)
==737864==    by 0x4069457: emalloc_real (awk.h:2156)
==737864==    by 0x4069457: make_str_node (node.c:422)
==737864==    by 0x4054B6F: update_PROCINFO_str.part.0 (field.c:1661)
==737864==    by 0x400E743: load_procinfo (main.c:1023)
==737864==    by 0x400E743: init_vars (main.c:878)
==737864==    by 0x400E743: main (main.c:403)
==737864== 
==737864== 10 bytes in 1 blocks are still reachable in loss record 57 of 233
==737864==    at 0x497D858: malloc (vg_replace_malloc.c:447)
==737864==    by 0x4069457: emalloc_real (awk.h:2156)
==737864==    by 0x4069457: make_str_node (node.c:422)
==737864==    by 0x4058004: update_PROCINFO_num (field.c:1674)
==737864==    by 0x400E757: load_procinfo (main.c:1035)
==737864==    by 0x400E757: init_vars (main.c:878)
==737864==    by 0x400E757: main (main.c:403)
==737864== 
==737864== 10 bytes in 1 blocks are still reachable in loss record 58 of 233
==737864==    at 0x497D858: malloc (vg_replace_malloc.c:447)
==737864==    by 0x4069457: emalloc_real (awk.h:2156)
==737864==    by 0x4069457: make_str_node (node.c:422)
==737864==    by 0x4058004: update_PROCINFO_num (field.c:1674)
==737864==    by 0x400E76B: load_procinfo (main.c:1036)
==737864==    by 0x400E76B: init_vars (main.c:878)
==737864==    by 0x400E76B: main (main.c:403)
==737864== 
==737864== 10 bytes in 1 blocks are still reachable in loss record 59 of 233
==737864==    at 0x497D858: malloc (vg_replace_malloc.c:447)
==737864==    by 0x4069457: emalloc_real (awk.h:2156)
==737864==    by 0x4069457: make_str_node (node.c:422)
==737864==    by 0x4054B87: update_PROCINFO_str.part.0 (field.c:1662)
==737864==    by 0x400E8D2: load_procinfo (main.c:1087)
==737864==    by 0x400E8D2: init_vars (main.c:878)
==737864==    by 0x400E8D2: main (main.c:403)
==737864== 
==737864== 10 bytes in 1 blocks are still reachable in loss record 60 of 233
==737864==    at 0x497D858: malloc (vg_replace_malloc.c:447)
==737864==    by 0x4069457: emalloc_real (awk.h:2156)
==737864==    by 0x4069457: make_str_node (node.c:422)
==737864==    by 0x40780C2: load_symbols (symbol.c:678)
==737864==    by 0x400ED85: main (main.c:499)
==737864== 
==737864== 10 bytes in 1 blocks are still reachable in loss record 61 of 233
==737864==    at 0x497D858: malloc (vg_replace_malloc.c:447)
==737864==    by 0x4069457: emalloc_real (awk.h:2156)
==737864==    by 0x4069457: make_str_node (node.c:422)
==737864==    by 0x4052611: r_interpret (interpret.h:1052)
==737864==    by 0x400EDDE: main (main.c:532)
==737864== 
==737864== 12 bytes in 1 blocks are still reachable in loss record 62 of 233
==737864==    at 0x497D858: malloc (vg_replace_malloc.c:447)
==737864==    by 0x4066564: emalloc_real (awk.h:2156)
==737864==    by 0x4066564: estrdup (main.c:1451)
==737864==    by 0x4014A21: do_add_srcfile (awkgram.y:2834)
==737864==    by 0x4018A70: add_srcfile (awkgram.y:2916)
==737864==    by 0x400D7E5: parse_args (main.c:1585)
==737864==    by 0x400D7E5: main (main.c:294)
==737864== 
==737864== 12 bytes in 1 blocks are still reachable in loss record 63 of 233
==737864==    at 0x497D858: malloc (vg_replace_malloc.c:447)
==737864==    by 0x4066564: emalloc_real (awk.h:2156)
==737864==    by 0x4066564: estrdup (main.c:1451)
==737864==    by 0x4059263: ns_lookup (gawkapi.c:1664)
==737864==    by 0x405B009: api_sym_update (gawkapi.c:861)
==737864==    by 0x4995412: init_fnmatch (fnmatch.c:178)
==737864==    by 0x4995734: dl_load (fnmatch.c:213)
==737864==    by 0x4052BC2: load_ext (ext.c:125)
==737864==    by 0x4018FDA: load_library (awkgram.y:3020)
==737864==    by 0x401CADF: yyparse (awkgram.y:379)
==737864==    by 0x402073A: parse_program (awkgram.y:2797)
==737864==    by 0x400EAD8: main (main.c:483)
==737864== 
==737864== 12 bytes in 1 blocks are still reachable in loss record 64 of 233
==737864==    at 0x497D858: malloc (vg_replace_malloc.c:447)
==737864==    by 0x4069457: emalloc_real (awk.h:2156)
==737864==    by 0x4069457: make_str_node (node.c:422)
==737864==    by 0x4077055: install (symbol.c:399)
==737864==    by 0x405B0DB: api_sym_update (gawkapi.c:874)
==737864==    by 0x4995412: init_fnmatch (fnmatch.c:178)
==737864==    by 0x4995734: dl_load (fnmatch.c:213)
==737864==    by 0x4052BC2: load_ext (ext.c:125)
==737864==    by 0x4018FDA: load_library (awkgram.y:3020)
==737864==    by 0x401CADF: yyparse (awkgram.y:379)
==737864==    by 0x402073A: parse_program (awkgram.y:2797)
==737864==    by 0x400EAD8: main (main.c:483)
==737864== 
==737864== 12 bytes in 1 blocks are still reachable in loss record 65 of 233
==737864==    at 0x497D858: malloc (vg_replace_malloc.c:447)
==737864==    by 0x4069457: emalloc_real (awk.h:2156)
==737864==    by 0x4069457: make_str_node (node.c:422)
==737864==    by 0x4077FD7: load_symbols (symbol.c:663)
==737864==    by 0x400ED85: main (main.c:499)
==737864== 
==737864== 12 bytes in 1 blocks are still reachable in loss record 66 of 233
==737864==    at 0x497D858: malloc (vg_replace_malloc.c:447)
==737864==    by 0x4066564: emalloc_real (awk.h:2156)
==737864==    by 0x4066564: estrdup (main.c:1451)
==737864==    by 0x4078093: load_symbols (symbol.c:675)
==737864==    by 0x400ED85: main (main.c:499)
==737864== 
==737864== 16 bytes in 1 blocks are still reachable in loss record 67 of 233
==737864==    at 0x497D858: malloc (vg_replace_malloc.c:447)
==737864==    by 0x405907A: emalloc_real (awk.h:2156)
==737864==    by 0x405907A: api_register_ext_version (gawkapi.c:1510)
==737864==    by 0x405907A: api_register_ext_version (gawkapi.c:1501)
==737864==    by 0x4995723: dl_load (fnmatch.c:213)
==737864==    by 0x4052BC2: load_ext (ext.c:125)
==737864==    by 0x4018FDA: load_library (awkgram.y:3020)
==737864==    by 0x401CADF: yyparse (awkgram.y:379)
==737864==    by 0x402073A: parse_program (awkgram.y:2797)
==737864==    by 0x400EAD8: main (main.c:483)
==737864== 
==737864== 16 bytes in 2 blocks are still reachable in loss record 68 of 233
==737864==    at 0x497D858: malloc (vg_replace_malloc.c:447)
==737864==    by 0x4066564: emalloc_real (awk.h:2156)
==737864==    by 0x4066564: estrdup (main.c:1451)
==737864==    by 0x401E3D7: yyparse (awkgram.y:2042)
==737864==    by 0x402073A: parse_program (awkgram.y:2797)
==737864==    by 0x400EAD8: main (main.c:483)
==737864== 
==737864== 20 bytes in 1 blocks are still reachable in loss record 69 of 233
==737864==    at 0x497D858: malloc (vg_replace_malloc.c:447)
==737864==    by 0x405E9A7: emalloc_real (awk.h:2156)
==737864==    by 0x405E9A7: init_awkpath (io.c:3026)
==737864==    by 0x405E9A7: do_find_source (io.c:3068)
==737864==    by 0x4065061: find_source (io.c:3098)
==737864==    by 0x40189F8: add_srcfile (awkgram.y:2864)
==737864==    by 0x4018FBB: load_library (awkgram.y:3010)
==737864==    by 0x401CADF: yyparse (awkgram.y:379)
==737864==    by 0x402073A: parse_program (awkgram.y:2797)
==737864==    by 0x400EAD8: main (main.c:483)
==737864== 
==737864== 20 bytes in 3 blocks are still reachable in loss record 70 of 233
==737864==    at 0x497D858: malloc (vg_replace_malloc.c:447)
==737864==    by 0x4066564: emalloc_real (awk.h:2156)
==737864==    by 0x4066564: estrdup (main.c:1451)
==737864==    by 0x400D69D: save_argv (main.c:1498)
==737864==    by 0x400D69D: parse_args (main.c:1554)
==737864==    by 0x400D69D: main (main.c:294)
==737864== 
==737864== 20 bytes in 3 blocks are still reachable in loss record 71 of 233
==737864==    at 0x497D858: malloc (vg_replace_malloc.c:447)
==737864==    by 0x4069457: emalloc_real (awk.h:2156)
==737864==    by 0x4069457: make_str_node (node.c:422)
==737864==    by 0x400E9C6: load_procinfo_argv (main.c:991)
==737864==    by 0x400E9C6: load_procinfo (main.c:1093)
==737864==    by 0x400E9C6: init_vars (main.c:878)
==737864==    by 0x400E9C6: main (main.c:403)
==737864== 
==737864== 20 bytes in 4 blocks are still reachable in loss record 72 of 233
==737864==    at 0x497D858: malloc (vg_replace_malloc.c:447)
==737864==    by 0x4069457: emalloc_real (awk.h:2156)
==737864==    by 0x4069457: make_str_node (node.c:422)
==737864==    by 0x401B194: yylex (awkgram.y:4074)
==737864==    by 0x401C83C: yyparse (awkgram.c:1879)
==737864==    by 0x402073A: parse_program (awkgram.y:2797)
==737864==    by 0x400EAD8: main (main.c:483)
==737864== 
==737864== 24 bytes in 1 blocks are still reachable in loss record 73 of 233
==737864==    at 0x4984E43: calloc (vg_replace_malloc.c:1678)
==737864==    by 0x405E8B2: ezalloc_real (awk.h:2174)
==737864==    by 0x405E8B2: init_awkpath (io.c:2996)
==737864==    by 0x405E8B2: do_find_source (io.c:3068)
==737864==    by 0x4065061: find_source (io.c:3098)
==737864==    by 0x40189F8: add_srcfile (awkgram.y:2864)
==737864==    by 0x400D7E5: parse_args (main.c:1585)
==737864==    by 0x400D7E5: main (main.c:294)
==737864== 
==737864== 24 bytes in 1 blocks are still reachable in loss record 74 of 233
==737864==    at 0x497D858: malloc (vg_replace_malloc.c:447)
==737864==    by 0x4069457: emalloc_real (awk.h:2156)
==737864==    by 0x4069457: make_str_node (node.c:422)
==737864==    by 0x4054B87: update_PROCINFO_str.part.0 (field.c:1662)
==737864==    by 0x400E730: load_procinfo (main.c:1022)
==737864==    by 0x400E730: init_vars (main.c:878)
==737864==    by 0x400E730: main (main.c:403)
==737864== 
==737864== 24 bytes in 1 blocks are still reachable in loss record 75 of 233
==737864==    at 0x4984E43: calloc (vg_replace_malloc.c:1678)
==737864==    by 0x405E8B2: ezalloc_real (awk.h:2174)
==737864==    by 0x405E8B2: init_awkpath (io.c:2996)
==737864==    by 0x405E8B2: do_find_source (io.c:3068)
==737864==    by 0x4065061: find_source (io.c:3098)
==737864==    by 0x40189F8: add_srcfile (awkgram.y:2864)
==737864==    by 0x4018FBB: load_library (awkgram.y:3010)
==737864==    by 0x401CADF: yyparse (awkgram.y:379)
==737864==    by 0x402073A: parse_program (awkgram.y:2797)
==737864==    by 0x400EAD8: main (main.c:483)
==737864== 
==737864== 26 bytes in 1 blocks are still reachable in loss record 76 of 233
==737864==    at 0x497D858: malloc (vg_replace_malloc.c:447)
==737864==    by 0x405E9A7: emalloc_real (awk.h:2156)
==737864==    by 0x405E9A7: init_awkpath (io.c:3026)
==737864==    by 0x405E9A7: do_find_source (io.c:3068)
==737864==    by 0x4065061: find_source (io.c:3098)
==737864==    by 0x40189F8: add_srcfile (awkgram.y:2864)
==737864==    by 0x400D7E5: parse_args (main.c:1585)
==737864==    by 0x400D7E5: main (main.c:294)
==737864== 
==737864== 30 bytes in 1 blocks are still reachable in loss record 77 of 233
==737864==    at 0x497D858: malloc (vg_replace_malloc.c:447)
==737864==    by 0x405E673: emalloc_real (awk.h:2156)
==737864==    by 0x405E673: do_find_source (io.c:3070)
==737864==    by 0x4065100: find_source (io.c:3118)
==737864==    by 0x40189F8: add_srcfile (awkgram.y:2864)
==737864==    by 0x4018FBB: load_library (awkgram.y:3010)
==737864==    by 0x401CADF: yyparse (awkgram.y:379)
==737864==    by 0x402073A: parse_program (awkgram.y:2797)
==737864==    by 0x400EAD8: main (main.c:483)
==737864== 
==737864== 30 bytes in 1 blocks are still reachable in loss record 78 of 233
==737864==    at 0x497D858: malloc (vg_replace_malloc.c:447)
==737864==    by 0x415EB1F: malloc (rtld-malloc.h:56)
==737864==    by 0x415EB1F: strdup (strdup.c:42)
==737864==    by 0x413C90D: _dl_map_new_object (dl-load.c:2139)
==737864==    by 0x4141460: dl_open_worker_begin (dl-open.c:535)
==737864==    by 0x4134512: _dl_catch_exception (dl-catch.c:241)
==737864==    by 0x414020B: dl_open_worker (dl-open.c:762)
==737864==    by 0x4134512: _dl_catch_exception (dl-catch.c:241)
==737864==    by 0x4140749: _dl_open (dl-open.c:900)
==737864==    by 0x4BC8EA3: dlopen_doit (dlopen.c:56)
==737864==    by 0x4134512: _dl_catch_exception (dl-catch.c:241)
==737864==    by 0x4134658: _dl_catch_error (dl-catch.c:260)
==737864==    by 0x4BC8992: _dlerror_run (dlerror.c:138)
==737864== 
==737864== 32 bytes in 1 blocks are still reachable in loss record 79 of 233
==737864==    at 0x497D858: malloc (vg_replace_malloc.c:447)
==737864==    by 0x4066202: emalloc_real.constprop.0 (awk.h:2156)
==737864==    by 0x400D66C: save_argv (main.c:1496)
==737864==    by 0x400D66C: parse_args (main.c:1554)
==737864==    by 0x400D66C: main (main.c:294)
==737864== 
==737864== 32 bytes in 1 blocks are still reachable in loss record 80 of 233
==737864==    at 0x497D858: malloc (vg_replace_malloc.c:447)
==737864==    by 0x4045E57: emalloc_real (awk.h:2156)
==737864==    by 0x4045E57: fmt_index (eval.c:913)
==737864==    by 0x4046F46: set_CONVFMT (eval.c:956)
==737864==    by 0x400D9A3: init_vars (main.c:873)
==737864==    by 0x400D9A3: main (main.c:403)
==737864== 
==737864== 32 bytes in 1 blocks are still reachable in loss record 81 of 233
==737864==    at 0x497D858: malloc (vg_replace_malloc.c:447)
==737864==    by 0x4020D1E: emalloc_real (awk.h:2156)
==737864==    by 0x4020D1E: parse_program (awkgram.y:2810)
==737864==    by 0x400EAD8: main (main.c:483)
==737864== 
==737864== 37 bytes in 1 blocks are still reachable in loss record 82 of 233
==737864==    at 0x497D858: malloc (vg_replace_malloc.c:447)
==737864==    by 0x405E673: emalloc_real (awk.h:2156)
==737864==    by 0x405E673: do_find_source (io.c:3070)
==737864==    by 0x4065061: find_source (io.c:3098)
==737864==    by 0x40189F8: add_srcfile (awkgram.y:2864)
==737864==    by 0x400D7E5: parse_args (main.c:1585)
==737864==    by 0x400D7E5: main (main.c:294)
==737864== 
==737864== 48 bytes in 1 blocks are still reachable in loss record 83 of 233
==737864==    at 0x497D858: malloc (vg_replace_malloc.c:447)
==737864==    by 0x4068FEB: emalloc_real (awk.h:2156)
==737864==    by 0x4068FEB: r_getblock (node.c:1164)
==737864==    by 0x40768D9: str_lookup (str_array.c:214)
==737864==    by 0x407708C: assoc_set (awk.h:2220)
==737864==    by 0x407708C: install (symbol.c:430)
==737864==    by 0x4077369: install_symbol (symbol.c:173)
==737864==    by 0x4077369: init_the_tables (symbol.c:77)
==737864==    by 0x400D60A: main (main.c:287)
==737864== 
==737864== 48 bytes in 1 blocks are still reachable in loss record 84 of 233
==737864==    at 0x497D858: malloc (vg_replace_malloc.c:447)
==737864==    by 0x4068FEB: emalloc_real (awk.h:2156)
==737864==    by 0x4068FEB: r_getblock (node.c:1164)
==737864==    by 0x40768D9: str_lookup (str_array.c:214)
==737864==    by 0x407708C: assoc_set (awk.h:2220)
==737864==    by 0x407708C: install (symbol.c:430)
==737864==    by 0x4077390: install_symbol (symbol.c:173)
==737864==    by 0x4077390: init_the_tables (symbol.c:78)
==737864==    by 0x400D60A: main (main.c:287)
==737864== 
==737864== 48 bytes in 1 blocks are still reachable in loss record 85 of 233
==737864==    at 0x497D858: malloc (vg_replace_malloc.c:447)
==737864==    by 0x4068FEB: emalloc_real (awk.h:2156)
==737864==    by 0x4068FEB: r_getblock (node.c:1164)
==737864==    by 0x40768D9: str_lookup (str_array.c:214)
==737864==    by 0x407708C: assoc_set (awk.h:2220)
==737864==    by 0x407708C: install (symbol.c:430)
==737864==    by 0x400E703: load_procinfo (main.c:1019)
==737864==    by 0x400E703: init_vars (main.c:878)
==737864==    by 0x400E703: main (main.c:403)
==737864== 
==737864== 48 bytes in 1 blocks are still reachable in loss record 86 of 233
==737864==    at 0x497D858: malloc (vg_replace_malloc.c:447)
==737864==    by 0x4068FEB: emalloc_real (awk.h:2156)
==737864==    by 0x4068FEB: r_getblock (node.c:1164)
==737864==    by 0x40768D9: str_lookup (str_array.c:214)
==737864==    by 0x4054B9E: assoc_set (awk.h:2220)
==737864==    by 0x4054B9E: update_PROCINFO_str.part.0 (field.c:1662)
==737864==    by 0x400E71D: load_procinfo (main.c:1021)
==737864==    by 0x400E71D: init_vars (main.c:878)
==737864==    by 0x400E71D: main (main.c:403)
==737864== 
==737864== 48 bytes in 1 blocks are still reachable in loss record 87 of 233
==737864==    at 0x497D858: malloc (vg_replace_malloc.c:447)
==737864==    by 0x4068FEB: emalloc_real (awk.h:2156)
==737864==    by 0x4068FEB: r_getblock (node.c:1164)
==737864==    by 0x40768D9: str_lookup (str_array.c:214)
==737864==    by 0x4054B9E: assoc_set (awk.h:2220)
==737864==    by 0x4054B9E: update_PROCINFO_str.part.0 (field.c:1662)
==737864==    by 0x400E730: load_procinfo (main.c:1022)
==737864==    by 0x400E730: init_vars (main.c:878)
==737864==    by 0x400E730: main (main.c:403)
==737864== 
==737864== 48 bytes in 1 blocks are still reachable in loss record 88 of 233
==737864==    at 0x497D858: malloc (vg_replace_malloc.c:447)
==737864==    by 0x4068FEB: emalloc_real (awk.h:2156)
==737864==    by 0x4068FEB: r_getblock (node.c:1164)
==737864==    by 0x40768D9: str_lookup (str_array.c:214)
==737864==    by 0x4054B9E: assoc_set (awk.h:2220)
==737864==    by 0x4054B9E: update_PROCINFO_str.part.0 (field.c:1662)
==737864==    by 0x400E743: load_procinfo (main.c:1023)
==737864==    by 0x400E743: init_vars (main.c:878)
==737864==    by 0x400E743: main (main.c:403)
==737864== 
==737864== 48 bytes in 1 blocks are still reachable in loss record 89 of 233
==737864==    at 0x497D858: malloc (vg_replace_malloc.c:447)
==737864==    by 0x4068FEB: emalloc_real (awk.h:2156)
==737864==    by 0x4068FEB: r_getblock (node.c:1164)
==737864==    by 0x40768D9: str_lookup (str_array.c:214)
==737864==    by 0x405802A: assoc_set (awk.h:2220)
==737864==    by 0x405802A: update_PROCINFO_num (field.c:1675)
==737864==    by 0x400E757: load_procinfo (main.c:1035)
==737864==    by 0x400E757: init_vars (main.c:878)
==737864==    by 0x400E757: main (main.c:403)
==737864== 
==737864== 48 bytes in 1 blocks are still reachable in loss record 90 of 233
==737864==    at 0x497D858: malloc (vg_replace_malloc.c:447)
==737864==    by 0x4068FEB: emalloc_real (awk.h:2156)
==737864==    by 0x4068FEB: r_getblock (node.c:1164)
==737864==    by 0x40768D9: str_lookup (str_array.c:214)
==737864==    by 0x405802A: assoc_set (awk.h:2220)
==737864==    by 0x405802A: update_PROCINFO_num (field.c:1675)
==737864==    by 0x400E76B: load_procinfo (main.c:1036)
==737864==    by 0x400E76B: init_vars (main.c:878)
==737864==    by 0x400E76B: main (main.c:403)
==737864== 
==737864== 48 bytes in 1 blocks are still reachable in loss record 91 of 233
==737864==    at 0x497D858: malloc (vg_replace_malloc.c:447)
==737864==    by 0x4068FEB: emalloc_real (awk.h:2156)
==737864==    by 0x4068FEB: r_getblock (node.c:1164)
==737864==    by 0x40768D9: str_lookup (str_array.c:214)
==737864==    by 0x405802A: assoc_set (awk.h:2220)
==737864==    by 0x405802A: update_PROCINFO_num (field.c:1675)
==737864==    by 0x400E784: load_procinfo (main.c:1046)
==737864==    by 0x400E784: init_vars (main.c:878)
==737864==    by 0x400E784: main (main.c:403)
==737864== 
==737864== 48 bytes in 1 blocks are still reachable in loss record 92 of 233
==737864==    at 0x497D858: malloc (vg_replace_malloc.c:447)
==737864==    by 0x4068FEB: emalloc_real (awk.h:2156)
==737864==    by 0x4068FEB: r_getblock (node.c:1164)
==737864==    by 0x40768D9: str_lookup (str_array.c:214)
==737864==    by 0x405802A: assoc_set (awk.h:2220)
==737864==    by 0x405802A: update_PROCINFO_num (field.c:1675)
==737864==    by 0x400E79D: load_procinfo (main.c:1055)
==737864==    by 0x400E79D: init_vars (main.c:878)
==737864==    by 0x400E79D: main (main.c:403)
==737864== 
==737864== 48 bytes in 1 blocks are still reachable in loss record 93 of 233
==737864==    at 0x497D858: malloc (vg_replace_malloc.c:447)
==737864==    by 0x4068FEB: emalloc_real (awk.h:2156)
==737864==    by 0x4068FEB: r_getblock (node.c:1164)
==737864==    by 0x40768D9: str_lookup (str_array.c:214)
==737864==    by 0x405802A: assoc_set (awk.h:2220)
==737864==    by 0x405802A: update_PROCINFO_num (field.c:1675)
==737864==    by 0x400E7B6: load_procinfo (main.c:1058)
==737864==    by 0x400E7B6: init_vars (main.c:878)
==737864==    by 0x400E7B6: main (main.c:403)
==737864== 
==737864== 48 bytes in 1 blocks are still reachable in loss record 94 of 233
==737864==    at 0x497D858: malloc (vg_replace_malloc.c:447)
==737864==    by 0x4068FEB: emalloc_real (awk.h:2156)
==737864==    by 0x4068FEB: r_getblock (node.c:1164)
==737864==    by 0x40768D9: str_lookup (str_array.c:214)
==737864==    by 0x405802A: assoc_set (awk.h:2220)
==737864==    by 0x405802A: update_PROCINFO_num (field.c:1675)
==737864==    by 0x400E7D2: load_procinfo (main.c:1061)
==737864==    by 0x400E7D2: init_vars (main.c:878)
==737864==    by 0x400E7D2: main (main.c:403)
==737864== 
==737864== 48 bytes in 1 blocks are still reachable in loss record 95 of 233
==737864==    at 0x497D858: malloc (vg_replace_malloc.c:447)
==737864==    by 0x4068FEB: emalloc_real (awk.h:2156)
==737864==    by 0x4068FEB: r_getblock (node.c:1164)
==737864==    by 0x40768D9: str_lookup (str_array.c:214)
==737864==    by 0x405802A: assoc_set (awk.h:2220)
==737864==    by 0x405802A: update_PROCINFO_num (field.c:1675)
==737864==    by 0x400E7EE: load_procinfo (main.c:1064)
==737864==    by 0x400E7EE: init_vars (main.c:878)
==737864==    by 0x400E7EE: main (main.c:403)
==737864== 
==737864== 48 bytes in 1 blocks are still reachable in loss record 96 of 233
==737864==    at 0x497D858: malloc (vg_replace_malloc.c:447)
==737864==    by 0x4068FEB: emalloc_real (awk.h:2156)
==737864==    by 0x4068FEB: r_getblock (node.c:1164)
==737864==    by 0x40768D9: str_lookup (str_array.c:214)
==737864==    by 0x405802A: assoc_set (awk.h:2220)
==737864==    by 0x405802A: update_PROCINFO_num (field.c:1675)
==737864==    by 0x400E80A: load_procinfo (main.c:1067)
==737864==    by 0x400E80A: init_vars (main.c:878)
==737864==    by 0x400E80A: main (main.c:403)
==737864== 
==737864== 48 bytes in 1 blocks are still reachable in loss record 97 of 233
==737864==    at 0x497D858: malloc (vg_replace_malloc.c:447)
==737864==    by 0x4068FEB: emalloc_real (awk.h:2156)
==737864==    by 0x4068FEB: r_getblock (node.c:1164)
==737864==    by 0x40768D9: str_lookup (str_array.c:214)
==737864==    by 0x405802A: assoc_set (awk.h:2220)
==737864==    by 0x405802A: update_PROCINFO_num (field.c:1675)
==737864==    by 0x400E826: load_procinfo (main.c:1070)
==737864==    by 0x400E826: init_vars (main.c:878)
==737864==    by 0x400E826: main (main.c:403)
==737864== 
==737864== 48 bytes in 1 blocks are still reachable in loss record 98 of 233
==737864==    at 0x497D858: malloc (vg_replace_malloc.c:447)
==737864==    by 0x4068FEB: emalloc_real (awk.h:2156)
==737864==    by 0x4068FEB: r_getblock (node.c:1164)
==737864==    by 0x40768D9: str_lookup (str_array.c:214)
==737864==    by 0x4054B9E: assoc_set (awk.h:2220)
==737864==    by 0x4054B9E: update_PROCINFO_str.part.0 (field.c:1662)
==737864==    by 0x400E83A: load_procinfo (main.c:1072)
==737864==    by 0x400E83A: init_vars (main.c:878)
==737864==    by 0x400E83A: main (main.c:403)
==737864== 
==737864== 48 bytes in 1 blocks are still reachable in loss record 99 of 233
==737864==    at 0x497D858: malloc (vg_replace_malloc.c:447)
==737864==    by 0x4068FEB: emalloc_real (awk.h:2156)
==737864==    by 0x4068FEB: r_getblock (node.c:1164)
==737864==    by 0x40768D9: str_lookup (str_array.c:214)
==737864==    by 0x4054B9E: assoc_set (awk.h:2220)
==737864==    by 0x4054B9E: update_PROCINFO_str.part.0 (field.c:1662)
==737864==    by 0x400E8D2: load_procinfo (main.c:1087)
==737864==    by 0x400E8D2: init_vars (main.c:878)
==737864==    by 0x400E8D2: main (main.c:403)
==737864== 
==737864== 48 bytes in 1 blocks are still reachable in loss record 100 of 233
==737864==    at 0x497D858: malloc (vg_replace_malloc.c:447)
==737864==    by 0x4068FEB: emalloc_real (awk.h:2156)
==737864==    by 0x4068FEB: r_getblock (node.c:1164)
==737864==    by 0x40768D9: str_lookup (str_array.c:214)
==737864==    by 0x40662E6: assoc_set (awk.h:2220)
==737864==    by 0x400EC2D: load_procinfo_argv (main.c:997)
==737864==    by 0x400EC2D: load_procinfo (main.c:1093)
==737864==    by 0x400EC2D: init_vars (main.c:878)
==737864==    by 0x400EC2D: main (main.c:403)
==737864== 
==737864== 48 bytes in 1 blocks are still reachable in loss record 101 of 233
==737864==    at 0x497D858: malloc (vg_replace_malloc.c:447)
==737864==    by 0x4068FEB: emalloc_real (awk.h:2156)
==737864==    by 0x4068FEB: r_getblock (node.c:1164)
==737864==    by 0x40768D9: str_lookup (str_array.c:214)
==737864==    by 0x407708C: assoc_set (awk.h:2220)
==737864==    by 0x407708C: install (symbol.c:430)
==737864==    by 0x400E038: load_environ (main.c:930)
==737864==    by 0x400E038: init_vars (main.c:879)
==737864==    by 0x400E038: main (main.c:403)
==737864== 
==737864== 48 bytes in 1 blocks are still reachable in loss record 102 of 233
==737864==    at 0x497D858: malloc (vg_replace_malloc.c:447)
==737864==    by 0x4068FEB: emalloc_real (awk.h:2156)
==737864==    by 0x4068FEB: r_getblock (node.c:1164)
==737864==    by 0x40768D9: str_lookup (str_array.c:214)
==737864==    by 0x407708C: assoc_set (awk.h:2220)
==737864==    by 0x407708C: install (symbol.c:430)
==737864==    by 0x400E414: init_args (main.c:764)
==737864==    by 0x400E414: main (main.c:470)
==737864== 
==737864== 48 bytes in 1 blocks are still reachable in loss record 103 of 233
==737864==    at 0x497D858: malloc (vg_replace_malloc.c:447)
==737864==    by 0x4068FEB: emalloc_real (awk.h:2156)
==737864==    by 0x4068FEB: r_getblock (node.c:1164)
==737864==    by 0x40768D9: str_lookup (str_array.c:214)
==737864==    by 0x407708C: assoc_set (awk.h:2220)
==737864==    by 0x407708C: install (symbol.c:430)
==737864==    by 0x400EA90: init_args (main.c:791)
==737864==    by 0x400EA90: main (main.c:470)
==737864== 
==737864== 48 bytes in 1 blocks are still reachable in loss record 104 of 233
==737864==    at 0x497D858: malloc (vg_replace_malloc.c:447)
==737864==    by 0x4068FEB: emalloc_real (awk.h:2156)
==737864==    by 0x4068FEB: r_getblock (node.c:1164)
==737864==    by 0x40768D9: str_lookup (str_array.c:214)
==737864==    by 0x407708C: assoc_set (awk.h:2220)
==737864==    by 0x407708C: install (symbol.c:430)
==737864==    by 0x4053117: make_builtin (ext.c:202)
==737864==    by 0x49956D7: dl_load (fnmatch.c:213)
==737864==    by 0x4052BC2: load_ext (ext.c:125)
==737864==    by 0x4018FDA: load_library (awkgram.y:3020)
==737864==    by 0x401CADF: yyparse (awkgram.y:379)
==737864==    by 0x402073A: parse_program (awkgram.y:2797)
==737864==    by 0x400EAD8: main (main.c:483)
==737864== 
==737864== 48 bytes in 1 blocks are still reachable in loss record 105 of 233
==737864==    at 0x497D858: malloc (vg_replace_malloc.c:447)
==737864==    by 0x4068FEB: emalloc_real (awk.h:2156)
==737864==    by 0x4068FEB: r_getblock (node.c:1164)
==737864==    by 0x40768D9: str_lookup (str_array.c:214)
==737864==    by 0x407708C: assoc_set (awk.h:2220)
==737864==    by 0x407708C: install (symbol.c:430)
==737864==    by 0x405B0DB: api_sym_update (gawkapi.c:874)
==737864==    by 0x4995412: init_fnmatch (fnmatch.c:178)
==737864==    by 0x4995734: dl_load (fnmatch.c:213)
==737864==    by 0x4052BC2: load_ext (ext.c:125)
==737864==    by 0x4018FDA: load_library (awkgram.y:3020)
==737864==    by 0x401CADF: yyparse (awkgram.y:379)
==737864==    by 0x402073A: parse_program (awkgram.y:2797)
==737864==    by 0x400EAD8: main (main.c:483)
==737864== 
==737864== 48 bytes in 1 blocks are still reachable in loss record 106 of 233
==737864==    at 0x497D858: malloc (vg_replace_malloc.c:447)
==737864==    by 0x4068FEB: emalloc_real (awk.h:2156)
==737864==    by 0x4068FEB: r_getblock (node.c:1164)
==737864==    by 0x40768D9: str_lookup (str_array.c:214)
==737864==    by 0x407708C: assoc_set (awk.h:2220)
==737864==    by 0x407708C: install (symbol.c:430)
==737864==    by 0x405B254: api_sym_update (gawkapi.c:867)
==737864==    by 0x49955A9: init_fnmatch (fnmatch.c:198)
==737864==    by 0x4995734: dl_load (fnmatch.c:213)
==737864==    by 0x4052BC2: load_ext (ext.c:125)
==737864==    by 0x4018FDA: load_library (awkgram.y:3020)
==737864==    by 0x401CADF: yyparse (awkgram.y:379)
==737864==    by 0x402073A: parse_program (awkgram.y:2797)
==737864==    by 0x400EAD8: main (main.c:483)
==737864== 
==737864== 48 bytes in 1 blocks are still reachable in loss record 107 of 233
==737864==    at 0x497D858: malloc (vg_replace_malloc.c:447)
==737864==    by 0x4068FEB: emalloc_real (awk.h:2156)
==737864==    by 0x4068FEB: r_getblock (node.c:1164)
==737864==    by 0x40768D9: str_lookup (str_array.c:214)
==737864==    by 0x407708C: assoc_set (awk.h:2220)
==737864==    by 0x407708C: install (symbol.c:430)
==737864==    by 0x401CA63: yyparse (awkgram.y:2148)
==737864==    by 0x402073A: parse_program (awkgram.y:2797)
==737864==    by 0x400EAD8: main (main.c:483)
==737864== 
==737864== 48 bytes in 1 blocks are still reachable in loss record 108 of 233
==737864==    at 0x497D858: malloc (vg_replace_malloc.c:447)
==737864==    by 0x4068FEB: emalloc_real (awk.h:2156)
==737864==    by 0x4068FEB: r_getblock (node.c:1164)
==737864==    by 0x40768D9: str_lookup (str_array.c:214)
==737864==    by 0x4077FEA: load_symbols (symbol.c:664)
==737864==    by 0x400ED85: main (main.c:499)
==737864== 
==737864== 49 bytes in 14 blocks are still reachable in loss record 109 of 233
==737864==    at 0x497D858: malloc (vg_replace_malloc.c:447)
==737864==    by 0x4069457: emalloc_real (awk.h:2156)
==737864==    by 0x4069457: make_str_node (node.c:422)
==737864==    by 0x400D984: init_vars (main.c:867)
==737864==    by 0x400D984: main (main.c:403)
==737864== 
==737864== 56 bytes in 6 blocks are still reachable in loss record 110 of 233
==737864==    at 0x497D858: malloc (vg_replace_malloc.c:447)
==737864==    by 0x49954B4: r_make_string_type (gawkapi.h:1009)
==737864==    by 0x49954B4: r_make_string (gawkapi.h:1030)
==737864==    by 0x49954B4: init_fnmatch (fnmatch.c:185)
==737864==    by 0x4995734: dl_load (fnmatch.c:213)
==737864==    by 0x4052BC2: load_ext (ext.c:125)
==737864==    by 0x4018FDA: load_library (awkgram.y:3020)
==737864==    by 0x401CADF: yyparse (awkgram.y:379)
==737864==    by 0x402073A: parse_program (awkgram.y:2797)
==737864==    by 0x400EAD8: main (main.c:483)
==737864== 
==737864== 60 bytes in 1 blocks are still reachable in loss record 111 of 233
==737864==    at 0x497D858: malloc (vg_replace_malloc.c:447)
==737864==    by 0x4014E9C: emalloc_real (awk.h:2156)
==737864==    by 0x4014E9C: tokexpand (awkgram.y:3294)
==737864==    by 0x4020FE6: parse_program (awkgram.y:2795)
==737864==    by 0x400EAD8: main (main.c:483)
==737864== 
==737864== 88 bytes in 1 blocks are still reachable in loss record 112 of 233
==737864==    at 0x497D858: malloc (vg_replace_malloc.c:447)
==737864==    by 0x4068FEB: emalloc_real (awk.h:2156)
==737864==    by 0x4068FEB: r_getblock (node.c:1164)
==737864==    by 0x40693C1: make_str_node (node.c:406)
==737864==    by 0x400D5C7: main (main.c:278)
==737864== 
==737864== 88 bytes in 1 blocks are still reachable in loss record 113 of 233
==737864==    at 0x497D858: malloc (vg_replace_malloc.c:447)
==737864==    by 0x4068FEB: emalloc_real (awk.h:2156)
==737864==    by 0x4068FEB: r_getblock (node.c:1164)
==737864==    by 0x40772C7: init_the_tables (symbol.c:68)
==737864==    by 0x400D60A: main (main.c:287)
==737864== 
==737864== 88 bytes in 1 blocks are still reachable in loss record 114 of 233
==737864==    at 0x497D858: malloc (vg_replace_malloc.c:447)
==737864==    by 0x4068FEB: emalloc_real (awk.h:2156)
==737864==    by 0x4068FEB: r_getblock (node.c:1164)
==737864==    by 0x4077308: init_the_tables (symbol.c:72)
==737864==    by 0x400D60A: main (main.c:287)
==737864== 
==737864== 88 bytes in 1 blocks are still reachable in loss record 115 of 233
==737864==    at 0x497D858: malloc (vg_replace_malloc.c:447)
==737864==    by 0x4068FEB: emalloc_real (awk.h:2156)
==737864==    by 0x4068FEB: r_getblock (node.c:1164)
==737864==    by 0x40693C1: make_str_node (node.c:406)
==737864==    by 0x4077055: install (symbol.c:399)
==737864==    by 0x4077369: install_symbol (symbol.c:173)
==737864==    by 0x4077369: init_the_tables (symbol.c:77)
==737864==    by 0x400D60A: main (main.c:287)
==737864== 
==737864== 88 bytes in 1 blocks are still reachable in loss record 116 of 233
==737864==    at 0x497D858: malloc (vg_replace_malloc.c:447)
==737864==    by 0x4068FEB: emalloc_real (awk.h:2156)
==737864==    by 0x4068FEB: r_getblock (node.c:1164)
==737864==    by 0x4077133: make_symbol (symbol.c:376)
==737864==    by 0x4077133: install (symbol.c:417)
==737864==    by 0x4077369: install_symbol (symbol.c:173)
==737864==    by 0x4077369: init_the_tables (symbol.c:77)
==737864==    by 0x400D60A: main (main.c:287)
==737864== 
==737864== 88 bytes in 1 blocks are still reachable in loss record 117 of 233
==737864==    at 0x497D858: malloc (vg_replace_malloc.c:447)
==737864==    by 0x4068FEB: emalloc_real (awk.h:2156)
==737864==    by 0x4068FEB: r_getblock (node.c:1164)
==737864==    by 0x40693C1: make_str_node (node.c:406)
==737864==    by 0x4077055: install (symbol.c:399)
==737864==    by 0x4077390: install_symbol (symbol.c:173)
==737864==    by 0x4077390: init_the_tables (symbol.c:78)
==737864==    by 0x400D60A: main (main.c:287)
==737864== 
==737864== 88 bytes in 1 blocks are still reachable in loss record 118 of 233
==737864==    at 0x497D858: malloc (vg_replace_malloc.c:447)
==737864==    by 0x4068FEB: emalloc_real (awk.h:2156)
==737864==    by 0x4068FEB: r_getblock (node.c:1164)
==737864==    by 0x4077133: make_symbol (symbol.c:376)
==737864==    by 0x4077133: install (symbol.c:417)
==737864==    by 0x4077390: install_symbol (symbol.c:173)
==737864==    by 0x4077390: init_the_tables (symbol.c:78)
==737864==    by 0x400D60A: main (main.c:287)
==737864== 
==737864== 88 bytes in 1 blocks are still reachable in loss record 119 of 233
==737864==    at 0x497D858: malloc (vg_replace_malloc.c:447)
==737864==    by 0x4068FEB: emalloc_real (awk.h:2156)
==737864==    by 0x4068FEB: r_getblock (node.c:1164)
==737864==    by 0x40693C1: make_str_node (node.c:406)
==737864==    by 0x4077055: install (symbol.c:399)
==737864==    by 0x400E703: load_procinfo (main.c:1019)
==737864==    by 0x400E703: init_vars (main.c:878)
==737864==    by 0x400E703: main (main.c:403)
==737864== 
==737864== 88 bytes in 1 blocks are still reachable in loss record 120 of 233
==737864==    at 0x497D858: malloc (vg_replace_malloc.c:447)
==737864==    by 0x4068FEB: emalloc_real (awk.h:2156)
==737864==    by 0x4068FEB: r_getblock (node.c:1164)
==737864==    by 0x4077133: make_symbol (symbol.c:376)
==737864==    by 0x4077133: install (symbol.c:417)
==737864==    by 0x400E703: load_procinfo (main.c:1019)
==737864==    by 0x400E703: init_vars (main.c:878)
==737864==    by 0x400E703: main (main.c:403)
==737864== 
==737864== 88 bytes in 1 blocks are still reachable in loss record 121 of 233
==737864==    at 0x497D858: malloc (vg_replace_malloc.c:447)
==737864==    by 0x4068FEB: emalloc_real (awk.h:2156)
==737864==    by 0x4068FEB: r_getblock (node.c:1164)
==737864==    by 0x40693C1: make_str_node (node.c:406)
==737864==    by 0x4054B6F: update_PROCINFO_str.part.0 (field.c:1661)
==737864==    by 0x400E71D: load_procinfo (main.c:1021)
==737864==    by 0x400E71D: init_vars (main.c:878)
==737864==    by 0x400E71D: main (main.c:403)
==737864== 
==737864== 88 bytes in 1 blocks are still reachable in loss record 122 of 233
==737864==    at 0x497D858: malloc (vg_replace_malloc.c:447)
==737864==    by 0x4068FEB: emalloc_real (awk.h:2156)
==737864==    by 0x4068FEB: r_getblock (node.c:1164)
==737864==    by 0x40693C1: make_str_node (node.c:406)
==737864==    by 0x4054B87: update_PROCINFO_str.part.0 (field.c:1662)
==737864==    by 0x400E71D: load_procinfo (main.c:1021)
==737864==    by 0x400E71D: init_vars (main.c:878)
==737864==    by 0x400E71D: main (main.c:403)
==737864== 
==737864== 88 bytes in 1 blocks are still reachable in loss record 123 of 233
==737864==    at 0x497D858: malloc (vg_replace_malloc.c:447)
==737864==    by 0x4068FEB: emalloc_real (awk.h:2156)
==737864==    by 0x4068FEB: r_getblock (node.c:1164)
==737864==    by 0x40693C1: make_str_node (node.c:406)
==737864==    by 0x4054B6F: update_PROCINFO_str.part.0 (field.c:1661)
==737864==    by 0x400E730: load_procinfo (main.c:1022)
==737864==    by 0x400E730: init_vars (main.c:878)
==737864==    by 0x400E730: main (main.c:403)
==737864== 
==737864== 88 bytes in 1 blocks are still reachable in loss record 124 of 233
==737864==    at 0x497D858: malloc (vg_replace_malloc.c:447)
==737864==    by 0x4068FEB: emalloc_real (awk.h:2156)
==737864==    by 0x4068FEB: r_getblock (node.c:1164)
==737864==    by 0x40693C1: make_str_node (node.c:406)
==737864==    by 0x4054B87: update_PROCINFO_str.part.0 (field.c:1662)
==737864==    by 0x400E730: load_procinfo (main.c:1022)
==737864==    by 0x400E730: init_vars (main.c:878)
==737864==    by 0x400E730: main (main.c:403)
==737864== 
==737864== 88 bytes in 1 blocks are still reachable in loss record 125 of 233
==737864==    at 0x497D858: malloc (vg_replace_malloc.c:447)
==737864==    by 0x4068FEB: emalloc_real (awk.h:2156)
==737864==    by 0x4068FEB: r_getblock (node.c:1164)
==737864==    by 0x40693C1: make_str_node (node.c:406)
==737864==    by 0x4054B6F: update_PROCINFO_str.part.0 (field.c:1661)
==737864==    by 0x400E743: load_procinfo (main.c:1023)
==737864==    by 0x400E743: init_vars (main.c:878)
==737864==    by 0x400E743: main (main.c:403)
==737864== 
==737864== 88 bytes in 1 blocks are still reachable in loss record 126 of 233
==737864==    at 0x497D858: malloc (vg_replace_malloc.c:447)
==737864==    by 0x4068FEB: emalloc_real (awk.h:2156)
==737864==    by 0x4068FEB: r_getblock (node.c:1164)
==737864==    by 0x40693C1: make_str_node (node.c:406)
==737864==    by 0x4054B87: update_PROCINFO_str.part.0 (field.c:1662)
==737864==    by 0x400E743: load_procinfo (main.c:1023)
==737864==    by 0x400E743: init_vars (main.c:878)
==737864==    by 0x400E743: main (main.c:403)
==737864== 
==737864== 88 bytes in 1 blocks are still reachable in loss record 127 of 233
==737864==    at 0x497D858: malloc (vg_replace_malloc.c:447)
==737864==    by 0x4068FEB: emalloc_real (awk.h:2156)
==737864==    by 0x4068FEB: r_getblock (node.c:1164)
==737864==    by 0x40693C1: make_str_node (node.c:406)
==737864==    by 0x4058004: update_PROCINFO_num (field.c:1674)
==737864==    by 0x400E757: load_procinfo (main.c:1035)
==737864==    by 0x400E757: init_vars (main.c:878)
==737864==    by 0x400E757: main (main.c:403)
==737864== 
==737864== 88 bytes in 1 blocks are still reachable in loss record 128 of 233
==737864==    at 0x497D858: malloc (vg_replace_malloc.c:447)
==737864==    by 0x4068FEB: emalloc_real (awk.h:2156)
==737864==    by 0x4068FEB: r_getblock (node.c:1164)
==737864==    by 0x4069930: make_number_node (awk.h:2206)
==737864==    by 0x4069930: r_make_number (node.c:369)
==737864==    by 0x4058013: update_PROCINFO_num (field.c:1675)
==737864==    by 0x400E757: load_procinfo (main.c:1035)
==737864==    by 0x400E757: init_vars (main.c:878)
==737864==    by 0x400E757: main (main.c:403)
==737864== 
==737864== 88 bytes in 1 blocks are still reachable in loss record 129 of 233
==737864==    at 0x497D858: malloc (vg_replace_malloc.c:447)
==737864==    by 0x4068FEB: emalloc_real (awk.h:2156)
==737864==    by 0x4068FEB: r_getblock (node.c:1164)
==737864==    by 0x40693C1: make_str_node (node.c:406)
==737864==    by 0x4058004: update_PROCINFO_num (field.c:1674)
==737864==    by 0x400E76B: load_procinfo (main.c:1036)
==737864==    by 0x400E76B: init_vars (main.c:878)
==737864==    by 0x400E76B: main (main.c:403)
==737864== 
==737864== 88 bytes in 1 blocks are still reachable in loss record 130 of 233
==737864==    at 0x497D858: malloc (vg_replace_malloc.c:447)
==737864==    by 0x4068FEB: emalloc_real (awk.h:2156)
==737864==    by 0x4068FEB: r_getblock (node.c:1164)
==737864==    by 0x4069930: make_number_node (awk.h:2206)
==737864==    by 0x4069930: r_make_number (node.c:369)
==737864==    by 0x4058013: update_PROCINFO_num (field.c:1675)
==737864==    by 0x400E76B: load_procinfo (main.c:1036)
==737864==    by 0x400E76B: init_vars (main.c:878)
==737864==    by 0x400E76B: main (main.c:403)
==737864== 
==737864== 88 bytes in 1 blocks are still reachable in loss record 131 of 233
==737864==    at 0x497D858: malloc (vg_replace_malloc.c:447)
==737864==    by 0x4068FEB: emalloc_real (awk.h:2156)
==737864==    by 0x4068FEB: r_getblock (node.c:1164)
==737864==    by 0x40693C1: make_str_node (node.c:406)
==737864==    by 0x4058004: update_PROCINFO_num (field.c:1674)
==737864==    by 0x400E784: load_procinfo (main.c:1046)
==737864==    by 0x400E784: init_vars (main.c:878)
==737864==    by 0x400E784: main (main.c:403)
==737864== 
==737864== 88 bytes in 1 blocks are still reachable in loss record 132 of 233
==737864==    at 0x497D858: malloc (vg_replace_malloc.c:447)
==737864==    by 0x4068FEB: emalloc_real (awk.h:2156)
==737864==    by 0x4068FEB: r_getblock (node.c:1164)
==737864==    by 0x4069930: make_number_node (awk.h:2206)
==737864==    by 0x4069930: r_make_number (node.c:369)
==737864==    by 0x4058013: update_PROCINFO_num (field.c:1675)
==737864==    by 0x400E784: load_procinfo (main.c:1046)
==737864==    by 0x400E784: init_vars (main.c:878)
==737864==    by 0x400E784: main (main.c:403)
==737864== 
==737864== 88 bytes in 1 blocks are still reachable in loss record 133 of 233
==737864==    at 0x497D858: malloc (vg_replace_malloc.c:447)
==737864==    by 0x4068FEB: emalloc_real (awk.h:2156)
==737864==    by 0x4068FEB: r_getblock (node.c:1164)
==737864==    by 0x40693C1: make_str_node (node.c:406)
==737864==    by 0x4058004: update_PROCINFO_num (field.c:1674)
==737864==    by 0x400E79D: load_procinfo (main.c:1055)
==737864==    by 0x400E79D: init_vars (main.c:878)
==737864==    by 0x400E79D: main (main.c:403)
==737864== 
==737864== 88 bytes in 1 blocks are still reachable in loss record 134 of 233
==737864==    at 0x497D858: malloc (vg_replace_malloc.c:447)
==737864==    by 0x4068FEB: emalloc_real (awk.h:2156)
==737864==    by 0x4068FEB: r_getblock (node.c:1164)
==737864==    by 0x4069930: make_number_node (awk.h:2206)
==737864==    by 0x4069930: r_make_number (node.c:369)
==737864==    by 0x4058013: update_PROCINFO_num (field.c:1675)
==737864==    by 0x400E79D: load_procinfo (main.c:1055)
==737864==    by 0x400E79D: init_vars (main.c:878)
==737864==    by 0x400E79D: main (main.c:403)
==737864== 
==737864== 88 bytes in 1 blocks are still reachable in loss record 135 of 233
==737864==    at 0x497D858: malloc (vg_replace_malloc.c:447)
==737864==    by 0x4068FEB: emalloc_real (awk.h:2156)
==737864==    by 0x4068FEB: r_getblock (node.c:1164)
==737864==    by 0x40693C1: make_str_node (node.c:406)
==737864==    by 0x4058004: update_PROCINFO_num (field.c:1674)
==737864==    by 0x400E7B6: load_procinfo (main.c:1058)
==737864==    by 0x400E7B6: init_vars (main.c:878)
==737864==    by 0x400E7B6: main (main.c:403)
==737864== 
==737864== 88 bytes in 1 blocks are still reachable in loss record 136 of 233
==737864==    at 0x497D858: malloc (vg_replace_malloc.c:447)
==737864==    by 0x4068FEB: emalloc_real (awk.h:2156)
==737864==    by 0x4068FEB: r_getblock (node.c:1164)
==737864==    by 0x4069930: make_number_node (awk.h:2206)
==737864==    by 0x4069930: r_make_number (node.c:369)
==737864==    by 0x4058013: update_PROCINFO_num (field.c:1675)
==737864==    by 0x400E7B6: load_procinfo (main.c:1058)
==737864==    by 0x400E7B6: init_vars (main.c:878)
==737864==    by 0x400E7B6: main (main.c:403)
==737864== 
==737864== 88 bytes in 1 blocks are still reachable in loss record 137 of 233
==737864==    at 0x497D858: malloc (vg_replace_malloc.c:447)
==737864==    by 0x4068FEB: emalloc_real (awk.h:2156)
==737864==    by 0x4068FEB: r_getblock (node.c:1164)
==737864==    by 0x40693C1: make_str_node (node.c:406)
==737864==    by 0x4058004: update_PROCINFO_num (field.c:1674)
==737864==    by 0x400E7D2: load_procinfo (main.c:1061)
==737864==    by 0x400E7D2: init_vars (main.c:878)
==737864==    by 0x400E7D2: main (main.c:403)
==737864== 
==737864== 88 bytes in 1 blocks are still reachable in loss record 138 of 233
==737864==    at 0x497D858: malloc (vg_replace_malloc.c:447)
==737864==    by 0x4068FEB: emalloc_real (awk.h:2156)
==737864==    by 0x4068FEB: r_getblock (node.c:1164)
==737864==    by 0x4069930: make_number_node (awk.h:2206)
==737864==    by 0x4069930: r_make_number (node.c:369)
==737864==    by 0x4058013: update_PROCINFO_num (field.c:1675)
==737864==    by 0x400E7D2: load_procinfo (main.c:1061)
==737864==    by 0x400E7D2: init_vars (main.c:878)
==737864==    by 0x400E7D2: main (main.c:403)
==737864== 
==737864== 88 bytes in 1 blocks are still reachable in loss record 139 of 233
==737864==    at 0x497D858: malloc (vg_replace_malloc.c:447)
==737864==    by 0x4068FEB: emalloc_real (awk.h:2156)
==737864==    by 0x4068FEB: r_getblock (node.c:1164)
==737864==    by 0x40693C1: make_str_node (node.c:406)
==737864==    by 0x4058004: update_PROCINFO_num (field.c:1674)
==737864==    by 0x400E7EE: load_procinfo (main.c:1064)
==737864==    by 0x400E7EE: init_vars (main.c:878)
==737864==    by 0x400E7EE: main (main.c:403)
==737864== 
==737864== 88 bytes in 1 blocks are still reachable in loss record 140 of 233
==737864==    at 0x497D858: malloc (vg_replace_malloc.c:447)
==737864==    by 0x4068FEB: emalloc_real (awk.h:2156)
==737864==    by 0x4068FEB: r_getblock (node.c:1164)
==737864==    by 0x4069930: make_number_node (awk.h:2206)
==737864==    by 0x4069930: r_make_number (node.c:369)
==737864==    by 0x4058013: update_PROCINFO_num (field.c:1675)
==737864==    by 0x400E7EE: load_procinfo (main.c:1064)
==737864==    by 0x400E7EE: init_vars (main.c:878)
==737864==    by 0x400E7EE: main (main.c:403)
==737864== 
==737864== 88 bytes in 1 blocks are still reachable in loss record 141 of 233
==737864==    at 0x497D858: malloc (vg_replace_malloc.c:447)
==737864==    by 0x4068FEB: emalloc_real (awk.h:2156)
==737864==    by 0x4068FEB: r_getblock (node.c:1164)
==737864==    by 0x40693C1: make_str_node (node.c:406)
==737864==    by 0x4058004: update_PROCINFO_num (field.c:1674)
==737864==    by 0x400E80A: load_procinfo (main.c:1067)
==737864==    by 0x400E80A: init_vars (main.c:878)
==737864==    by 0x400E80A: main (main.c:403)
==737864== 
==737864== 88 bytes in 1 blocks are still reachable in loss record 142 of 233
==737864==    at 0x497D858: malloc (vg_replace_malloc.c:447)
==737864==    by 0x4068FEB: emalloc_real (awk.h:2156)
==737864==    by 0x4068FEB: r_getblock (node.c:1164)
==737864==    by 0x4069930: make_number_node (awk.h:2206)
==737864==    by 0x4069930: r_make_number (node.c:369)
==737864==    by 0x4058013: update_PROCINFO_num (field.c:1675)
==737864==    by 0x400E80A: load_procinfo (main.c:1067)
==737864==    by 0x400E80A: init_vars (main.c:878)
==737864==    by 0x400E80A: main (main.c:403)
==737864== 
==737864== 88 bytes in 1 blocks are still reachable in loss record 143 of 233
==737864==    at 0x497D858: malloc (vg_replace_malloc.c:447)
==737864==    by 0x4068FEB: emalloc_real (awk.h:2156)
==737864==    by 0x4068FEB: r_getblock (node.c:1164)
==737864==    by 0x40693C1: make_str_node (node.c:406)
==737864==    by 0x4058004: update_PROCINFO_num (field.c:1674)
==737864==    by 0x400E826: load_procinfo (main.c:1070)
==737864==    by 0x400E826: init_vars (main.c:878)
==737864==    by 0x400E826: main (main.c:403)
==737864== 
==737864== 88 bytes in 1 blocks are still reachable in loss record 144 of 233
==737864==    at 0x497D858: malloc (vg_replace_malloc.c:447)
==737864==    by 0x4068FEB: emalloc_real (awk.h:2156)
==737864==    by 0x4068FEB: r_getblock (node.c:1164)
==737864==    by 0x4069930: make_number_node (awk.h:2206)
==737864==    by 0x4069930: r_make_number (node.c:369)
==737864==    by 0x4058013: update_PROCINFO_num (field.c:1675)
==737864==    by 0x400E826: load_procinfo (main.c:1070)
==737864==    by 0x400E826: init_vars (main.c:878)
==737864==    by 0x400E826: main (main.c:403)
==737864== 
==737864== 88 bytes in 1 blocks are still reachable in loss record 145 of 233
==737864==    at 0x497D858: malloc (vg_replace_malloc.c:447)
==737864==    by 0x4068FEB: emalloc_real (awk.h:2156)
==737864==    by 0x4068FEB: r_getblock (node.c:1164)
==737864==    by 0x40693C1: make_str_node (node.c:406)
==737864==    by 0x4054B6F: update_PROCINFO_str.part.0 (field.c:1661)
==737864==    by 0x400E83A: load_procinfo (main.c:1072)
==737864==    by 0x400E83A: init_vars (main.c:878)
==737864==    by 0x400E83A: main (main.c:403)
==737864== 
==737864== 88 bytes in 1 blocks are still reachable in loss record 146 of 233
==737864==    at 0x497D858: malloc (vg_replace_malloc.c:447)
==737864==    by 0x4068FEB: emalloc_real (awk.h:2156)
==737864==    by 0x4068FEB: r_getblock (node.c:1164)
==737864==    by 0x40693C1: make_str_node (node.c:406)
==737864==    by 0x4054B87: update_PROCINFO_str.part.0 (field.c:1662)
==737864==    by 0x400E83A: load_procinfo (main.c:1072)
==737864==    by 0x400E83A: init_vars (main.c:878)
==737864==    by 0x400E83A: main (main.c:403)
==737864== 
==737864== 88 bytes in 1 blocks are still reachable in loss record 147 of 233
==737864==    at 0x497D858: malloc (vg_replace_malloc.c:447)
==737864==    by 0x4068FEB: emalloc_real (awk.h:2156)
==737864==    by 0x4068FEB: r_getblock (node.c:1164)
==737864==    by 0x40693C1: make_str_node (node.c:406)
==737864==    by 0x4054B6F: update_PROCINFO_str.part.0 (field.c:1661)
==737864==    by 0x400E8D2: load_procinfo (main.c:1087)
==737864==    by 0x400E8D2: init_vars (main.c:878)
==737864==    by 0x400E8D2: main (main.c:403)
==737864== 
==737864== 88 bytes in 1 blocks are still reachable in loss record 148 of 233
==737864==    at 0x497D858: malloc (vg_replace_malloc.c:447)
==737864==    by 0x4068FEB: emalloc_real (awk.h:2156)
==737864==    by 0x4068FEB: r_getblock (node.c:1164)
==737864==    by 0x40693C1: make_str_node (node.c:406)
==737864==    by 0x4054B87: update_PROCINFO_str.part.0 (field.c:1662)
==737864==    by 0x400E8D2: load_procinfo (main.c:1087)
==737864==    by 0x400E8D2: init_vars (main.c:878)
==737864==    by 0x400E8D2: main (main.c:403)
==737864== 
==737864== 88 bytes in 1 blocks are still reachable in loss record 149 of 233
==737864==    at 0x497D858: malloc (vg_replace_malloc.c:447)
==737864==    by 0x4068FEB: emalloc_real (awk.h:2156)
==737864==    by 0x4068FEB: r_getblock (node.c:1164)
==737864==    by 0x400E8E9: load_procinfo_argv (main.c:984)
==737864==    by 0x400E8E9: load_procinfo (main.c:1093)
==737864==    by 0x400E8E9: init_vars (main.c:878)
==737864==    by 0x400E8E9: main (main.c:403)
==737864== 
==737864== 88 bytes in 1 blocks are still reachable in loss record 150 of 233
==737864==    at 0x497D858: malloc (vg_replace_malloc.c:447)
==737864==    by 0x4068FEB: emalloc_real (awk.h:2156)
==737864==    by 0x4068FEB: r_getblock (node.c:1164)
==737864==    by 0x40348D2: make_node (cint_array.c:731)
==737864==    by 0x40348D2: cint_lookup (cint_array.c:256)
==737864==    by 0x400E9D6: assoc_set (awk.h:2220)
==737864==    by 0x400E9D6: load_procinfo_argv (main.c:992)
==737864==    by 0x400E9D6: load_procinfo (main.c:1093)
==737864==    by 0x400E9D6: init_vars (main.c:878)
==737864==    by 0x400E9D6: main (main.c:403)
==737864== 
==737864== 88 bytes in 1 blocks are still reachable in loss record 151 of 233
==737864==    at 0x497D858: malloc (vg_replace_malloc.c:447)
==737864==    by 0x4068FEB: emalloc_real (awk.h:2156)
==737864==    by 0x4068FEB: r_getblock (node.c:1164)
==737864==    by 0x40344E7: make_node (cint_array.c:731)
==737864==    by 0x40344E7: tree_lookup (cint_array.c:796)
==737864==    by 0x400E9D6: assoc_set (awk.h:2220)
==737864==    by 0x400E9D6: load_procinfo_argv (main.c:992)
==737864==    by 0x400E9D6: load_procinfo (main.c:1093)
==737864==    by 0x400E9D6: init_vars (main.c:878)
==737864==    by 0x400E9D6: main (main.c:403)
==737864== 
==737864== 88 bytes in 1 blocks are still reachable in loss record 152 of 233
==737864==    at 0x497D858: malloc (vg_replace_malloc.c:447)
==737864==    by 0x4068FEB: emalloc_real (awk.h:2156)
==737864==    by 0x4068FEB: r_getblock (node.c:1164)
==737864==    by 0x40693C1: make_str_node (node.c:406)
==737864==    by 0x400EC1B: load_procinfo_argv (main.c:996)
==737864==    by 0x400EC1B: load_procinfo (main.c:1093)
==737864==    by 0x400EC1B: init_vars (main.c:878)
==737864==    by 0x400EC1B: main (main.c:403)
==737864== 
==737864== 88 bytes in 1 blocks are still reachable in loss record 153 of 233
==737864==    at 0x497D858: malloc (vg_replace_malloc.c:447)
==737864==    by 0x4068FEB: emalloc_real (awk.h:2156)
==737864==    by 0x4068FEB: r_getblock (node.c:1164)
==737864==    by 0x40693C1: make_str_node (node.c:406)
==737864==    by 0x4077055: install (symbol.c:399)
==737864==    by 0x400E038: load_environ (main.c:930)
==737864==    by 0x400E038: init_vars (main.c:879)
==737864==    by 0x400E038: main (main.c:403)
==737864== 
==737864== 88 bytes in 1 blocks are still reachable in loss record 154 of 233
==737864==    at 0x497D858: malloc (vg_replace_malloc.c:447)
==737864==    by 0x4068FEB: emalloc_real (awk.h:2156)
==737864==    by 0x4068FEB: r_getblock (node.c:1164)
==737864==    by 0x4077133: make_symbol (symbol.c:376)
==737864==    by 0x4077133: install (symbol.c:417)
==737864==    by 0x400E038: load_environ (main.c:930)
==737864==    by 0x400E038: init_vars (main.c:879)
==737864==    by 0x400E038: main (main.c:403)
==737864== 
==737864== 88 bytes in 1 blocks are still reachable in loss record 155 of 233
==737864==    at 0x497D858: malloc (vg_replace_malloc.c:447)
==737864==    by 0x4068FEB: emalloc_real (awk.h:2156)
==737864==    by 0x4068FEB: r_getblock (node.c:1164)
==737864==    by 0x40693C1: make_str_node (node.c:406)
==737864==    by 0x4055395: init_fields (field.c:105)
==737864==    by 0x400E1A4: main (main.c:410)
==737864== 
==737864== 88 bytes in 1 blocks are still reachable in loss record 156 of 233
==737864==    at 0x497D858: malloc (vg_replace_malloc.c:447)
==737864==    by 0x4068FEB: emalloc_real (awk.h:2156)
==737864==    by 0x4068FEB: r_getblock (node.c:1164)
==737864==    by 0x40693C1: make_str_node (node.c:406)
==737864==    by 0x40553E0: init_fields (field.c:111)
==737864==    by 0x400E1A4: main (main.c:410)
==737864== 
==737864== 88 bytes in 1 blocks are still reachable in loss record 157 of 233
==737864==    at 0x497D858: malloc (vg_replace_malloc.c:447)
==737864==    by 0x4068FEB: emalloc_real (awk.h:2156)
==737864==    by 0x4068FEB: r_getblock (node.c:1164)
==737864==    by 0x4048A91: init_interpret (eval.c:1902)
==737864==    by 0x400E3D5: main (main.c:468)
==737864== 
==737864== 88 bytes in 1 blocks are still reachable in loss record 158 of 233
==737864==    at 0x497D858: malloc (vg_replace_malloc.c:447)
==737864==    by 0x4068FEB: emalloc_real (awk.h:2156)
==737864==    by 0x4068FEB: r_getblock (node.c:1164)
==737864==    by 0x4069930: make_number_node (awk.h:2206)
==737864==    by 0x4069930: r_make_number (node.c:369)
==737864==    by 0x4048AE5: init_interpret (eval.c:1910)
==737864==    by 0x400E3D5: main (main.c:468)
==737864== 
==737864== 88 bytes in 1 blocks are still reachable in loss record 159 of 233
==737864==    at 0x497D858: malloc (vg_replace_malloc.c:447)
==737864==    by 0x4068FEB: emalloc_real (awk.h:2156)
==737864==    by 0x4068FEB: r_getblock (node.c:1164)
==737864==    by 0x4069930: make_number_node (awk.h:2206)
==737864==    by 0x4069930: r_make_number (node.c:369)
==737864==    by 0x4048AFA: init_interpret (eval.c:1911)
==737864==    by 0x400E3D5: main (main.c:468)
==737864== 
==737864== 88 bytes in 1 blocks are still reachable in loss record 160 of 233
==737864==    at 0x497D858: malloc (vg_replace_malloc.c:447)
==737864==    by 0x4068FEB: emalloc_real (awk.h:2156)
==737864==    by 0x4068FEB: r_getblock (node.c:1164)
==737864==    by 0x40693C1: make_str_node (node.c:406)
==737864==    by 0x4077055: install (symbol.c:399)
==737864==    by 0x400E414: init_args (main.c:764)
==737864==    by 0x400E414: main (main.c:470)
==737864== 
==737864== 88 bytes in 1 blocks are still reachable in loss record 161 of 233
==737864==    at 0x497D858: malloc (vg_replace_malloc.c:447)
==737864==    by 0x4068FEB: emalloc_real (awk.h:2156)
==737864==    by 0x4068FEB: r_getblock (node.c:1164)
==737864==    by 0x4077133: make_symbol (symbol.c:376)
==737864==    by 0x4077133: install (symbol.c:417)
==737864==    by 0x400E414: init_args (main.c:764)
==737864==    by 0x400E414: main (main.c:470)
==737864== 
==737864== 88 bytes in 1 blocks are still reachable in loss record 162 of 233
==737864==    at 0x497D858: malloc (vg_replace_malloc.c:447)
==737864==    by 0x4068FEB: emalloc_real (awk.h:2156)
==737864==    by 0x4068FEB: r_getblock (node.c:1164)
==737864==    by 0x40693C1: make_str_node (node.c:406)
==737864==    by 0x400E43D: init_args (main.c:766)
==737864==    by 0x400E43D: main (main.c:470)
==737864== 
==737864== 88 bytes in 1 blocks are still reachable in loss record 163 of 233
==737864==    at 0x497D858: malloc (vg_replace_malloc.c:447)
==737864==    by 0x4068FEB: emalloc_real (awk.h:2156)
==737864==    by 0x4068FEB: r_getblock (node.c:1164)
==737864==    by 0x40348D2: make_node (cint_array.c:731)
==737864==    by 0x40348D2: cint_lookup (cint_array.c:256)
==737864==    by 0x40662E6: assoc_set (awk.h:2220)
==737864==    by 0x400E453: init_args (main.c:768)
==737864==    by 0x400E453: main (main.c:470)
==737864== 
==737864== 88 bytes in 1 blocks are still reachable in loss record 164 of 233
==737864==    at 0x497D858: malloc (vg_replace_malloc.c:447)
==737864==    by 0x4068FEB: emalloc_real (awk.h:2156)
==737864==    by 0x4068FEB: r_getblock (node.c:1164)
==737864==    by 0x40344E7: make_node (cint_array.c:731)
==737864==    by 0x40344E7: tree_lookup (cint_array.c:796)
==737864==    by 0x40662E6: assoc_set (awk.h:2220)
==737864==    by 0x400E453: init_args (main.c:768)
==737864==    by 0x400E453: main (main.c:470)
==737864== 
==737864== 88 bytes in 1 blocks are still reachable in loss record 165 of 233
==737864==    at 0x497D858: malloc (vg_replace_malloc.c:447)
==737864==    by 0x4068FEB: emalloc_real (awk.h:2156)
==737864==    by 0x4068FEB: r_getblock (node.c:1164)
==737864==    by 0x40693C1: make_str_node (node.c:406)
==737864==    by 0x4077055: install (symbol.c:399)
==737864==    by 0x400EA90: init_args (main.c:791)
==737864==    by 0x400EA90: main (main.c:470)
==737864== 
==737864== 88 bytes in 1 blocks are still reachable in loss record 166 of 233
==737864==    at 0x497D858: malloc (vg_replace_malloc.c:447)
==737864==    by 0x4068FEB: emalloc_real (awk.h:2156)
==737864==    by 0x4068FEB: r_getblock (node.c:1164)
==737864==    by 0x4077133: make_symbol (symbol.c:376)
==737864==    by 0x4077133: install (symbol.c:417)
==737864==    by 0x400EA90: init_args (main.c:791)
==737864==    by 0x400EA90: main (main.c:470)
==737864== 
==737864== 88 bytes in 1 blocks are still reachable in loss record 167 of 233
==737864==    at 0x497D858: malloc (vg_replace_malloc.c:447)
==737864==    by 0x4068FEB: emalloc_real (awk.h:2156)
==737864==    by 0x4068FEB: r_getblock (node.c:1164)
==737864==    by 0x4069930: make_number_node (awk.h:2206)
==737864==    by 0x4069930: r_make_number (node.c:369)
==737864==    by 0x400EAA8: init_args (main.c:792)
==737864==    by 0x400EAA8: main (main.c:470)
==737864== 
==737864== 88 bytes in 1 blocks are still reachable in loss record 168 of 233
==737864==    at 0x497D858: malloc (vg_replace_malloc.c:447)
==737864==    by 0x4068FEB: emalloc_real (awk.h:2156)
==737864==    by 0x4068FEB: r_getblock (node.c:1164)
==737864==    by 0x40693C1: make_str_node (node.c:406)
==737864==    by 0x4077055: install (symbol.c:399)
==737864==    by 0x4053117: make_builtin (ext.c:202)
==737864==    by 0x49956D7: dl_load (fnmatch.c:213)
==737864==    by 0x4052BC2: load_ext (ext.c:125)
==737864==    by 0x4018FDA: load_library (awkgram.y:3020)
==737864==    by 0x401CADF: yyparse (awkgram.y:379)
==737864==    by 0x402073A: parse_program (awkgram.y:2797)
==737864==    by 0x400EAD8: main (main.c:483)
==737864== 
==737864== 88 bytes in 1 blocks are still reachable in loss record 169 of 233
==737864==    at 0x497D858: malloc (vg_replace_malloc.c:447)
==737864==    by 0x4068FEB: emalloc_real (awk.h:2156)
==737864==    by 0x4068FEB: r_getblock (node.c:1164)
==737864==    by 0x407721E: make_symbol (symbol.c:376)
==737864==    by 0x407721E: install (symbol.c:417)
==737864==    by 0x4053117: make_builtin (ext.c:202)
==737864==    by 0x49956D7: dl_load (fnmatch.c:213)
==737864==    by 0x4052BC2: load_ext (ext.c:125)
==737864==    by 0x4018FDA: load_library (awkgram.y:3020)
==737864==    by 0x401CADF: yyparse (awkgram.y:379)
==737864==    by 0x402073A: parse_program (awkgram.y:2797)
==737864==    by 0x400EAD8: main (main.c:483)
==737864== 
==737864== 88 bytes in 1 blocks are still reachable in loss record 170 of 233
==737864==    at 0x497D858: malloc (vg_replace_malloc.c:447)
==737864==    by 0x4068FEB: emalloc_real (awk.h:2156)
==737864==    by 0x4068FEB: r_getblock (node.c:1164)
==737864==    by 0x40693C1: make_str_node (node.c:406)
==737864==    by 0x4077055: install (symbol.c:399)
==737864==    by 0x405B0DB: api_sym_update (gawkapi.c:874)
==737864==    by 0x4995412: init_fnmatch (fnmatch.c:178)
==737864==    by 0x4995734: dl_load (fnmatch.c:213)
==737864==    by 0x4052BC2: load_ext (ext.c:125)
==737864==    by 0x4018FDA: load_library (awkgram.y:3020)
==737864==    by 0x401CADF: yyparse (awkgram.y:379)
==737864==    by 0x402073A: parse_program (awkgram.y:2797)
==737864==    by 0x400EAD8: main (main.c:483)
==737864== 
==737864== 88 bytes in 1 blocks are still reachable in loss record 171 of 233
==737864==    at 0x497D858: malloc (vg_replace_malloc.c:447)
==737864==    by 0x4068FEB: emalloc_real (awk.h:2156)
==737864==    by 0x4068FEB: r_getblock (node.c:1164)
==737864==    by 0x4077133: make_symbol (symbol.c:376)
==737864==    by 0x4077133: install (symbol.c:417)
==737864==    by 0x405B0DB: api_sym_update (gawkapi.c:874)
==737864==    by 0x4995412: init_fnmatch (fnmatch.c:178)
==737864==    by 0x4995734: dl_load (fnmatch.c:213)
==737864==    by 0x4052BC2: load_ext (ext.c:125)
==737864==    by 0x4018FDA: load_library (awkgram.y:3020)
==737864==    by 0x401CADF: yyparse (awkgram.y:379)
==737864==    by 0x402073A: parse_program (awkgram.y:2797)
==737864==    by 0x400EAD8: main (main.c:483)
==737864== 
==737864== 88 bytes in 1 blocks are still reachable in loss record 172 of 233
==737864==    at 0x497D858: malloc (vg_replace_malloc.c:447)
==737864==    by 0x4068FEB: emalloc_real (awk.h:2156)
==737864==    by 0x4068FEB: r_getblock (node.c:1164)
==737864==    by 0x4069930: make_number_node (awk.h:2206)
==737864==    by 0x4069930: r_make_number (node.c:369)
==737864==    by 0x405B0E8: api_sym_update (gawkapi.c:875)
==737864==    by 0x4995412: init_fnmatch (fnmatch.c:178)
==737864==    by 0x4995734: dl_load (fnmatch.c:213)
==737864==    by 0x4052BC2: load_ext (ext.c:125)
==737864==    by 0x4018FDA: load_library (awkgram.y:3020)
==737864==    by 0x401CADF: yyparse (awkgram.y:379)
==737864==    by 0x402073A: parse_program (awkgram.y:2797)
==737864==    by 0x400EAD8: main (main.c:483)
==737864== 
==737864== 88 bytes in 1 blocks are still reachable in loss record 173 of 233
==737864==    at 0x497D858: malloc (vg_replace_malloc.c:447)
==737864==    by 0x4068FEB: emalloc_real (awk.h:2156)
==737864==    by 0x4068FEB: r_getblock (node.c:1164)
==737864==    by 0x40693C1: make_str_node (node.c:406)
==737864==    by 0x4077055: install (symbol.c:399)
==737864==    by 0x405B254: api_sym_update (gawkapi.c:867)
==737864==    by 0x49955A9: init_fnmatch (fnmatch.c:198)
==737864==    by 0x4995734: dl_load (fnmatch.c:213)
==737864==    by 0x4052BC2: load_ext (ext.c:125)
==737864==    by 0x4018FDA: load_library (awkgram.y:3020)
==737864==    by 0x401CADF: yyparse (awkgram.y:379)
==737864==    by 0x402073A: parse_program (awkgram.y:2797)
==737864==    by 0x400EAD8: main (main.c:483)
==737864== 
==737864== 88 bytes in 1 blocks are still reachable in loss record 174 of 233
==737864==    at 0x497D858: malloc (vg_replace_malloc.c:447)
==737864==    by 0x4068FEB: emalloc_real (awk.h:2156)
==737864==    by 0x4068FEB: r_getblock (node.c:1164)
==737864==    by 0x4077133: make_symbol (symbol.c:376)
==737864==    by 0x4077133: install (symbol.c:417)
==737864==    by 0x405B254: api_sym_update (gawkapi.c:867)
==737864==    by 0x49955A9: init_fnmatch (fnmatch.c:198)
==737864==    by 0x4995734: dl_load (fnmatch.c:213)
==737864==    by 0x4052BC2: load_ext (ext.c:125)
==737864==    by 0x4018FDA: load_library (awkgram.y:3020)
==737864==    by 0x401CADF: yyparse (awkgram.y:379)
==737864==    by 0x402073A: parse_program (awkgram.y:2797)
==737864==    by 0x400EAD8: main (main.c:483)
==737864== 
==737864== 88 bytes in 1 blocks are still reachable in loss record 175 of 233
==737864==    at 0x497D858: malloc (vg_replace_malloc.c:447)
==737864==    by 0x4068FEB: emalloc_real (awk.h:2156)
==737864==    by 0x4068FEB: r_getblock (node.c:1164)
==737864==    by 0x40693C1: make_str_node (node.c:406)
==737864==    by 0x4077055: install (symbol.c:399)
==737864==    by 0x401CA63: yyparse (awkgram.y:2148)
==737864==    by 0x402073A: parse_program (awkgram.y:2797)
==737864==    by 0x400EAD8: main (main.c:483)
==737864== 
==737864== 88 bytes in 1 blocks are still reachable in loss record 176 of 233
==737864==    at 0x497D858: malloc (vg_replace_malloc.c:447)
==737864==    by 0x4068FEB: emalloc_real (awk.h:2156)
==737864==    by 0x4068FEB: r_getblock (node.c:1164)
==737864==    by 0x4077133: make_symbol (symbol.c:376)
==737864==    by 0x4077133: install (symbol.c:417)
==737864==    by 0x401CA63: yyparse (awkgram.y:2148)
==737864==    by 0x402073A: parse_program (awkgram.y:2797)
==737864==    by 0x400EAD8: main (main.c:483)
==737864== 
==737864== 88 bytes in 1 blocks are still reachable in loss record 177 of 233
==737864==    at 0x497D858: malloc (vg_replace_malloc.c:447)
==737864==    by 0x4068FEB: emalloc_real (awk.h:2156)
==737864==    by 0x4068FEB: r_getblock (node.c:1164)
==737864==    by 0x40693C1: make_str_node (node.c:406)
==737864==    by 0x4077FD7: load_symbols (symbol.c:663)
==737864==    by 0x400ED85: main (main.c:499)
==737864== 
==737864== 88 bytes in 1 blocks are still reachable in loss record 178 of 233
==737864==    at 0x497D858: malloc (vg_replace_malloc.c:447)
==737864==    by 0x4068FEB: emalloc_real (awk.h:2156)
==737864==    by 0x4068FEB: r_getblock (node.c:1164)
==737864==    by 0x4077FF4: load_symbols (symbol.c:666)
==737864==    by 0x400ED85: main (main.c:499)
==737864== 
==737864== 88 bytes in 1 blocks are still reachable in loss record 179 of 233
==737864==    at 0x497D858: malloc (vg_replace_malloc.c:447)
==737864==    by 0x4068FEB: emalloc_real (awk.h:2156)
==737864==    by 0x4068FEB: r_getblock (node.c:1164)
==737864==    by 0x40693C1: make_str_node (node.c:406)
==737864==    by 0x40780C2: load_symbols (symbol.c:678)
==737864==    by 0x400ED85: main (main.c:499)
==737864== 
==737864== 88 bytes in 1 blocks are still reachable in loss record 180 of 233
==737864==    at 0x497D858: malloc (vg_replace_malloc.c:447)
==737864==    by 0x4068FEB: emalloc_real (awk.h:2156)
==737864==    by 0x4068FEB: r_getblock (node.c:1164)
==737864==    by 0x40693C1: make_str_node (node.c:406)
==737864==    by 0x40780DA: load_symbols (symbol.c:679)
==737864==    by 0x400ED85: main (main.c:499)
==737864== 
==737864== 88 bytes in 1 blocks are still reachable in loss record 181 of 233
==737864==    at 0x497D858: malloc (vg_replace_malloc.c:447)
==737864==    by 0x4068FEB: emalloc_real (awk.h:2156)
==737864==    by 0x4068FEB: r_getblock (node.c:1164)
==737864==    by 0x40693C1: make_str_node (node.c:406)
==737864==    by 0x40780F2: load_symbols (symbol.c:680)
==737864==    by 0x400ED85: main (main.c:499)
==737864== 
==737864== 88 bytes in 1 blocks are still reachable in loss record 182 of 233
==737864==    at 0x497D858: malloc (vg_replace_malloc.c:447)
==737864==    by 0x4068FEB: emalloc_real (awk.h:2156)
==737864==    by 0x4068FEB: r_getblock (node.c:1164)
==737864==    by 0x40693C1: make_str_node (node.c:406)
==737864==    by 0x407810A: load_symbols (symbol.c:681)
==737864==    by 0x400ED85: main (main.c:499)
==737864== 
==737864== 88 bytes in 1 blocks are still reachable in loss record 183 of 233
==737864==    at 0x497D858: malloc (vg_replace_malloc.c:447)
==737864==    by 0x4068FEB: emalloc_real (awk.h:2156)
==737864==    by 0x4068FEB: r_getblock (node.c:1164)
==737864==    by 0x40693C1: make_str_node (node.c:406)
==737864==    by 0x4078122: load_symbols (symbol.c:682)
==737864==    by 0x400ED85: main (main.c:499)
==737864== 
==737864== 88 bytes in 1 blocks are still reachable in loss record 184 of 233
==737864==    at 0x497D858: malloc (vg_replace_malloc.c:447)
==737864==    by 0x4068FEB: emalloc_real (awk.h:2156)
==737864==    by 0x4068FEB: r_getblock (node.c:1164)
==737864==    by 0x40693C1: make_str_node (node.c:406)
==737864==    by 0x4052611: r_interpret (interpret.h:1052)
==737864==    by 0x400EDDE: main (main.c:532)
==737864== 
==737864== 104 bytes in 1 blocks are still reachable in loss record 185 of 233
==737864==    at 0x4984E43: calloc (vg_replace_malloc.c:1678)
==737864==    by 0x4075D54: ezalloc_real (awk.h:2174)
==737864==    by 0x4075D54: grow_table (str_array.c:682)
==737864==    by 0x407693C: str_lookup (str_array.c:150)
==737864==    by 0x407708C: assoc_set (awk.h:2220)
==737864==    by 0x407708C: install (symbol.c:430)
==737864==    by 0x4077369: install_symbol (symbol.c:173)
==737864==    by 0x4077369: init_the_tables (symbol.c:77)
==737864==    by 0x400D60A: main (main.c:287)
==737864== 
==737864== 104 bytes in 1 blocks are still reachable in loss record 186 of 233
==737864==    at 0x4984E43: calloc (vg_replace_malloc.c:1678)
==737864==    by 0x4075D54: ezalloc_real (awk.h:2174)
==737864==    by 0x4075D54: grow_table (str_array.c:682)
==737864==    by 0x407693C: str_lookup (str_array.c:150)
==737864==    by 0x407708C: assoc_set (awk.h:2220)
==737864==    by 0x407708C: install (symbol.c:430)
==737864==    by 0x400DA01: init_vars (main.c:865)
==737864==    by 0x400DA01: main (main.c:403)
==737864== 
==737864== 104 bytes in 1 blocks are still reachable in loss record 187 of 233
==737864==    at 0x4984E43: calloc (vg_replace_malloc.c:1678)
==737864==    by 0x4075D54: ezalloc_real (awk.h:2174)
==737864==    by 0x4075D54: grow_table (str_array.c:682)
==737864==    by 0x407693C: str_lookup (str_array.c:150)
==737864==    by 0x4054B9E: assoc_set (awk.h:2220)
==737864==    by 0x4054B9E: update_PROCINFO_str.part.0 (field.c:1662)
==737864==    by 0x400E71D: load_procinfo (main.c:1021)
==737864==    by 0x400E71D: init_vars (main.c:878)
==737864==    by 0x400E71D: main (main.c:403)
==737864== 
==737864== 104 bytes in 1 blocks are still reachable in loss record 188 of 233
==737864==    at 0x4984E43: calloc (vg_replace_malloc.c:1678)
==737864==    by 0x4075D54: ezalloc_real (awk.h:2174)
==737864==    by 0x4075D54: grow_table (str_array.c:682)
==737864==    by 0x407693C: str_lookup (str_array.c:150)
==737864==    by 0x400E127: assoc_set (awk.h:2220)
==737864==    by 0x400E127: load_environ (main.c:949)
==737864==    by 0x400E127: init_vars (main.c:879)
==737864==    by 0x400E127: main (main.c:403)
==737864== 
==737864== 104 bytes in 1 blocks are still reachable in loss record 189 of 233
==737864==    at 0x4984E43: calloc (vg_replace_malloc.c:1678)
==737864==    by 0x4075D54: ezalloc_real (awk.h:2174)
==737864==    by 0x4075D54: grow_table (str_array.c:682)
==737864==    by 0x407693C: str_lookup (str_array.c:150)
==737864==    by 0x407708C: assoc_set (awk.h:2220)
==737864==    by 0x407708C: install (symbol.c:430)
==737864==    by 0x4053117: make_builtin (ext.c:202)
==737864==    by 0x49956D7: dl_load (fnmatch.c:213)
==737864==    by 0x4052BC2: load_ext (ext.c:125)
==737864==    by 0x4018FDA: load_library (awkgram.y:3020)
==737864==    by 0x401CADF: yyparse (awkgram.y:379)
==737864==    by 0x402073A: parse_program (awkgram.y:2797)
==737864==    by 0x400EAD8: main (main.c:483)
==737864== 
==737864== 104 bytes in 1 blocks are still reachable in loss record 190 of 233
==737864==    at 0x4984E43: calloc (vg_replace_malloc.c:1678)
==737864==    by 0x4075D54: ezalloc_real (awk.h:2174)
==737864==    by 0x4075D54: grow_table (str_array.c:682)
==737864==    by 0x407693C: str_lookup (str_array.c:150)
==737864==    by 0x405AA8D: assoc_set (awk.h:2220)
==737864==    by 0x405AA8D: api_set_array_element (gawkapi.c:1110)
==737864==    by 0x499551F: init_fnmatch (fnmatch.c:188)
==737864==    by 0x4995734: dl_load (fnmatch.c:213)
==737864==    by 0x4052BC2: load_ext (ext.c:125)
==737864==    by 0x4018FDA: load_library (awkgram.y:3020)
==737864==    by 0x401CADF: yyparse (awkgram.y:379)
==737864==    by 0x402073A: parse_program (awkgram.y:2797)
==737864==    by 0x400EAD8: main (main.c:483)
==737864== 
==737864== 104 bytes in 1 blocks are still reachable in loss record 191 of 233
==737864==    at 0x4984E43: calloc (vg_replace_malloc.c:1678)
==737864==    by 0x4075D54: ezalloc_real (awk.h:2174)
==737864==    by 0x4075D54: grow_table (str_array.c:682)
==737864==    by 0x407693C: str_lookup (str_array.c:150)
==737864==    by 0x40782E9: load_symbols (symbol.c:701)
==737864==    by 0x400ED85: main (main.c:499)
==737864== 
==737864== 104 bytes in 3 blocks are still reachable in loss record 192 of 233
==737864==    at 0x498507F: realloc (vg_replace_malloc.c:1804)
==737864==    by 0x406956E: erealloc_real (awk.h:2192)
==737864==    by 0x406956E: make_str_node (node.c:494)
==737864==    by 0x401B194: yylex (awkgram.y:4074)
==737864==    by 0x401C83C: yyparse (awkgram.c:1879)
==737864==    by 0x402073A: parse_program (awkgram.y:2797)
==737864==    by 0x400EAD8: main (main.c:483)
==737864== 
==737864== 144 bytes in 1 blocks are still reachable in loss record 193 of 233
==737864==    at 0x4984E43: calloc (vg_replace_malloc.c:1678)
==737864==    by 0x414A2BD: calloc (rtld-malloc.h:44)
==737864==    by 0x414A2BD: _dl_check_map_versions (dl-version.c:280)
==737864==    by 0x414110C: dl_open_worker_begin (dl-open.c:617)
==737864==    by 0x4134512: _dl_catch_exception (dl-catch.c:241)
==737864==    by 0x414020B: dl_open_worker (dl-open.c:762)
==737864==    by 0x4134512: _dl_catch_exception (dl-catch.c:241)
==737864==    by 0x4140749: _dl_open (dl-open.c:900)
==737864==    by 0x4BC8EA3: dlopen_doit (dlopen.c:56)
==737864==    by 0x4134512: _dl_catch_exception (dl-catch.c:241)
==737864==    by 0x4134658: _dl_catch_error (dl-catch.c:260)
==737864==    by 0x4BC8992: _dlerror_run (dlerror.c:138)
==737864==    by 0x4BC8F5A: dlopen_implementation (dlopen.c:71)
==737864==    by 0x4BC8F5A: dlopen@@GLIBC_2.34 (dlopen.c:81)
==737864== 
==737864== 151 bytes in 24 blocks are still reachable in loss record 194 of 233
==737864==    at 0x497D858: malloc (vg_replace_malloc.c:447)
==737864==    by 0x4066564: emalloc_real (awk.h:2156)
==737864==    by 0x4066564: estrdup (main.c:1451)
==737864==    by 0x400D9F0: init_vars (main.c:865)
==737864==    by 0x400D9F0: main (main.c:403)
==737864== 
==737864== 151 bytes in 24 blocks are still reachable in loss record 195 of 233
==737864==    at 0x497D858: malloc (vg_replace_malloc.c:447)
==737864==    by 0x4069457: emalloc_real (awk.h:2156)
==737864==    by 0x4069457: make_str_node (node.c:422)
==737864==    by 0x4077055: install (symbol.c:399)
==737864==    by 0x400DA01: init_vars (main.c:865)
==737864==    by 0x400DA01: main (main.c:403)
==737864== 
==737864== 158 bytes in 1 blocks are still reachable in loss record 196 of 233
==737864==    at 0x498507F: realloc (vg_replace_malloc.c:1804)
==737864==    by 0x413FE8E: realloc (rtld-malloc.h:62)
==737864==    by 0x413FE8E: _dl_new_object (dl-object.c:218)
==737864==    by 0x413AEA0: _dl_map_object_from_fd (dl-load.c:1065)
==737864==    by 0x413C989: _dl_map_new_object (dl-load.c:2206)
==737864==    by 0x4141460: dl_open_worker_begin (dl-open.c:535)
==737864==    by 0x4134512: _dl_catch_exception (dl-catch.c:241)
==737864==    by 0x414020B: dl_open_worker (dl-open.c:762)
==737864==    by 0x4134512: _dl_catch_exception (dl-catch.c:241)
==737864==    by 0x4140749: _dl_open (dl-open.c:900)
==737864==    by 0x4BC8EA3: dlopen_doit (dlopen.c:56)
==737864==    by 0x4134512: _dl_catch_exception (dl-catch.c:241)
==737864==    by 0x4134658: _dl_catch_error (dl-catch.c:260)
==737864== 
==737864== 176 bytes in 2 blocks are still reachable in loss record 197 of 233
==737864==    at 0x497D858: malloc (vg_replace_malloc.c:447)
==737864==    by 0x4068FEB: emalloc_real (awk.h:2156)
==737864==    by 0x4068FEB: r_getblock (node.c:1164)
==737864==    by 0x4069930: make_number_node (awk.h:2206)
==737864==    by 0x4069930: r_make_number (node.c:369)
==737864==    by 0x401A26C: yylex (awkgram.y:4256)
==737864==    by 0x401C83C: yyparse (awkgram.c:1879)
==737864==    by 0x402073A: parse_program (awkgram.y:2797)
==737864==    by 0x400EAD8: main (main.c:483)
==737864== 
==737864== 205 bytes in 24 blocks are still reachable in loss record 198 of 233
==737864==    at 0x497D858: malloc (vg_replace_malloc.c:447)
==737864==    by 0x4069457: emalloc_real (awk.h:2156)
==737864==    by 0x4069457: make_str_node (node.c:422)
==737864==    by 0x400E0F5: load_environ (main.c:946)
==737864==    by 0x400E0F5: init_vars (main.c:879)
==737864==    by 0x400E0F5: main (main.c:403)
==737864== 
==737864== 256 bytes in 1 blocks are still reachable in loss record 199 of 233
==737864==    at 0x4984E43: calloc (vg_replace_malloc.c:1678)
==737864==    by 0x4034892: ezalloc_real (awk.h:2174)
==737864==    by 0x4034892: cint_lookup (cint_array.c:249)
==737864==    by 0x400E9D6: assoc_set (awk.h:2220)
==737864==    by 0x400E9D6: load_procinfo_argv (main.c:992)
==737864==    by 0x400E9D6: load_procinfo (main.c:1093)
==737864==    by 0x400E9D6: init_vars (main.c:878)
==737864==    by 0x400E9D6: main (main.c:403)
==737864== 
==737864== 256 bytes in 1 blocks are still reachable in loss record 200 of 233
==737864==    at 0x4984E43: calloc (vg_replace_malloc.c:1678)
==737864==    by 0x4034297: ezalloc_real (awk.h:2174)
==737864==    by 0x4034297: tree_lookup (cint_array.c:773)
==737864==    by 0x400E9D6: assoc_set (awk.h:2220)
==737864==    by 0x400E9D6: load_procinfo_argv (main.c:992)
==737864==    by 0x400E9D6: load_procinfo (main.c:1093)
==737864==    by 0x400E9D6: init_vars (main.c:878)
==737864==    by 0x400E9D6: main (main.c:403)
==737864== 
==737864== 256 bytes in 1 blocks are still reachable in loss record 201 of 233
==737864==    at 0x4984E43: calloc (vg_replace_malloc.c:1678)
==737864==    by 0x40344C0: ezalloc_real (awk.h:2174)
==737864==    by 0x40344C0: leaf_lookup (cint_array.c:1064)
==737864==    by 0x40344C0: tree_lookup (cint_array.c:797)
==737864==    by 0x400E9D6: assoc_set (awk.h:2220)
==737864==    by 0x400E9D6: load_procinfo_argv (main.c:992)
==737864==    by 0x400E9D6: load_procinfo (main.c:1093)
==737864==    by 0x400E9D6: init_vars (main.c:878)
==737864==    by 0x400E9D6: main (main.c:403)
==737864== 
==737864== 256 bytes in 1 blocks are still reachable in loss record 202 of 233
==737864==    at 0x4984E43: calloc (vg_replace_malloc.c:1678)
==737864==    by 0x4034892: ezalloc_real (awk.h:2174)
==737864==    by 0x4034892: cint_lookup (cint_array.c:249)
==737864==    by 0x40662E6: assoc_set (awk.h:2220)
==737864==    by 0x400E453: init_args (main.c:768)
==737864==    by 0x400E453: main (main.c:470)
==737864== 
==737864== 256 bytes in 1 blocks are still reachable in loss record 203 of 233
==737864==    at 0x4984E43: calloc (vg_replace_malloc.c:1678)
==737864==    by 0x4034297: ezalloc_real (awk.h:2174)
==737864==    by 0x4034297: tree_lookup (cint_array.c:773)
==737864==    by 0x40662E6: assoc_set (awk.h:2220)
==737864==    by 0x400E453: init_args (main.c:768)
==737864==    by 0x400E453: main (main.c:470)
==737864== 
==737864== 256 bytes in 1 blocks are still reachable in loss record 204 of 233
==737864==    at 0x4984E43: calloc (vg_replace_malloc.c:1678)
==737864==    by 0x40344C0: ezalloc_real (awk.h:2174)
==737864==    by 0x40344C0: leaf_lookup (cint_array.c:1064)
==737864==    by 0x40344C0: tree_lookup (cint_array.c:797)
==737864==    by 0x40662E6: assoc_set (awk.h:2220)
==737864==    by 0x400E453: init_args (main.c:768)
==737864==    by 0x400E453: main (main.c:470)
==737864== 
==737864== 264 bytes in 3 blocks are still reachable in loss record 205 of 233
==737864==    at 0x497D858: malloc (vg_replace_malloc.c:447)
==737864==    by 0x4068FEB: emalloc_real (awk.h:2156)
==737864==    by 0x4068FEB: r_getblock (node.c:1164)
==737864==    by 0x40693C1: make_str_node (node.c:406)
==737864==    by 0x400E9C6: load_procinfo_argv (main.c:991)
==737864==    by 0x400E9C6: load_procinfo (main.c:1093)
==737864==    by 0x400E9C6: init_vars (main.c:878)
==737864==    by 0x400E9C6: main (main.c:403)
==737864== 
==737864== 278 bytes in 42 blocks are still reachable in loss record 206 of 233
==737864==    at 0x497D858: malloc (vg_replace_malloc.c:447)
==737864==    by 0x4069457: emalloc_real (awk.h:2156)
==737864==    by 0x4069457: make_str_node (node.c:422)
==737864==    by 0x4077055: install (symbol.c:399)
==737864==    by 0x401982E: install_builtins (awkgram.y:6601)
==737864==    by 0x400ED71: main (main.c:491)
==737864== 
==737864== 288 bytes in 6 blocks are still reachable in loss record 207 of 233
==737864==    at 0x497D858: malloc (vg_replace_malloc.c:447)
==737864==    by 0x4068FEB: emalloc_real (awk.h:2156)
==737864==    by 0x4068FEB: r_getblock (node.c:1164)
==737864==    by 0x40768D9: str_lookup (str_array.c:214)
==737864==    by 0x405AA8D: assoc_set (awk.h:2220)
==737864==    by 0x405AA8D: api_set_array_element (gawkapi.c:1110)
==737864==    by 0x499551F: init_fnmatch (fnmatch.c:188)
==737864==    by 0x4995734: dl_load (fnmatch.c:213)
==737864==    by 0x4052BC2: load_ext (ext.c:125)
==737864==    by 0x4018FDA: load_library (awkgram.y:3020)
==737864==    by 0x401CADF: yyparse (awkgram.y:379)
==737864==    by 0x402073A: parse_program (awkgram.y:2797)
==737864==    by 0x400EAD8: main (main.c:483)
==737864== 
==737864== 296 bytes in 1 blocks are still reachable in loss record 208 of 233
==737864==    at 0x4984E43: calloc (vg_replace_malloc.c:1678)
==737864==    by 0x4014A06: ezalloc_real (awk.h:2174)
==737864==    by 0x4014A06: do_add_srcfile (awkgram.y:2833)
==737864==    by 0x4018A70: add_srcfile (awkgram.y:2916)
==737864==    by 0x400D7E5: parse_args (main.c:1585)
==737864==    by 0x400D7E5: main (main.c:294)
==737864== 
==737864== 296 bytes in 1 blocks are still reachable in loss record 209 of 233
==737864==    at 0x4984E43: calloc (vg_replace_malloc.c:1678)
==737864==    by 0x4014A06: ezalloc_real (awk.h:2174)
==737864==    by 0x4014A06: do_add_srcfile (awkgram.y:2833)
==737864==    by 0x4018A70: add_srcfile (awkgram.y:2916)
==737864==    by 0x4018FBB: load_library (awkgram.y:3010)
==737864==    by 0x401CADF: yyparse (awkgram.y:379)
==737864==    by 0x402073A: parse_program (awkgram.y:2797)
==737864==    by 0x400EAD8: main (main.c:483)
==737864== 
==737864== 497 bytes in 76 blocks are still reachable in loss record 210 of 233
==737864==    at 0x497D858: malloc (vg_replace_malloc.c:447)
==737864==    by 0x4069457: emalloc_real (awk.h:2156)
==737864==    by 0x4069457: make_str_node (node.c:422)
==737864==    by 0x4078494: load_symbols (symbol.c:700)
==737864==    by 0x400ED85: main (main.c:499)
==737864== 
==737864== 528 bytes in 6 blocks are still reachable in loss record 211 of 233
==737864==    at 0x497D858: malloc (vg_replace_malloc.c:447)
==737864==    by 0x4068FEB: emalloc_real (awk.h:2156)
==737864==    by 0x4068FEB: r_getblock (node.c:1164)
==737864==    by 0x40693C1: make_str_node (node.c:406)
==737864==    by 0x405AA61: api_set_array_element (gawkapi.c:1102)
==737864==    by 0x499551F: init_fnmatch (fnmatch.c:188)
==737864==    by 0x4995734: dl_load (fnmatch.c:213)
==737864==    by 0x4052BC2: load_ext (ext.c:125)
==737864==    by 0x4018FDA: load_library (awkgram.y:3020)
==737864==    by 0x401CADF: yyparse (awkgram.y:379)
==737864==    by 0x402073A: parse_program (awkgram.y:2797)
==737864==    by 0x400EAD8: main (main.c:483)
==737864== 
==737864== 528 bytes in 6 blocks are still reachable in loss record 212 of 233
==737864==    at 0x497D858: malloc (vg_replace_malloc.c:447)
==737864==    by 0x4068FEB: emalloc_real (awk.h:2156)
==737864==    by 0x4068FEB: r_getblock (node.c:1164)
==737864==    by 0x4069930: make_number_node (awk.h:2206)
==737864==    by 0x4069930: r_make_number (node.c:369)
==737864==    by 0x405AA6C: api_set_array_element (gawkapi.c:1103)
==737864==    by 0x499551F: init_fnmatch (fnmatch.c:188)
==737864==    by 0x4995734: dl_load (fnmatch.c:213)
==737864==    by 0x4052BC2: load_ext (ext.c:125)
==737864==    by 0x4018FDA: load_library (awkgram.y:3020)
==737864==    by 0x401CADF: yyparse (awkgram.y:379)
==737864==    by 0x402073A: parse_program (awkgram.y:2797)
==737864==    by 0x400EAD8: main (main.c:483)
==737864== 
==737864== 552 bytes in 1 blocks are still reachable in loss record 213 of 233
==737864==    at 0x4984E43: calloc (vg_replace_malloc.c:1678)
==737864==    by 0x4078976: ezalloc_real (awk.h:2174)
==737864==    by 0x4078976: new_context (symbol.c:870)
==737864==    by 0x400D61D: main (main.c:292)
==737864== 
==737864== 616 bytes in 7 blocks are still reachable in loss record 214 of 233
==737864==    at 0x497D858: malloc (vg_replace_malloc.c:447)
==737864==    by 0x4068FEB: emalloc_real (awk.h:2156)
==737864==    by 0x4068FEB: r_getblock (node.c:1164)
==737864==    by 0x40693C1: make_str_node (node.c:406)
==737864==    by 0x401B194: yylex (awkgram.y:4074)
==737864==    by 0x401C83C: yyparse (awkgram.c:1879)
==737864==    by 0x402073A: parse_program (awkgram.y:2797)
==737864==    by 0x400EAD8: main (main.c:483)
==737864== 
==737864== 860 bytes in 24 blocks are still reachable in loss record 215 of 233
==737864==    at 0x497D858: malloc (vg_replace_malloc.c:447)
==737864==    by 0x4069457: emalloc_real (awk.h:2156)
==737864==    by 0x4069457: make_str_node (node.c:422)
==737864==    by 0x400E10D: load_environ (main.c:947)
==737864==    by 0x400E10D: init_vars (main.c:879)
==737864==    by 0x400E10D: main (main.c:403)
==737864== 
==737864== 880 bytes in 10 blocks are still reachable in loss record 216 of 233
==737864==    at 0x497D858: malloc (vg_replace_malloc.c:447)
==737864==    by 0x4068FEB: emalloc_real (awk.h:2156)
==737864==    by 0x4068FEB: r_getblock (node.c:1164)
==737864==    by 0x4069930: make_number_node (awk.h:2206)
==737864==    by 0x4069930: r_make_number (node.c:369)
==737864==    by 0x400DA23: init_vars (main.c:869)
==737864==    by 0x400DA23: main (main.c:403)
==737864== 
==737864== 1,152 bytes in 24 blocks are still reachable in loss record 217 of 233
==737864==    at 0x497D858: malloc (vg_replace_malloc.c:447)
==737864==    by 0x4068FEB: emalloc_real (awk.h:2156)
==737864==    by 0x4068FEB: r_getblock (node.c:1164)
==737864==    by 0x40768D9: str_lookup (str_array.c:214)
==737864==    by 0x407708C: assoc_set (awk.h:2220)
==737864==    by 0x407708C: install (symbol.c:430)
==737864==    by 0x400DA01: init_vars (main.c:865)
==737864==    by 0x400DA01: main (main.c:403)
==737864== 
==737864== 1,152 bytes in 24 blocks are still reachable in loss record 218 of 233
==737864==    at 0x497D858: malloc (vg_replace_malloc.c:447)
==737864==    by 0x4068FEB: emalloc_real (awk.h:2156)
==737864==    by 0x4068FEB: r_getblock (node.c:1164)
==737864==    by 0x40768D9: str_lookup (str_array.c:214)
==737864==    by 0x400E127: assoc_set (awk.h:2220)
==737864==    by 0x400E127: load_environ (main.c:949)
==737864==    by 0x400E127: init_vars (main.c:879)
==737864==    by 0x400E127: main (main.c:403)
==737864== 
==737864== 1,232 bytes in 14 blocks are still reachable in loss record 219 of 233
==737864==    at 0x497D858: malloc (vg_replace_malloc.c:447)
==737864==    by 0x4068FEB: emalloc_real (awk.h:2156)
==737864==    by 0x4068FEB: r_getblock (node.c:1164)
==737864==    by 0x40693C1: make_str_node (node.c:406)
==737864==    by 0x400D984: init_vars (main.c:867)
==737864==    by 0x400D984: main (main.c:403)
==737864== 
==737864== 1,270 bytes in 1 blocks are still reachable in loss record 220 of 233
==737864==    at 0x4984E43: calloc (vg_replace_malloc.c:1678)
==737864==    by 0x413FCAC: calloc (rtld-malloc.h:44)
==737864==    by 0x413FCAC: _dl_new_object (dl-object.c:92)
==737864==    by 0x413AEA0: _dl_map_object_from_fd (dl-load.c:1065)
==737864==    by 0x413C989: _dl_map_new_object (dl-load.c:2206)
==737864==    by 0x4141460: dl_open_worker_begin (dl-open.c:535)
==737864==    by 0x4134512: _dl_catch_exception (dl-catch.c:241)
==737864==    by 0x414020B: dl_open_worker (dl-open.c:762)
==737864==    by 0x4134512: _dl_catch_exception (dl-catch.c:241)
==737864==    by 0x4140749: _dl_open (dl-open.c:900)
==737864==    by 0x4BC8EA3: dlopen_doit (dlopen.c:56)
==737864==    by 0x4134512: _dl_catch_exception (dl-catch.c:241)
==737864==    by 0x4134658: _dl_catch_error (dl-catch.c:260)
==737864== 
==737864== 2,016 bytes in 42 blocks are still reachable in loss record 221 of 233
==737864==    at 0x497D858: malloc (vg_replace_malloc.c:447)
==737864==    by 0x4068FEB: emalloc_real (awk.h:2156)
==737864==    by 0x4068FEB: r_getblock (node.c:1164)
==737864==    by 0x40768D9: str_lookup (str_array.c:214)
==737864==    by 0x407708C: assoc_set (awk.h:2220)
==737864==    by 0x407708C: install (symbol.c:430)
==737864==    by 0x401982E: install_builtins (awkgram.y:6601)
==737864==    by 0x400ED71: main (main.c:491)
==737864== 
==737864== 2,048 bytes in 1 blocks are still reachable in loss record 222 of 233
==737864==    at 0x497D858: malloc (vg_replace_malloc.c:447)
==737864==    by 0x4048A59: emalloc_real (awk.h:2156)
==737864==    by 0x4048A59: init_interpret (eval.c:1897)
==737864==    by 0x400E3D5: main (main.c:468)
==737864== 
==737864== 2,112 bytes in 24 blocks are still reachable in loss record 223 of 233
==737864==    at 0x497D858: malloc (vg_replace_malloc.c:447)
==737864==    by 0x4068FEB: emalloc_real (awk.h:2156)
==737864==    by 0x4068FEB: r_getblock (node.c:1164)
==737864==    by 0x40693C1: make_str_node (node.c:406)
==737864==    by 0x4077055: install (symbol.c:399)
==737864==    by 0x400DA01: init_vars (main.c:865)
==737864==    by 0x400DA01: main (main.c:403)
==737864== 
==737864== 2,112 bytes in 24 blocks are still reachable in loss record 224 of 233
==737864==    at 0x497D858: malloc (vg_replace_malloc.c:447)
==737864==    by 0x4068FEB: emalloc_real (awk.h:2156)
==737864==    by 0x4068FEB: r_getblock (node.c:1164)
==737864==    by 0x4077133: make_symbol (symbol.c:376)
==737864==    by 0x4077133: install (symbol.c:417)
==737864==    by 0x400DA01: init_vars (main.c:865)
==737864==    by 0x400DA01: main (main.c:403)
==737864== 
==737864== 2,112 bytes in 24 blocks are still reachable in loss record 225 of 233
==737864==    at 0x497D858: malloc (vg_replace_malloc.c:447)
==737864==    by 0x4068FEB: emalloc_real (awk.h:2156)
==737864==    by 0x4068FEB: r_getblock (node.c:1164)
==737864==    by 0x40693C1: make_str_node (node.c:406)
==737864==    by 0x400E0F5: load_environ (main.c:946)
==737864==    by 0x400E0F5: init_vars (main.c:879)
==737864==    by 0x400E0F5: main (main.c:403)
==737864== 
==737864== 2,112 bytes in 24 blocks are still reachable in loss record 226 of 233
==737864==    at 0x497D858: malloc (vg_replace_malloc.c:447)
==737864==    by 0x4068FEB: emalloc_real (awk.h:2156)
==737864==    by 0x4068FEB: r_getblock (node.c:1164)
==737864==    by 0x40693C1: make_str_node (node.c:406)
==737864==    by 0x400E10D: load_environ (main.c:947)
==737864==    by 0x400E10D: init_vars (main.c:879)
==737864==    by 0x400E10D: main (main.c:403)
==737864== 
==737864== 3,648 bytes in 76 blocks are still reachable in loss record 227 of 233
==737864==    at 0x497D858: malloc (vg_replace_malloc.c:447)
==737864==    by 0x4068FEB: emalloc_real (awk.h:2156)
==737864==    by 0x4068FEB: r_getblock (node.c:1164)
==737864==    by 0x40768D9: str_lookup (str_array.c:214)
==737864==    by 0x40782E9: load_symbols (symbol.c:701)
==737864==    by 0x400ED85: main (main.c:499)
==737864== 
==737864== 3,696 bytes in 42 blocks are still reachable in loss record 228 of 233
==737864==    at 0x497D858: malloc (vg_replace_malloc.c:447)
==737864==    by 0x4068FEB: emalloc_real (awk.h:2156)
==737864==    by 0x4068FEB: r_getblock (node.c:1164)
==737864==    by 0x40693C1: make_str_node (node.c:406)
==737864==    by 0x4077055: install (symbol.c:399)
==737864==    by 0x401982E: install_builtins (awkgram.y:6601)
==737864==    by 0x400ED71: main (main.c:491)
==737864== 
==737864== 3,696 bytes in 42 blocks are still reachable in loss record 229 of 233
==737864==    at 0x497D858: malloc (vg_replace_malloc.c:447)
==737864==    by 0x4068FEB: emalloc_real (awk.h:2156)
==737864==    by 0x4068FEB: r_getblock (node.c:1164)
==737864==    by 0x407721E: make_symbol (symbol.c:376)
==737864==    by 0x407721E: install (symbol.c:417)
==737864==    by 0x401982E: install_builtins (awkgram.y:6601)
==737864==    by 0x400ED71: main (main.c:491)
==737864== 
==737864== 5,048 bytes in 1 blocks are still reachable in loss record 230 of 233
==737864==    at 0x497D858: malloc (vg_replace_malloc.c:447)
==737864==    by 0x4078891: emalloc_real (awk.h:2156)
==737864==    by 0x4078891: bcalloc (symbol.c:849)
==737864==    by 0x402065C: parse_program (awkgram.y:2770)
==737864==    by 0x400EAD8: main (main.c:483)
==737864== 
==737864== 5,048 bytes in 1 blocks are still reachable in loss record 231 of 233
==737864==    at 0x497D858: malloc (vg_replace_malloc.c:447)
==737864==    by 0x4078891: emalloc_real (awk.h:2156)
==737864==    by 0x4078891: bcalloc (symbol.c:849)
==737864==    by 0x4020B58: parse_program (awkgram.y:2778)
==737864==    by 0x400EAD8: main (main.c:483)
==737864== 
==737864== 5,048 bytes in 1 blocks are still reachable in loss record 232 of 233
==737864==    at 0x497D858: malloc (vg_replace_malloc.c:447)
==737864==    by 0x4078891: emalloc_real (awk.h:2156)
==737864==    by 0x4078891: bcalloc (symbol.c:849)
==737864==    by 0x401C2EA: yylex (awkgram.y:4447)
==737864==    by 0x401C83C: yyparse (awkgram.c:1879)
==737864==    by 0x402073A: parse_program (awkgram.y:2797)
==737864==    by 0x400EAD8: main (main.c:483)
==737864== 
==737864== 6,688 bytes in 76 blocks are still reachable in loss record 233 of 233
==737864==    at 0x497D858: malloc (vg_replace_malloc.c:447)
==737864==    by 0x4068FEB: emalloc_real (awk.h:2156)
==737864==    by 0x4068FEB: r_getblock (node.c:1164)
==737864==    by 0x40693C1: make_str_node (node.c:406)
==737864==    by 0x4078494: load_symbols (symbol.c:700)
==737864==    by 0x400ED85: main (main.c:499)
==737864== 
==737864== LEAK SUMMARY:
==737864==    definitely lost: 0 bytes in 0 blocks
==737864==    indirectly lost: 0 bytes in 0 blocks
==737864==      possibly lost: 0 bytes in 0 blocks
==737864==    still reachable: 68,046 bytes in 926 blocks
==737864==         suppressed: 0 bytes in 0 blocks
==737864== 
==737864== For lists of detected and suppressed errors, rerun with: -s
==737864== ERROR SUMMARY: 0 errors from 0 contexts (suppressed: 0 from 0)
