==747272== Memcheck, a memory error detector
==747272== Copyright (C) 2002-2024, and GNU GPL'd, by Julian Seward et al.
==747272== Using Valgrind-3.26.0 and LibVEX; rerun with -h for copyright info
==747272== Command: gawk -f typedregex1.awk
==747272== Parent PID: 747271
==747272== 
==747272== 
==747272== FILE DESCRIPTORS: 3 open (3 inherited) at exit.
==747272== 
==747272== HEAP SUMMARY:
==747272==     in use at exit: 156,230 bytes in 1,715 blocks
==747272==   total heap usage: 4,777 allocs, 3,062 frees, 359,089 bytes allocated
==747272== 
==747272== 1 bytes in 1 blocks are still reachable in loss record 1 of 278
==747272==    at 0x586E858: malloc (vg_replace_malloc.c:447)
==747272==    by 0x44390B0: rboxc_gawk_estrdup (in /root/rboxc/target/gawk-format-lifetime-candidate/release/rboxc)
==747272==    by 0x443E31E: single_binary_main_gawk (in /root/rboxc/target/gawk-format-lifetime-candidate/release/rboxc)
==747272==    by 0x5A18600: (below main) (libc_start_call_main.h:59)
==747272== 
==747272== 1 bytes in 1 blocks are still reachable in loss record 2 of 278
==747272==    at 0x586E858: malloc (vg_replace_malloc.c:447)
==747272==    by 0x44390B0: rboxc_gawk_estrdup (in /root/rboxc/target/gawk-format-lifetime-candidate/release/rboxc)
==747272==    by 0x443E34D: single_binary_main_gawk (in /root/rboxc/target/gawk-format-lifetime-candidate/release/rboxc)
==747272==    by 0x5A18600: (below main) (libc_start_call_main.h:59)
==747272== 
==747272== 1 bytes in 1 blocks are still reachable in loss record 3 of 278
==747272==    at 0x586E858: malloc (vg_replace_malloc.c:447)
==747272==    by 0x44390B0: rboxc_gawk_estrdup (in /root/rboxc/target/gawk-format-lifetime-candidate/release/rboxc)
==747272==    by 0x443E365: single_binary_main_gawk (in /root/rboxc/target/gawk-format-lifetime-candidate/release/rboxc)
==747272==    by 0x5A18600: (below main) (libc_start_call_main.h:59)
==747272== 
==747272== 1 bytes in 1 blocks are still reachable in loss record 4 of 278
==747272==    at 0x586E858: malloc (vg_replace_malloc.c:447)
==747272==    by 0x44390B0: rboxc_gawk_estrdup (in /root/rboxc/target/gawk-format-lifetime-candidate/release/rboxc)
==747272==    by 0x443E37D: single_binary_main_gawk (in /root/rboxc/target/gawk-format-lifetime-candidate/release/rboxc)
==747272==    by 0x5A18600: (below main) (libc_start_call_main.h:59)
==747272== 
==747272== 1 bytes in 1 blocks are still reachable in loss record 5 of 278
==747272==    at 0x586E858: malloc (vg_replace_malloc.c:447)
==747272==    by 0x44390B0: rboxc_gawk_estrdup (in /root/rboxc/target/gawk-format-lifetime-candidate/release/rboxc)
==747272==    by 0x443E395: single_binary_main_gawk (in /root/rboxc/target/gawk-format-lifetime-candidate/release/rboxc)
==747272==    by 0x5A18600: (below main) (libc_start_call_main.h:59)
==747272== 
==747272== 1 bytes in 1 blocks are still reachable in loss record 6 of 278
==747272==    at 0x586E858: malloc (vg_replace_malloc.c:447)
==747272==    by 0x44390B0: rboxc_gawk_estrdup (in /root/rboxc/target/gawk-format-lifetime-candidate/release/rboxc)
==747272==    by 0x443E3AD: single_binary_main_gawk (in /root/rboxc/target/gawk-format-lifetime-candidate/release/rboxc)
==747272==    by 0x5A18600: (below main) (libc_start_call_main.h:59)
==747272== 
==747272== 1 bytes in 1 blocks are still reachable in loss record 7 of 278
==747272==    at 0x586E858: malloc (vg_replace_malloc.c:447)
==747272==    by 0x44390B0: rboxc_gawk_estrdup (in /root/rboxc/target/gawk-format-lifetime-candidate/release/rboxc)
==747272==    by 0x443E3C5: single_binary_main_gawk (in /root/rboxc/target/gawk-format-lifetime-candidate/release/rboxc)
==747272==    by 0x5A18600: (below main) (libc_start_call_main.h:59)
==747272== 
==747272== 1 bytes in 1 blocks are still reachable in loss record 8 of 278
==747272==    at 0x586E858: malloc (vg_replace_malloc.c:447)
==747272==    by 0x44390B0: rboxc_gawk_estrdup (in /root/rboxc/target/gawk-format-lifetime-candidate/release/rboxc)
==747272==    by 0x443E3DD: single_binary_main_gawk (in /root/rboxc/target/gawk-format-lifetime-candidate/release/rboxc)
==747272==    by 0x5A18600: (below main) (libc_start_call_main.h:59)
==747272== 
==747272== 1 bytes in 1 blocks are still reachable in loss record 9 of 278
==747272==    at 0x586E858: malloc (vg_replace_malloc.c:447)
==747272==    by 0x44390B0: rboxc_gawk_estrdup (in /root/rboxc/target/gawk-format-lifetime-candidate/release/rboxc)
==747272==    by 0x443E3F5: single_binary_main_gawk (in /root/rboxc/target/gawk-format-lifetime-candidate/release/rboxc)
==747272==    by 0x5A18600: (below main) (libc_start_call_main.h:59)
==747272== 
==747272== 1 bytes in 1 blocks are still reachable in loss record 10 of 278
==747272==    at 0x586E858: malloc (vg_replace_malloc.c:447)
==747272==    by 0x473F017: rboxc_gawk_make_str_node (in /root/rboxc/target/gawk-format-lifetime-candidate/release/rboxc)
==747272==    by 0x443E47C: single_binary_main_gawk (in /root/rboxc/target/gawk-format-lifetime-candidate/release/rboxc)
==747272==    by 0x5A18600: (below main) (libc_start_call_main.h:59)
==747272== 
==747272== 1 bytes in 1 blocks are still reachable in loss record 11 of 278
==747272==    at 0x586E858: malloc (vg_replace_malloc.c:447)
==747272==    by 0x473F017: rboxc_gawk_make_str_node (in /root/rboxc/target/gawk-format-lifetime-candidate/release/rboxc)
==747272==    by 0x472BF20: rboxc_gawk_init_fields (in /root/rboxc/target/gawk-format-lifetime-candidate/release/rboxc)
==747272==    by 0x443F9A0: single_binary_main_gawk (in /root/rboxc/target/gawk-format-lifetime-candidate/release/rboxc)
==747272==    by 0x5A18600: (below main) (libc_start_call_main.h:59)
==747272== 
==747272== 2 bytes in 1 blocks are still reachable in loss record 12 of 278
==747272==    at 0x586E858: malloc (vg_replace_malloc.c:447)
==747272==    by 0x44390B0: rboxc_gawk_estrdup (in /root/rboxc/target/gawk-format-lifetime-candidate/release/rboxc)
==747272==    by 0x443E335: single_binary_main_gawk (in /root/rboxc/target/gawk-format-lifetime-candidate/release/rboxc)
==747272==    by 0x5A18600: (below main) (libc_start_call_main.h:59)
==747272== 
==747272== 2 bytes in 1 blocks are still reachable in loss record 13 of 278
==747272==    at 0x586E858: malloc (vg_replace_malloc.c:447)
==747272==    by 0x471D3BF: rboxc_gawk_set_OFS (in /root/rboxc/target/gawk-format-lifetime-candidate/release/rboxc)
==747272==    by 0x443F2E8: single_binary_main_gawk (in /root/rboxc/target/gawk-format-lifetime-candidate/release/rboxc)
==747272==    by 0x5A18600: (below main) (libc_start_call_main.h:59)
==747272== 
==747272== 3 bytes in 1 blocks are still reachable in loss record 14 of 278
==747272==    at 0x586E858: malloc (vg_replace_malloc.c:447)
==747272==    by 0x473F017: rboxc_gawk_make_str_node (in /root/rboxc/target/gawk-format-lifetime-candidate/release/rboxc)
==747272==    by 0x472B6AF: update_PROCINFO_str.part.0 (in /root/rboxc/target/gawk-format-lifetime-candidate/release/rboxc)
==747272==    by 0x443F5CC: single_binary_main_gawk (in /root/rboxc/target/gawk-format-lifetime-candidate/release/rboxc)
==747272==    by 0x5A18600: (below main) (libc_start_call_main.h:59)
==747272== 
==747272== 3 bytes in 1 blocks are still reachable in loss record 15 of 278
==747272==    at 0x586E858: malloc (vg_replace_malloc.c:447)
==747272==    by 0x473F017: rboxc_gawk_make_str_node (in /root/rboxc/target/gawk-format-lifetime-candidate/release/rboxc)
==747272==    by 0x472B6C7: update_PROCINFO_str.part.0 (in /root/rboxc/target/gawk-format-lifetime-candidate/release/rboxc)
==747272==    by 0x443F5CC: single_binary_main_gawk (in /root/rboxc/target/gawk-format-lifetime-candidate/release/rboxc)
==747272==    by 0x5A18600: (below main) (libc_start_call_main.h:59)
==747272== 
==747272== 4 bytes in 1 blocks are still reachable in loss record 16 of 278
==747272==    at 0x586E858: malloc (vg_replace_malloc.c:447)
==747272==    by 0x473F017: rboxc_gawk_make_str_node (in /root/rboxc/target/gawk-format-lifetime-candidate/release/rboxc)
==747272==    by 0x472EB44: rboxc_gawk_update_PROCINFO_num (in /root/rboxc/target/gawk-format-lifetime-candidate/release/rboxc)
==747272==    by 0x443F53B: single_binary_main_gawk (in /root/rboxc/target/gawk-format-lifetime-candidate/release/rboxc)
==747272==    by 0x5A18600: (below main) (libc_start_call_main.h:59)
==747272== 
==747272== 4 bytes in 1 blocks are still reachable in loss record 17 of 278
==747272==    at 0x586E858: malloc (vg_replace_malloc.c:447)
==747272==    by 0x473F017: rboxc_gawk_make_str_node (in /root/rboxc/target/gawk-format-lifetime-candidate/release/rboxc)
==747272==    by 0x472EB44: rboxc_gawk_update_PROCINFO_num (in /root/rboxc/target/gawk-format-lifetime-candidate/release/rboxc)
==747272==    by 0x443F56C: single_binary_main_gawk (in /root/rboxc/target/gawk-format-lifetime-candidate/release/rboxc)
==747272==    by 0x5A18600: (below main) (libc_start_call_main.h:59)
==747272== 
==747272== 4 bytes in 1 blocks are still reachable in loss record 18 of 278
==747272==    at 0x586E858: malloc (vg_replace_malloc.c:447)
==747272==    by 0x473F017: rboxc_gawk_make_str_node (in /root/rboxc/target/gawk-format-lifetime-candidate/release/rboxc)
==747272==    by 0x472EB44: rboxc_gawk_update_PROCINFO_num (in /root/rboxc/target/gawk-format-lifetime-candidate/release/rboxc)
==747272==    by 0x443F5A0: single_binary_main_gawk (in /root/rboxc/target/gawk-format-lifetime-candidate/release/rboxc)
==747272==    by 0x5A18600: (below main) (libc_start_call_main.h:59)
==747272== 
==747272== 4 bytes in 1 blocks are still reachable in loss record 19 of 278
==747272==    at 0x586E858: malloc (vg_replace_malloc.c:447)
==747272==    by 0x473F017: rboxc_gawk_make_str_node (in /root/rboxc/target/gawk-format-lifetime-candidate/release/rboxc)
==747272==    by 0x472B6AF: update_PROCINFO_str.part.0 (in /root/rboxc/target/gawk-format-lifetime-candidate/release/rboxc)
==747272==    by 0x443F758: single_binary_main_gawk (in /root/rboxc/target/gawk-format-lifetime-candidate/release/rboxc)
==747272==    by 0x5A18600: (below main) (libc_start_call_main.h:59)
==747272== 
==747272== 4 bytes in 1 blocks are still reachable in loss record 20 of 278
==747272==    at 0x586E858: malloc (vg_replace_malloc.c:447)
==747272==    by 0x4758DCF: charset_merge.part.0 (in /root/rboxc/target/gawk-format-lifetime-candidate/release/rboxc)
==747272==    by 0x475D2DE: compile.constprop.0 (in /root/rboxc/target/gawk-format-lifetime-candidate/release/rboxc)
==747272==    by 0x475FE38: rboxc_gawk_minrx_regncomp (in /root/rboxc/target/gawk-format-lifetime-candidate/release/rboxc)
==747272==    by 0x474A2BD: rboxc_gawk_make_regexp (in /root/rboxc/target/gawk-format-lifetime-candidate/release/rboxc)
==747272==    by 0x474B3F5: rboxc_gawk_re_update (in /root/rboxc/target/gawk-format-lifetime-candidate/release/rboxc)
==747272==    by 0x472DC1F: rboxc_gawk_do_patsplit (in /root/rboxc/target/gawk-format-lifetime-candidate/release/rboxc)
==747272==    by 0x47262FC: rboxc_gawk_r_interpret (in /root/rboxc/target/gawk-format-lifetime-candidate/release/rboxc)
==747272==    by 0x4440403: single_binary_main_gawk (in /root/rboxc/target/gawk-format-lifetime-candidate/release/rboxc)
==747272==    by 0x5A18600: (below main) (libc_start_call_main.h:59)
==747272== 
==747272== 5 bytes in 1 blocks are still reachable in loss record 21 of 278
==747272==    at 0x586E858: malloc (vg_replace_malloc.c:447)
==747272==    by 0x473F017: rboxc_gawk_make_str_node (in /root/rboxc/target/gawk-format-lifetime-candidate/release/rboxc)
==747272==    by 0x472EB44: rboxc_gawk_update_PROCINFO_num (in /root/rboxc/target/gawk-format-lifetime-candidate/release/rboxc)
==747272==    by 0x443F552: single_binary_main_gawk (in /root/rboxc/target/gawk-format-lifetime-candidate/release/rboxc)
==747272==    by 0x5A18600: (below main) (libc_start_call_main.h:59)
==747272== 
==747272== 5 bytes in 1 blocks are still reachable in loss record 22 of 278
==747272==    at 0x586E858: malloc (vg_replace_malloc.c:447)
==747272==    by 0x473F017: rboxc_gawk_make_str_node (in /root/rboxc/target/gawk-format-lifetime-candidate/release/rboxc)
==747272==    by 0x472EB44: rboxc_gawk_update_PROCINFO_num (in /root/rboxc/target/gawk-format-lifetime-candidate/release/rboxc)
==747272==    by 0x443F586: single_binary_main_gawk (in /root/rboxc/target/gawk-format-lifetime-candidate/release/rboxc)
==747272==    by 0x5A18600: (below main) (libc_start_call_main.h:59)
==747272== 
==747272== 5 bytes in 1 blocks are still reachable in loss record 23 of 278
==747272==    at 0x586E858: malloc (vg_replace_malloc.c:447)
==747272==    by 0x473F017: rboxc_gawk_make_str_node (in /root/rboxc/target/gawk-format-lifetime-candidate/release/rboxc)
==747272==    by 0x472EB44: rboxc_gawk_update_PROCINFO_num (in /root/rboxc/target/gawk-format-lifetime-candidate/release/rboxc)
==747272==    by 0x443F5BA: single_binary_main_gawk (in /root/rboxc/target/gawk-format-lifetime-candidate/release/rboxc)
==747272==    by 0x5A18600: (below main) (libc_start_call_main.h:59)
==747272== 
==747272== 5 bytes in 1 blocks are still reachable in loss record 24 of 278
==747272==    at 0x586E858: malloc (vg_replace_malloc.c:447)
==747272==    by 0x443F7C5: single_binary_main_gawk (in /root/rboxc/target/gawk-format-lifetime-candidate/release/rboxc)
==747272==    by 0x5A18600: (below main) (libc_start_call_main.h:59)
==747272== 
==747272== 5 bytes in 1 blocks are still reachable in loss record 25 of 278
==747272==    at 0x586E858: malloc (vg_replace_malloc.c:447)
==747272==    by 0x473F017: rboxc_gawk_make_str_node (in /root/rboxc/target/gawk-format-lifetime-candidate/release/rboxc)
==747272==    by 0x443F86B: single_binary_main_gawk (in /root/rboxc/target/gawk-format-lifetime-candidate/release/rboxc)
==747272==    by 0x5A18600: (below main) (libc_start_call_main.h:59)
==747272== 
==747272== 5 bytes in 1 blocks are still reachable in loss record 26 of 278
==747272==    at 0x586E858: malloc (vg_replace_malloc.c:447)
==747272==    by 0x443FED2: single_binary_main_gawk (in /root/rboxc/target/gawk-format-lifetime-candidate/release/rboxc)
==747272==    by 0x5A18600: (below main) (libc_start_call_main.h:59)
==747272== 
==747272== 5 bytes in 1 blocks are still reachable in loss record 27 of 278
==747272==    at 0x586E858: malloc (vg_replace_malloc.c:447)
==747272==    by 0x473F017: rboxc_gawk_make_str_node (in /root/rboxc/target/gawk-format-lifetime-candidate/release/rboxc)
==747272==    by 0x474D135: install (in /root/rboxc/target/gawk-format-lifetime-candidate/release/rboxc)
==747272==    by 0x443FF58: single_binary_main_gawk (in /root/rboxc/target/gawk-format-lifetime-candidate/release/rboxc)
==747272==    by 0x5A18600: (below main) (libc_start_call_main.h:59)
==747272== 
==747272== 5 bytes in 1 blocks are still reachable in loss record 28 of 278
==747272==    at 0x586E858: malloc (vg_replace_malloc.c:447)
==747272==    by 0x473F017: rboxc_gawk_make_str_node (in /root/rboxc/target/gawk-format-lifetime-candidate/release/rboxc)
==747272==    by 0x443FF98: single_binary_main_gawk (in /root/rboxc/target/gawk-format-lifetime-candidate/release/rboxc)
==747272==    by 0x5A18600: (below main) (libc_start_call_main.h:59)
==747272== 
==747272== 5 bytes in 1 blocks are still reachable in loss record 29 of 278
==747272==    at 0x586E858: malloc (vg_replace_malloc.c:447)
==747272==    by 0x44401AB: single_binary_main_gawk (in /root/rboxc/target/gawk-format-lifetime-candidate/release/rboxc)
==747272==    by 0x5A18600: (below main) (libc_start_call_main.h:59)
==747272== 
==747272== 5 bytes in 1 blocks are still reachable in loss record 30 of 278
==747272==    at 0x586E858: malloc (vg_replace_malloc.c:447)
==747272==    by 0x473F017: rboxc_gawk_make_str_node (in /root/rboxc/target/gawk-format-lifetime-candidate/release/rboxc)
==747272==    by 0x474D135: install (in /root/rboxc/target/gawk-format-lifetime-candidate/release/rboxc)
==747272==    by 0x4440233: single_binary_main_gawk (in /root/rboxc/target/gawk-format-lifetime-candidate/release/rboxc)
==747272==    by 0x5A18600: (below main) (libc_start_call_main.h:59)
==747272== 
==747272== 5 bytes in 1 blocks are still reachable in loss record 31 of 278
==747272==    at 0x586E858: malloc (vg_replace_malloc.c:447)
==747272==    by 0x473F017: rboxc_gawk_make_str_node (in /root/rboxc/target/gawk-format-lifetime-candidate/release/rboxc)
==747272==    by 0x474E18A: rboxc_gawk_load_symbols (in /root/rboxc/target/gawk-format-lifetime-candidate/release/rboxc)
==747272==    by 0x444037C: single_binary_main_gawk (in /root/rboxc/target/gawk-format-lifetime-candidate/release/rboxc)
==747272==    by 0x5A18600: (below main) (libc_start_call_main.h:59)
==747272== 
==747272== 6 bytes in 1 blocks are still reachable in loss record 32 of 278
==747272==    at 0x586E858: malloc (vg_replace_malloc.c:447)
==747272==    by 0x473F017: rboxc_gawk_make_str_node (in /root/rboxc/target/gawk-format-lifetime-candidate/release/rboxc)
==747272==    by 0x472B6C7: update_PROCINFO_str.part.0 (in /root/rboxc/target/gawk-format-lifetime-candidate/release/rboxc)
==747272==    by 0x443F4C2: single_binary_main_gawk (in /root/rboxc/target/gawk-format-lifetime-candidate/release/rboxc)
==747272==    by 0x5A18600: (below main) (libc_start_call_main.h:59)
==747272== 
==747272== 6 bytes in 1 blocks are still reachable in loss record 33 of 278
==747272==    at 0x586E858: malloc (vg_replace_malloc.c:447)
==747272==    by 0x473F017: rboxc_gawk_make_str_node (in /root/rboxc/target/gawk-format-lifetime-candidate/release/rboxc)
==747272==    by 0x472B6C7: update_PROCINFO_str.part.0 (in /root/rboxc/target/gawk-format-lifetime-candidate/release/rboxc)
==747272==    by 0x443F4E2: single_binary_main_gawk (in /root/rboxc/target/gawk-format-lifetime-candidate/release/rboxc)
==747272==    by 0x5A18600: (below main) (libc_start_call_main.h:59)
==747272== 
==747272== 6 bytes in 1 blocks are still reachable in loss record 34 of 278
==747272==    at 0x586E858: malloc (vg_replace_malloc.c:447)
==747272==    by 0x473F017: rboxc_gawk_make_str_node (in /root/rboxc/target/gawk-format-lifetime-candidate/release/rboxc)
==747272==    by 0x474E1EA: rboxc_gawk_load_symbols (in /root/rboxc/target/gawk-format-lifetime-candidate/release/rboxc)
==747272==    by 0x444037C: single_binary_main_gawk (in /root/rboxc/target/gawk-format-lifetime-candidate/release/rboxc)
==747272==    by 0x5A18600: (below main) (libc_start_call_main.h:59)
==747272== 
==747272== 7 bytes in 1 blocks are still reachable in loss record 35 of 278
==747272==    at 0x586E858: malloc (vg_replace_malloc.c:447)
==747272==    by 0x44390B0: rboxc_gawk_estrdup (in /root/rboxc/target/gawk-format-lifetime-candidate/release/rboxc)
==747272==    by 0x474D461: init_the_tables (in /root/rboxc/target/gawk-format-lifetime-candidate/release/rboxc)
==747272==    by 0x443E550: single_binary_main_gawk (in /root/rboxc/target/gawk-format-lifetime-candidate/release/rboxc)
==747272==    by 0x5A18600: (below main) (libc_start_call_main.h:59)
==747272== 
==747272== 7 bytes in 1 blocks are still reachable in loss record 36 of 278
==747272==    at 0x586E858: malloc (vg_replace_malloc.c:447)
==747272==    by 0x473F017: rboxc_gawk_make_str_node (in /root/rboxc/target/gawk-format-lifetime-candidate/release/rboxc)
==747272==    by 0x474D135: install (in /root/rboxc/target/gawk-format-lifetime-candidate/release/rboxc)
==747272==    by 0x474D470: init_the_tables (in /root/rboxc/target/gawk-format-lifetime-candidate/release/rboxc)
==747272==    by 0x443E550: single_binary_main_gawk (in /root/rboxc/target/gawk-format-lifetime-candidate/release/rboxc)
==747272==    by 0x5A18600: (below main) (libc_start_call_main.h:59)
==747272== 
==747272== 7 bytes in 1 blocks are still reachable in loss record 37 of 278
==747272==    at 0x586E858: malloc (vg_replace_malloc.c:447)
==747272==    by 0x473F017: rboxc_gawk_make_str_node (in /root/rboxc/target/gawk-format-lifetime-candidate/release/rboxc)
==747272==    by 0x472EB44: rboxc_gawk_update_PROCINFO_num (in /root/rboxc/target/gawk-format-lifetime-candidate/release/rboxc)
==747272==    by 0x443F524: single_binary_main_gawk (in /root/rboxc/target/gawk-format-lifetime-candidate/release/rboxc)
==747272==    by 0x5A18600: (below main) (libc_start_call_main.h:59)
==747272== 
==747272== 7 bytes in 1 blocks are still reachable in loss record 38 of 278
==747272==    at 0x586E858: malloc (vg_replace_malloc.c:447)
==747272==    by 0x473F017: rboxc_gawk_make_str_node (in /root/rboxc/target/gawk-format-lifetime-candidate/release/rboxc)
==747272==    by 0x474E1BA: rboxc_gawk_load_symbols (in /root/rboxc/target/gawk-format-lifetime-candidate/release/rboxc)
==747272==    by 0x444037C: single_binary_main_gawk (in /root/rboxc/target/gawk-format-lifetime-candidate/release/rboxc)
==747272==    by 0x5A18600: (below main) (libc_start_call_main.h:59)
==747272== 
==747272== 8 bytes in 1 blocks are still reachable in loss record 39 of 278
==747272==    at 0x586E858: malloc (vg_replace_malloc.c:447)
==747272==    by 0x44390B0: rboxc_gawk_estrdup (in /root/rboxc/target/gawk-format-lifetime-candidate/release/rboxc)
==747272==    by 0x474D43A: init_the_tables (in /root/rboxc/target/gawk-format-lifetime-candidate/release/rboxc)
==747272==    by 0x443E550: single_binary_main_gawk (in /root/rboxc/target/gawk-format-lifetime-candidate/release/rboxc)
==747272==    by 0x5A18600: (below main) (libc_start_call_main.h:59)
==747272== 
==747272== 8 bytes in 1 blocks are still reachable in loss record 40 of 278
==747272==    at 0x586E858: malloc (vg_replace_malloc.c:447)
==747272==    by 0x473F017: rboxc_gawk_make_str_node (in /root/rboxc/target/gawk-format-lifetime-candidate/release/rboxc)
==747272==    by 0x474D135: install (in /root/rboxc/target/gawk-format-lifetime-candidate/release/rboxc)
==747272==    by 0x474D449: init_the_tables (in /root/rboxc/target/gawk-format-lifetime-candidate/release/rboxc)
==747272==    by 0x443E550: single_binary_main_gawk (in /root/rboxc/target/gawk-format-lifetime-candidate/release/rboxc)
==747272==    by 0x5A18600: (below main) (libc_start_call_main.h:59)
==747272== 
==747272== 8 bytes in 1 blocks are still reachable in loss record 41 of 278
==747272==    at 0x586E858: malloc (vg_replace_malloc.c:447)
==747272==    by 0x473F017: rboxc_gawk_make_str_node (in /root/rboxc/target/gawk-format-lifetime-candidate/release/rboxc)
==747272==    by 0x472B6AF: update_PROCINFO_str.part.0 (in /root/rboxc/target/gawk-format-lifetime-candidate/release/rboxc)
==747272==    by 0x443F4C2: single_binary_main_gawk (in /root/rboxc/target/gawk-format-lifetime-candidate/release/rboxc)
==747272==    by 0x5A18600: (below main) (libc_start_call_main.h:59)
==747272== 
==747272== 8 bytes in 1 blocks are still reachable in loss record 42 of 278
==747272==    at 0x586E858: malloc (vg_replace_malloc.c:447)
==747272==    by 0x443F8A0: single_binary_main_gawk (in /root/rboxc/target/gawk-format-lifetime-candidate/release/rboxc)
==747272==    by 0x5A18600: (below main) (libc_start_call_main.h:59)
==747272== 
==747272== 8 bytes in 1 blocks are still reachable in loss record 43 of 278
==747272==    at 0x586E858: malloc (vg_replace_malloc.c:447)
==747272==    by 0x473F017: rboxc_gawk_make_str_node (in /root/rboxc/target/gawk-format-lifetime-candidate/release/rboxc)
==747272==    by 0x474D135: install (in /root/rboxc/target/gawk-format-lifetime-candidate/release/rboxc)
==747272==    by 0x443F92D: single_binary_main_gawk (in /root/rboxc/target/gawk-format-lifetime-candidate/release/rboxc)
==747272==    by 0x5A18600: (below main) (libc_start_call_main.h:59)
==747272== 
==747272== 8 bytes in 1 blocks are still reachable in loss record 44 of 278
==747272==    at 0x586E858: malloc (vg_replace_malloc.c:447)
==747272==    by 0x472BEB2: rboxc_gawk_init_fields (in /root/rboxc/target/gawk-format-lifetime-candidate/release/rboxc)
==747272==    by 0x443F9A0: single_binary_main_gawk (in /root/rboxc/target/gawk-format-lifetime-candidate/release/rboxc)
==747272==    by 0x5A18600: (below main) (libc_start_call_main.h:59)
==747272== 
==747272== 8 bytes in 1 blocks are still reachable in loss record 45 of 278
==747272==    at 0x586E858: malloc (vg_replace_malloc.c:447)
==747272==    by 0x474A8C6: rboxc_gawk_make_regexp (in /root/rboxc/target/gawk-format-lifetime-candidate/release/rboxc)
==747272==    by 0x46EF24B: rboxc_gawk_make_regnode (in /root/rboxc/target/gawk-format-lifetime-candidate/release/rboxc)
==747272==    by 0x473F404: rboxc_gawk_make_typed_regex (in /root/rboxc/target/gawk-format-lifetime-candidate/release/rboxc)
==747272==    by 0x46F342D: rboxc_gawk_yyparse (in /root/rboxc/target/gawk-format-lifetime-candidate/release/rboxc)
==747272==    by 0x46F639A: rboxc_gawk_parse_program (in /root/rboxc/target/gawk-format-lifetime-candidate/release/rboxc)
==747272==    by 0x44402A4: single_binary_main_gawk (in /root/rboxc/target/gawk-format-lifetime-candidate/release/rboxc)
==747272==    by 0x5A18600: (below main) (libc_start_call_main.h:59)
==747272== 
==747272== 8 bytes in 1 blocks are still reachable in loss record 46 of 278
==747272==    at 0x586E858: malloc (vg_replace_malloc.c:447)
==747272==    by 0x473F017: rboxc_gawk_make_str_node (in /root/rboxc/target/gawk-format-lifetime-candidate/release/rboxc)
==747272==    by 0x474E202: rboxc_gawk_load_symbols (in /root/rboxc/target/gawk-format-lifetime-candidate/release/rboxc)
==747272==    by 0x444037C: single_binary_main_gawk (in /root/rboxc/target/gawk-format-lifetime-candidate/release/rboxc)
==747272==    by 0x5A18600: (below main) (libc_start_call_main.h:59)
==747272== 
==747272== 8 bytes in 1 blocks are still reachable in loss record 47 of 278
==747272==    at 0x586E858: malloc (vg_replace_malloc.c:447)
==747272==    by 0x475D1BA: compile.constprop.0 (in /root/rboxc/target/gawk-format-lifetime-candidate/release/rboxc)
==747272==    by 0x475FE38: rboxc_gawk_minrx_regncomp (in /root/rboxc/target/gawk-format-lifetime-candidate/release/rboxc)
==747272==    by 0x474A2BD: rboxc_gawk_make_regexp (in /root/rboxc/target/gawk-format-lifetime-candidate/release/rboxc)
==747272==    by 0x474B3F5: rboxc_gawk_re_update (in /root/rboxc/target/gawk-format-lifetime-candidate/release/rboxc)
==747272==    by 0x4706DEC: rboxc_gawk_do_match (in /root/rboxc/target/gawk-format-lifetime-candidate/release/rboxc)
==747272==    by 0x47262FC: rboxc_gawk_r_interpret (in /root/rboxc/target/gawk-format-lifetime-candidate/release/rboxc)
==747272==    by 0x4440403: single_binary_main_gawk (in /root/rboxc/target/gawk-format-lifetime-candidate/release/rboxc)
==747272==    by 0x5A18600: (below main) (libc_start_call_main.h:59)
==747272== 
==747272== 8 bytes in 1 blocks are still reachable in loss record 48 of 278
==747272==    at 0x586E858: malloc (vg_replace_malloc.c:447)
==747272==    by 0x475D1BA: compile.constprop.0 (in /root/rboxc/target/gawk-format-lifetime-candidate/release/rboxc)
==747272==    by 0x475FE38: rboxc_gawk_minrx_regncomp (in /root/rboxc/target/gawk-format-lifetime-candidate/release/rboxc)
==747272==    by 0x474A2BD: rboxc_gawk_make_regexp (in /root/rboxc/target/gawk-format-lifetime-candidate/release/rboxc)
==747272==    by 0x474B3F5: rboxc_gawk_re_update (in /root/rboxc/target/gawk-format-lifetime-candidate/release/rboxc)
==747272==    by 0x46FF11A: rboxc_gawk_do_sub (in /root/rboxc/target/gawk-format-lifetime-candidate/release/rboxc)
==747272==    by 0x47263C1: rboxc_gawk_r_interpret (in /root/rboxc/target/gawk-format-lifetime-candidate/release/rboxc)
==747272==    by 0x4440403: single_binary_main_gawk (in /root/rboxc/target/gawk-format-lifetime-candidate/release/rboxc)
==747272==    by 0x5A18600: (below main) (libc_start_call_main.h:59)
==747272== 
==747272== 8 bytes in 1 blocks are still reachable in loss record 49 of 278
==747272==    at 0x586E858: malloc (vg_replace_malloc.c:447)
==747272==    by 0x475D1BA: compile.constprop.0 (in /root/rboxc/target/gawk-format-lifetime-candidate/release/rboxc)
==747272==    by 0x475FE38: rboxc_gawk_minrx_regncomp (in /root/rboxc/target/gawk-format-lifetime-candidate/release/rboxc)
==747272==    by 0x474A2BD: rboxc_gawk_make_regexp (in /root/rboxc/target/gawk-format-lifetime-candidate/release/rboxc)
==747272==    by 0x474B3F5: rboxc_gawk_re_update (in /root/rboxc/target/gawk-format-lifetime-candidate/release/rboxc)
==747272==    by 0x46FF0E2: rboxc_gawk_do_sub (in /root/rboxc/target/gawk-format-lifetime-candidate/release/rboxc)
==747272==    by 0x47263C1: rboxc_gawk_r_interpret (in /root/rboxc/target/gawk-format-lifetime-candidate/release/rboxc)
==747272==    by 0x4440403: single_binary_main_gawk (in /root/rboxc/target/gawk-format-lifetime-candidate/release/rboxc)
==747272==    by 0x5A18600: (below main) (libc_start_call_main.h:59)
==747272== 
==747272== 8 bytes in 1 blocks are still reachable in loss record 50 of 278
==747272==    at 0x586E858: malloc (vg_replace_malloc.c:447)
==747272==    by 0x475D1BA: compile.constprop.0 (in /root/rboxc/target/gawk-format-lifetime-candidate/release/rboxc)
==747272==    by 0x475FE38: rboxc_gawk_minrx_regncomp (in /root/rboxc/target/gawk-format-lifetime-candidate/release/rboxc)
==747272==    by 0x474A2BD: rboxc_gawk_make_regexp (in /root/rboxc/target/gawk-format-lifetime-candidate/release/rboxc)
==747272==    by 0x474B3F5: rboxc_gawk_re_update (in /root/rboxc/target/gawk-format-lifetime-candidate/release/rboxc)
==747272==    by 0x46FEF56: rboxc_gawk_do_sub (in /root/rboxc/target/gawk-format-lifetime-candidate/release/rboxc)
==747272==    by 0x47263C1: rboxc_gawk_r_interpret (in /root/rboxc/target/gawk-format-lifetime-candidate/release/rboxc)
==747272==    by 0x4440403: single_binary_main_gawk (in /root/rboxc/target/gawk-format-lifetime-candidate/release/rboxc)
==747272==    by 0x5A18600: (below main) (libc_start_call_main.h:59)
==747272== 
==747272== 8 bytes in 1 blocks are still reachable in loss record 51 of 278
==747272==    at 0x586E858: malloc (vg_replace_malloc.c:447)
==747272==    by 0x4759689: csets_emplace_back (in /root/rboxc/target/gawk-format-lifetime-candidate/release/rboxc)
==747272==    by 0x475B5DA: rep (in /root/rboxc/target/gawk-format-lifetime-candidate/release/rboxc)
==747272==    by 0x475C400: cat (in /root/rboxc/target/gawk-format-lifetime-candidate/release/rboxc)
==747272==    by 0x475C568: alt (in /root/rboxc/target/gawk-format-lifetime-candidate/release/rboxc)
==747272==    by 0x475CEB0: compile.constprop.0 (in /root/rboxc/target/gawk-format-lifetime-candidate/release/rboxc)
==747272==    by 0x475FE38: rboxc_gawk_minrx_regncomp (in /root/rboxc/target/gawk-format-lifetime-candidate/release/rboxc)
==747272==    by 0x474A2BD: rboxc_gawk_make_regexp (in /root/rboxc/target/gawk-format-lifetime-candidate/release/rboxc)
==747272==    by 0x474B3F5: rboxc_gawk_re_update (in /root/rboxc/target/gawk-format-lifetime-candidate/release/rboxc)
==747272==    by 0x472DC1F: rboxc_gawk_do_patsplit (in /root/rboxc/target/gawk-format-lifetime-candidate/release/rboxc)
==747272==    by 0x47262FC: rboxc_gawk_r_interpret (in /root/rboxc/target/gawk-format-lifetime-candidate/release/rboxc)
==747272==    by 0x4440403: single_binary_main_gawk (in /root/rboxc/target/gawk-format-lifetime-candidate/release/rboxc)
==747272== 
==747272== 8 bytes in 1 blocks are still reachable in loss record 52 of 278
==747272==    at 0x586E858: malloc (vg_replace_malloc.c:447)
==747272==    by 0x475D1BA: compile.constprop.0 (in /root/rboxc/target/gawk-format-lifetime-candidate/release/rboxc)
==747272==    by 0x475FE38: rboxc_gawk_minrx_regncomp (in /root/rboxc/target/gawk-format-lifetime-candidate/release/rboxc)
==747272==    by 0x474A2BD: rboxc_gawk_make_regexp (in /root/rboxc/target/gawk-format-lifetime-candidate/release/rboxc)
==747272==    by 0x474B3F5: rboxc_gawk_re_update (in /root/rboxc/target/gawk-format-lifetime-candidate/release/rboxc)
==747272==    by 0x472DC1F: rboxc_gawk_do_patsplit (in /root/rboxc/target/gawk-format-lifetime-candidate/release/rboxc)
==747272==    by 0x47262FC: rboxc_gawk_r_interpret (in /root/rboxc/target/gawk-format-lifetime-candidate/release/rboxc)
==747272==    by 0x4440403: single_binary_main_gawk (in /root/rboxc/target/gawk-format-lifetime-candidate/release/rboxc)
==747272==    by 0x5A18600: (below main) (libc_start_call_main.h:59)
==747272== 
==747272== 8 bytes in 1 blocks are still reachable in loss record 53 of 278
==747272==    at 0x586E858: malloc (vg_replace_malloc.c:447)
==747272==    by 0x4758E5F: charset_merge.part.0 (in /root/rboxc/target/gawk-format-lifetime-candidate/release/rboxc)
==747272==    by 0x475D2DE: compile.constprop.0 (in /root/rboxc/target/gawk-format-lifetime-candidate/release/rboxc)
==747272==    by 0x475FE38: rboxc_gawk_minrx_regncomp (in /root/rboxc/target/gawk-format-lifetime-candidate/release/rboxc)
==747272==    by 0x474A2BD: rboxc_gawk_make_regexp (in /root/rboxc/target/gawk-format-lifetime-candidate/release/rboxc)
==747272==    by 0x474B3F5: rboxc_gawk_re_update (in /root/rboxc/target/gawk-format-lifetime-candidate/release/rboxc)
==747272==    by 0x472DC1F: rboxc_gawk_do_patsplit (in /root/rboxc/target/gawk-format-lifetime-candidate/release/rboxc)
==747272==    by 0x47262FC: rboxc_gawk_r_interpret (in /root/rboxc/target/gawk-format-lifetime-candidate/release/rboxc)
==747272==    by 0x4440403: single_binary_main_gawk (in /root/rboxc/target/gawk-format-lifetime-candidate/release/rboxc)
==747272==    by 0x5A18600: (below main) (libc_start_call_main.h:59)
==747272== 
==747272== 9 bytes in 1 blocks are still reachable in loss record 54 of 278
==747272==    at 0x586E858: malloc (vg_replace_malloc.c:447)
==747272==    by 0x443F414: single_binary_main_gawk (in /root/rboxc/target/gawk-format-lifetime-candidate/release/rboxc)
==747272==    by 0x5A18600: (below main) (libc_start_call_main.h:59)
==747272== 
==747272== 9 bytes in 1 blocks are still reachable in loss record 55 of 278
==747272==    at 0x586E858: malloc (vg_replace_malloc.c:447)
==747272==    by 0x473F017: rboxc_gawk_make_str_node (in /root/rboxc/target/gawk-format-lifetime-candidate/release/rboxc)
==747272==    by 0x474D135: install (in /root/rboxc/target/gawk-format-lifetime-candidate/release/rboxc)
==747272==    by 0x443F4A1: single_binary_main_gawk (in /root/rboxc/target/gawk-format-lifetime-candidate/release/rboxc)
==747272==    by 0x5A18600: (below main) (libc_start_call_main.h:59)
==747272== 
==747272== 9 bytes in 1 blocks are still reachable in loss record 56 of 278
==747272==    at 0x586E858: malloc (vg_replace_malloc.c:447)
==747272==    by 0x473F017: rboxc_gawk_make_str_node (in /root/rboxc/target/gawk-format-lifetime-candidate/release/rboxc)
==747272==    by 0x472B6AF: update_PROCINFO_str.part.0 (in /root/rboxc/target/gawk-format-lifetime-candidate/release/rboxc)
==747272==    by 0x443F4D2: single_binary_main_gawk (in /root/rboxc/target/gawk-format-lifetime-candidate/release/rboxc)
==747272==    by 0x5A18600: (below main) (libc_start_call_main.h:59)
==747272== 
==747272== 9 bytes in 1 blocks are still reachable in loss record 57 of 278
==747272==    at 0x586E858: malloc (vg_replace_malloc.c:447)
==747272==    by 0x473F017: rboxc_gawk_make_str_node (in /root/rboxc/target/gawk-format-lifetime-candidate/release/rboxc)
==747272==    by 0x472B6AF: update_PROCINFO_str.part.0 (in /root/rboxc/target/gawk-format-lifetime-candidate/release/rboxc)
==747272==    by 0x443F4E2: single_binary_main_gawk (in /root/rboxc/target/gawk-format-lifetime-candidate/release/rboxc)
==747272==    by 0x5A18600: (below main) (libc_start_call_main.h:59)
==747272== 
==747272== 10 bytes in 1 blocks are still reachable in loss record 58 of 278
==747272==    at 0x586E858: malloc (vg_replace_malloc.c:447)
==747272==    by 0x473F017: rboxc_gawk_make_str_node (in /root/rboxc/target/gawk-format-lifetime-candidate/release/rboxc)
==747272==    by 0x472EB44: rboxc_gawk_update_PROCINFO_num (in /root/rboxc/target/gawk-format-lifetime-candidate/release/rboxc)
==747272==    by 0x443F4FB: single_binary_main_gawk (in /root/rboxc/target/gawk-format-lifetime-candidate/release/rboxc)
==747272==    by 0x5A18600: (below main) (libc_start_call_main.h:59)
==747272== 
==747272== 10 bytes in 1 blocks are still reachable in loss record 59 of 278
==747272==    at 0x586E858: malloc (vg_replace_malloc.c:447)
==747272==    by 0x473F017: rboxc_gawk_make_str_node (in /root/rboxc/target/gawk-format-lifetime-candidate/release/rboxc)
==747272==    by 0x472EB44: rboxc_gawk_update_PROCINFO_num (in /root/rboxc/target/gawk-format-lifetime-candidate/release/rboxc)
==747272==    by 0x443F50D: single_binary_main_gawk (in /root/rboxc/target/gawk-format-lifetime-candidate/release/rboxc)
==747272==    by 0x5A18600: (below main) (libc_start_call_main.h:59)
==747272== 
==747272== 10 bytes in 1 blocks are still reachable in loss record 60 of 278
==747272==    at 0x586E858: malloc (vg_replace_malloc.c:447)
==747272==    by 0x473F017: rboxc_gawk_make_str_node (in /root/rboxc/target/gawk-format-lifetime-candidate/release/rboxc)
==747272==    by 0x472B6C7: update_PROCINFO_str.part.0 (in /root/rboxc/target/gawk-format-lifetime-candidate/release/rboxc)
==747272==    by 0x443F758: single_binary_main_gawk (in /root/rboxc/target/gawk-format-lifetime-candidate/release/rboxc)
==747272==    by 0x5A18600: (below main) (libc_start_call_main.h:59)
==747272== 
==747272== 12 bytes in 1 blocks are still reachable in loss record 61 of 278
==747272==    at 0x586E858: malloc (vg_replace_malloc.c:447)
==747272==    by 0x473F017: rboxc_gawk_make_str_node (in /root/rboxc/target/gawk-format-lifetime-candidate/release/rboxc)
==747272==    by 0x474E0B7: rboxc_gawk_load_symbols (in /root/rboxc/target/gawk-format-lifetime-candidate/release/rboxc)
==747272==    by 0x444037C: single_binary_main_gawk (in /root/rboxc/target/gawk-format-lifetime-candidate/release/rboxc)
==747272==    by 0x5A18600: (below main) (libc_start_call_main.h:59)
==747272== 
==747272== 12 bytes in 1 blocks are still reachable in loss record 62 of 278
==747272==    at 0x586E858: malloc (vg_replace_malloc.c:447)
==747272==    by 0x44390B0: rboxc_gawk_estrdup (in /root/rboxc/target/gawk-format-lifetime-candidate/release/rboxc)
==747272==    by 0x474E173: rboxc_gawk_load_symbols (in /root/rboxc/target/gawk-format-lifetime-candidate/release/rboxc)
==747272==    by 0x444037C: single_binary_main_gawk (in /root/rboxc/target/gawk-format-lifetime-candidate/release/rboxc)
==747272==    by 0x5A18600: (below main) (libc_start_call_main.h:59)
==747272== 
==747272== 12 bytes in 3 blocks are still reachable in loss record 63 of 278
==747272==    at 0x586E858: malloc (vg_replace_malloc.c:447)
==747272==    by 0x4758DCF: charset_merge.part.0 (in /root/rboxc/target/gawk-format-lifetime-candidate/release/rboxc)
==747272==    by 0x475D2DE: compile.constprop.0 (in /root/rboxc/target/gawk-format-lifetime-candidate/release/rboxc)
==747272==    by 0x475FE38: rboxc_gawk_minrx_regncomp (in /root/rboxc/target/gawk-format-lifetime-candidate/release/rboxc)
==747272==    by 0x474A2BD: rboxc_gawk_make_regexp (in /root/rboxc/target/gawk-format-lifetime-candidate/release/rboxc)
==747272==    by 0x46EF24B: rboxc_gawk_make_regnode (in /root/rboxc/target/gawk-format-lifetime-candidate/release/rboxc)
==747272==    by 0x473F404: rboxc_gawk_make_typed_regex (in /root/rboxc/target/gawk-format-lifetime-candidate/release/rboxc)
==747272==    by 0x46F342D: rboxc_gawk_yyparse (in /root/rboxc/target/gawk-format-lifetime-candidate/release/rboxc)
==747272==    by 0x46F639A: rboxc_gawk_parse_program (in /root/rboxc/target/gawk-format-lifetime-candidate/release/rboxc)
==747272==    by 0x44402A4: single_binary_main_gawk (in /root/rboxc/target/gawk-format-lifetime-candidate/release/rboxc)
==747272==    by 0x5A18600: (below main) (libc_start_call_main.h:59)
==747272== 
==747272== 16 bytes in 1 blocks are still reachable in loss record 64 of 278
==747272==    at 0x586E858: malloc (vg_replace_malloc.c:447)
==747272==    by 0x44390B0: rboxc_gawk_estrdup (in /root/rboxc/target/gawk-format-lifetime-candidate/release/rboxc)
==747272==    by 0x46EA661: do_add_srcfile (in /root/rboxc/target/gawk-format-lifetime-candidate/release/rboxc)
==747272==    by 0x46EE6D0: rboxc_gawk_add_srcfile (in /root/rboxc/target/gawk-format-lifetime-candidate/release/rboxc)
==747272==    by 0x443E939: single_binary_main_gawk (in /root/rboxc/target/gawk-format-lifetime-candidate/release/rboxc)
==747272==    by 0x5A18600: (below main) (libc_start_call_main.h:59)
==747272== 
==747272== 16 bytes in 1 blocks are still reachable in loss record 65 of 278
==747272==    at 0x586E858: malloc (vg_replace_malloc.c:447)
==747272==    by 0x474A78B: rboxc_gawk_make_regexp (in /root/rboxc/target/gawk-format-lifetime-candidate/release/rboxc)
==747272==    by 0x474B3F5: rboxc_gawk_re_update (in /root/rboxc/target/gawk-format-lifetime-candidate/release/rboxc)
==747272==    by 0x4706DEC: rboxc_gawk_do_match (in /root/rboxc/target/gawk-format-lifetime-candidate/release/rboxc)
==747272==    by 0x47262FC: rboxc_gawk_r_interpret (in /root/rboxc/target/gawk-format-lifetime-candidate/release/rboxc)
==747272==    by 0x4440403: single_binary_main_gawk (in /root/rboxc/target/gawk-format-lifetime-candidate/release/rboxc)
==747272==    by 0x5A18600: (below main) (libc_start_call_main.h:59)
==747272== 
==747272== 16 bytes in 1 blocks are still reachable in loss record 66 of 278
==747272==    at 0x586E858: malloc (vg_replace_malloc.c:447)
==747272==    by 0x474A78B: rboxc_gawk_make_regexp (in /root/rboxc/target/gawk-format-lifetime-candidate/release/rboxc)
==747272==    by 0x474B3F5: rboxc_gawk_re_update (in /root/rboxc/target/gawk-format-lifetime-candidate/release/rboxc)
==747272==    by 0x46FF11A: rboxc_gawk_do_sub (in /root/rboxc/target/gawk-format-lifetime-candidate/release/rboxc)
==747272==    by 0x47263C1: rboxc_gawk_r_interpret (in /root/rboxc/target/gawk-format-lifetime-candidate/release/rboxc)
==747272==    by 0x4440403: single_binary_main_gawk (in /root/rboxc/target/gawk-format-lifetime-candidate/release/rboxc)
==747272==    by 0x5A18600: (below main) (libc_start_call_main.h:59)
==747272== 
==747272== 16 bytes in 1 blocks are still reachable in loss record 67 of 278
==747272==    at 0x586E858: malloc (vg_replace_malloc.c:447)
==747272==    by 0x474A78B: rboxc_gawk_make_regexp (in /root/rboxc/target/gawk-format-lifetime-candidate/release/rboxc)
==747272==    by 0x474B3F5: rboxc_gawk_re_update (in /root/rboxc/target/gawk-format-lifetime-candidate/release/rboxc)
==747272==    by 0x46FF0E2: rboxc_gawk_do_sub (in /root/rboxc/target/gawk-format-lifetime-candidate/release/rboxc)
==747272==    by 0x47263C1: rboxc_gawk_r_interpret (in /root/rboxc/target/gawk-format-lifetime-candidate/release/rboxc)
==747272==    by 0x4440403: single_binary_main_gawk (in /root/rboxc/target/gawk-format-lifetime-candidate/release/rboxc)
==747272==    by 0x5A18600: (below main) (libc_start_call_main.h:59)
==747272== 
==747272== 16 bytes in 1 blocks are still reachable in loss record 68 of 278
==747272==    at 0x586E858: malloc (vg_replace_malloc.c:447)
==747272==    by 0x474A78B: rboxc_gawk_make_regexp (in /root/rboxc/target/gawk-format-lifetime-candidate/release/rboxc)
==747272==    by 0x474B3F5: rboxc_gawk_re_update (in /root/rboxc/target/gawk-format-lifetime-candidate/release/rboxc)
==747272==    by 0x46FEF56: rboxc_gawk_do_sub (in /root/rboxc/target/gawk-format-lifetime-candidate/release/rboxc)
==747272==    by 0x47263C1: rboxc_gawk_r_interpret (in /root/rboxc/target/gawk-format-lifetime-candidate/release/rboxc)
==747272==    by 0x4440403: single_binary_main_gawk (in /root/rboxc/target/gawk-format-lifetime-candidate/release/rboxc)
==747272==    by 0x5A18600: (below main) (libc_start_call_main.h:59)
==747272== 
==747272== 16 bytes in 1 blocks are still reachable in loss record 69 of 278
==747272==    at 0x586E858: malloc (vg_replace_malloc.c:447)
==747272==    by 0x474A78B: rboxc_gawk_make_regexp (in /root/rboxc/target/gawk-format-lifetime-candidate/release/rboxc)
==747272==    by 0x474B3F5: rboxc_gawk_re_update (in /root/rboxc/target/gawk-format-lifetime-candidate/release/rboxc)
==747272==    by 0x472DC1F: rboxc_gawk_do_patsplit (in /root/rboxc/target/gawk-format-lifetime-candidate/release/rboxc)
==747272==    by 0x47262FC: rboxc_gawk_r_interpret (in /root/rboxc/target/gawk-format-lifetime-candidate/release/rboxc)
==747272==    by 0x4440403: single_binary_main_gawk (in /root/rboxc/target/gawk-format-lifetime-candidate/release/rboxc)
==747272==    by 0x5A18600: (below main) (libc_start_call_main.h:59)
==747272== 
==747272== 16 bytes in 2 blocks are still reachable in loss record 70 of 278
==747272==    at 0x586E858: malloc (vg_replace_malloc.c:447)
==747272==    by 0x475D1BA: compile.constprop.0 (in /root/rboxc/target/gawk-format-lifetime-candidate/release/rboxc)
==747272==    by 0x475FE38: rboxc_gawk_minrx_regncomp (in /root/rboxc/target/gawk-format-lifetime-candidate/release/rboxc)
==747272==    by 0x474A2BD: rboxc_gawk_make_regexp (in /root/rboxc/target/gawk-format-lifetime-candidate/release/rboxc)
==747272==    by 0x474B3F5: rboxc_gawk_re_update (in /root/rboxc/target/gawk-format-lifetime-candidate/release/rboxc)
==747272==    by 0x47246C7: rboxc_gawk_r_interpret (in /root/rboxc/target/gawk-format-lifetime-candidate/release/rboxc)
==747272==    by 0x4440403: single_binary_main_gawk (in /root/rboxc/target/gawk-format-lifetime-candidate/release/rboxc)
==747272==    by 0x5A18600: (below main) (libc_start_call_main.h:59)
==747272== 
==747272== 24 bytes in 1 blocks are still reachable in loss record 71 of 278
==747272==    at 0x5875E43: calloc (vg_replace_malloc.c:1678)
==747272==    by 0x4735832: do_find_source (in /root/rboxc/target/gawk-format-lifetime-candidate/release/rboxc)
==747272==    by 0x473C081: rboxc_gawk_find_source (in /root/rboxc/target/gawk-format-lifetime-candidate/release/rboxc)
==747272==    by 0x46EE658: rboxc_gawk_add_srcfile (in /root/rboxc/target/gawk-format-lifetime-candidate/release/rboxc)
==747272==    by 0x443E939: single_binary_main_gawk (in /root/rboxc/target/gawk-format-lifetime-candidate/release/rboxc)
==747272==    by 0x5A18600: (below main) (libc_start_call_main.h:59)
==747272== 
==747272== 24 bytes in 1 blocks are still reachable in loss record 72 of 278
==747272==    at 0x586E858: malloc (vg_replace_malloc.c:447)
==747272==    by 0x473F017: rboxc_gawk_make_str_node (in /root/rboxc/target/gawk-format-lifetime-candidate/release/rboxc)
==747272==    by 0x472B6C7: update_PROCINFO_str.part.0 (in /root/rboxc/target/gawk-format-lifetime-candidate/release/rboxc)
==747272==    by 0x443F4D2: single_binary_main_gawk (in /root/rboxc/target/gawk-format-lifetime-candidate/release/rboxc)
==747272==    by 0x5A18600: (below main) (libc_start_call_main.h:59)
==747272== 
==747272== 24 bytes in 3 blocks are still reachable in loss record 73 of 278
==747272==    at 0x586E858: malloc (vg_replace_malloc.c:447)
==747272==    by 0x443E678: single_binary_main_gawk (in /root/rboxc/target/gawk-format-lifetime-candidate/release/rboxc)
==747272==    by 0x5A18600: (below main) (libc_start_call_main.h:59)
==747272== 
==747272== 24 bytes in 3 blocks are still reachable in loss record 74 of 278
==747272==    at 0x586E858: malloc (vg_replace_malloc.c:447)
==747272==    by 0x473F017: rboxc_gawk_make_str_node (in /root/rboxc/target/gawk-format-lifetime-candidate/release/rboxc)
==747272==    by 0x4440154: single_binary_main_gawk (in /root/rboxc/target/gawk-format-lifetime-candidate/release/rboxc)
==747272==    by 0x5A18600: (below main) (libc_start_call_main.h:59)
==747272== 
==747272== 24 bytes in 3 blocks are still reachable in loss record 75 of 278
==747272==    at 0x586E858: malloc (vg_replace_malloc.c:447)
==747272==    by 0x4759689: csets_emplace_back (in /root/rboxc/target/gawk-format-lifetime-candidate/release/rboxc)
==747272==    by 0x475B5DA: rep (in /root/rboxc/target/gawk-format-lifetime-candidate/release/rboxc)
==747272==    by 0x475C400: cat (in /root/rboxc/target/gawk-format-lifetime-candidate/release/rboxc)
==747272==    by 0x475C568: alt (in /root/rboxc/target/gawk-format-lifetime-candidate/release/rboxc)
==747272==    by 0x475CEB0: compile.constprop.0 (in /root/rboxc/target/gawk-format-lifetime-candidate/release/rboxc)
==747272==    by 0x475FE38: rboxc_gawk_minrx_regncomp (in /root/rboxc/target/gawk-format-lifetime-candidate/release/rboxc)
==747272==    by 0x474A2BD: rboxc_gawk_make_regexp (in /root/rboxc/target/gawk-format-lifetime-candidate/release/rboxc)
==747272==    by 0x46EF24B: rboxc_gawk_make_regnode (in /root/rboxc/target/gawk-format-lifetime-candidate/release/rboxc)
==747272==    by 0x473F404: rboxc_gawk_make_typed_regex (in /root/rboxc/target/gawk-format-lifetime-candidate/release/rboxc)
==747272==    by 0x46F342D: rboxc_gawk_yyparse (in /root/rboxc/target/gawk-format-lifetime-candidate/release/rboxc)
==747272==    by 0x46F639A: rboxc_gawk_parse_program (in /root/rboxc/target/gawk-format-lifetime-candidate/release/rboxc)
==747272== 
==747272== 24 bytes in 3 blocks are still reachable in loss record 76 of 278
==747272==    at 0x586E858: malloc (vg_replace_malloc.c:447)
==747272==    by 0x4758E5F: charset_merge.part.0 (in /root/rboxc/target/gawk-format-lifetime-candidate/release/rboxc)
==747272==    by 0x475D2DE: compile.constprop.0 (in /root/rboxc/target/gawk-format-lifetime-candidate/release/rboxc)
==747272==    by 0x475FE38: rboxc_gawk_minrx_regncomp (in /root/rboxc/target/gawk-format-lifetime-candidate/release/rboxc)
==747272==    by 0x474A2BD: rboxc_gawk_make_regexp (in /root/rboxc/target/gawk-format-lifetime-candidate/release/rboxc)
==747272==    by 0x46EF24B: rboxc_gawk_make_regnode (in /root/rboxc/target/gawk-format-lifetime-candidate/release/rboxc)
==747272==    by 0x473F404: rboxc_gawk_make_typed_regex (in /root/rboxc/target/gawk-format-lifetime-candidate/release/rboxc)
==747272==    by 0x46F342D: rboxc_gawk_yyparse (in /root/rboxc/target/gawk-format-lifetime-candidate/release/rboxc)
==747272==    by 0x46F639A: rboxc_gawk_parse_program (in /root/rboxc/target/gawk-format-lifetime-candidate/release/rboxc)
==747272==    by 0x44402A4: single_binary_main_gawk (in /root/rboxc/target/gawk-format-lifetime-candidate/release/rboxc)
==747272==    by 0x5A18600: (below main) (libc_start_call_main.h:59)
==747272== 
==747272== 26 bytes in 1 blocks are still reachable in loss record 77 of 278
==747272==    at 0x586E858: malloc (vg_replace_malloc.c:447)
==747272==    by 0x4735927: do_find_source (in /root/rboxc/target/gawk-format-lifetime-candidate/release/rboxc)
==747272==    by 0x473C081: rboxc_gawk_find_source (in /root/rboxc/target/gawk-format-lifetime-candidate/release/rboxc)
==747272==    by 0x46EE658: rboxc_gawk_add_srcfile (in /root/rboxc/target/gawk-format-lifetime-candidate/release/rboxc)
==747272==    by 0x443E939: single_binary_main_gawk (in /root/rboxc/target/gawk-format-lifetime-candidate/release/rboxc)
==747272==    by 0x5A18600: (below main) (libc_start_call_main.h:59)
==747272== 
==747272== 32 bytes in 1 blocks are still reachable in loss record 78 of 278
==747272==    at 0x586E858: malloc (vg_replace_malloc.c:447)
==747272==    by 0x443E5D9: single_binary_main_gawk (in /root/rboxc/target/gawk-format-lifetime-candidate/release/rboxc)
==747272==    by 0x5A18600: (below main) (libc_start_call_main.h:59)
==747272== 
==747272== 32 bytes in 1 blocks are still reachable in loss record 79 of 278
==747272==    at 0x586E858: malloc (vg_replace_malloc.c:447)
==747272==    by 0x471C517: fmt_index (in /root/rboxc/target/gawk-format-lifetime-candidate/release/rboxc)
==747272==    by 0x471D606: rboxc_gawk_set_CONVFMT (in /root/rboxc/target/gawk-format-lifetime-candidate/release/rboxc)
==747272==    by 0x443F2E8: single_binary_main_gawk (in /root/rboxc/target/gawk-format-lifetime-candidate/release/rboxc)
==747272==    by 0x5A18600: (below main) (libc_start_call_main.h:59)
==747272== 
==747272== 32 bytes in 2 blocks are still reachable in loss record 80 of 278
==747272==    at 0x586E858: malloc (vg_replace_malloc.c:447)
==747272==    by 0x474A78B: rboxc_gawk_make_regexp (in /root/rboxc/target/gawk-format-lifetime-candidate/release/rboxc)
==747272==    by 0x474B3F5: rboxc_gawk_re_update (in /root/rboxc/target/gawk-format-lifetime-candidate/release/rboxc)
==747272==    by 0x47246C7: rboxc_gawk_r_interpret (in /root/rboxc/target/gawk-format-lifetime-candidate/release/rboxc)
==747272==    by 0x4440403: single_binary_main_gawk (in /root/rboxc/target/gawk-format-lifetime-candidate/release/rboxc)
==747272==    by 0x5A18600: (below main) (libc_start_call_main.h:59)
==747272== 
==747272== 40 bytes in 1 blocks are still reachable in loss record 81 of 278
==747272==    at 0x586E858: malloc (vg_replace_malloc.c:447)
==747272==    by 0x4758359: add_char_to_set (in /root/rboxc/target/gawk-format-lifetime-candidate/release/rboxc)
==747272==    by 0x4758F22: charset_add_char.part.0 (in /root/rboxc/target/gawk-format-lifetime-candidate/release/rboxc)
==747272==    by 0x475D277: compile.constprop.0 (in /root/rboxc/target/gawk-format-lifetime-candidate/release/rboxc)
==747272==    by 0x475FE38: rboxc_gawk_minrx_regncomp (in /root/rboxc/target/gawk-format-lifetime-candidate/release/rboxc)
==747272==    by 0x474A2BD: rboxc_gawk_make_regexp (in /root/rboxc/target/gawk-format-lifetime-candidate/release/rboxc)
==747272==    by 0x474B3F5: rboxc_gawk_re_update (in /root/rboxc/target/gawk-format-lifetime-candidate/release/rboxc)
==747272==    by 0x4706DEC: rboxc_gawk_do_match (in /root/rboxc/target/gawk-format-lifetime-candidate/release/rboxc)
==747272==    by 0x47262FC: rboxc_gawk_r_interpret (in /root/rboxc/target/gawk-format-lifetime-candidate/release/rboxc)
==747272==    by 0x4440403: single_binary_main_gawk (in /root/rboxc/target/gawk-format-lifetime-candidate/release/rboxc)
==747272==    by 0x5A18600: (below main) (libc_start_call_main.h:59)
==747272== 
==747272== 40 bytes in 1 blocks are still reachable in loss record 82 of 278
==747272==    at 0x586E858: malloc (vg_replace_malloc.c:447)
==747272==    by 0x4758359: add_char_to_set (in /root/rboxc/target/gawk-format-lifetime-candidate/release/rboxc)
==747272==    by 0x4758F22: charset_add_char.part.0 (in /root/rboxc/target/gawk-format-lifetime-candidate/release/rboxc)
==747272==    by 0x475D277: compile.constprop.0 (in /root/rboxc/target/gawk-format-lifetime-candidate/release/rboxc)
==747272==    by 0x475FE38: rboxc_gawk_minrx_regncomp (in /root/rboxc/target/gawk-format-lifetime-candidate/release/rboxc)
==747272==    by 0x474A2BD: rboxc_gawk_make_regexp (in /root/rboxc/target/gawk-format-lifetime-candidate/release/rboxc)
==747272==    by 0x474B3F5: rboxc_gawk_re_update (in /root/rboxc/target/gawk-format-lifetime-candidate/release/rboxc)
==747272==    by 0x46FF11A: rboxc_gawk_do_sub (in /root/rboxc/target/gawk-format-lifetime-candidate/release/rboxc)
==747272==    by 0x47263C1: rboxc_gawk_r_interpret (in /root/rboxc/target/gawk-format-lifetime-candidate/release/rboxc)
==747272==    by 0x4440403: single_binary_main_gawk (in /root/rboxc/target/gawk-format-lifetime-candidate/release/rboxc)
==747272==    by 0x5A18600: (below main) (libc_start_call_main.h:59)
==747272== 
==747272== 40 bytes in 1 blocks are still reachable in loss record 83 of 278
==747272==    at 0x586E858: malloc (vg_replace_malloc.c:447)
==747272==    by 0x4758359: add_char_to_set (in /root/rboxc/target/gawk-format-lifetime-candidate/release/rboxc)
==747272==    by 0x4758F22: charset_add_char.part.0 (in /root/rboxc/target/gawk-format-lifetime-candidate/release/rboxc)
==747272==    by 0x475D277: compile.constprop.0 (in /root/rboxc/target/gawk-format-lifetime-candidate/release/rboxc)
==747272==    by 0x475FE38: rboxc_gawk_minrx_regncomp (in /root/rboxc/target/gawk-format-lifetime-candidate/release/rboxc)
==747272==    by 0x474A2BD: rboxc_gawk_make_regexp (in /root/rboxc/target/gawk-format-lifetime-candidate/release/rboxc)
==747272==    by 0x474B3F5: rboxc_gawk_re_update (in /root/rboxc/target/gawk-format-lifetime-candidate/release/rboxc)
==747272==    by 0x46FF0E2: rboxc_gawk_do_sub (in /root/rboxc/target/gawk-format-lifetime-candidate/release/rboxc)
==747272==    by 0x47263C1: rboxc_gawk_r_interpret (in /root/rboxc/target/gawk-format-lifetime-candidate/release/rboxc)
==747272==    by 0x4440403: single_binary_main_gawk (in /root/rboxc/target/gawk-format-lifetime-candidate/release/rboxc)
==747272==    by 0x5A18600: (below main) (libc_start_call_main.h:59)
==747272== 
==747272== 40 bytes in 1 blocks are still reachable in loss record 84 of 278
==747272==    at 0x586E858: malloc (vg_replace_malloc.c:447)
==747272==    by 0x4758359: add_char_to_set (in /root/rboxc/target/gawk-format-lifetime-candidate/release/rboxc)
==747272==    by 0x4758F22: charset_add_char.part.0 (in /root/rboxc/target/gawk-format-lifetime-candidate/release/rboxc)
==747272==    by 0x475D277: compile.constprop.0 (in /root/rboxc/target/gawk-format-lifetime-candidate/release/rboxc)
==747272==    by 0x475FE38: rboxc_gawk_minrx_regncomp (in /root/rboxc/target/gawk-format-lifetime-candidate/release/rboxc)
==747272==    by 0x474A2BD: rboxc_gawk_make_regexp (in /root/rboxc/target/gawk-format-lifetime-candidate/release/rboxc)
==747272==    by 0x474B3F5: rboxc_gawk_re_update (in /root/rboxc/target/gawk-format-lifetime-candidate/release/rboxc)
==747272==    by 0x46FEF56: rboxc_gawk_do_sub (in /root/rboxc/target/gawk-format-lifetime-candidate/release/rboxc)
==747272==    by 0x47263C1: rboxc_gawk_r_interpret (in /root/rboxc/target/gawk-format-lifetime-candidate/release/rboxc)
==747272==    by 0x4440403: single_binary_main_gawk (in /root/rboxc/target/gawk-format-lifetime-candidate/release/rboxc)
==747272==    by 0x5A18600: (below main) (libc_start_call_main.h:59)
==747272== 
==747272== 41 bytes in 1 blocks are still reachable in loss record 85 of 278
==747272==    at 0x586E858: malloc (vg_replace_malloc.c:447)
==747272==    by 0x47355F3: do_find_source (in /root/rboxc/target/gawk-format-lifetime-candidate/release/rboxc)
==747272==    by 0x473C081: rboxc_gawk_find_source (in /root/rboxc/target/gawk-format-lifetime-candidate/release/rboxc)
==747272==    by 0x46EE658: rboxc_gawk_add_srcfile (in /root/rboxc/target/gawk-format-lifetime-candidate/release/rboxc)
==747272==    by 0x443E939: single_binary_main_gawk (in /root/rboxc/target/gawk-format-lifetime-candidate/release/rboxc)
==747272==    by 0x5A18600: (below main) (libc_start_call_main.h:59)
==747272== 
==747272== 48 bytes in 1 blocks are still reachable in loss record 86 of 278
==747272==    at 0x586E858: malloc (vg_replace_malloc.c:447)
==747272==    by 0x473EBAB: rboxc_gawk_r_getblock (in /root/rboxc/target/gawk-format-lifetime-candidate/release/rboxc)
==747272==    by 0x474C959: str_lookup (in /root/rboxc/target/gawk-format-lifetime-candidate/release/rboxc)
==747272==    by 0x474D16C: install (in /root/rboxc/target/gawk-format-lifetime-candidate/release/rboxc)
==747272==    by 0x474D449: init_the_tables (in /root/rboxc/target/gawk-format-lifetime-candidate/release/rboxc)
==747272==    by 0x443E550: single_binary_main_gawk (in /root/rboxc/target/gawk-format-lifetime-candidate/release/rboxc)
==747272==    by 0x5A18600: (below main) (libc_start_call_main.h:59)
==747272== 
==747272== 48 bytes in 1 blocks are still reachable in loss record 87 of 278
==747272==    at 0x586E858: malloc (vg_replace_malloc.c:447)
==747272==    by 0x473EBAB: rboxc_gawk_r_getblock (in /root/rboxc/target/gawk-format-lifetime-candidate/release/rboxc)
==747272==    by 0x474C959: str_lookup (in /root/rboxc/target/gawk-format-lifetime-candidate/release/rboxc)
==747272==    by 0x474D16C: install (in /root/rboxc/target/gawk-format-lifetime-candidate/release/rboxc)
==747272==    by 0x474D470: init_the_tables (in /root/rboxc/target/gawk-format-lifetime-candidate/release/rboxc)
==747272==    by 0x443E550: single_binary_main_gawk (in /root/rboxc/target/gawk-format-lifetime-candidate/release/rboxc)
==747272==    by 0x5A18600: (below main) (libc_start_call_main.h:59)
==747272== 
==747272== 48 bytes in 1 blocks are still reachable in loss record 88 of 278
==747272==    at 0x586E858: malloc (vg_replace_malloc.c:447)
==747272==    by 0x473EBAB: rboxc_gawk_r_getblock (in /root/rboxc/target/gawk-format-lifetime-candidate/release/rboxc)
==747272==    by 0x474C959: str_lookup (in /root/rboxc/target/gawk-format-lifetime-candidate/release/rboxc)
==747272==    by 0x474D16C: install (in /root/rboxc/target/gawk-format-lifetime-candidate/release/rboxc)
==747272==    by 0x443F4A1: single_binary_main_gawk (in /root/rboxc/target/gawk-format-lifetime-candidate/release/rboxc)
==747272==    by 0x5A18600: (below main) (libc_start_call_main.h:59)
==747272== 
==747272== 48 bytes in 1 blocks are still reachable in loss record 89 of 278
==747272==    at 0x586E858: malloc (vg_replace_malloc.c:447)
==747272==    by 0x473EBAB: rboxc_gawk_r_getblock (in /root/rboxc/target/gawk-format-lifetime-candidate/release/rboxc)
==747272==    by 0x474C959: str_lookup (in /root/rboxc/target/gawk-format-lifetime-candidate/release/rboxc)
==747272==    by 0x472B6DE: update_PROCINFO_str.part.0 (in /root/rboxc/target/gawk-format-lifetime-candidate/release/rboxc)
==747272==    by 0x443F4C2: single_binary_main_gawk (in /root/rboxc/target/gawk-format-lifetime-candidate/release/rboxc)
==747272==    by 0x5A18600: (below main) (libc_start_call_main.h:59)
==747272== 
==747272== 48 bytes in 1 blocks are still reachable in loss record 90 of 278
==747272==    at 0x586E858: malloc (vg_replace_malloc.c:447)
==747272==    by 0x473EBAB: rboxc_gawk_r_getblock (in /root/rboxc/target/gawk-format-lifetime-candidate/release/rboxc)
==747272==    by 0x474C959: str_lookup (in /root/rboxc/target/gawk-format-lifetime-candidate/release/rboxc)
==747272==    by 0x472B6DE: update_PROCINFO_str.part.0 (in /root/rboxc/target/gawk-format-lifetime-candidate/release/rboxc)
==747272==    by 0x443F4D2: single_binary_main_gawk (in /root/rboxc/target/gawk-format-lifetime-candidate/release/rboxc)
==747272==    by 0x5A18600: (below main) (libc_start_call_main.h:59)
==747272== 
==747272== 48 bytes in 1 blocks are still reachable in loss record 91 of 278
==747272==    at 0x586E858: malloc (vg_replace_malloc.c:447)
==747272==    by 0x473EBAB: rboxc_gawk_r_getblock (in /root/rboxc/target/gawk-format-lifetime-candidate/release/rboxc)
==747272==    by 0x474C959: str_lookup (in /root/rboxc/target/gawk-format-lifetime-candidate/release/rboxc)
==747272==    by 0x472B6DE: update_PROCINFO_str.part.0 (in /root/rboxc/target/gawk-format-lifetime-candidate/release/rboxc)
==747272==    by 0x443F4E2: single_binary_main_gawk (in /root/rboxc/target/gawk-format-lifetime-candidate/release/rboxc)
==747272==    by 0x5A18600: (below main) (libc_start_call_main.h:59)
==747272== 
==747272== 48 bytes in 1 blocks are still reachable in loss record 92 of 278
==747272==    at 0x586E858: malloc (vg_replace_malloc.c:447)
==747272==    by 0x473EBAB: rboxc_gawk_r_getblock (in /root/rboxc/target/gawk-format-lifetime-candidate/release/rboxc)
==747272==    by 0x474C959: str_lookup (in /root/rboxc/target/gawk-format-lifetime-candidate/release/rboxc)
==747272==    by 0x472EB6A: rboxc_gawk_update_PROCINFO_num (in /root/rboxc/target/gawk-format-lifetime-candidate/release/rboxc)
==747272==    by 0x443F4FB: single_binary_main_gawk (in /root/rboxc/target/gawk-format-lifetime-candidate/release/rboxc)
==747272==    by 0x5A18600: (below main) (libc_start_call_main.h:59)
==747272== 
==747272== 48 bytes in 1 blocks are still reachable in loss record 93 of 278
==747272==    at 0x586E858: malloc (vg_replace_malloc.c:447)
==747272==    by 0x473EBAB: rboxc_gawk_r_getblock (in /root/rboxc/target/gawk-format-lifetime-candidate/release/rboxc)
==747272==    by 0x474C959: str_lookup (in /root/rboxc/target/gawk-format-lifetime-candidate/release/rboxc)
==747272==    by 0x472EB6A: rboxc_gawk_update_PROCINFO_num (in /root/rboxc/target/gawk-format-lifetime-candidate/release/rboxc)
==747272==    by 0x443F50D: single_binary_main_gawk (in /root/rboxc/target/gawk-format-lifetime-candidate/release/rboxc)
==747272==    by 0x5A18600: (below main) (libc_start_call_main.h:59)
==747272== 
==747272== 48 bytes in 1 blocks are still reachable in loss record 94 of 278
==747272==    at 0x586E858: malloc (vg_replace_malloc.c:447)
==747272==    by 0x473EBAB: rboxc_gawk_r_getblock (in /root/rboxc/target/gawk-format-lifetime-candidate/release/rboxc)
==747272==    by 0x474C959: str_lookup (in /root/rboxc/target/gawk-format-lifetime-candidate/release/rboxc)
==747272==    by 0x472EB6A: rboxc_gawk_update_PROCINFO_num (in /root/rboxc/target/gawk-format-lifetime-candidate/release/rboxc)
==747272==    by 0x443F524: single_binary_main_gawk (in /root/rboxc/target/gawk-format-lifetime-candidate/release/rboxc)
==747272==    by 0x5A18600: (below main) (libc_start_call_main.h:59)
==747272== 
==747272== 48 bytes in 1 blocks are still reachable in loss record 95 of 278
==747272==    at 0x586E858: malloc (vg_replace_malloc.c:447)
==747272==    by 0x473EBAB: rboxc_gawk_r_getblock (in /root/rboxc/target/gawk-format-lifetime-candidate/release/rboxc)
==747272==    by 0x474C959: str_lookup (in /root/rboxc/target/gawk-format-lifetime-candidate/release/rboxc)
==747272==    by 0x472EB6A: rboxc_gawk_update_PROCINFO_num (in /root/rboxc/target/gawk-format-lifetime-candidate/release/rboxc)
==747272==    by 0x443F53B: single_binary_main_gawk (in /root/rboxc/target/gawk-format-lifetime-candidate/release/rboxc)
==747272==    by 0x5A18600: (below main) (libc_start_call_main.h:59)
==747272== 
==747272== 48 bytes in 1 blocks are still reachable in loss record 96 of 278
==747272==    at 0x586E858: malloc (vg_replace_malloc.c:447)
==747272==    by 0x473EBAB: rboxc_gawk_r_getblock (in /root/rboxc/target/gawk-format-lifetime-candidate/release/rboxc)
==747272==    by 0x474C959: str_lookup (in /root/rboxc/target/gawk-format-lifetime-candidate/release/rboxc)
==747272==    by 0x472EB6A: rboxc_gawk_update_PROCINFO_num (in /root/rboxc/target/gawk-format-lifetime-candidate/release/rboxc)
==747272==    by 0x443F552: single_binary_main_gawk (in /root/rboxc/target/gawk-format-lifetime-candidate/release/rboxc)
==747272==    by 0x5A18600: (below main) (libc_start_call_main.h:59)
==747272== 
==747272== 48 bytes in 1 blocks are still reachable in loss record 97 of 278
==747272==    at 0x586E858: malloc (vg_replace_malloc.c:447)
==747272==    by 0x473EBAB: rboxc_gawk_r_getblock (in /root/rboxc/target/gawk-format-lifetime-candidate/release/rboxc)
==747272==    by 0x474C959: str_lookup (in /root/rboxc/target/gawk-format-lifetime-candidate/release/rboxc)
==747272==    by 0x472EB6A: rboxc_gawk_update_PROCINFO_num (in /root/rboxc/target/gawk-format-lifetime-candidate/release/rboxc)
==747272==    by 0x443F56C: single_binary_main_gawk (in /root/rboxc/target/gawk-format-lifetime-candidate/release/rboxc)
==747272==    by 0x5A18600: (below main) (libc_start_call_main.h:59)
==747272== 
==747272== 48 bytes in 1 blocks are still reachable in loss record 98 of 278
==747272==    at 0x586E858: malloc (vg_replace_malloc.c:447)
==747272==    by 0x473EBAB: rboxc_gawk_r_getblock (in /root/rboxc/target/gawk-format-lifetime-candidate/release/rboxc)
==747272==    by 0x474C959: str_lookup (in /root/rboxc/target/gawk-format-lifetime-candidate/release/rboxc)
==747272==    by 0x472EB6A: rboxc_gawk_update_PROCINFO_num (in /root/rboxc/target/gawk-format-lifetime-candidate/release/rboxc)
==747272==    by 0x443F586: single_binary_main_gawk (in /root/rboxc/target/gawk-format-lifetime-candidate/release/rboxc)
==747272==    by 0x5A18600: (below main) (libc_start_call_main.h:59)
==747272== 
==747272== 48 bytes in 1 blocks are still reachable in loss record 99 of 278
==747272==    at 0x586E858: malloc (vg_replace_malloc.c:447)
==747272==    by 0x473EBAB: rboxc_gawk_r_getblock (in /root/rboxc/target/gawk-format-lifetime-candidate/release/rboxc)
==747272==    by 0x474C959: str_lookup (in /root/rboxc/target/gawk-format-lifetime-candidate/release/rboxc)
==747272==    by 0x472EB6A: rboxc_gawk_update_PROCINFO_num (in /root/rboxc/target/gawk-format-lifetime-candidate/release/rboxc)
==747272==    by 0x443F5A0: single_binary_main_gawk (in /root/rboxc/target/gawk-format-lifetime-candidate/release/rboxc)
==747272==    by 0x5A18600: (below main) (libc_start_call_main.h:59)
==747272== 
==747272== 48 bytes in 1 blocks are still reachable in loss record 100 of 278
==747272==    at 0x586E858: malloc (vg_replace_malloc.c:447)
==747272==    by 0x473EBAB: rboxc_gawk_r_getblock (in /root/rboxc/target/gawk-format-lifetime-candidate/release/rboxc)
==747272==    by 0x474C959: str_lookup (in /root/rboxc/target/gawk-format-lifetime-candidate/release/rboxc)
==747272==    by 0x472EB6A: rboxc_gawk_update_PROCINFO_num (in /root/rboxc/target/gawk-format-lifetime-candidate/release/rboxc)
==747272==    by 0x443F5BA: single_binary_main_gawk (in /root/rboxc/target/gawk-format-lifetime-candidate/release/rboxc)
==747272==    by 0x5A18600: (below main) (libc_start_call_main.h:59)
==747272== 
==747272== 48 bytes in 1 blocks are still reachable in loss record 101 of 278
==747272==    at 0x586E858: malloc (vg_replace_malloc.c:447)
==747272==    by 0x473EBAB: rboxc_gawk_r_getblock (in /root/rboxc/target/gawk-format-lifetime-candidate/release/rboxc)
==747272==    by 0x474C959: str_lookup (in /root/rboxc/target/gawk-format-lifetime-candidate/release/rboxc)
==747272==    by 0x472B6DE: update_PROCINFO_str.part.0 (in /root/rboxc/target/gawk-format-lifetime-candidate/release/rboxc)
==747272==    by 0x443F5CC: single_binary_main_gawk (in /root/rboxc/target/gawk-format-lifetime-candidate/release/rboxc)
==747272==    by 0x5A18600: (below main) (libc_start_call_main.h:59)
==747272== 
==747272== 48 bytes in 1 blocks are still reachable in loss record 102 of 278
==747272==    at 0x586E858: malloc (vg_replace_malloc.c:447)
==747272==    by 0x473EBAB: rboxc_gawk_r_getblock (in /root/rboxc/target/gawk-format-lifetime-candidate/release/rboxc)
==747272==    by 0x474C959: str_lookup (in /root/rboxc/target/gawk-format-lifetime-candidate/release/rboxc)
==747272==    by 0x472B6DE: update_PROCINFO_str.part.0 (in /root/rboxc/target/gawk-format-lifetime-candidate/release/rboxc)
==747272==    by 0x443F758: single_binary_main_gawk (in /root/rboxc/target/gawk-format-lifetime-candidate/release/rboxc)
==747272==    by 0x5A18600: (below main) (libc_start_call_main.h:59)
==747272== 
==747272== 48 bytes in 1 blocks are still reachable in loss record 103 of 278
==747272==    at 0x586E858: malloc (vg_replace_malloc.c:447)
==747272==    by 0x473EBAB: rboxc_gawk_r_getblock (in /root/rboxc/target/gawk-format-lifetime-candidate/release/rboxc)
==747272==    by 0x474C959: str_lookup (in /root/rboxc/target/gawk-format-lifetime-candidate/release/rboxc)
==747272==    by 0x4435AE2: rboxc::applet_gawk::assoc_set (in /root/rboxc/target/gawk-format-lifetime-candidate/release/rboxc)
==747272==    by 0x443F87A: single_binary_main_gawk (in /root/rboxc/target/gawk-format-lifetime-candidate/release/rboxc)
==747272==    by 0x5A18600: (below main) (libc_start_call_main.h:59)
==747272== 
==747272== 48 bytes in 1 blocks are still reachable in loss record 104 of 278
==747272==    at 0x586E858: malloc (vg_replace_malloc.c:447)
==747272==    by 0x473EBAB: rboxc_gawk_r_getblock (in /root/rboxc/target/gawk-format-lifetime-candidate/release/rboxc)
==747272==    by 0x474C959: str_lookup (in /root/rboxc/target/gawk-format-lifetime-candidate/release/rboxc)
==747272==    by 0x474D16C: install (in /root/rboxc/target/gawk-format-lifetime-candidate/release/rboxc)
==747272==    by 0x443F92D: single_binary_main_gawk (in /root/rboxc/target/gawk-format-lifetime-candidate/release/rboxc)
==747272==    by 0x5A18600: (below main) (libc_start_call_main.h:59)
==747272== 
==747272== 48 bytes in 1 blocks are still reachable in loss record 105 of 278
==747272==    at 0x586E858: malloc (vg_replace_malloc.c:447)
==747272==    by 0x473EBAB: rboxc_gawk_r_getblock (in /root/rboxc/target/gawk-format-lifetime-candidate/release/rboxc)
==747272==    by 0x474C959: str_lookup (in /root/rboxc/target/gawk-format-lifetime-candidate/release/rboxc)
==747272==    by 0x474D16C: install (in /root/rboxc/target/gawk-format-lifetime-candidate/release/rboxc)
==747272==    by 0x443FF58: single_binary_main_gawk (in /root/rboxc/target/gawk-format-lifetime-candidate/release/rboxc)
==747272==    by 0x5A18600: (below main) (libc_start_call_main.h:59)
==747272== 
==747272== 48 bytes in 1 blocks are still reachable in loss record 106 of 278
==747272==    at 0x586E858: malloc (vg_replace_malloc.c:447)
==747272==    by 0x473EBAB: rboxc_gawk_r_getblock (in /root/rboxc/target/gawk-format-lifetime-candidate/release/rboxc)
==747272==    by 0x474C959: str_lookup (in /root/rboxc/target/gawk-format-lifetime-candidate/release/rboxc)
==747272==    by 0x474D16C: install (in /root/rboxc/target/gawk-format-lifetime-candidate/release/rboxc)
==747272==    by 0x4440233: single_binary_main_gawk (in /root/rboxc/target/gawk-format-lifetime-candidate/release/rboxc)
==747272==    by 0x5A18600: (below main) (libc_start_call_main.h:59)
==747272== 
==747272== 48 bytes in 1 blocks are still reachable in loss record 107 of 278
==747272==    at 0x586E858: malloc (vg_replace_malloc.c:447)
==747272==    by 0x46F697E: rboxc_gawk_parse_program (in /root/rboxc/target/gawk-format-lifetime-candidate/release/rboxc)
==747272==    by 0x44402A4: single_binary_main_gawk (in /root/rboxc/target/gawk-format-lifetime-candidate/release/rboxc)
==747272==    by 0x5A18600: (below main) (libc_start_call_main.h:59)
==747272== 
==747272== 48 bytes in 1 blocks are still reachable in loss record 108 of 278
==747272==    at 0x586E858: malloc (vg_replace_malloc.c:447)
==747272==    by 0x473EBAB: rboxc_gawk_r_getblock (in /root/rboxc/target/gawk-format-lifetime-candidate/release/rboxc)
==747272==    by 0x474C959: str_lookup (in /root/rboxc/target/gawk-format-lifetime-candidate/release/rboxc)
==747272==    by 0x474E0CA: rboxc_gawk_load_symbols (in /root/rboxc/target/gawk-format-lifetime-candidate/release/rboxc)
==747272==    by 0x444037C: single_binary_main_gawk (in /root/rboxc/target/gawk-format-lifetime-candidate/release/rboxc)
==747272==    by 0x5A18600: (below main) (libc_start_call_main.h:59)
==747272== 
==747272== 49 bytes in 14 blocks are still reachable in loss record 109 of 278
==747272==    at 0x586E858: malloc (vg_replace_malloc.c:447)
==747272==    by 0x473F017: rboxc_gawk_make_str_node (in /root/rboxc/target/gawk-format-lifetime-candidate/release/rboxc)
==747272==    by 0x443F2AA: single_binary_main_gawk (in /root/rboxc/target/gawk-format-lifetime-candidate/release/rboxc)
==747272==    by 0x5A18600: (below main) (libc_start_call_main.h:59)
==747272== 
==747272== 60 bytes in 1 blocks are still reachable in loss record 110 of 278
==747272==    at 0x586E858: malloc (vg_replace_malloc.c:447)
==747272==    by 0x46EAADC: tokexpand (in /root/rboxc/target/gawk-format-lifetime-candidate/release/rboxc)
==747272==    by 0x46F6C46: rboxc_gawk_parse_program (in /root/rboxc/target/gawk-format-lifetime-candidate/release/rboxc)
==747272==    by 0x44402A4: single_binary_main_gawk (in /root/rboxc/target/gawk-format-lifetime-candidate/release/rboxc)
==747272==    by 0x5A18600: (below main) (libc_start_call_main.h:59)
==747272== 
==747272== 64 bytes in 1 blocks are still reachable in loss record 111 of 278
==747272==    at 0x586E858: malloc (vg_replace_malloc.c:447)
==747272==    by 0x475D20A: compile.constprop.0 (in /root/rboxc/target/gawk-format-lifetime-candidate/release/rboxc)
==747272==    by 0x475FE38: rboxc_gawk_minrx_regncomp (in /root/rboxc/target/gawk-format-lifetime-candidate/release/rboxc)
==747272==    by 0x474A2BD: rboxc_gawk_make_regexp (in /root/rboxc/target/gawk-format-lifetime-candidate/release/rboxc)
==747272==    by 0x474B3F5: rboxc_gawk_re_update (in /root/rboxc/target/gawk-format-lifetime-candidate/release/rboxc)
==747272==    by 0x4706DEC: rboxc_gawk_do_match (in /root/rboxc/target/gawk-format-lifetime-candidate/release/rboxc)
==747272==    by 0x47262FC: rboxc_gawk_r_interpret (in /root/rboxc/target/gawk-format-lifetime-candidate/release/rboxc)
==747272==    by 0x4440403: single_binary_main_gawk (in /root/rboxc/target/gawk-format-lifetime-candidate/release/rboxc)
==747272==    by 0x5A18600: (below main) (libc_start_call_main.h:59)
==747272== 
==747272== 64 bytes in 1 blocks are still reachable in loss record 112 of 278
==747272==    at 0x586E858: malloc (vg_replace_malloc.c:447)
==747272==    by 0x475D20A: compile.constprop.0 (in /root/rboxc/target/gawk-format-lifetime-candidate/release/rboxc)
==747272==    by 0x475FE38: rboxc_gawk_minrx_regncomp (in /root/rboxc/target/gawk-format-lifetime-candidate/release/rboxc)
==747272==    by 0x474A2BD: rboxc_gawk_make_regexp (in /root/rboxc/target/gawk-format-lifetime-candidate/release/rboxc)
==747272==    by 0x474B3F5: rboxc_gawk_re_update (in /root/rboxc/target/gawk-format-lifetime-candidate/release/rboxc)
==747272==    by 0x46FF11A: rboxc_gawk_do_sub (in /root/rboxc/target/gawk-format-lifetime-candidate/release/rboxc)
==747272==    by 0x47263C1: rboxc_gawk_r_interpret (in /root/rboxc/target/gawk-format-lifetime-candidate/release/rboxc)
==747272==    by 0x4440403: single_binary_main_gawk (in /root/rboxc/target/gawk-format-lifetime-candidate/release/rboxc)
==747272==    by 0x5A18600: (below main) (libc_start_call_main.h:59)
==747272== 
==747272== 64 bytes in 1 blocks are still reachable in loss record 113 of 278
==747272==    at 0x586E858: malloc (vg_replace_malloc.c:447)
==747272==    by 0x475D20A: compile.constprop.0 (in /root/rboxc/target/gawk-format-lifetime-candidate/release/rboxc)
==747272==    by 0x475FE38: rboxc_gawk_minrx_regncomp (in /root/rboxc/target/gawk-format-lifetime-candidate/release/rboxc)
==747272==    by 0x474A2BD: rboxc_gawk_make_regexp (in /root/rboxc/target/gawk-format-lifetime-candidate/release/rboxc)
==747272==    by 0x474B3F5: rboxc_gawk_re_update (in /root/rboxc/target/gawk-format-lifetime-candidate/release/rboxc)
==747272==    by 0x46FF0E2: rboxc_gawk_do_sub (in /root/rboxc/target/gawk-format-lifetime-candidate/release/rboxc)
==747272==    by 0x47263C1: rboxc_gawk_r_interpret (in /root/rboxc/target/gawk-format-lifetime-candidate/release/rboxc)
==747272==    by 0x4440403: single_binary_main_gawk (in /root/rboxc/target/gawk-format-lifetime-candidate/release/rboxc)
==747272==    by 0x5A18600: (below main) (libc_start_call_main.h:59)
==747272== 
==747272== 64 bytes in 1 blocks are still reachable in loss record 114 of 278
==747272==    at 0x586E858: malloc (vg_replace_malloc.c:447)
==747272==    by 0x475D20A: compile.constprop.0 (in /root/rboxc/target/gawk-format-lifetime-candidate/release/rboxc)
==747272==    by 0x475FE38: rboxc_gawk_minrx_regncomp (in /root/rboxc/target/gawk-format-lifetime-candidate/release/rboxc)
==747272==    by 0x474A2BD: rboxc_gawk_make_regexp (in /root/rboxc/target/gawk-format-lifetime-candidate/release/rboxc)
==747272==    by 0x474B3F5: rboxc_gawk_re_update (in /root/rboxc/target/gawk-format-lifetime-candidate/release/rboxc)
==747272==    by 0x46FEF56: rboxc_gawk_do_sub (in /root/rboxc/target/gawk-format-lifetime-candidate/release/rboxc)
==747272==    by 0x47263C1: rboxc_gawk_r_interpret (in /root/rboxc/target/gawk-format-lifetime-candidate/release/rboxc)
==747272==    by 0x4440403: single_binary_main_gawk (in /root/rboxc/target/gawk-format-lifetime-candidate/release/rboxc)
==747272==    by 0x5A18600: (below main) (libc_start_call_main.h:59)
==747272== 
==747272== 64 bytes in 1 blocks are still reachable in loss record 115 of 278
==747272==    at 0x586E858: malloc (vg_replace_malloc.c:447)
==747272==    by 0x475963D: csets_emplace_back (in /root/rboxc/target/gawk-format-lifetime-candidate/release/rboxc)
==747272==    by 0x475B5DA: rep (in /root/rboxc/target/gawk-format-lifetime-candidate/release/rboxc)
==747272==    by 0x475C400: cat (in /root/rboxc/target/gawk-format-lifetime-candidate/release/rboxc)
==747272==    by 0x475C568: alt (in /root/rboxc/target/gawk-format-lifetime-candidate/release/rboxc)
==747272==    by 0x475CEB0: compile.constprop.0 (in /root/rboxc/target/gawk-format-lifetime-candidate/release/rboxc)
==747272==    by 0x475FE38: rboxc_gawk_minrx_regncomp (in /root/rboxc/target/gawk-format-lifetime-candidate/release/rboxc)
==747272==    by 0x474A2BD: rboxc_gawk_make_regexp (in /root/rboxc/target/gawk-format-lifetime-candidate/release/rboxc)
==747272==    by 0x474B3F5: rboxc_gawk_re_update (in /root/rboxc/target/gawk-format-lifetime-candidate/release/rboxc)
==747272==    by 0x472DC1F: rboxc_gawk_do_patsplit (in /root/rboxc/target/gawk-format-lifetime-candidate/release/rboxc)
==747272==    by 0x47262FC: rboxc_gawk_r_interpret (in /root/rboxc/target/gawk-format-lifetime-candidate/release/rboxc)
==747272==    by 0x4440403: single_binary_main_gawk (in /root/rboxc/target/gawk-format-lifetime-candidate/release/rboxc)
==747272== 
==747272== 64 bytes in 1 blocks are still reachable in loss record 116 of 278
==747272==    at 0x586E858: malloc (vg_replace_malloc.c:447)
==747272==    by 0x475D20A: compile.constprop.0 (in /root/rboxc/target/gawk-format-lifetime-candidate/release/rboxc)
==747272==    by 0x475FE38: rboxc_gawk_minrx_regncomp (in /root/rboxc/target/gawk-format-lifetime-candidate/release/rboxc)
==747272==    by 0x474A2BD: rboxc_gawk_make_regexp (in /root/rboxc/target/gawk-format-lifetime-candidate/release/rboxc)
==747272==    by 0x474B3F5: rboxc_gawk_re_update (in /root/rboxc/target/gawk-format-lifetime-candidate/release/rboxc)
==747272==    by 0x472DC1F: rboxc_gawk_do_patsplit (in /root/rboxc/target/gawk-format-lifetime-candidate/release/rboxc)
==747272==    by 0x47262FC: rboxc_gawk_r_interpret (in /root/rboxc/target/gawk-format-lifetime-candidate/release/rboxc)
==747272==    by 0x4440403: single_binary_main_gawk (in /root/rboxc/target/gawk-format-lifetime-candidate/release/rboxc)
==747272==    by 0x5A18600: (below main) (libc_start_call_main.h:59)
==747272== 
==747272== 80 bytes in 1 blocks are still reachable in loss record 117 of 278
==747272==    at 0x586E858: malloc (vg_replace_malloc.c:447)
==747272==    by 0x4758441: add_range_to_set (in /root/rboxc/target/gawk-format-lifetime-candidate/release/rboxc)
==747272==    by 0x475899F: charset_finalize (in /root/rboxc/target/gawk-format-lifetime-candidate/release/rboxc)
==747272==    by 0x475DA09: compile.constprop.0 (in /root/rboxc/target/gawk-format-lifetime-candidate/release/rboxc)
==747272==    by 0x475FE38: rboxc_gawk_minrx_regncomp (in /root/rboxc/target/gawk-format-lifetime-candidate/release/rboxc)
==747272==    by 0x474A2BD: rboxc_gawk_make_regexp (in /root/rboxc/target/gawk-format-lifetime-candidate/release/rboxc)
==747272==    by 0x474B3F5: rboxc_gawk_re_update (in /root/rboxc/target/gawk-format-lifetime-candidate/release/rboxc)
==747272==    by 0x4706DEC: rboxc_gawk_do_match (in /root/rboxc/target/gawk-format-lifetime-candidate/release/rboxc)
==747272==    by 0x47262FC: rboxc_gawk_r_interpret (in /root/rboxc/target/gawk-format-lifetime-candidate/release/rboxc)
==747272==    by 0x4440403: single_binary_main_gawk (in /root/rboxc/target/gawk-format-lifetime-candidate/release/rboxc)
==747272==    by 0x5A18600: (below main) (libc_start_call_main.h:59)
==747272== 
==747272== 80 bytes in 1 blocks are still reachable in loss record 118 of 278
==747272==    at 0x586E858: malloc (vg_replace_malloc.c:447)
==747272==    by 0x4758441: add_range_to_set (in /root/rboxc/target/gawk-format-lifetime-candidate/release/rboxc)
==747272==    by 0x475899F: charset_finalize (in /root/rboxc/target/gawk-format-lifetime-candidate/release/rboxc)
==747272==    by 0x475DA09: compile.constprop.0 (in /root/rboxc/target/gawk-format-lifetime-candidate/release/rboxc)
==747272==    by 0x475FE38: rboxc_gawk_minrx_regncomp (in /root/rboxc/target/gawk-format-lifetime-candidate/release/rboxc)
==747272==    by 0x474A2BD: rboxc_gawk_make_regexp (in /root/rboxc/target/gawk-format-lifetime-candidate/release/rboxc)
==747272==    by 0x474B3F5: rboxc_gawk_re_update (in /root/rboxc/target/gawk-format-lifetime-candidate/release/rboxc)
==747272==    by 0x46FF11A: rboxc_gawk_do_sub (in /root/rboxc/target/gawk-format-lifetime-candidate/release/rboxc)
==747272==    by 0x47263C1: rboxc_gawk_r_interpret (in /root/rboxc/target/gawk-format-lifetime-candidate/release/rboxc)
==747272==    by 0x4440403: single_binary_main_gawk (in /root/rboxc/target/gawk-format-lifetime-candidate/release/rboxc)
==747272==    by 0x5A18600: (below main) (libc_start_call_main.h:59)
==747272== 
==747272== 80 bytes in 1 blocks are still reachable in loss record 119 of 278
==747272==    at 0x586E858: malloc (vg_replace_malloc.c:447)
==747272==    by 0x4758441: add_range_to_set (in /root/rboxc/target/gawk-format-lifetime-candidate/release/rboxc)
==747272==    by 0x475899F: charset_finalize (in /root/rboxc/target/gawk-format-lifetime-candidate/release/rboxc)
==747272==    by 0x475DA09: compile.constprop.0 (in /root/rboxc/target/gawk-format-lifetime-candidate/release/rboxc)
==747272==    by 0x475FE38: rboxc_gawk_minrx_regncomp (in /root/rboxc/target/gawk-format-lifetime-candidate/release/rboxc)
==747272==    by 0x474A2BD: rboxc_gawk_make_regexp (in /root/rboxc/target/gawk-format-lifetime-candidate/release/rboxc)
==747272==    by 0x474B3F5: rboxc_gawk_re_update (in /root/rboxc/target/gawk-format-lifetime-candidate/release/rboxc)
==747272==    by 0x46FF0E2: rboxc_gawk_do_sub (in /root/rboxc/target/gawk-format-lifetime-candidate/release/rboxc)
==747272==    by 0x47263C1: rboxc_gawk_r_interpret (in /root/rboxc/target/gawk-format-lifetime-candidate/release/rboxc)
==747272==    by 0x4440403: single_binary_main_gawk (in /root/rboxc/target/gawk-format-lifetime-candidate/release/rboxc)
==747272==    by 0x5A18600: (below main) (libc_start_call_main.h:59)
==747272== 
==747272== 80 bytes in 1 blocks are still reachable in loss record 120 of 278
==747272==    at 0x586E858: malloc (vg_replace_malloc.c:447)
==747272==    by 0x4758441: add_range_to_set (in /root/rboxc/target/gawk-format-lifetime-candidate/release/rboxc)
==747272==    by 0x475899F: charset_finalize (in /root/rboxc/target/gawk-format-lifetime-candidate/release/rboxc)
==747272==    by 0x475DA09: compile.constprop.0 (in /root/rboxc/target/gawk-format-lifetime-candidate/release/rboxc)
==747272==    by 0x475FE38: rboxc_gawk_minrx_regncomp (in /root/rboxc/target/gawk-format-lifetime-candidate/release/rboxc)
==747272==    by 0x474A2BD: rboxc_gawk_make_regexp (in /root/rboxc/target/gawk-format-lifetime-candidate/release/rboxc)
==747272==    by 0x474B3F5: rboxc_gawk_re_update (in /root/rboxc/target/gawk-format-lifetime-candidate/release/rboxc)
==747272==    by 0x46FEF56: rboxc_gawk_do_sub (in /root/rboxc/target/gawk-format-lifetime-candidate/release/rboxc)
==747272==    by 0x47263C1: rboxc_gawk_r_interpret (in /root/rboxc/target/gawk-format-lifetime-candidate/release/rboxc)
==747272==    by 0x4440403: single_binary_main_gawk (in /root/rboxc/target/gawk-format-lifetime-candidate/release/rboxc)
==747272==    by 0x5A18600: (below main) (libc_start_call_main.h:59)
==747272== 
==747272== 80 bytes in 1 blocks are still reachable in loss record 121 of 278
==747272==    at 0x586E858: malloc (vg_replace_malloc.c:447)
==747272==    by 0x4758441: add_range_to_set (in /root/rboxc/target/gawk-format-lifetime-candidate/release/rboxc)
==747272==    by 0x475A970: cset_parse.isra.0 (in /root/rboxc/target/gawk-format-lifetime-candidate/release/rboxc)
==747272==    by 0x475B5FC: rep (in /root/rboxc/target/gawk-format-lifetime-candidate/release/rboxc)
==747272==    by 0x475C400: cat (in /root/rboxc/target/gawk-format-lifetime-candidate/release/rboxc)
==747272==    by 0x475C568: alt (in /root/rboxc/target/gawk-format-lifetime-candidate/release/rboxc)
==747272==    by 0x475CEB0: compile.constprop.0 (in /root/rboxc/target/gawk-format-lifetime-candidate/release/rboxc)
==747272==    by 0x475FE38: rboxc_gawk_minrx_regncomp (in /root/rboxc/target/gawk-format-lifetime-candidate/release/rboxc)
==747272==    by 0x474A2BD: rboxc_gawk_make_regexp (in /root/rboxc/target/gawk-format-lifetime-candidate/release/rboxc)
==747272==    by 0x474B3F5: rboxc_gawk_re_update (in /root/rboxc/target/gawk-format-lifetime-candidate/release/rboxc)
==747272==    by 0x472DC1F: rboxc_gawk_do_patsplit (in /root/rboxc/target/gawk-format-lifetime-candidate/release/rboxc)
==747272==    by 0x47262FC: rboxc_gawk_r_interpret (in /root/rboxc/target/gawk-format-lifetime-candidate/release/rboxc)
==747272== 
==747272== 80 bytes in 2 blocks are still reachable in loss record 122 of 278
==747272==    at 0x586E858: malloc (vg_replace_malloc.c:447)
==747272==    by 0x4758359: add_char_to_set (in /root/rboxc/target/gawk-format-lifetime-candidate/release/rboxc)
==747272==    by 0x4758F22: charset_add_char.part.0 (in /root/rboxc/target/gawk-format-lifetime-candidate/release/rboxc)
==747272==    by 0x475D277: compile.constprop.0 (in /root/rboxc/target/gawk-format-lifetime-candidate/release/rboxc)
==747272==    by 0x475FE38: rboxc_gawk_minrx_regncomp (in /root/rboxc/target/gawk-format-lifetime-candidate/release/rboxc)
==747272==    by 0x474A2BD: rboxc_gawk_make_regexp (in /root/rboxc/target/gawk-format-lifetime-candidate/release/rboxc)
==747272==    by 0x474B3F5: rboxc_gawk_re_update (in /root/rboxc/target/gawk-format-lifetime-candidate/release/rboxc)
==747272==    by 0x47246C7: rboxc_gawk_r_interpret (in /root/rboxc/target/gawk-format-lifetime-candidate/release/rboxc)
==747272==    by 0x4440403: single_binary_main_gawk (in /root/rboxc/target/gawk-format-lifetime-candidate/release/rboxc)
==747272==    by 0x5A18600: (below main) (libc_start_call_main.h:59)
==747272== 
==747272== 86 bytes in 7 blocks are still reachable in loss record 123 of 278
==747272==    at 0x586E858: malloc (vg_replace_malloc.c:447)
==747272==    by 0x44390B0: rboxc_gawk_estrdup (in /root/rboxc/target/gawk-format-lifetime-candidate/release/rboxc)
==747272==    by 0x46F34CA: rboxc_gawk_yyparse (in /root/rboxc/target/gawk-format-lifetime-candidate/release/rboxc)
==747272==    by 0x46F639A: rboxc_gawk_parse_program (in /root/rboxc/target/gawk-format-lifetime-candidate/release/rboxc)
==747272==    by 0x44402A4: single_binary_main_gawk (in /root/rboxc/target/gawk-format-lifetime-candidate/release/rboxc)
==747272==    by 0x5A18600: (below main) (libc_start_call_main.h:59)
==747272== 
==747272== 86 bytes in 7 blocks are still reachable in loss record 124 of 278
==747272==    at 0x586E858: malloc (vg_replace_malloc.c:447)
==747272==    by 0x473F017: rboxc_gawk_make_str_node (in /root/rboxc/target/gawk-format-lifetime-candidate/release/rboxc)
==747272==    by 0x474D135: install (in /root/rboxc/target/gawk-format-lifetime-candidate/release/rboxc)
==747272==    by 0x46F3ED4: rboxc_gawk_yyparse (in /root/rboxc/target/gawk-format-lifetime-candidate/release/rboxc)
==747272==    by 0x46F639A: rboxc_gawk_parse_program (in /root/rboxc/target/gawk-format-lifetime-candidate/release/rboxc)
==747272==    by 0x44402A4: single_binary_main_gawk (in /root/rboxc/target/gawk-format-lifetime-candidate/release/rboxc)
==747272==    by 0x5A18600: (below main) (libc_start_call_main.h:59)
==747272== 
==747272== 88 bytes in 1 blocks are still reachable in loss record 125 of 278
==747272==    at 0x586E858: malloc (vg_replace_malloc.c:447)
==747272==    by 0x473EBAB: rboxc_gawk_r_getblock (in /root/rboxc/target/gawk-format-lifetime-candidate/release/rboxc)
==747272==    by 0x473EF81: rboxc_gawk_make_str_node (in /root/rboxc/target/gawk-format-lifetime-candidate/release/rboxc)
==747272==    by 0x443E47C: single_binary_main_gawk (in /root/rboxc/target/gawk-format-lifetime-candidate/release/rboxc)
==747272==    by 0x5A18600: (below main) (libc_start_call_main.h:59)
==747272== 
==747272== 88 bytes in 1 blocks are still reachable in loss record 126 of 278
==747272==    at 0x586E858: malloc (vg_replace_malloc.c:447)
==747272==    by 0x473EBAB: rboxc_gawk_r_getblock (in /root/rboxc/target/gawk-format-lifetime-candidate/release/rboxc)
==747272==    by 0x474D3A7: init_the_tables (in /root/rboxc/target/gawk-format-lifetime-candidate/release/rboxc)
==747272==    by 0x443E550: single_binary_main_gawk (in /root/rboxc/target/gawk-format-lifetime-candidate/release/rboxc)
==747272==    by 0x5A18600: (below main) (libc_start_call_main.h:59)
==747272== 
==747272== 88 bytes in 1 blocks are still reachable in loss record 127 of 278
==747272==    at 0x586E858: malloc (vg_replace_malloc.c:447)
==747272==    by 0x473EBAB: rboxc_gawk_r_getblock (in /root/rboxc/target/gawk-format-lifetime-candidate/release/rboxc)
==747272==    by 0x474D3E8: init_the_tables (in /root/rboxc/target/gawk-format-lifetime-candidate/release/rboxc)
==747272==    by 0x443E550: single_binary_main_gawk (in /root/rboxc/target/gawk-format-lifetime-candidate/release/rboxc)
==747272==    by 0x5A18600: (below main) (libc_start_call_main.h:59)
==747272== 
==747272== 88 bytes in 1 blocks are still reachable in loss record 128 of 278
==747272==    at 0x586E858: malloc (vg_replace_malloc.c:447)
==747272==    by 0x473EBAB: rboxc_gawk_r_getblock (in /root/rboxc/target/gawk-format-lifetime-candidate/release/rboxc)
==747272==    by 0x473EF81: rboxc_gawk_make_str_node (in /root/rboxc/target/gawk-format-lifetime-candidate/release/rboxc)
==747272==    by 0x474D135: install (in /root/rboxc/target/gawk-format-lifetime-candidate/release/rboxc)
==747272==    by 0x474D449: init_the_tables (in /root/rboxc/target/gawk-format-lifetime-candidate/release/rboxc)
==747272==    by 0x443E550: single_binary_main_gawk (in /root/rboxc/target/gawk-format-lifetime-candidate/release/rboxc)
==747272==    by 0x5A18600: (below main) (libc_start_call_main.h:59)
==747272== 
==747272== 88 bytes in 1 blocks are still reachable in loss record 129 of 278
==747272==    at 0x586E858: malloc (vg_replace_malloc.c:447)
==747272==    by 0x473EBAB: rboxc_gawk_r_getblock (in /root/rboxc/target/gawk-format-lifetime-candidate/release/rboxc)
==747272==    by 0x474D213: install (in /root/rboxc/target/gawk-format-lifetime-candidate/release/rboxc)
==747272==    by 0x474D449: init_the_tables (in /root/rboxc/target/gawk-format-lifetime-candidate/release/rboxc)
==747272==    by 0x443E550: single_binary_main_gawk (in /root/rboxc/target/gawk-format-lifetime-candidate/release/rboxc)
==747272==    by 0x5A18600: (below main) (libc_start_call_main.h:59)
==747272== 
==747272== 88 bytes in 1 blocks are still reachable in loss record 130 of 278
==747272==    at 0x586E858: malloc (vg_replace_malloc.c:447)
==747272==    by 0x473EBAB: rboxc_gawk_r_getblock (in /root/rboxc/target/gawk-format-lifetime-candidate/release/rboxc)
==747272==    by 0x473EF81: rboxc_gawk_make_str_node (in /root/rboxc/target/gawk-format-lifetime-candidate/release/rboxc)
==747272==    by 0x474D135: install (in /root/rboxc/target/gawk-format-lifetime-candidate/release/rboxc)
==747272==    by 0x474D470: init_the_tables (in /root/rboxc/target/gawk-format-lifetime-candidate/release/rboxc)
==747272==    by 0x443E550: single_binary_main_gawk (in /root/rboxc/target/gawk-format-lifetime-candidate/release/rboxc)
==747272==    by 0x5A18600: (below main) (libc_start_call_main.h:59)
==747272== 
==747272== 88 bytes in 1 blocks are still reachable in loss record 131 of 278
==747272==    at 0x586E858: malloc (vg_replace_malloc.c:447)
==747272==    by 0x473EBAB: rboxc_gawk_r_getblock (in /root/rboxc/target/gawk-format-lifetime-candidate/release/rboxc)
==747272==    by 0x474D213: install (in /root/rboxc/target/gawk-format-lifetime-candidate/release/rboxc)
==747272==    by 0x474D470: init_the_tables (in /root/rboxc/target/gawk-format-lifetime-candidate/release/rboxc)
==747272==    by 0x443E550: single_binary_main_gawk (in /root/rboxc/target/gawk-format-lifetime-candidate/release/rboxc)
==747272==    by 0x5A18600: (below main) (libc_start_call_main.h:59)
==747272== 
==747272== 88 bytes in 1 blocks are still reachable in loss record 132 of 278
==747272==    at 0x586E858: malloc (vg_replace_malloc.c:447)
==747272==    by 0x473EBAB: rboxc_gawk_r_getblock (in /root/rboxc/target/gawk-format-lifetime-candidate/release/rboxc)
==747272==    by 0x473EF81: rboxc_gawk_make_str_node (in /root/rboxc/target/gawk-format-lifetime-candidate/release/rboxc)
==747272==    by 0x474D135: install (in /root/rboxc/target/gawk-format-lifetime-candidate/release/rboxc)
==747272==    by 0x443F4A1: single_binary_main_gawk (in /root/rboxc/target/gawk-format-lifetime-candidate/release/rboxc)
==747272==    by 0x5A18600: (below main) (libc_start_call_main.h:59)
==747272== 
==747272== 88 bytes in 1 blocks are still reachable in loss record 133 of 278
==747272==    at 0x586E858: malloc (vg_replace_malloc.c:447)
==747272==    by 0x473EBAB: rboxc_gawk_r_getblock (in /root/rboxc/target/gawk-format-lifetime-candidate/release/rboxc)
==747272==    by 0x474D213: install (in /root/rboxc/target/gawk-format-lifetime-candidate/release/rboxc)
==747272==    by 0x443F4A1: single_binary_main_gawk (in /root/rboxc/target/gawk-format-lifetime-candidate/release/rboxc)
==747272==    by 0x5A18600: (below main) (libc_start_call_main.h:59)
==747272== 
==747272== 88 bytes in 1 blocks are still reachable in loss record 134 of 278
==747272==    at 0x586E858: malloc (vg_replace_malloc.c:447)
==747272==    by 0x473EBAB: rboxc_gawk_r_getblock (in /root/rboxc/target/gawk-format-lifetime-candidate/release/rboxc)
==747272==    by 0x473EF81: rboxc_gawk_make_str_node (in /root/rboxc/target/gawk-format-lifetime-candidate/release/rboxc)
==747272==    by 0x472B6AF: update_PROCINFO_str.part.0 (in /root/rboxc/target/gawk-format-lifetime-candidate/release/rboxc)
==747272==    by 0x443F4C2: single_binary_main_gawk (in /root/rboxc/target/gawk-format-lifetime-candidate/release/rboxc)
==747272==    by 0x5A18600: (below main) (libc_start_call_main.h:59)
==747272== 
==747272== 88 bytes in 1 blocks are still reachable in loss record 135 of 278
==747272==    at 0x586E858: malloc (vg_replace_malloc.c:447)
==747272==    by 0x473EBAB: rboxc_gawk_r_getblock (in /root/rboxc/target/gawk-format-lifetime-candidate/release/rboxc)
==747272==    by 0x473EF81: rboxc_gawk_make_str_node (in /root/rboxc/target/gawk-format-lifetime-candidate/release/rboxc)
==747272==    by 0x472B6C7: update_PROCINFO_str.part.0 (in /root/rboxc/target/gawk-format-lifetime-candidate/release/rboxc)
==747272==    by 0x443F4C2: single_binary_main_gawk (in /root/rboxc/target/gawk-format-lifetime-candidate/release/rboxc)
==747272==    by 0x5A18600: (below main) (libc_start_call_main.h:59)
==747272== 
==747272== 88 bytes in 1 blocks are still reachable in loss record 136 of 278
==747272==    at 0x586E858: malloc (vg_replace_malloc.c:447)
==747272==    by 0x473EBAB: rboxc_gawk_r_getblock (in /root/rboxc/target/gawk-format-lifetime-candidate/release/rboxc)
==747272==    by 0x473EF81: rboxc_gawk_make_str_node (in /root/rboxc/target/gawk-format-lifetime-candidate/release/rboxc)
==747272==    by 0x472B6AF: update_PROCINFO_str.part.0 (in /root/rboxc/target/gawk-format-lifetime-candidate/release/rboxc)
==747272==    by 0x443F4D2: single_binary_main_gawk (in /root/rboxc/target/gawk-format-lifetime-candidate/release/rboxc)
==747272==    by 0x5A18600: (below main) (libc_start_call_main.h:59)
==747272== 
==747272== 88 bytes in 1 blocks are still reachable in loss record 137 of 278
==747272==    at 0x586E858: malloc (vg_replace_malloc.c:447)
==747272==    by 0x473EBAB: rboxc_gawk_r_getblock (in /root/rboxc/target/gawk-format-lifetime-candidate/release/rboxc)
==747272==    by 0x473EF81: rboxc_gawk_make_str_node (in /root/rboxc/target/gawk-format-lifetime-candidate/release/rboxc)
==747272==    by 0x472B6C7: update_PROCINFO_str.part.0 (in /root/rboxc/target/gawk-format-lifetime-candidate/release/rboxc)
==747272==    by 0x443F4D2: single_binary_main_gawk (in /root/rboxc/target/gawk-format-lifetime-candidate/release/rboxc)
==747272==    by 0x5A18600: (below main) (libc_start_call_main.h:59)
==747272== 
==747272== 88 bytes in 1 blocks are still reachable in loss record 138 of 278
==747272==    at 0x586E858: malloc (vg_replace_malloc.c:447)
==747272==    by 0x473EBAB: rboxc_gawk_r_getblock (in /root/rboxc/target/gawk-format-lifetime-candidate/release/rboxc)
==747272==    by 0x473EF81: rboxc_gawk_make_str_node (in /root/rboxc/target/gawk-format-lifetime-candidate/release/rboxc)
==747272==    by 0x472B6AF: update_PROCINFO_str.part.0 (in /root/rboxc/target/gawk-format-lifetime-candidate/release/rboxc)
==747272==    by 0x443F4E2: single_binary_main_gawk (in /root/rboxc/target/gawk-format-lifetime-candidate/release/rboxc)
==747272==    by 0x5A18600: (below main) (libc_start_call_main.h:59)
==747272== 
==747272== 88 bytes in 1 blocks are still reachable in loss record 139 of 278
==747272==    at 0x586E858: malloc (vg_replace_malloc.c:447)
==747272==    by 0x473EBAB: rboxc_gawk_r_getblock (in /root/rboxc/target/gawk-format-lifetime-candidate/release/rboxc)
==747272==    by 0x473EF81: rboxc_gawk_make_str_node (in /root/rboxc/target/gawk-format-lifetime-candidate/release/rboxc)
==747272==    by 0x472B6C7: update_PROCINFO_str.part.0 (in /root/rboxc/target/gawk-format-lifetime-candidate/release/rboxc)
==747272==    by 0x443F4E2: single_binary_main_gawk (in /root/rboxc/target/gawk-format-lifetime-candidate/release/rboxc)
==747272==    by 0x5A18600: (below main) (libc_start_call_main.h:59)
==747272== 
==747272== 88 bytes in 1 blocks are still reachable in loss record 140 of 278
==747272==    at 0x586E858: malloc (vg_replace_malloc.c:447)
==747272==    by 0x473EBAB: rboxc_gawk_r_getblock (in /root/rboxc/target/gawk-format-lifetime-candidate/release/rboxc)
==747272==    by 0x473EF81: rboxc_gawk_make_str_node (in /root/rboxc/target/gawk-format-lifetime-candidate/release/rboxc)
==747272==    by 0x472EB44: rboxc_gawk_update_PROCINFO_num (in /root/rboxc/target/gawk-format-lifetime-candidate/release/rboxc)
==747272==    by 0x443F4FB: single_binary_main_gawk (in /root/rboxc/target/gawk-format-lifetime-candidate/release/rboxc)
==747272==    by 0x5A18600: (below main) (libc_start_call_main.h:59)
==747272== 
==747272== 88 bytes in 1 blocks are still reachable in loss record 141 of 278
==747272==    at 0x586E858: malloc (vg_replace_malloc.c:447)
==747272==    by 0x473EBAB: rboxc_gawk_r_getblock (in /root/rboxc/target/gawk-format-lifetime-candidate/release/rboxc)
==747272==    by 0x473F4F0: r_make_number (in /root/rboxc/target/gawk-format-lifetime-candidate/release/rboxc)
==747272==    by 0x472EB53: rboxc_gawk_update_PROCINFO_num (in /root/rboxc/target/gawk-format-lifetime-candidate/release/rboxc)
==747272==    by 0x443F4FB: single_binary_main_gawk (in /root/rboxc/target/gawk-format-lifetime-candidate/release/rboxc)
==747272==    by 0x5A18600: (below main) (libc_start_call_main.h:59)
==747272== 
==747272== 88 bytes in 1 blocks are still reachable in loss record 142 of 278
==747272==    at 0x586E858: malloc (vg_replace_malloc.c:447)
==747272==    by 0x473EBAB: rboxc_gawk_r_getblock (in /root/rboxc/target/gawk-format-lifetime-candidate/release/rboxc)
==747272==    by 0x473EF81: rboxc_gawk_make_str_node (in /root/rboxc/target/gawk-format-lifetime-candidate/release/rboxc)
==747272==    by 0x472EB44: rboxc_gawk_update_PROCINFO_num (in /root/rboxc/target/gawk-format-lifetime-candidate/release/rboxc)
==747272==    by 0x443F50D: single_binary_main_gawk (in /root/rboxc/target/gawk-format-lifetime-candidate/release/rboxc)
==747272==    by 0x5A18600: (below main) (libc_start_call_main.h:59)
==747272== 
==747272== 88 bytes in 1 blocks are still reachable in loss record 143 of 278
==747272==    at 0x586E858: malloc (vg_replace_malloc.c:447)
==747272==    by 0x473EBAB: rboxc_gawk_r_getblock (in /root/rboxc/target/gawk-format-lifetime-candidate/release/rboxc)
==747272==    by 0x473F4F0: r_make_number (in /root/rboxc/target/gawk-format-lifetime-candidate/release/rboxc)
==747272==    by 0x472EB53: rboxc_gawk_update_PROCINFO_num (in /root/rboxc/target/gawk-format-lifetime-candidate/release/rboxc)
==747272==    by 0x443F50D: single_binary_main_gawk (in /root/rboxc/target/gawk-format-lifetime-candidate/release/rboxc)
==747272==    by 0x5A18600: (below main) (libc_start_call_main.h:59)
==747272== 
==747272== 88 bytes in 1 blocks are still reachable in loss record 144 of 278
==747272==    at 0x586E858: malloc (vg_replace_malloc.c:447)
==747272==    by 0x473EBAB: rboxc_gawk_r_getblock (in /root/rboxc/target/gawk-format-lifetime-candidate/release/rboxc)
==747272==    by 0x473EF81: rboxc_gawk_make_str_node (in /root/rboxc/target/gawk-format-lifetime-candidate/release/rboxc)
==747272==    by 0x472EB44: rboxc_gawk_update_PROCINFO_num (in /root/rboxc/target/gawk-format-lifetime-candidate/release/rboxc)
==747272==    by 0x443F524: single_binary_main_gawk (in /root/rboxc/target/gawk-format-lifetime-candidate/release/rboxc)
==747272==    by 0x5A18600: (below main) (libc_start_call_main.h:59)
==747272== 
==747272== 88 bytes in 1 blocks are still reachable in loss record 145 of 278
==747272==    at 0x586E858: malloc (vg_replace_malloc.c:447)
==747272==    by 0x473EBAB: rboxc_gawk_r_getblock (in /root/rboxc/target/gawk-format-lifetime-candidate/release/rboxc)
==747272==    by 0x473F4F0: r_make_number (in /root/rboxc/target/gawk-format-lifetime-candidate/release/rboxc)
==747272==    by 0x472EB53: rboxc_gawk_update_PROCINFO_num (in /root/rboxc/target/gawk-format-lifetime-candidate/release/rboxc)
==747272==    by 0x443F524: single_binary_main_gawk (in /root/rboxc/target/gawk-format-lifetime-candidate/release/rboxc)
==747272==    by 0x5A18600: (below main) (libc_start_call_main.h:59)
==747272== 
==747272== 88 bytes in 1 blocks are still reachable in loss record 146 of 278
==747272==    at 0x586E858: malloc (vg_replace_malloc.c:447)
==747272==    by 0x473EBAB: rboxc_gawk_r_getblock (in /root/rboxc/target/gawk-format-lifetime-candidate/release/rboxc)
==747272==    by 0x473EF81: rboxc_gawk_make_str_node (in /root/rboxc/target/gawk-format-lifetime-candidate/release/rboxc)
==747272==    by 0x472EB44: rboxc_gawk_update_PROCINFO_num (in /root/rboxc/target/gawk-format-lifetime-candidate/release/rboxc)
==747272==    by 0x443F53B: single_binary_main_gawk (in /root/rboxc/target/gawk-format-lifetime-candidate/release/rboxc)
==747272==    by 0x5A18600: (below main) (libc_start_call_main.h:59)
==747272== 
==747272== 88 bytes in 1 blocks are still reachable in loss record 147 of 278
==747272==    at 0x586E858: malloc (vg_replace_malloc.c:447)
==747272==    by 0x473EBAB: rboxc_gawk_r_getblock (in /root/rboxc/target/gawk-format-lifetime-candidate/release/rboxc)
==747272==    by 0x473F4F0: r_make_number (in /root/rboxc/target/gawk-format-lifetime-candidate/release/rboxc)
==747272==    by 0x472EB53: rboxc_gawk_update_PROCINFO_num (in /root/rboxc/target/gawk-format-lifetime-candidate/release/rboxc)
==747272==    by 0x443F53B: single_binary_main_gawk (in /root/rboxc/target/gawk-format-lifetime-candidate/release/rboxc)
==747272==    by 0x5A18600: (below main) (libc_start_call_main.h:59)
==747272== 
==747272== 88 bytes in 1 blocks are still reachable in loss record 148 of 278
==747272==    at 0x586E858: malloc (vg_replace_malloc.c:447)
==747272==    by 0x473EBAB: rboxc_gawk_r_getblock (in /root/rboxc/target/gawk-format-lifetime-candidate/release/rboxc)
==747272==    by 0x473EF81: rboxc_gawk_make_str_node (in /root/rboxc/target/gawk-format-lifetime-candidate/release/rboxc)
==747272==    by 0x472EB44: rboxc_gawk_update_PROCINFO_num (in /root/rboxc/target/gawk-format-lifetime-candidate/release/rboxc)
==747272==    by 0x443F552: single_binary_main_gawk (in /root/rboxc/target/gawk-format-lifetime-candidate/release/rboxc)
==747272==    by 0x5A18600: (below main) (libc_start_call_main.h:59)
==747272== 
==747272== 88 bytes in 1 blocks are still reachable in loss record 149 of 278
==747272==    at 0x586E858: malloc (vg_replace_malloc.c:447)
==747272==    by 0x473EBAB: rboxc_gawk_r_getblock (in /root/rboxc/target/gawk-format-lifetime-candidate/release/rboxc)
==747272==    by 0x473F4F0: r_make_number (in /root/rboxc/target/gawk-format-lifetime-candidate/release/rboxc)
==747272==    by 0x472EB53: rboxc_gawk_update_PROCINFO_num (in /root/rboxc/target/gawk-format-lifetime-candidate/release/rboxc)
==747272==    by 0x443F552: single_binary_main_gawk (in /root/rboxc/target/gawk-format-lifetime-candidate/release/rboxc)
==747272==    by 0x5A18600: (below main) (libc_start_call_main.h:59)
==747272== 
==747272== 88 bytes in 1 blocks are still reachable in loss record 150 of 278
==747272==    at 0x586E858: malloc (vg_replace_malloc.c:447)
==747272==    by 0x473EBAB: rboxc_gawk_r_getblock (in /root/rboxc/target/gawk-format-lifetime-candidate/release/rboxc)
==747272==    by 0x473EF81: rboxc_gawk_make_str_node (in /root/rboxc/target/gawk-format-lifetime-candidate/release/rboxc)
==747272==    by 0x472EB44: rboxc_gawk_update_PROCINFO_num (in /root/rboxc/target/gawk-format-lifetime-candidate/release/rboxc)
==747272==    by 0x443F56C: single_binary_main_gawk (in /root/rboxc/target/gawk-format-lifetime-candidate/release/rboxc)
==747272==    by 0x5A18600: (below main) (libc_start_call_main.h:59)
==747272== 
==747272== 88 bytes in 1 blocks are still reachable in loss record 151 of 278
==747272==    at 0x586E858: malloc (vg_replace_malloc.c:447)
==747272==    by 0x473EBAB: rboxc_gawk_r_getblock (in /root/rboxc/target/gawk-format-lifetime-candidate/release/rboxc)
==747272==    by 0x473F4F0: r_make_number (in /root/rboxc/target/gawk-format-lifetime-candidate/release/rboxc)
==747272==    by 0x472EB53: rboxc_gawk_update_PROCINFO_num (in /root/rboxc/target/gawk-format-lifetime-candidate/release/rboxc)
==747272==    by 0x443F56C: single_binary_main_gawk (in /root/rboxc/target/gawk-format-lifetime-candidate/release/rboxc)
==747272==    by 0x5A18600: (below main) (libc_start_call_main.h:59)
==747272== 
==747272== 88 bytes in 1 blocks are still reachable in loss record 152 of 278
==747272==    at 0x586E858: malloc (vg_replace_malloc.c:447)
==747272==    by 0x473EBAB: rboxc_gawk_r_getblock (in /root/rboxc/target/gawk-format-lifetime-candidate/release/rboxc)
==747272==    by 0x473EF81: rboxc_gawk_make_str_node (in /root/rboxc/target/gawk-format-lifetime-candidate/release/rboxc)
==747272==    by 0x472EB44: rboxc_gawk_update_PROCINFO_num (in /root/rboxc/target/gawk-format-lifetime-candidate/release/rboxc)
==747272==    by 0x443F586: single_binary_main_gawk (in /root/rboxc/target/gawk-format-lifetime-candidate/release/rboxc)
==747272==    by 0x5A18600: (below main) (libc_start_call_main.h:59)
==747272== 
==747272== 88 bytes in 1 blocks are still reachable in loss record 153 of 278
==747272==    at 0x586E858: malloc (vg_replace_malloc.c:447)
==747272==    by 0x473EBAB: rboxc_gawk_r_getblock (in /root/rboxc/target/gawk-format-lifetime-candidate/release/rboxc)
==747272==    by 0x473F4F0: r_make_number (in /root/rboxc/target/gawk-format-lifetime-candidate/release/rboxc)
==747272==    by 0x472EB53: rboxc_gawk_update_PROCINFO_num (in /root/rboxc/target/gawk-format-lifetime-candidate/release/rboxc)
==747272==    by 0x443F586: single_binary_main_gawk (in /root/rboxc/target/gawk-format-lifetime-candidate/release/rboxc)
==747272==    by 0x5A18600: (below main) (libc_start_call_main.h:59)
==747272== 
==747272== 88 bytes in 1 blocks are still reachable in loss record 154 of 278
==747272==    at 0x586E858: malloc (vg_replace_malloc.c:447)
==747272==    by 0x473EBAB: rboxc_gawk_r_getblock (in /root/rboxc/target/gawk-format-lifetime-candidate/release/rboxc)
==747272==    by 0x473EF81: rboxc_gawk_make_str_node (in /root/rboxc/target/gawk-format-lifetime-candidate/release/rboxc)
==747272==    by 0x472EB44: rboxc_gawk_update_PROCINFO_num (in /root/rboxc/target/gawk-format-lifetime-candidate/release/rboxc)
==747272==    by 0x443F5A0: single_binary_main_gawk (in /root/rboxc/target/gawk-format-lifetime-candidate/release/rboxc)
==747272==    by 0x5A18600: (below main) (libc_start_call_main.h:59)
==747272== 
==747272== 88 bytes in 1 blocks are still reachable in loss record 155 of 278
==747272==    at 0x586E858: malloc (vg_replace_malloc.c:447)
==747272==    by 0x473EBAB: rboxc_gawk_r_getblock (in /root/rboxc/target/gawk-format-lifetime-candidate/release/rboxc)
==747272==    by 0x473F4F0: r_make_number (in /root/rboxc/target/gawk-format-lifetime-candidate/release/rboxc)
==747272==    by 0x472EB53: rboxc_gawk_update_PROCINFO_num (in /root/rboxc/target/gawk-format-lifetime-candidate/release/rboxc)
==747272==    by 0x443F5A0: single_binary_main_gawk (in /root/rboxc/target/gawk-format-lifetime-candidate/release/rboxc)
==747272==    by 0x5A18600: (below main) (libc_start_call_main.h:59)
==747272== 
==747272== 88 bytes in 1 blocks are still reachable in loss record 156 of 278
==747272==    at 0x586E858: malloc (vg_replace_malloc.c:447)
==747272==    by 0x473EBAB: rboxc_gawk_r_getblock (in /root/rboxc/target/gawk-format-lifetime-candidate/release/rboxc)
==747272==    by 0x473EF81: rboxc_gawk_make_str_node (in /root/rboxc/target/gawk-format-lifetime-candidate/release/rboxc)
==747272==    by 0x472EB44: rboxc_gawk_update_PROCINFO_num (in /root/rboxc/target/gawk-format-lifetime-candidate/release/rboxc)
==747272==    by 0x443F5BA: single_binary_main_gawk (in /root/rboxc/target/gawk-format-lifetime-candidate/release/rboxc)
==747272==    by 0x5A18600: (below main) (libc_start_call_main.h:59)
==747272== 
==747272== 88 bytes in 1 blocks are still reachable in loss record 157 of 278
==747272==    at 0x586E858: malloc (vg_replace_malloc.c:447)
==747272==    by 0x473EBAB: rboxc_gawk_r_getblock (in /root/rboxc/target/gawk-format-lifetime-candidate/release/rboxc)
==747272==    by 0x473F4F0: r_make_number (in /root/rboxc/target/gawk-format-lifetime-candidate/release/rboxc)
==747272==    by 0x472EB53: rboxc_gawk_update_PROCINFO_num (in /root/rboxc/target/gawk-format-lifetime-candidate/release/rboxc)
==747272==    by 0x443F5BA: single_binary_main_gawk (in /root/rboxc/target/gawk-format-lifetime-candidate/release/rboxc)
==747272==    by 0x5A18600: (below main) (libc_start_call_main.h:59)
==747272== 
==747272== 88 bytes in 1 blocks are still reachable in loss record 158 of 278
==747272==    at 0x586E858: malloc (vg_replace_malloc.c:447)
==747272==    by 0x473EBAB: rboxc_gawk_r_getblock (in /root/rboxc/target/gawk-format-lifetime-candidate/release/rboxc)
==747272==    by 0x473EF81: rboxc_gawk_make_str_node (in /root/rboxc/target/gawk-format-lifetime-candidate/release/rboxc)
==747272==    by 0x472B6AF: update_PROCINFO_str.part.0 (in /root/rboxc/target/gawk-format-lifetime-candidate/release/rboxc)
==747272==    by 0x443F5CC: single_binary_main_gawk (in /root/rboxc/target/gawk-format-lifetime-candidate/release/rboxc)
==747272==    by 0x5A18600: (below main) (libc_start_call_main.h:59)
==747272== 
==747272== 88 bytes in 1 blocks are still reachable in loss record 159 of 278
==747272==    at 0x586E858: malloc (vg_replace_malloc.c:447)
==747272==    by 0x473EBAB: rboxc_gawk_r_getblock (in /root/rboxc/target/gawk-format-lifetime-candidate/release/rboxc)
==747272==    by 0x473EF81: rboxc_gawk_make_str_node (in /root/rboxc/target/gawk-format-lifetime-candidate/release/rboxc)
==747272==    by 0x472B6C7: update_PROCINFO_str.part.0 (in /root/rboxc/target/gawk-format-lifetime-candidate/release/rboxc)
==747272==    by 0x443F5CC: single_binary_main_gawk (in /root/rboxc/target/gawk-format-lifetime-candidate/release/rboxc)
==747272==    by 0x5A18600: (below main) (libc_start_call_main.h:59)
==747272== 
==747272== 88 bytes in 1 blocks are still reachable in loss record 160 of 278
==747272==    at 0x586E858: malloc (vg_replace_malloc.c:447)
==747272==    by 0x473EBAB: rboxc_gawk_r_getblock (in /root/rboxc/target/gawk-format-lifetime-candidate/release/rboxc)
==747272==    by 0x473EF81: rboxc_gawk_make_str_node (in /root/rboxc/target/gawk-format-lifetime-candidate/release/rboxc)
==747272==    by 0x472B6AF: update_PROCINFO_str.part.0 (in /root/rboxc/target/gawk-format-lifetime-candidate/release/rboxc)
==747272==    by 0x443F758: single_binary_main_gawk (in /root/rboxc/target/gawk-format-lifetime-candidate/release/rboxc)
==747272==    by 0x5A18600: (below main) (libc_start_call_main.h:59)
==747272== 
==747272== 88 bytes in 1 blocks are still reachable in loss record 161 of 278
==747272==    at 0x586E858: malloc (vg_replace_malloc.c:447)
==747272==    by 0x473EBAB: rboxc_gawk_r_getblock (in /root/rboxc/target/gawk-format-lifetime-candidate/release/rboxc)
==747272==    by 0x473EF81: rboxc_gawk_make_str_node (in /root/rboxc/target/gawk-format-lifetime-candidate/release/rboxc)
==747272==    by 0x472B6C7: update_PROCINFO_str.part.0 (in /root/rboxc/target/gawk-format-lifetime-candidate/release/rboxc)
==747272==    by 0x443F758: single_binary_main_gawk (in /root/rboxc/target/gawk-format-lifetime-candidate/release/rboxc)
==747272==    by 0x5A18600: (below main) (libc_start_call_main.h:59)
==747272== 
==747272== 88 bytes in 1 blocks are still reachable in loss record 162 of 278
==747272==    at 0x586E858: malloc (vg_replace_malloc.c:447)
==747272==    by 0x473EBAB: rboxc_gawk_r_getblock (in /root/rboxc/target/gawk-format-lifetime-candidate/release/rboxc)
==747272==    by 0x443F782: single_binary_main_gawk (in /root/rboxc/target/gawk-format-lifetime-candidate/release/rboxc)
==747272==    by 0x5A18600: (below main) (libc_start_call_main.h:59)
==747272== 
==747272== 88 bytes in 1 blocks are still reachable in loss record 163 of 278
==747272==    at 0x586E858: malloc (vg_replace_malloc.c:447)
==747272==    by 0x473EBAB: rboxc_gawk_r_getblock (in /root/rboxc/target/gawk-format-lifetime-candidate/release/rboxc)
==747272==    by 0x470A932: cint_lookup (in /root/rboxc/target/gawk-format-lifetime-candidate/release/rboxc)
==747272==    by 0x4435AE2: rboxc::applet_gawk::assoc_set (in /root/rboxc/target/gawk-format-lifetime-candidate/release/rboxc)
==747272==    by 0x4440162: single_binary_main_gawk (in /root/rboxc/target/gawk-format-lifetime-candidate/release/rboxc)
==747272==    by 0x5A18600: (below main) (libc_start_call_main.h:59)
==747272== 
==747272== 88 bytes in 1 blocks are still reachable in loss record 164 of 278
==747272==    at 0x586E858: malloc (vg_replace_malloc.c:447)
==747272==    by 0x473EBAB: rboxc_gawk_r_getblock (in /root/rboxc/target/gawk-format-lifetime-candidate/release/rboxc)
==747272==    by 0x470A547: tree_lookup (in /root/rboxc/target/gawk-format-lifetime-candidate/release/rboxc)
==747272==    by 0x4435AE2: rboxc::applet_gawk::assoc_set (in /root/rboxc/target/gawk-format-lifetime-candidate/release/rboxc)
==747272==    by 0x4440162: single_binary_main_gawk (in /root/rboxc/target/gawk-format-lifetime-candidate/release/rboxc)
==747272==    by 0x5A18600: (below main) (libc_start_call_main.h:59)
==747272== 
==747272== 88 bytes in 1 blocks are still reachable in loss record 165 of 278
==747272==    at 0x586E858: malloc (vg_replace_malloc.c:447)
==747272==    by 0x473EBAB: rboxc_gawk_r_getblock (in /root/rboxc/target/gawk-format-lifetime-candidate/release/rboxc)
==747272==    by 0x473EF81: rboxc_gawk_make_str_node (in /root/rboxc/target/gawk-format-lifetime-candidate/release/rboxc)
==747272==    by 0x443F86B: single_binary_main_gawk (in /root/rboxc/target/gawk-format-lifetime-candidate/release/rboxc)
==747272==    by 0x5A18600: (below main) (libc_start_call_main.h:59)
==747272== 
==747272== 88 bytes in 1 blocks are still reachable in loss record 166 of 278
==747272==    at 0x586E858: malloc (vg_replace_malloc.c:447)
==747272==    by 0x473EBAB: rboxc_gawk_r_getblock (in /root/rboxc/target/gawk-format-lifetime-candidate/release/rboxc)
==747272==    by 0x473EF81: rboxc_gawk_make_str_node (in /root/rboxc/target/gawk-format-lifetime-candidate/release/rboxc)
==747272==    by 0x474D135: install (in /root/rboxc/target/gawk-format-lifetime-candidate/release/rboxc)
==747272==    by 0x443F92D: single_binary_main_gawk (in /root/rboxc/target/gawk-format-lifetime-candidate/release/rboxc)
==747272==    by 0x5A18600: (below main) (libc_start_call_main.h:59)
==747272== 
==747272== 88 bytes in 1 blocks are still reachable in loss record 167 of 278
==747272==    at 0x586E858: malloc (vg_replace_malloc.c:447)
==747272==    by 0x473EBAB: rboxc_gawk_r_getblock (in /root/rboxc/target/gawk-format-lifetime-candidate/release/rboxc)
==747272==    by 0x474D213: install (in /root/rboxc/target/gawk-format-lifetime-candidate/release/rboxc)
==747272==    by 0x443F92D: single_binary_main_gawk (in /root/rboxc/target/gawk-format-lifetime-candidate/release/rboxc)
==747272==    by 0x5A18600: (below main) (libc_start_call_main.h:59)
==747272== 
==747272== 88 bytes in 1 blocks are still reachable in loss record 168 of 278
==747272==    at 0x586E858: malloc (vg_replace_malloc.c:447)
==747272==    by 0x473EBAB: rboxc_gawk_r_getblock (in /root/rboxc/target/gawk-format-lifetime-candidate/release/rboxc)
==747272==    by 0x473EF81: rboxc_gawk_make_str_node (in /root/rboxc/target/gawk-format-lifetime-candidate/release/rboxc)
==747272==    by 0x472BF20: rboxc_gawk_init_fields (in /root/rboxc/target/gawk-format-lifetime-candidate/release/rboxc)
==747272==    by 0x443F9A0: single_binary_main_gawk (in /root/rboxc/target/gawk-format-lifetime-candidate/release/rboxc)
==747272==    by 0x5A18600: (below main) (libc_start_call_main.h:59)
==747272== 
==747272== 88 bytes in 1 blocks are still reachable in loss record 169 of 278
==747272==    at 0x586E858: malloc (vg_replace_malloc.c:447)
==747272==    by 0x473EBAB: rboxc_gawk_r_getblock (in /root/rboxc/target/gawk-format-lifetime-candidate/release/rboxc)
==747272==    by 0x471F151: rboxc_gawk_init_interpret (in /root/rboxc/target/gawk-format-lifetime-candidate/release/rboxc)
==747272==    by 0x443FE94: single_binary_main_gawk (in /root/rboxc/target/gawk-format-lifetime-candidate/release/rboxc)
==747272==    by 0x5A18600: (below main) (libc_start_call_main.h:59)
==747272== 
==747272== 88 bytes in 1 blocks are still reachable in loss record 170 of 278
==747272==    at 0x586E858: malloc (vg_replace_malloc.c:447)
==747272==    by 0x473EBAB: rboxc_gawk_r_getblock (in /root/rboxc/target/gawk-format-lifetime-candidate/release/rboxc)
==747272==    by 0x473F4F0: r_make_number (in /root/rboxc/target/gawk-format-lifetime-candidate/release/rboxc)
==747272==    by 0x471F1A5: rboxc_gawk_init_interpret (in /root/rboxc/target/gawk-format-lifetime-candidate/release/rboxc)
==747272==    by 0x443FE94: single_binary_main_gawk (in /root/rboxc/target/gawk-format-lifetime-candidate/release/rboxc)
==747272==    by 0x5A18600: (below main) (libc_start_call_main.h:59)
==747272== 
==747272== 88 bytes in 1 blocks are still reachable in loss record 171 of 278
==747272==    at 0x586E858: malloc (vg_replace_malloc.c:447)
==747272==    by 0x473EBAB: rboxc_gawk_r_getblock (in /root/rboxc/target/gawk-format-lifetime-candidate/release/rboxc)
==747272==    by 0x473F4F0: r_make_number (in /root/rboxc/target/gawk-format-lifetime-candidate/release/rboxc)
==747272==    by 0x471F1BA: rboxc_gawk_init_interpret (in /root/rboxc/target/gawk-format-lifetime-candidate/release/rboxc)
==747272==    by 0x443FE94: single_binary_main_gawk (in /root/rboxc/target/gawk-format-lifetime-candidate/release/rboxc)
==747272==    by 0x5A18600: (below main) (libc_start_call_main.h:59)
==747272== 
==747272== 88 bytes in 1 blocks are still reachable in loss record 172 of 278
==747272==    at 0x586E858: malloc (vg_replace_malloc.c:447)
==747272==    by 0x473EBAB: rboxc_gawk_r_getblock (in /root/rboxc/target/gawk-format-lifetime-candidate/release/rboxc)
==747272==    by 0x473EF81: rboxc_gawk_make_str_node (in /root/rboxc/target/gawk-format-lifetime-candidate/release/rboxc)
==747272==    by 0x474D135: install (in /root/rboxc/target/gawk-format-lifetime-candidate/release/rboxc)
==747272==    by 0x443FF58: single_binary_main_gawk (in /root/rboxc/target/gawk-format-lifetime-candidate/release/rboxc)
==747272==    by 0x5A18600: (below main) (libc_start_call_main.h:59)
==747272== 
==747272== 88 bytes in 1 blocks are still reachable in loss record 173 of 278
==747272==    at 0x586E858: malloc (vg_replace_malloc.c:447)
==747272==    by 0x473EBAB: rboxc_gawk_r_getblock (in /root/rboxc/target/gawk-format-lifetime-candidate/release/rboxc)
==747272==    by 0x474D213: install (in /root/rboxc/target/gawk-format-lifetime-candidate/release/rboxc)
==747272==    by 0x443FF58: single_binary_main_gawk (in /root/rboxc/target/gawk-format-lifetime-candidate/release/rboxc)
==747272==    by 0x5A18600: (below main) (libc_start_call_main.h:59)
==747272== 
==747272== 88 bytes in 1 blocks are still reachable in loss record 174 of 278
==747272==    at 0x586E858: malloc (vg_replace_malloc.c:447)
==747272==    by 0x473EBAB: rboxc_gawk_r_getblock (in /root/rboxc/target/gawk-format-lifetime-candidate/release/rboxc)
==747272==    by 0x473EF81: rboxc_gawk_make_str_node (in /root/rboxc/target/gawk-format-lifetime-candidate/release/rboxc)
==747272==    by 0x443FF98: single_binary_main_gawk (in /root/rboxc/target/gawk-format-lifetime-candidate/release/rboxc)
==747272==    by 0x5A18600: (below main) (libc_start_call_main.h:59)
==747272== 
==747272== 88 bytes in 1 blocks are still reachable in loss record 175 of 278
==747272==    at 0x586E858: malloc (vg_replace_malloc.c:447)
==747272==    by 0x473EBAB: rboxc_gawk_r_getblock (in /root/rboxc/target/gawk-format-lifetime-candidate/release/rboxc)
==747272==    by 0x470A932: cint_lookup (in /root/rboxc/target/gawk-format-lifetime-candidate/release/rboxc)
==747272==    by 0x4435AE2: rboxc::applet_gawk::assoc_set (in /root/rboxc/target/gawk-format-lifetime-candidate/release/rboxc)
==747272==    by 0x443FFAB: single_binary_main_gawk (in /root/rboxc/target/gawk-format-lifetime-candidate/release/rboxc)
==747272==    by 0x5A18600: (below main) (libc_start_call_main.h:59)
==747272== 
==747272== 88 bytes in 1 blocks are still reachable in loss record 176 of 278
==747272==    at 0x586E858: malloc (vg_replace_malloc.c:447)
==747272==    by 0x473EBAB: rboxc_gawk_r_getblock (in /root/rboxc/target/gawk-format-lifetime-candidate/release/rboxc)
==747272==    by 0x470A547: tree_lookup (in /root/rboxc/target/gawk-format-lifetime-candidate/release/rboxc)
==747272==    by 0x4435AE2: rboxc::applet_gawk::assoc_set (in /root/rboxc/target/gawk-format-lifetime-candidate/release/rboxc)
==747272==    by 0x443FFAB: single_binary_main_gawk (in /root/rboxc/target/gawk-format-lifetime-candidate/release/rboxc)
==747272==    by 0x5A18600: (below main) (libc_start_call_main.h:59)
==747272== 
==747272== 88 bytes in 1 blocks are still reachable in loss record 177 of 278
==747272==    at 0x586E858: malloc (vg_replace_malloc.c:447)
==747272==    by 0x473EBAB: rboxc_gawk_r_getblock (in /root/rboxc/target/gawk-format-lifetime-candidate/release/rboxc)
==747272==    by 0x473EF81: rboxc_gawk_make_str_node (in /root/rboxc/target/gawk-format-lifetime-candidate/release/rboxc)
==747272==    by 0x474D135: install (in /root/rboxc/target/gawk-format-lifetime-candidate/release/rboxc)
==747272==    by 0x4440233: single_binary_main_gawk (in /root/rboxc/target/gawk-format-lifetime-candidate/release/rboxc)
==747272==    by 0x5A18600: (below main) (libc_start_call_main.h:59)
==747272== 
==747272== 88 bytes in 1 blocks are still reachable in loss record 178 of 278
==747272==    at 0x586E858: malloc (vg_replace_malloc.c:447)
==747272==    by 0x473EBAB: rboxc_gawk_r_getblock (in /root/rboxc/target/gawk-format-lifetime-candidate/release/rboxc)
==747272==    by 0x474D213: install (in /root/rboxc/target/gawk-format-lifetime-candidate/release/rboxc)
==747272==    by 0x4440233: single_binary_main_gawk (in /root/rboxc/target/gawk-format-lifetime-candidate/release/rboxc)
==747272==    by 0x5A18600: (below main) (libc_start_call_main.h:59)
==747272== 
==747272== 88 bytes in 1 blocks are still reachable in loss record 179 of 278
==747272==    at 0x586E858: malloc (vg_replace_malloc.c:447)
==747272==    by 0x473EBAB: rboxc_gawk_r_getblock (in /root/rboxc/target/gawk-format-lifetime-candidate/release/rboxc)
==747272==    by 0x473F4F0: r_make_number (in /root/rboxc/target/gawk-format-lifetime-candidate/release/rboxc)
==747272==    by 0x4440258: single_binary_main_gawk (in /root/rboxc/target/gawk-format-lifetime-candidate/release/rboxc)
==747272==    by 0x5A18600: (below main) (libc_start_call_main.h:59)
==747272== 
==747272== 88 bytes in 1 blocks are still reachable in loss record 180 of 278
==747272==    at 0x586E858: malloc (vg_replace_malloc.c:447)
==747272==    by 0x473EBAB: rboxc_gawk_r_getblock (in /root/rboxc/target/gawk-format-lifetime-candidate/release/rboxc)
==747272==    by 0x46EAC1C: mk_rexp (in /root/rboxc/target/gawk-format-lifetime-candidate/release/rboxc)
==747272==    by 0x46EDA50: snode (in /root/rboxc/target/gawk-format-lifetime-candidate/release/rboxc)
==747272==    by 0x46F380A: rboxc_gawk_yyparse (in /root/rboxc/target/gawk-format-lifetime-candidate/release/rboxc)
==747272==    by 0x46F639A: rboxc_gawk_parse_program (in /root/rboxc/target/gawk-format-lifetime-candidate/release/rboxc)
==747272==    by 0x44402A4: single_binary_main_gawk (in /root/rboxc/target/gawk-format-lifetime-candidate/release/rboxc)
==747272==    by 0x5A18600: (below main) (libc_start_call_main.h:59)
==747272== 
==747272== 88 bytes in 1 blocks are still reachable in loss record 181 of 278
==747272==    at 0x586E858: malloc (vg_replace_malloc.c:447)
==747272==    by 0x473EBAB: rboxc_gawk_r_getblock (in /root/rboxc/target/gawk-format-lifetime-candidate/release/rboxc)
==747272==    by 0x473EF81: rboxc_gawk_make_str_node (in /root/rboxc/target/gawk-format-lifetime-candidate/release/rboxc)
==747272==    by 0x474E0B7: rboxc_gawk_load_symbols (in /root/rboxc/target/gawk-format-lifetime-candidate/release/rboxc)
==747272==    by 0x444037C: single_binary_main_gawk (in /root/rboxc/target/gawk-format-lifetime-candidate/release/rboxc)
==747272==    by 0x5A18600: (below main) (libc_start_call_main.h:59)
==747272== 
==747272== 88 bytes in 1 blocks are still reachable in loss record 182 of 278
==747272==    at 0x586E858: malloc (vg_replace_malloc.c:447)
==747272==    by 0x473EBAB: rboxc_gawk_r_getblock (in /root/rboxc/target/gawk-format-lifetime-candidate/release/rboxc)
==747272==    by 0x474E0D4: rboxc_gawk_load_symbols (in /root/rboxc/target/gawk-format-lifetime-candidate/release/rboxc)
==747272==    by 0x444037C: single_binary_main_gawk (in /root/rboxc/target/gawk-format-lifetime-candidate/release/rboxc)
==747272==    by 0x5A18600: (below main) (libc_start_call_main.h:59)
==747272== 
==747272== 88 bytes in 1 blocks are still reachable in loss record 183 of 278
==747272==    at 0x586E858: malloc (vg_replace_malloc.c:447)
==747272==    by 0x473EBAB: rboxc_gawk_r_getblock (in /root/rboxc/target/gawk-format-lifetime-candidate/release/rboxc)
==747272==    by 0x473EF81: rboxc_gawk_make_str_node (in /root/rboxc/target/gawk-format-lifetime-candidate/release/rboxc)
==747272==    by 0x474E18A: rboxc_gawk_load_symbols (in /root/rboxc/target/gawk-format-lifetime-candidate/release/rboxc)
==747272==    by 0x444037C: single_binary_main_gawk (in /root/rboxc/target/gawk-format-lifetime-candidate/release/rboxc)
==747272==    by 0x5A18600: (below main) (libc_start_call_main.h:59)
==747272== 
==747272== 88 bytes in 1 blocks are still reachable in loss record 184 of 278
==747272==    at 0x586E858: malloc (vg_replace_malloc.c:447)
==747272==    by 0x473EBAB: rboxc_gawk_r_getblock (in /root/rboxc/target/gawk-format-lifetime-candidate/release/rboxc)
==747272==    by 0x473EF81: rboxc_gawk_make_str_node (in /root/rboxc/target/gawk-format-lifetime-candidate/release/rboxc)
==747272==    by 0x474E1BA: rboxc_gawk_load_symbols (in /root/rboxc/target/gawk-format-lifetime-candidate/release/rboxc)
==747272==    by 0x444037C: single_binary_main_gawk (in /root/rboxc/target/gawk-format-lifetime-candidate/release/rboxc)
==747272==    by 0x5A18600: (below main) (libc_start_call_main.h:59)
==747272== 
==747272== 88 bytes in 1 blocks are still reachable in loss record 185 of 278
==747272==    at 0x586E858: malloc (vg_replace_malloc.c:447)
==747272==    by 0x473EBAB: rboxc_gawk_r_getblock (in /root/rboxc/target/gawk-format-lifetime-candidate/release/rboxc)
==747272==    by 0x473EF81: rboxc_gawk_make_str_node (in /root/rboxc/target/gawk-format-lifetime-candidate/release/rboxc)
==747272==    by 0x474E1EA: rboxc_gawk_load_symbols (in /root/rboxc/target/gawk-format-lifetime-candidate/release/rboxc)
==747272==    by 0x444037C: single_binary_main_gawk (in /root/rboxc/target/gawk-format-lifetime-candidate/release/rboxc)
==747272==    by 0x5A18600: (below main) (libc_start_call_main.h:59)
==747272== 
==747272== 88 bytes in 1 blocks are still reachable in loss record 186 of 278
==747272==    at 0x586E858: malloc (vg_replace_malloc.c:447)
==747272==    by 0x473EBAB: rboxc_gawk_r_getblock (in /root/rboxc/target/gawk-format-lifetime-candidate/release/rboxc)
==747272==    by 0x473EF81: rboxc_gawk_make_str_node (in /root/rboxc/target/gawk-format-lifetime-candidate/release/rboxc)
==747272==    by 0x474E202: rboxc_gawk_load_symbols (in /root/rboxc/target/gawk-format-lifetime-candidate/release/rboxc)
==747272==    by 0x444037C: single_binary_main_gawk (in /root/rboxc/target/gawk-format-lifetime-candidate/release/rboxc)
==747272==    by 0x5A18600: (below main) (libc_start_call_main.h:59)
==747272== 
==747272== 88 bytes in 1 blocks are still reachable in loss record 187 of 278
==747272==    at 0x586E858: malloc (vg_replace_malloc.c:447)
==747272==    by 0x473EBAB: rboxc_gawk_r_getblock (in /root/rboxc/target/gawk-format-lifetime-candidate/release/rboxc)
==747272==    by 0x473F4F0: r_make_number (in /root/rboxc/target/gawk-format-lifetime-candidate/release/rboxc)
==747272==    by 0x4706F07: rboxc_gawk_do_match (in /root/rboxc/target/gawk-format-lifetime-candidate/release/rboxc)
==747272==    by 0x4707B6F: rboxc_gawk_call_match (in /root/rboxc/target/gawk-format-lifetime-candidate/release/rboxc)
==747272==    by 0x4728E9F: rboxc_gawk_r_interpret (in /root/rboxc/target/gawk-format-lifetime-candidate/release/rboxc)
==747272==    by 0x4440403: single_binary_main_gawk (in /root/rboxc/target/gawk-format-lifetime-candidate/release/rboxc)
==747272==    by 0x5A18600: (below main) (libc_start_call_main.h:59)
==747272== 
==747272== 88 bytes in 1 blocks are still reachable in loss record 188 of 278
==747272==    at 0x586E858: malloc (vg_replace_malloc.c:447)
==747272==    by 0x473EBAB: rboxc_gawk_r_getblock (in /root/rboxc/target/gawk-format-lifetime-candidate/release/rboxc)
==747272==    by 0x473F4F0: r_make_number (in /root/rboxc/target/gawk-format-lifetime-candidate/release/rboxc)
==747272==    by 0x4706F44: rboxc_gawk_do_match (in /root/rboxc/target/gawk-format-lifetime-candidate/release/rboxc)
==747272==    by 0x4707B6F: rboxc_gawk_call_match (in /root/rboxc/target/gawk-format-lifetime-candidate/release/rboxc)
==747272==    by 0x4728E9F: rboxc_gawk_r_interpret (in /root/rboxc/target/gawk-format-lifetime-candidate/release/rboxc)
==747272==    by 0x4440403: single_binary_main_gawk (in /root/rboxc/target/gawk-format-lifetime-candidate/release/rboxc)
==747272==    by 0x5A18600: (below main) (libc_start_call_main.h:59)
==747272== 
==747272== 104 bytes in 1 blocks are still reachable in loss record 189 of 278
==747272==    at 0x5875E43: calloc (vg_replace_malloc.c:1678)
==747272==    by 0x474BDD4: grow_table (in /root/rboxc/target/gawk-format-lifetime-candidate/release/rboxc)
==747272==    by 0x474C9BC: str_lookup (in /root/rboxc/target/gawk-format-lifetime-candidate/release/rboxc)
==747272==    by 0x474D16C: install (in /root/rboxc/target/gawk-format-lifetime-candidate/release/rboxc)
==747272==    by 0x474D449: init_the_tables (in /root/rboxc/target/gawk-format-lifetime-candidate/release/rboxc)
==747272==    by 0x443E550: single_binary_main_gawk (in /root/rboxc/target/gawk-format-lifetime-candidate/release/rboxc)
==747272==    by 0x5A18600: (below main) (libc_start_call_main.h:59)
==747272== 
==747272== 104 bytes in 1 blocks are still reachable in loss record 190 of 278
==747272==    at 0x5875E43: calloc (vg_replace_malloc.c:1678)
==747272==    by 0x474BDD4: grow_table (in /root/rboxc/target/gawk-format-lifetime-candidate/release/rboxc)
==747272==    by 0x474C9BC: str_lookup (in /root/rboxc/target/gawk-format-lifetime-candidate/release/rboxc)
==747272==    by 0x474D16C: install (in /root/rboxc/target/gawk-format-lifetime-candidate/release/rboxc)
==747272==    by 0x443F280: single_binary_main_gawk (in /root/rboxc/target/gawk-format-lifetime-candidate/release/rboxc)
==747272==    by 0x5A18600: (below main) (libc_start_call_main.h:59)
==747272== 
==747272== 104 bytes in 1 blocks are still reachable in loss record 191 of 278
==747272==    at 0x5875E43: calloc (vg_replace_malloc.c:1678)
==747272==    by 0x474BDD4: grow_table (in /root/rboxc/target/gawk-format-lifetime-candidate/release/rboxc)
==747272==    by 0x474C9BC: str_lookup (in /root/rboxc/target/gawk-format-lifetime-candidate/release/rboxc)
==747272==    by 0x472B6DE: update_PROCINFO_str.part.0 (in /root/rboxc/target/gawk-format-lifetime-candidate/release/rboxc)
==747272==    by 0x443F4C2: single_binary_main_gawk (in /root/rboxc/target/gawk-format-lifetime-candidate/release/rboxc)
==747272==    by 0x5A18600: (below main) (libc_start_call_main.h:59)
==747272== 
==747272== 104 bytes in 1 blocks are still reachable in loss record 192 of 278
==747272==    at 0x5875E43: calloc (vg_replace_malloc.c:1678)
==747272==    by 0x474BDD4: grow_table (in /root/rboxc/target/gawk-format-lifetime-candidate/release/rboxc)
==747272==    by 0x474C9BC: str_lookup (in /root/rboxc/target/gawk-format-lifetime-candidate/release/rboxc)
==747272==    by 0x443FD46: single_binary_main_gawk (in /root/rboxc/target/gawk-format-lifetime-candidate/release/rboxc)
==747272==    by 0x5A18600: (below main) (libc_start_call_main.h:59)
==747272== 
==747272== 104 bytes in 1 blocks are still reachable in loss record 193 of 278
==747272==    at 0x5875E43: calloc (vg_replace_malloc.c:1678)
==747272==    by 0x474BDD4: grow_table (in /root/rboxc/target/gawk-format-lifetime-candidate/release/rboxc)
==747272==    by 0x474C9BC: str_lookup (in /root/rboxc/target/gawk-format-lifetime-candidate/release/rboxc)
==747272==    by 0x474D16C: install (in /root/rboxc/target/gawk-format-lifetime-candidate/release/rboxc)
==747272==    by 0x46F3ED4: rboxc_gawk_yyparse (in /root/rboxc/target/gawk-format-lifetime-candidate/release/rboxc)
==747272==    by 0x46F639A: rboxc_gawk_parse_program (in /root/rboxc/target/gawk-format-lifetime-candidate/release/rboxc)
==747272==    by 0x44402A4: single_binary_main_gawk (in /root/rboxc/target/gawk-format-lifetime-candidate/release/rboxc)
==747272==    by 0x5A18600: (below main) (libc_start_call_main.h:59)
==747272== 
==747272== 104 bytes in 1 blocks are still reachable in loss record 194 of 278
==747272==    at 0x5875E43: calloc (vg_replace_malloc.c:1678)
==747272==    by 0x474BDD4: grow_table (in /root/rboxc/target/gawk-format-lifetime-candidate/release/rboxc)
==747272==    by 0x474C9BC: str_lookup (in /root/rboxc/target/gawk-format-lifetime-candidate/release/rboxc)
==747272==    by 0x474E3C9: rboxc_gawk_load_symbols (in /root/rboxc/target/gawk-format-lifetime-candidate/release/rboxc)
==747272==    by 0x444037C: single_binary_main_gawk (in /root/rboxc/target/gawk-format-lifetime-candidate/release/rboxc)
==747272==    by 0x5A18600: (below main) (libc_start_call_main.h:59)
==747272== 
==747272== 128 bytes in 1 blocks are still reachable in loss record 195 of 278
==747272==    at 0x586E858: malloc (vg_replace_malloc.c:447)
==747272==    by 0x475CEDE: compile.constprop.0 (in /root/rboxc/target/gawk-format-lifetime-candidate/release/rboxc)
==747272==    by 0x475FE38: rboxc_gawk_minrx_regncomp (in /root/rboxc/target/gawk-format-lifetime-candidate/release/rboxc)
==747272==    by 0x474A2BD: rboxc_gawk_make_regexp (in /root/rboxc/target/gawk-format-lifetime-candidate/release/rboxc)
==747272==    by 0x474B3F5: rboxc_gawk_re_update (in /root/rboxc/target/gawk-format-lifetime-candidate/release/rboxc)
==747272==    by 0x472DC1F: rboxc_gawk_do_patsplit (in /root/rboxc/target/gawk-format-lifetime-candidate/release/rboxc)
==747272==    by 0x47262FC: rboxc_gawk_r_interpret (in /root/rboxc/target/gawk-format-lifetime-candidate/release/rboxc)
==747272==    by 0x4440403: single_binary_main_gawk (in /root/rboxc/target/gawk-format-lifetime-candidate/release/rboxc)
==747272==    by 0x5A18600: (below main) (libc_start_call_main.h:59)
==747272== 
==747272== 128 bytes in 2 blocks are still reachable in loss record 196 of 278
==747272==    at 0x586E858: malloc (vg_replace_malloc.c:447)
==747272==    by 0x475D20A: compile.constprop.0 (in /root/rboxc/target/gawk-format-lifetime-candidate/release/rboxc)
==747272==    by 0x475FE38: rboxc_gawk_minrx_regncomp (in /root/rboxc/target/gawk-format-lifetime-candidate/release/rboxc)
==747272==    by 0x474A2BD: rboxc_gawk_make_regexp (in /root/rboxc/target/gawk-format-lifetime-candidate/release/rboxc)
==747272==    by 0x474B3F5: rboxc_gawk_re_update (in /root/rboxc/target/gawk-format-lifetime-candidate/release/rboxc)
==747272==    by 0x47246C7: rboxc_gawk_r_interpret (in /root/rboxc/target/gawk-format-lifetime-candidate/release/rboxc)
==747272==    by 0x4440403: single_binary_main_gawk (in /root/rboxc/target/gawk-format-lifetime-candidate/release/rboxc)
==747272==    by 0x5A18600: (below main) (libc_start_call_main.h:59)
==747272== 
==747272== 136 bytes in 1 blocks are still reachable in loss record 197 of 278
==747272==    at 0x5875E43: calloc (vg_replace_malloc.c:1678)
==747272==    by 0x474A25C: rboxc_gawk_make_regexp (in /root/rboxc/target/gawk-format-lifetime-candidate/release/rboxc)
==747272==    by 0x474B3F5: rboxc_gawk_re_update (in /root/rboxc/target/gawk-format-lifetime-candidate/release/rboxc)
==747272==    by 0x4706DEC: rboxc_gawk_do_match (in /root/rboxc/target/gawk-format-lifetime-candidate/release/rboxc)
==747272==    by 0x47262FC: rboxc_gawk_r_interpret (in /root/rboxc/target/gawk-format-lifetime-candidate/release/rboxc)
==747272==    by 0x4440403: single_binary_main_gawk (in /root/rboxc/target/gawk-format-lifetime-candidate/release/rboxc)
==747272==    by 0x5A18600: (below main) (libc_start_call_main.h:59)
==747272== 
==747272== 136 bytes in 1 blocks are still reachable in loss record 198 of 278
==747272==    at 0x5875E43: calloc (vg_replace_malloc.c:1678)
==747272==    by 0x474A25C: rboxc_gawk_make_regexp (in /root/rboxc/target/gawk-format-lifetime-candidate/release/rboxc)
==747272==    by 0x474B3F5: rboxc_gawk_re_update (in /root/rboxc/target/gawk-format-lifetime-candidate/release/rboxc)
==747272==    by 0x46FF11A: rboxc_gawk_do_sub (in /root/rboxc/target/gawk-format-lifetime-candidate/release/rboxc)
==747272==    by 0x47263C1: rboxc_gawk_r_interpret (in /root/rboxc/target/gawk-format-lifetime-candidate/release/rboxc)
==747272==    by 0x4440403: single_binary_main_gawk (in /root/rboxc/target/gawk-format-lifetime-candidate/release/rboxc)
==747272==    by 0x5A18600: (below main) (libc_start_call_main.h:59)
==747272== 
==747272== 136 bytes in 1 blocks are still reachable in loss record 199 of 278
==747272==    at 0x5875E43: calloc (vg_replace_malloc.c:1678)
==747272==    by 0x474A25C: rboxc_gawk_make_regexp (in /root/rboxc/target/gawk-format-lifetime-candidate/release/rboxc)
==747272==    by 0x474B3F5: rboxc_gawk_re_update (in /root/rboxc/target/gawk-format-lifetime-candidate/release/rboxc)
==747272==    by 0x46FF0E2: rboxc_gawk_do_sub (in /root/rboxc/target/gawk-format-lifetime-candidate/release/rboxc)
==747272==    by 0x47263C1: rboxc_gawk_r_interpret (in /root/rboxc/target/gawk-format-lifetime-candidate/release/rboxc)
==747272==    by 0x4440403: single_binary_main_gawk (in /root/rboxc/target/gawk-format-lifetime-candidate/release/rboxc)
==747272==    by 0x5A18600: (below main) (libc_start_call_main.h:59)
==747272== 
==747272== 136 bytes in 1 blocks are still reachable in loss record 200 of 278
==747272==    at 0x5875E43: calloc (vg_replace_malloc.c:1678)
==747272==    by 0x474A25C: rboxc_gawk_make_regexp (in /root/rboxc/target/gawk-format-lifetime-candidate/release/rboxc)
==747272==    by 0x474B3F5: rboxc_gawk_re_update (in /root/rboxc/target/gawk-format-lifetime-candidate/release/rboxc)
==747272==    by 0x46FEF56: rboxc_gawk_do_sub (in /root/rboxc/target/gawk-format-lifetime-candidate/release/rboxc)
==747272==    by 0x47263C1: rboxc_gawk_r_interpret (in /root/rboxc/target/gawk-format-lifetime-candidate/release/rboxc)
==747272==    by 0x4440403: single_binary_main_gawk (in /root/rboxc/target/gawk-format-lifetime-candidate/release/rboxc)
==747272==    by 0x5A18600: (below main) (libc_start_call_main.h:59)
==747272== 
==747272== 136 bytes in 1 blocks are still reachable in loss record 201 of 278
==747272==    at 0x5875E43: calloc (vg_replace_malloc.c:1678)
==747272==    by 0x474A25C: rboxc_gawk_make_regexp (in /root/rboxc/target/gawk-format-lifetime-candidate/release/rboxc)
==747272==    by 0x474B3F5: rboxc_gawk_re_update (in /root/rboxc/target/gawk-format-lifetime-candidate/release/rboxc)
==747272==    by 0x472DC1F: rboxc_gawk_do_patsplit (in /root/rboxc/target/gawk-format-lifetime-candidate/release/rboxc)
==747272==    by 0x47262FC: rboxc_gawk_r_interpret (in /root/rboxc/target/gawk-format-lifetime-candidate/release/rboxc)
==747272==    by 0x4440403: single_binary_main_gawk (in /root/rboxc/target/gawk-format-lifetime-candidate/release/rboxc)
==747272==    by 0x5A18600: (below main) (libc_start_call_main.h:59)
==747272== 
==747272== 142 bytes in 21 blocks are still reachable in loss record 202 of 278
==747272==    at 0x586E858: malloc (vg_replace_malloc.c:447)
==747272==    by 0x44390B0: rboxc_gawk_estrdup (in /root/rboxc/target/gawk-format-lifetime-candidate/release/rboxc)
==747272==    by 0x46F4037: rboxc_gawk_yyparse (in /root/rboxc/target/gawk-format-lifetime-candidate/release/rboxc)
==747272==    by 0x46F639A: rboxc_gawk_parse_program (in /root/rboxc/target/gawk-format-lifetime-candidate/release/rboxc)
==747272==    by 0x44402A4: single_binary_main_gawk (in /root/rboxc/target/gawk-format-lifetime-candidate/release/rboxc)
==747272==    by 0x5A18600: (below main) (libc_start_call_main.h:59)
==747272== 
==747272== 145 bytes in 27 blocks are still reachable in loss record 203 of 278
==747272==    at 0x586E858: malloc (vg_replace_malloc.c:447)
==747272==    by 0x44390B0: rboxc_gawk_estrdup (in /root/rboxc/target/gawk-format-lifetime-candidate/release/rboxc)
==747272==    by 0x46F124C: yylex (in /root/rboxc/target/gawk-format-lifetime-candidate/release/rboxc)
==747272==    by 0x46F249C: rboxc_gawk_yyparse (in /root/rboxc/target/gawk-format-lifetime-candidate/release/rboxc)
==747272==    by 0x46F639A: rboxc_gawk_parse_program (in /root/rboxc/target/gawk-format-lifetime-candidate/release/rboxc)
==747272==    by 0x44402A4: single_binary_main_gawk (in /root/rboxc/target/gawk-format-lifetime-candidate/release/rboxc)
==747272==    by 0x5A18600: (below main) (libc_start_call_main.h:59)
==747272== 
==747272== 151 bytes in 24 blocks are still reachable in loss record 204 of 278
==747272==    at 0x586E858: malloc (vg_replace_malloc.c:447)
==747272==    by 0x443F1EC: single_binary_main_gawk (in /root/rboxc/target/gawk-format-lifetime-candidate/release/rboxc)
==747272==    by 0x5A18600: (below main) (libc_start_call_main.h:59)
==747272== 
==747272== 151 bytes in 24 blocks are still reachable in loss record 205 of 278
==747272==    at 0x586E858: malloc (vg_replace_malloc.c:447)
==747272==    by 0x473F017: rboxc_gawk_make_str_node (in /root/rboxc/target/gawk-format-lifetime-candidate/release/rboxc)
==747272==    by 0x474D135: install (in /root/rboxc/target/gawk-format-lifetime-candidate/release/rboxc)
==747272==    by 0x443F280: single_binary_main_gawk (in /root/rboxc/target/gawk-format-lifetime-candidate/release/rboxc)
==747272==    by 0x5A18600: (below main) (libc_start_call_main.h:59)
==747272== 
==747272== 160 bytes in 2 blocks are still reachable in loss record 206 of 278
==747272==    at 0x586E858: malloc (vg_replace_malloc.c:447)
==747272==    by 0x4758441: add_range_to_set (in /root/rboxc/target/gawk-format-lifetime-candidate/release/rboxc)
==747272==    by 0x475899F: charset_finalize (in /root/rboxc/target/gawk-format-lifetime-candidate/release/rboxc)
==747272==    by 0x475DA09: compile.constprop.0 (in /root/rboxc/target/gawk-format-lifetime-candidate/release/rboxc)
==747272==    by 0x475FE38: rboxc_gawk_minrx_regncomp (in /root/rboxc/target/gawk-format-lifetime-candidate/release/rboxc)
==747272==    by 0x474A2BD: rboxc_gawk_make_regexp (in /root/rboxc/target/gawk-format-lifetime-candidate/release/rboxc)
==747272==    by 0x474B3F5: rboxc_gawk_re_update (in /root/rboxc/target/gawk-format-lifetime-candidate/release/rboxc)
==747272==    by 0x47246C7: rboxc_gawk_r_interpret (in /root/rboxc/target/gawk-format-lifetime-candidate/release/rboxc)
==747272==    by 0x4440403: single_binary_main_gawk (in /root/rboxc/target/gawk-format-lifetime-candidate/release/rboxc)
==747272==    by 0x5A18600: (below main) (libc_start_call_main.h:59)
==747272== 
==747272== 171 bytes in 24 blocks are still reachable in loss record 207 of 278
==747272==    at 0x586E858: malloc (vg_replace_malloc.c:447)
==747272==    by 0x44390B0: rboxc_gawk_estrdup (in /root/rboxc/target/gawk-format-lifetime-candidate/release/rboxc)
==747272==    by 0x46EF93E: yylex (in /root/rboxc/target/gawk-format-lifetime-candidate/release/rboxc)
==747272==    by 0x46F249C: rboxc_gawk_yyparse (in /root/rboxc/target/gawk-format-lifetime-candidate/release/rboxc)
==747272==    by 0x46F639A: rboxc_gawk_parse_program (in /root/rboxc/target/gawk-format-lifetime-candidate/release/rboxc)
==747272==    by 0x44402A4: single_binary_main_gawk (in /root/rboxc/target/gawk-format-lifetime-candidate/release/rboxc)
==747272==    by 0x5A18600: (below main) (libc_start_call_main.h:59)
==747272== 
==747272== 171 bytes in 24 blocks are still reachable in loss record 208 of 278
==747272==    at 0x586E858: malloc (vg_replace_malloc.c:447)
==747272==    by 0x473F017: rboxc_gawk_make_str_node (in /root/rboxc/target/gawk-format-lifetime-candidate/release/rboxc)
==747272==    by 0x473F419: rboxc_gawk_make_typed_regex (in /root/rboxc/target/gawk-format-lifetime-candidate/release/rboxc)
==747272==    by 0x46F342D: rboxc_gawk_yyparse (in /root/rboxc/target/gawk-format-lifetime-candidate/release/rboxc)
==747272==    by 0x46F639A: rboxc_gawk_parse_program (in /root/rboxc/target/gawk-format-lifetime-candidate/release/rboxc)
==747272==    by 0x44402A4: single_binary_main_gawk (in /root/rboxc/target/gawk-format-lifetime-candidate/release/rboxc)
==747272==    by 0x5A18600: (below main) (libc_start_call_main.h:59)
==747272== 
==747272== 176 bytes in 2 blocks are still reachable in loss record 209 of 278
==747272==    at 0x586E858: malloc (vg_replace_malloc.c:447)
==747272==    by 0x473EBAB: rboxc_gawk_r_getblock (in /root/rboxc/target/gawk-format-lifetime-candidate/release/rboxc)
==747272==    by 0x46F3A68: rboxc_gawk_yyparse (in /root/rboxc/target/gawk-format-lifetime-candidate/release/rboxc)
==747272==    by 0x46F639A: rboxc_gawk_parse_program (in /root/rboxc/target/gawk-format-lifetime-candidate/release/rboxc)
==747272==    by 0x44402A4: single_binary_main_gawk (in /root/rboxc/target/gawk-format-lifetime-candidate/release/rboxc)
==747272==    by 0x5A18600: (below main) (libc_start_call_main.h:59)
==747272== 
==747272== 176 bytes in 2 blocks are still reachable in loss record 210 of 278
==747272==    at 0x586E858: malloc (vg_replace_malloc.c:447)
==747272==    by 0x473EBAB: rboxc_gawk_r_getblock (in /root/rboxc/target/gawk-format-lifetime-candidate/release/rboxc)
==747272==    by 0x46EAC1C: mk_rexp (in /root/rboxc/target/gawk-format-lifetime-candidate/release/rboxc)
==747272==    by 0x46EDB99: snode (in /root/rboxc/target/gawk-format-lifetime-candidate/release/rboxc)
==747272==    by 0x46F380A: rboxc_gawk_yyparse (in /root/rboxc/target/gawk-format-lifetime-candidate/release/rboxc)
==747272==    by 0x46F639A: rboxc_gawk_parse_program (in /root/rboxc/target/gawk-format-lifetime-candidate/release/rboxc)
==747272==    by 0x44402A4: single_binary_main_gawk (in /root/rboxc/target/gawk-format-lifetime-candidate/release/rboxc)
==747272==    by 0x5A18600: (below main) (libc_start_call_main.h:59)
==747272== 
==747272== 192 bytes in 3 blocks are still reachable in loss record 211 of 278
==747272==    at 0x586E858: malloc (vg_replace_malloc.c:447)
==747272==    by 0x475963D: csets_emplace_back (in /root/rboxc/target/gawk-format-lifetime-candidate/release/rboxc)
==747272==    by 0x475B5DA: rep (in /root/rboxc/target/gawk-format-lifetime-candidate/release/rboxc)
==747272==    by 0x475C400: cat (in /root/rboxc/target/gawk-format-lifetime-candidate/release/rboxc)
==747272==    by 0x475C568: alt (in /root/rboxc/target/gawk-format-lifetime-candidate/release/rboxc)
==747272==    by 0x475CEB0: compile.constprop.0 (in /root/rboxc/target/gawk-format-lifetime-candidate/release/rboxc)
==747272==    by 0x475FE38: rboxc_gawk_minrx_regncomp (in /root/rboxc/target/gawk-format-lifetime-candidate/release/rboxc)
==747272==    by 0x474A2BD: rboxc_gawk_make_regexp (in /root/rboxc/target/gawk-format-lifetime-candidate/release/rboxc)
==747272==    by 0x46EF24B: rboxc_gawk_make_regnode (in /root/rboxc/target/gawk-format-lifetime-candidate/release/rboxc)
==747272==    by 0x473F404: rboxc_gawk_make_typed_regex (in /root/rboxc/target/gawk-format-lifetime-candidate/release/rboxc)
==747272==    by 0x46F342D: rboxc_gawk_yyparse (in /root/rboxc/target/gawk-format-lifetime-candidate/release/rboxc)
==747272==    by 0x46F639A: rboxc_gawk_parse_program (in /root/rboxc/target/gawk-format-lifetime-candidate/release/rboxc)
==747272== 
==747272== 192 bytes in 24 blocks are still reachable in loss record 212 of 278
==747272==    at 0x586E858: malloc (vg_replace_malloc.c:447)
==747272==    by 0x475D1BA: compile.constprop.0 (in /root/rboxc/target/gawk-format-lifetime-candidate/release/rboxc)
==747272==    by 0x475FE38: rboxc_gawk_minrx_regncomp (in /root/rboxc/target/gawk-format-lifetime-candidate/release/rboxc)
==747272==    by 0x474A2BD: rboxc_gawk_make_regexp (in /root/rboxc/target/gawk-format-lifetime-candidate/release/rboxc)
==747272==    by 0x46EF24B: rboxc_gawk_make_regnode (in /root/rboxc/target/gawk-format-lifetime-candidate/release/rboxc)
==747272==    by 0x473F404: rboxc_gawk_make_typed_regex (in /root/rboxc/target/gawk-format-lifetime-candidate/release/rboxc)
==747272==    by 0x46F342D: rboxc_gawk_yyparse (in /root/rboxc/target/gawk-format-lifetime-candidate/release/rboxc)
==747272==    by 0x46F639A: rboxc_gawk_parse_program (in /root/rboxc/target/gawk-format-lifetime-candidate/release/rboxc)
==747272==    by 0x44402A4: single_binary_main_gawk (in /root/rboxc/target/gawk-format-lifetime-candidate/release/rboxc)
==747272==    by 0x5A18600: (below main) (libc_start_call_main.h:59)
==747272== 
==747272== 205 bytes in 24 blocks are still reachable in loss record 213 of 278
==747272==    at 0x586E858: malloc (vg_replace_malloc.c:447)
==747272==    by 0x473F017: rboxc_gawk_make_str_node (in /root/rboxc/target/gawk-format-lifetime-candidate/release/rboxc)
==747272==    by 0x443FD0C: single_binary_main_gawk (in /root/rboxc/target/gawk-format-lifetime-candidate/release/rboxc)
==747272==    by 0x5A18600: (below main) (libc_start_call_main.h:59)
==747272== 
==747272== 240 bytes in 3 blocks are still reachable in loss record 214 of 278
==747272==    at 0x586E858: malloc (vg_replace_malloc.c:447)
==747272==    by 0x4758441: add_range_to_set (in /root/rboxc/target/gawk-format-lifetime-candidate/release/rboxc)
==747272==    by 0x475A970: cset_parse.isra.0 (in /root/rboxc/target/gawk-format-lifetime-candidate/release/rboxc)
==747272==    by 0x475B5FC: rep (in /root/rboxc/target/gawk-format-lifetime-candidate/release/rboxc)
==747272==    by 0x475C400: cat (in /root/rboxc/target/gawk-format-lifetime-candidate/release/rboxc)
==747272==    by 0x475C568: alt (in /root/rboxc/target/gawk-format-lifetime-candidate/release/rboxc)
==747272==    by 0x475CEB0: compile.constprop.0 (in /root/rboxc/target/gawk-format-lifetime-candidate/release/rboxc)
==747272==    by 0x475FE38: rboxc_gawk_minrx_regncomp (in /root/rboxc/target/gawk-format-lifetime-candidate/release/rboxc)
==747272==    by 0x474A2BD: rboxc_gawk_make_regexp (in /root/rboxc/target/gawk-format-lifetime-candidate/release/rboxc)
==747272==    by 0x46EF24B: rboxc_gawk_make_regnode (in /root/rboxc/target/gawk-format-lifetime-candidate/release/rboxc)
==747272==    by 0x473F404: rboxc_gawk_make_typed_regex (in /root/rboxc/target/gawk-format-lifetime-candidate/release/rboxc)
==747272==    by 0x46F342D: rboxc_gawk_yyparse (in /root/rboxc/target/gawk-format-lifetime-candidate/release/rboxc)
==747272== 
==747272== 256 bytes in 1 blocks are still reachable in loss record 215 of 278
==747272==    at 0x5875E43: calloc (vg_replace_malloc.c:1678)
==747272==    by 0x470A8F2: cint_lookup (in /root/rboxc/target/gawk-format-lifetime-candidate/release/rboxc)
==747272==    by 0x4435AE2: rboxc::applet_gawk::assoc_set (in /root/rboxc/target/gawk-format-lifetime-candidate/release/rboxc)
==747272==    by 0x4440162: single_binary_main_gawk (in /root/rboxc/target/gawk-format-lifetime-candidate/release/rboxc)
==747272==    by 0x5A18600: (below main) (libc_start_call_main.h:59)
==747272== 
==747272== 256 bytes in 1 blocks are still reachable in loss record 216 of 278
==747272==    at 0x5875E43: calloc (vg_replace_malloc.c:1678)
==747272==    by 0x470A2F7: tree_lookup (in /root/rboxc/target/gawk-format-lifetime-candidate/release/rboxc)
==747272==    by 0x4435AE2: rboxc::applet_gawk::assoc_set (in /root/rboxc/target/gawk-format-lifetime-candidate/release/rboxc)
==747272==    by 0x4440162: single_binary_main_gawk (in /root/rboxc/target/gawk-format-lifetime-candidate/release/rboxc)
==747272==    by 0x5A18600: (below main) (libc_start_call_main.h:59)
==747272== 
==747272== 256 bytes in 1 blocks are still reachable in loss record 217 of 278
==747272==    at 0x5875E43: calloc (vg_replace_malloc.c:1678)
==747272==    by 0x470A520: tree_lookup (in /root/rboxc/target/gawk-format-lifetime-candidate/release/rboxc)
==747272==    by 0x4435AE2: rboxc::applet_gawk::assoc_set (in /root/rboxc/target/gawk-format-lifetime-candidate/release/rboxc)
==747272==    by 0x4440162: single_binary_main_gawk (in /root/rboxc/target/gawk-format-lifetime-candidate/release/rboxc)
==747272==    by 0x5A18600: (below main) (libc_start_call_main.h:59)
==747272== 
==747272== 256 bytes in 1 blocks are still reachable in loss record 218 of 278
==747272==    at 0x5875E43: calloc (vg_replace_malloc.c:1678)
==747272==    by 0x470A8F2: cint_lookup (in /root/rboxc/target/gawk-format-lifetime-candidate/release/rboxc)
==747272==    by 0x4435AE2: rboxc::applet_gawk::assoc_set (in /root/rboxc/target/gawk-format-lifetime-candidate/release/rboxc)
==747272==    by 0x443FFAB: single_binary_main_gawk (in /root/rboxc/target/gawk-format-lifetime-candidate/release/rboxc)
==747272==    by 0x5A18600: (below main) (libc_start_call_main.h:59)
==747272== 
==747272== 256 bytes in 1 blocks are still reachable in loss record 219 of 278
==747272==    at 0x5875E43: calloc (vg_replace_malloc.c:1678)
==747272==    by 0x470A2F7: tree_lookup (in /root/rboxc/target/gawk-format-lifetime-candidate/release/rboxc)
==747272==    by 0x4435AE2: rboxc::applet_gawk::assoc_set (in /root/rboxc/target/gawk-format-lifetime-candidate/release/rboxc)
==747272==    by 0x443FFAB: single_binary_main_gawk (in /root/rboxc/target/gawk-format-lifetime-candidate/release/rboxc)
==747272==    by 0x5A18600: (below main) (libc_start_call_main.h:59)
==747272== 
==747272== 256 bytes in 1 blocks are still reachable in loss record 220 of 278
==747272==    at 0x5875E43: calloc (vg_replace_malloc.c:1678)
==747272==    by 0x470A520: tree_lookup (in /root/rboxc/target/gawk-format-lifetime-candidate/release/rboxc)
==747272==    by 0x4435AE2: rboxc::applet_gawk::assoc_set (in /root/rboxc/target/gawk-format-lifetime-candidate/release/rboxc)
==747272==    by 0x443FFAB: single_binary_main_gawk (in /root/rboxc/target/gawk-format-lifetime-candidate/release/rboxc)
==747272==    by 0x5A18600: (below main) (libc_start_call_main.h:59)
==747272== 
==747272== 264 bytes in 3 blocks are still reachable in loss record 221 of 278
==747272==    at 0x586E858: malloc (vg_replace_malloc.c:447)
==747272==    by 0x473EBAB: rboxc_gawk_r_getblock (in /root/rboxc/target/gawk-format-lifetime-candidate/release/rboxc)
==747272==    by 0x473EF81: rboxc_gawk_make_str_node (in /root/rboxc/target/gawk-format-lifetime-candidate/release/rboxc)
==747272==    by 0x4440154: single_binary_main_gawk (in /root/rboxc/target/gawk-format-lifetime-candidate/release/rboxc)
==747272==    by 0x5A18600: (below main) (libc_start_call_main.h:59)
==747272== 
==747272== 264 bytes in 3 blocks are still reachable in loss record 222 of 278
==747272==    at 0x586E858: malloc (vg_replace_malloc.c:447)
==747272==    by 0x473EBAB: rboxc_gawk_r_getblock (in /root/rboxc/target/gawk-format-lifetime-candidate/release/rboxc)
==747272==    by 0x46EAC1C: mk_rexp (in /root/rboxc/target/gawk-format-lifetime-candidate/release/rboxc)
==747272==    by 0x46ED888: snode (in /root/rboxc/target/gawk-format-lifetime-candidate/release/rboxc)
==747272==    by 0x46F380A: rboxc_gawk_yyparse (in /root/rboxc/target/gawk-format-lifetime-candidate/release/rboxc)
==747272==    by 0x46F639A: rboxc_gawk_parse_program (in /root/rboxc/target/gawk-format-lifetime-candidate/release/rboxc)
==747272==    by 0x44402A4: single_binary_main_gawk (in /root/rboxc/target/gawk-format-lifetime-candidate/release/rboxc)
==747272==    by 0x5A18600: (below main) (libc_start_call_main.h:59)
==747272== 
==747272== 272 bytes in 2 blocks are still reachable in loss record 223 of 278
==747272==    at 0x5875E43: calloc (vg_replace_malloc.c:1678)
==747272==    by 0x474A25C: rboxc_gawk_make_regexp (in /root/rboxc/target/gawk-format-lifetime-candidate/release/rboxc)
==747272==    by 0x474B3F5: rboxc_gawk_re_update (in /root/rboxc/target/gawk-format-lifetime-candidate/release/rboxc)
==747272==    by 0x47246C7: rboxc_gawk_r_interpret (in /root/rboxc/target/gawk-format-lifetime-candidate/release/rboxc)
==747272==    by 0x4440403: single_binary_main_gawk (in /root/rboxc/target/gawk-format-lifetime-candidate/release/rboxc)
==747272==    by 0x5A18600: (below main) (libc_start_call_main.h:59)
==747272== 
==747272== 278 bytes in 42 blocks are still reachable in loss record 224 of 278
==747272==    at 0x586E858: malloc (vg_replace_malloc.c:447)
==747272==    by 0x473F017: rboxc_gawk_make_str_node (in /root/rboxc/target/gawk-format-lifetime-candidate/release/rboxc)
==747272==    by 0x474D135: install (in /root/rboxc/target/gawk-format-lifetime-candidate/release/rboxc)
==747272==    by 0x46EF48E: rboxc_gawk_install_builtins (in /root/rboxc/target/gawk-format-lifetime-candidate/release/rboxc)
==747272==    by 0x444030E: single_binary_main_gawk (in /root/rboxc/target/gawk-format-lifetime-candidate/release/rboxc)
==747272==    by 0x5A18600: (below main) (libc_start_call_main.h:59)
==747272== 
==747272== 296 bytes in 1 blocks are still reachable in loss record 225 of 278
==747272==    at 0x5875E43: calloc (vg_replace_malloc.c:1678)
==747272==    by 0x46EA646: do_add_srcfile (in /root/rboxc/target/gawk-format-lifetime-candidate/release/rboxc)
==747272==    by 0x46EE6D0: rboxc_gawk_add_srcfile (in /root/rboxc/target/gawk-format-lifetime-candidate/release/rboxc)
==747272==    by 0x443E939: single_binary_main_gawk (in /root/rboxc/target/gawk-format-lifetime-candidate/release/rboxc)
==747272==    by 0x5A18600: (below main) (libc_start_call_main.h:59)
==747272== 
==747272== 320 bytes in 1 blocks are still reachable in loss record 226 of 278
==747272==    at 0x586E858: malloc (vg_replace_malloc.c:447)
==747272==    by 0x475CEDE: compile.constprop.0 (in /root/rboxc/target/gawk-format-lifetime-candidate/release/rboxc)
==747272==    by 0x475FE38: rboxc_gawk_minrx_regncomp (in /root/rboxc/target/gawk-format-lifetime-candidate/release/rboxc)
==747272==    by 0x474A2BD: rboxc_gawk_make_regexp (in /root/rboxc/target/gawk-format-lifetime-candidate/release/rboxc)
==747272==    by 0x474B3F5: rboxc_gawk_re_update (in /root/rboxc/target/gawk-format-lifetime-candidate/release/rboxc)
==747272==    by 0x4706DEC: rboxc_gawk_do_match (in /root/rboxc/target/gawk-format-lifetime-candidate/release/rboxc)
==747272==    by 0x47262FC: rboxc_gawk_r_interpret (in /root/rboxc/target/gawk-format-lifetime-candidate/release/rboxc)
==747272==    by 0x4440403: single_binary_main_gawk (in /root/rboxc/target/gawk-format-lifetime-candidate/release/rboxc)
==747272==    by 0x5A18600: (below main) (libc_start_call_main.h:59)
==747272== 
==747272== 320 bytes in 1 blocks are still reachable in loss record 227 of 278
==747272==    at 0x586E858: malloc (vg_replace_malloc.c:447)
==747272==    by 0x475CEDE: compile.constprop.0 (in /root/rboxc/target/gawk-format-lifetime-candidate/release/rboxc)
==747272==    by 0x475FE38: rboxc_gawk_minrx_regncomp (in /root/rboxc/target/gawk-format-lifetime-candidate/release/rboxc)
==747272==    by 0x474A2BD: rboxc_gawk_make_regexp (in /root/rboxc/target/gawk-format-lifetime-candidate/release/rboxc)
==747272==    by 0x474B3F5: rboxc_gawk_re_update (in /root/rboxc/target/gawk-format-lifetime-candidate/release/rboxc)
==747272==    by 0x46FF11A: rboxc_gawk_do_sub (in /root/rboxc/target/gawk-format-lifetime-candidate/release/rboxc)
==747272==    by 0x47263C1: rboxc_gawk_r_interpret (in /root/rboxc/target/gawk-format-lifetime-candidate/release/rboxc)
==747272==    by 0x4440403: single_binary_main_gawk (in /root/rboxc/target/gawk-format-lifetime-candidate/release/rboxc)
==747272==    by 0x5A18600: (below main) (libc_start_call_main.h:59)
==747272== 
==747272== 320 bytes in 1 blocks are still reachable in loss record 228 of 278
==747272==    at 0x586E858: malloc (vg_replace_malloc.c:447)
==747272==    by 0x475CEDE: compile.constprop.0 (in /root/rboxc/target/gawk-format-lifetime-candidate/release/rboxc)
==747272==    by 0x475FE38: rboxc_gawk_minrx_regncomp (in /root/rboxc/target/gawk-format-lifetime-candidate/release/rboxc)
==747272==    by 0x474A2BD: rboxc_gawk_make_regexp (in /root/rboxc/target/gawk-format-lifetime-candidate/release/rboxc)
==747272==    by 0x474B3F5: rboxc_gawk_re_update (in /root/rboxc/target/gawk-format-lifetime-candidate/release/rboxc)
==747272==    by 0x46FF0E2: rboxc_gawk_do_sub (in /root/rboxc/target/gawk-format-lifetime-candidate/release/rboxc)
==747272==    by 0x47263C1: rboxc_gawk_r_interpret (in /root/rboxc/target/gawk-format-lifetime-candidate/release/rboxc)
==747272==    by 0x4440403: single_binary_main_gawk (in /root/rboxc/target/gawk-format-lifetime-candidate/release/rboxc)
==747272==    by 0x5A18600: (below main) (libc_start_call_main.h:59)
==747272== 
==747272== 320 bytes in 1 blocks are still reachable in loss record 229 of 278
==747272==    at 0x586E858: malloc (vg_replace_malloc.c:447)
==747272==    by 0x475CEDE: compile.constprop.0 (in /root/rboxc/target/gawk-format-lifetime-candidate/release/rboxc)
==747272==    by 0x475FE38: rboxc_gawk_minrx_regncomp (in /root/rboxc/target/gawk-format-lifetime-candidate/release/rboxc)
==747272==    by 0x474A2BD: rboxc_gawk_make_regexp (in /root/rboxc/target/gawk-format-lifetime-candidate/release/rboxc)
==747272==    by 0x474B3F5: rboxc_gawk_re_update (in /root/rboxc/target/gawk-format-lifetime-candidate/release/rboxc)
==747272==    by 0x46FEF56: rboxc_gawk_do_sub (in /root/rboxc/target/gawk-format-lifetime-candidate/release/rboxc)
==747272==    by 0x47263C1: rboxc_gawk_r_interpret (in /root/rboxc/target/gawk-format-lifetime-candidate/release/rboxc)
==747272==    by 0x4440403: single_binary_main_gawk (in /root/rboxc/target/gawk-format-lifetime-candidate/release/rboxc)
==747272==    by 0x5A18600: (below main) (libc_start_call_main.h:59)
==747272== 
==747272== 336 bytes in 7 blocks are still reachable in loss record 230 of 278
==747272==    at 0x586E858: malloc (vg_replace_malloc.c:447)
==747272==    by 0x473EBAB: rboxc_gawk_r_getblock (in /root/rboxc/target/gawk-format-lifetime-candidate/release/rboxc)
==747272==    by 0x474C959: str_lookup (in /root/rboxc/target/gawk-format-lifetime-candidate/release/rboxc)
==747272==    by 0x474D16C: install (in /root/rboxc/target/gawk-format-lifetime-candidate/release/rboxc)
==747272==    by 0x46F3ED4: rboxc_gawk_yyparse (in /root/rboxc/target/gawk-format-lifetime-candidate/release/rboxc)
==747272==    by 0x46F639A: rboxc_gawk_parse_program (in /root/rboxc/target/gawk-format-lifetime-candidate/release/rboxc)
==747272==    by 0x44402A4: single_binary_main_gawk (in /root/rboxc/target/gawk-format-lifetime-candidate/release/rboxc)
==747272==    by 0x5A18600: (below main) (libc_start_call_main.h:59)
==747272== 
==747272== 352 bytes in 1 blocks are still reachable in loss record 231 of 278
==747272==    at 0x586E858: malloc (vg_replace_malloc.c:447)
==747272==    by 0x475CCED: compile.constprop.0 (in /root/rboxc/target/gawk-format-lifetime-candidate/release/rboxc)
==747272==    by 0x475FE38: rboxc_gawk_minrx_regncomp (in /root/rboxc/target/gawk-format-lifetime-candidate/release/rboxc)
==747272==    by 0x474A2BD: rboxc_gawk_make_regexp (in /root/rboxc/target/gawk-format-lifetime-candidate/release/rboxc)
==747272==    by 0x474B3F5: rboxc_gawk_re_update (in /root/rboxc/target/gawk-format-lifetime-candidate/release/rboxc)
==747272==    by 0x4706DEC: rboxc_gawk_do_match (in /root/rboxc/target/gawk-format-lifetime-candidate/release/rboxc)
==747272==    by 0x47262FC: rboxc_gawk_r_interpret (in /root/rboxc/target/gawk-format-lifetime-candidate/release/rboxc)
==747272==    by 0x4440403: single_binary_main_gawk (in /root/rboxc/target/gawk-format-lifetime-candidate/release/rboxc)
==747272==    by 0x5A18600: (below main) (libc_start_call_main.h:59)
==747272== 
==747272== 352 bytes in 1 blocks are still reachable in loss record 232 of 278
==747272==    at 0x586E858: malloc (vg_replace_malloc.c:447)
==747272==    by 0x475CCED: compile.constprop.0 (in /root/rboxc/target/gawk-format-lifetime-candidate/release/rboxc)
==747272==    by 0x475FE38: rboxc_gawk_minrx_regncomp (in /root/rboxc/target/gawk-format-lifetime-candidate/release/rboxc)
==747272==    by 0x474A2BD: rboxc_gawk_make_regexp (in /root/rboxc/target/gawk-format-lifetime-candidate/release/rboxc)
==747272==    by 0x474B3F5: rboxc_gawk_re_update (in /root/rboxc/target/gawk-format-lifetime-candidate/release/rboxc)
==747272==    by 0x46FF11A: rboxc_gawk_do_sub (in /root/rboxc/target/gawk-format-lifetime-candidate/release/rboxc)
==747272==    by 0x47263C1: rboxc_gawk_r_interpret (in /root/rboxc/target/gawk-format-lifetime-candidate/release/rboxc)
==747272==    by 0x4440403: single_binary_main_gawk (in /root/rboxc/target/gawk-format-lifetime-candidate/release/rboxc)
==747272==    by 0x5A18600: (below main) (libc_start_call_main.h:59)
==747272== 
==747272== 352 bytes in 1 blocks are still reachable in loss record 233 of 278
==747272==    at 0x586E858: malloc (vg_replace_malloc.c:447)
==747272==    by 0x475CCED: compile.constprop.0 (in /root/rboxc/target/gawk-format-lifetime-candidate/release/rboxc)
==747272==    by 0x475FE38: rboxc_gawk_minrx_regncomp (in /root/rboxc/target/gawk-format-lifetime-candidate/release/rboxc)
==747272==    by 0x474A2BD: rboxc_gawk_make_regexp (in /root/rboxc/target/gawk-format-lifetime-candidate/release/rboxc)
==747272==    by 0x474B3F5: rboxc_gawk_re_update (in /root/rboxc/target/gawk-format-lifetime-candidate/release/rboxc)
==747272==    by 0x46FF0E2: rboxc_gawk_do_sub (in /root/rboxc/target/gawk-format-lifetime-candidate/release/rboxc)
==747272==    by 0x47263C1: rboxc_gawk_r_interpret (in /root/rboxc/target/gawk-format-lifetime-candidate/release/rboxc)
==747272==    by 0x4440403: single_binary_main_gawk (in /root/rboxc/target/gawk-format-lifetime-candidate/release/rboxc)
==747272==    by 0x5A18600: (below main) (libc_start_call_main.h:59)
==747272== 
==747272== 352 bytes in 1 blocks are still reachable in loss record 234 of 278
==747272==    at 0x586E858: malloc (vg_replace_malloc.c:447)
==747272==    by 0x475CCED: compile.constprop.0 (in /root/rboxc/target/gawk-format-lifetime-candidate/release/rboxc)
==747272==    by 0x475FE38: rboxc_gawk_minrx_regncomp (in /root/rboxc/target/gawk-format-lifetime-candidate/release/rboxc)
==747272==    by 0x474A2BD: rboxc_gawk_make_regexp (in /root/rboxc/target/gawk-format-lifetime-candidate/release/rboxc)
==747272==    by 0x474B3F5: rboxc_gawk_re_update (in /root/rboxc/target/gawk-format-lifetime-candidate/release/rboxc)
==747272==    by 0x46FEF56: rboxc_gawk_do_sub (in /root/rboxc/target/gawk-format-lifetime-candidate/release/rboxc)
==747272==    by 0x47263C1: rboxc_gawk_r_interpret (in /root/rboxc/target/gawk-format-lifetime-candidate/release/rboxc)
==747272==    by 0x4440403: single_binary_main_gawk (in /root/rboxc/target/gawk-format-lifetime-candidate/release/rboxc)
==747272==    by 0x5A18600: (below main) (libc_start_call_main.h:59)
==747272== 
==747272== 352 bytes in 1 blocks are still reachable in loss record 235 of 278
==747272==    at 0x586E858: malloc (vg_replace_malloc.c:447)
==747272==    by 0x475CCED: compile.constprop.0 (in /root/rboxc/target/gawk-format-lifetime-candidate/release/rboxc)
==747272==    by 0x475FE38: rboxc_gawk_minrx_regncomp (in /root/rboxc/target/gawk-format-lifetime-candidate/release/rboxc)
==747272==    by 0x474A2BD: rboxc_gawk_make_regexp (in /root/rboxc/target/gawk-format-lifetime-candidate/release/rboxc)
==747272==    by 0x474B3F5: rboxc_gawk_re_update (in /root/rboxc/target/gawk-format-lifetime-candidate/release/rboxc)
==747272==    by 0x472DC1F: rboxc_gawk_do_patsplit (in /root/rboxc/target/gawk-format-lifetime-candidate/release/rboxc)
==747272==    by 0x47262FC: rboxc_gawk_r_interpret (in /root/rboxc/target/gawk-format-lifetime-candidate/release/rboxc)
==747272==    by 0x4440403: single_binary_main_gawk (in /root/rboxc/target/gawk-format-lifetime-candidate/release/rboxc)
==747272==    by 0x5A18600: (below main) (libc_start_call_main.h:59)
==747272== 
==747272== 384 bytes in 24 blocks are still reachable in loss record 236 of 278
==747272==    at 0x586E858: malloc (vg_replace_malloc.c:447)
==747272==    by 0x474A78B: rboxc_gawk_make_regexp (in /root/rboxc/target/gawk-format-lifetime-candidate/release/rboxc)
==747272==    by 0x46EF24B: rboxc_gawk_make_regnode (in /root/rboxc/target/gawk-format-lifetime-candidate/release/rboxc)
==747272==    by 0x473F404: rboxc_gawk_make_typed_regex (in /root/rboxc/target/gawk-format-lifetime-candidate/release/rboxc)
==747272==    by 0x46F342D: rboxc_gawk_yyparse (in /root/rboxc/target/gawk-format-lifetime-candidate/release/rboxc)
==747272==    by 0x46F639A: rboxc_gawk_parse_program (in /root/rboxc/target/gawk-format-lifetime-candidate/release/rboxc)
==747272==    by 0x44402A4: single_binary_main_gawk (in /root/rboxc/target/gawk-format-lifetime-candidate/release/rboxc)
==747272==    by 0x5A18600: (below main) (libc_start_call_main.h:59)
==747272== 
==747272== 552 bytes in 1 blocks are still reachable in loss record 237 of 278
==747272==    at 0x5875E43: calloc (vg_replace_malloc.c:1678)
==747272==    by 0x474EA56: rboxc_gawk_new_context (in /root/rboxc/target/gawk-format-lifetime-candidate/release/rboxc)
==747272==    by 0x443E56A: single_binary_main_gawk (in /root/rboxc/target/gawk-format-lifetime-candidate/release/rboxc)
==747272==    by 0x5A18600: (below main) (libc_start_call_main.h:59)
==747272== 
==747272== 557 bytes in 79 blocks are still reachable in loss record 238 of 278
==747272==    at 0x586E858: malloc (vg_replace_malloc.c:447)
==747272==    by 0x473F017: rboxc_gawk_make_str_node (in /root/rboxc/target/gawk-format-lifetime-candidate/release/rboxc)
==747272==    by 0x474E574: rboxc_gawk_load_symbols (in /root/rboxc/target/gawk-format-lifetime-candidate/release/rboxc)
==747272==    by 0x444037C: single_binary_main_gawk (in /root/rboxc/target/gawk-format-lifetime-candidate/release/rboxc)
==747272==    by 0x5A18600: (below main) (libc_start_call_main.h:59)
==747272== 
==747272== 616 bytes in 7 blocks are still reachable in loss record 239 of 278
==747272==    at 0x586E858: malloc (vg_replace_malloc.c:447)
==747272==    by 0x473EBAB: rboxc_gawk_r_getblock (in /root/rboxc/target/gawk-format-lifetime-candidate/release/rboxc)
==747272==    by 0x473EF81: rboxc_gawk_make_str_node (in /root/rboxc/target/gawk-format-lifetime-candidate/release/rboxc)
==747272==    by 0x474D135: install (in /root/rboxc/target/gawk-format-lifetime-candidate/release/rboxc)
==747272==    by 0x46F3ED4: rboxc_gawk_yyparse (in /root/rboxc/target/gawk-format-lifetime-candidate/release/rboxc)
==747272==    by 0x46F639A: rboxc_gawk_parse_program (in /root/rboxc/target/gawk-format-lifetime-candidate/release/rboxc)
==747272==    by 0x44402A4: single_binary_main_gawk (in /root/rboxc/target/gawk-format-lifetime-candidate/release/rboxc)
==747272==    by 0x5A18600: (below main) (libc_start_call_main.h:59)
==747272== 
==747272== 616 bytes in 7 blocks are still reachable in loss record 240 of 278
==747272==    at 0x586E858: malloc (vg_replace_malloc.c:447)
==747272==    by 0x473EBAB: rboxc_gawk_r_getblock (in /root/rboxc/target/gawk-format-lifetime-candidate/release/rboxc)
==747272==    by 0x474D2FE: install (in /root/rboxc/target/gawk-format-lifetime-candidate/release/rboxc)
==747272==    by 0x46F3ED4: rboxc_gawk_yyparse (in /root/rboxc/target/gawk-format-lifetime-candidate/release/rboxc)
==747272==    by 0x46F639A: rboxc_gawk_parse_program (in /root/rboxc/target/gawk-format-lifetime-candidate/release/rboxc)
==747272==    by 0x44402A4: single_binary_main_gawk (in /root/rboxc/target/gawk-format-lifetime-candidate/release/rboxc)
==747272==    by 0x5A18600: (below main) (libc_start_call_main.h:59)
==747272== 
==747272== 640 bytes in 2 blocks are still reachable in loss record 241 of 278
==747272==    at 0x586E858: malloc (vg_replace_malloc.c:447)
==747272==    by 0x475CEDE: compile.constprop.0 (in /root/rboxc/target/gawk-format-lifetime-candidate/release/rboxc)
==747272==    by 0x475FE38: rboxc_gawk_minrx_regncomp (in /root/rboxc/target/gawk-format-lifetime-candidate/release/rboxc)
==747272==    by 0x474A2BD: rboxc_gawk_make_regexp (in /root/rboxc/target/gawk-format-lifetime-candidate/release/rboxc)
==747272==    by 0x474B3F5: rboxc_gawk_re_update (in /root/rboxc/target/gawk-format-lifetime-candidate/release/rboxc)
==747272==    by 0x47246C7: rboxc_gawk_r_interpret (in /root/rboxc/target/gawk-format-lifetime-candidate/release/rboxc)
==747272==    by 0x4440403: single_binary_main_gawk (in /root/rboxc/target/gawk-format-lifetime-candidate/release/rboxc)
==747272==    by 0x5A18600: (below main) (libc_start_call_main.h:59)
==747272== 
==747272== 704 bytes in 2 blocks are still reachable in loss record 242 of 278
==747272==    at 0x586E858: malloc (vg_replace_malloc.c:447)
==747272==    by 0x475CCED: compile.constprop.0 (in /root/rboxc/target/gawk-format-lifetime-candidate/release/rboxc)
==747272==    by 0x475FE38: rboxc_gawk_minrx_regncomp (in /root/rboxc/target/gawk-format-lifetime-candidate/release/rboxc)
==747272==    by 0x474A2BD: rboxc_gawk_make_regexp (in /root/rboxc/target/gawk-format-lifetime-candidate/release/rboxc)
==747272==    by 0x474B3F5: rboxc_gawk_re_update (in /root/rboxc/target/gawk-format-lifetime-candidate/release/rboxc)
==747272==    by 0x47246C7: rboxc_gawk_r_interpret (in /root/rboxc/target/gawk-format-lifetime-candidate/release/rboxc)
==747272==    by 0x4440403: single_binary_main_gawk (in /root/rboxc/target/gawk-format-lifetime-candidate/release/rboxc)
==747272==    by 0x5A18600: (below main) (libc_start_call_main.h:59)
==747272== 
==747272== 704 bytes in 8 blocks are still reachable in loss record 243 of 278
==747272==    at 0x586E858: malloc (vg_replace_malloc.c:447)
==747272==    by 0x473EBAB: rboxc_gawk_r_getblock (in /root/rboxc/target/gawk-format-lifetime-candidate/release/rboxc)
==747272==    by 0x473F4F0: r_make_number (in /root/rboxc/target/gawk-format-lifetime-candidate/release/rboxc)
==747272==    by 0x443F2C3: single_binary_main_gawk (in /root/rboxc/target/gawk-format-lifetime-candidate/release/rboxc)
==747272==    by 0x5A18600: (below main) (libc_start_call_main.h:59)
==747272== 
==747272== 830 bytes in 24 blocks are still reachable in loss record 244 of 278
==747272==    at 0x586E858: malloc (vg_replace_malloc.c:447)
==747272==    by 0x473F017: rboxc_gawk_make_str_node (in /root/rboxc/target/gawk-format-lifetime-candidate/release/rboxc)
==747272==    by 0x443FD20: single_binary_main_gawk (in /root/rboxc/target/gawk-format-lifetime-candidate/release/rboxc)
==747272==    by 0x5A18600: (below main) (libc_start_call_main.h:59)
==747272== 
==747272== 840 bytes in 21 blocks are still reachable in loss record 245 of 278
==747272==    at 0x586E858: malloc (vg_replace_malloc.c:447)
==747272==    by 0x4758359: add_char_to_set (in /root/rboxc/target/gawk-format-lifetime-candidate/release/rboxc)
==747272==    by 0x4758F22: charset_add_char.part.0 (in /root/rboxc/target/gawk-format-lifetime-candidate/release/rboxc)
==747272==    by 0x475D277: compile.constprop.0 (in /root/rboxc/target/gawk-format-lifetime-candidate/release/rboxc)
==747272==    by 0x475FE38: rboxc_gawk_minrx_regncomp (in /root/rboxc/target/gawk-format-lifetime-candidate/release/rboxc)
==747272==    by 0x474A2BD: rboxc_gawk_make_regexp (in /root/rboxc/target/gawk-format-lifetime-candidate/release/rboxc)
==747272==    by 0x46EF24B: rboxc_gawk_make_regnode (in /root/rboxc/target/gawk-format-lifetime-candidate/release/rboxc)
==747272==    by 0x473F404: rboxc_gawk_make_typed_regex (in /root/rboxc/target/gawk-format-lifetime-candidate/release/rboxc)
==747272==    by 0x46F342D: rboxc_gawk_yyparse (in /root/rboxc/target/gawk-format-lifetime-candidate/release/rboxc)
==747272==    by 0x46F639A: rboxc_gawk_parse_program (in /root/rboxc/target/gawk-format-lifetime-candidate/release/rboxc)
==747272==    by 0x44402A4: single_binary_main_gawk (in /root/rboxc/target/gawk-format-lifetime-candidate/release/rboxc)
==747272==    by 0x5A18600: (below main) (libc_start_call_main.h:59)
==747272== 
==747272== 1,152 bytes in 24 blocks are still reachable in loss record 246 of 278
==747272==    at 0x586E858: malloc (vg_replace_malloc.c:447)
==747272==    by 0x473EBAB: rboxc_gawk_r_getblock (in /root/rboxc/target/gawk-format-lifetime-candidate/release/rboxc)
==747272==    by 0x474C959: str_lookup (in /root/rboxc/target/gawk-format-lifetime-candidate/release/rboxc)
==747272==    by 0x474D16C: install (in /root/rboxc/target/gawk-format-lifetime-candidate/release/rboxc)
==747272==    by 0x443F280: single_binary_main_gawk (in /root/rboxc/target/gawk-format-lifetime-candidate/release/rboxc)
==747272==    by 0x5A18600: (below main) (libc_start_call_main.h:59)
==747272== 
==747272== 1,152 bytes in 24 blocks are still reachable in loss record 247 of 278
==747272==    at 0x586E858: malloc (vg_replace_malloc.c:447)
==747272==    by 0x473EBAB: rboxc_gawk_r_getblock (in /root/rboxc/target/gawk-format-lifetime-candidate/release/rboxc)
==747272==    by 0x474C959: str_lookup (in /root/rboxc/target/gawk-format-lifetime-candidate/release/rboxc)
==747272==    by 0x443FD46: single_binary_main_gawk (in /root/rboxc/target/gawk-format-lifetime-candidate/release/rboxc)
==747272==    by 0x5A18600: (below main) (libc_start_call_main.h:59)
==747272== 
==747272== 1,232 bytes in 14 blocks are still reachable in loss record 248 of 278
==747272==    at 0x586E858: malloc (vg_replace_malloc.c:447)
==747272==    by 0x473EBAB: rboxc_gawk_r_getblock (in /root/rboxc/target/gawk-format-lifetime-candidate/release/rboxc)
==747272==    by 0x473EF81: rboxc_gawk_make_str_node (in /root/rboxc/target/gawk-format-lifetime-candidate/release/rboxc)
==747272==    by 0x443F2AA: single_binary_main_gawk (in /root/rboxc/target/gawk-format-lifetime-candidate/release/rboxc)
==747272==    by 0x5A18600: (below main) (libc_start_call_main.h:59)
==747272== 
==747272== 1,536 bytes in 24 blocks are still reachable in loss record 249 of 278
==747272==    at 0x586E858: malloc (vg_replace_malloc.c:447)
==747272==    by 0x475D20A: compile.constprop.0 (in /root/rboxc/target/gawk-format-lifetime-candidate/release/rboxc)
==747272==    by 0x475FE38: rboxc_gawk_minrx_regncomp (in /root/rboxc/target/gawk-format-lifetime-candidate/release/rboxc)
==747272==    by 0x474A2BD: rboxc_gawk_make_regexp (in /root/rboxc/target/gawk-format-lifetime-candidate/release/rboxc)
==747272==    by 0x46EF24B: rboxc_gawk_make_regnode (in /root/rboxc/target/gawk-format-lifetime-candidate/release/rboxc)
==747272==    by 0x473F404: rboxc_gawk_make_typed_regex (in /root/rboxc/target/gawk-format-lifetime-candidate/release/rboxc)
==747272==    by 0x46F342D: rboxc_gawk_yyparse (in /root/rboxc/target/gawk-format-lifetime-candidate/release/rboxc)
==747272==    by 0x46F639A: rboxc_gawk_parse_program (in /root/rboxc/target/gawk-format-lifetime-candidate/release/rboxc)
==747272==    by 0x44402A4: single_binary_main_gawk (in /root/rboxc/target/gawk-format-lifetime-candidate/release/rboxc)
==747272==    by 0x5A18600: (below main) (libc_start_call_main.h:59)
==747272== 
==747272== 1,680 bytes in 21 blocks are still reachable in loss record 250 of 278
==747272==    at 0x586E858: malloc (vg_replace_malloc.c:447)
==747272==    by 0x4758441: add_range_to_set (in /root/rboxc/target/gawk-format-lifetime-candidate/release/rboxc)
==747272==    by 0x475899F: charset_finalize (in /root/rboxc/target/gawk-format-lifetime-candidate/release/rboxc)
==747272==    by 0x475DA09: compile.constprop.0 (in /root/rboxc/target/gawk-format-lifetime-candidate/release/rboxc)
==747272==    by 0x475FE38: rboxc_gawk_minrx_regncomp (in /root/rboxc/target/gawk-format-lifetime-candidate/release/rboxc)
==747272==    by 0x474A2BD: rboxc_gawk_make_regexp (in /root/rboxc/target/gawk-format-lifetime-candidate/release/rboxc)
==747272==    by 0x46EF24B: rboxc_gawk_make_regnode (in /root/rboxc/target/gawk-format-lifetime-candidate/release/rboxc)
==747272==    by 0x473F404: rboxc_gawk_make_typed_regex (in /root/rboxc/target/gawk-format-lifetime-candidate/release/rboxc)
==747272==    by 0x46F342D: rboxc_gawk_yyparse (in /root/rboxc/target/gawk-format-lifetime-candidate/release/rboxc)
==747272==    by 0x46F639A: rboxc_gawk_parse_program (in /root/rboxc/target/gawk-format-lifetime-candidate/release/rboxc)
==747272==    by 0x44402A4: single_binary_main_gawk (in /root/rboxc/target/gawk-format-lifetime-candidate/release/rboxc)
==747272==    by 0x5A18600: (below main) (libc_start_call_main.h:59)
==747272== 
==747272== 2,016 bytes in 42 blocks are still reachable in loss record 251 of 278
==747272==    at 0x586E858: malloc (vg_replace_malloc.c:447)
==747272==    by 0x473EBAB: rboxc_gawk_r_getblock (in /root/rboxc/target/gawk-format-lifetime-candidate/release/rboxc)
==747272==    by 0x474C959: str_lookup (in /root/rboxc/target/gawk-format-lifetime-candidate/release/rboxc)
==747272==    by 0x474D16C: install (in /root/rboxc/target/gawk-format-lifetime-candidate/release/rboxc)
==747272==    by 0x46EF48E: rboxc_gawk_install_builtins (in /root/rboxc/target/gawk-format-lifetime-candidate/release/rboxc)
==747272==    by 0x444030E: single_binary_main_gawk (in /root/rboxc/target/gawk-format-lifetime-candidate/release/rboxc)
==747272==    by 0x5A18600: (below main) (libc_start_call_main.h:59)
==747272== 
==747272== 2,048 bytes in 1 blocks are still reachable in loss record 252 of 278
==747272==    at 0x586E858: malloc (vg_replace_malloc.c:447)
==747272==    by 0x471F119: rboxc_gawk_init_interpret (in /root/rboxc/target/gawk-format-lifetime-candidate/release/rboxc)
==747272==    by 0x443FE94: single_binary_main_gawk (in /root/rboxc/target/gawk-format-lifetime-candidate/release/rboxc)
==747272==    by 0x5A18600: (below main) (libc_start_call_main.h:59)
==747272== 
==747272== 2,112 bytes in 24 blocks are still reachable in loss record 253 of 278
==747272==    at 0x586E858: malloc (vg_replace_malloc.c:447)
==747272==    by 0x473EBAB: rboxc_gawk_r_getblock (in /root/rboxc/target/gawk-format-lifetime-candidate/release/rboxc)
==747272==    by 0x473EF81: rboxc_gawk_make_str_node (in /root/rboxc/target/gawk-format-lifetime-candidate/release/rboxc)
==747272==    by 0x474D135: install (in /root/rboxc/target/gawk-format-lifetime-candidate/release/rboxc)
==747272==    by 0x443F280: single_binary_main_gawk (in /root/rboxc/target/gawk-format-lifetime-candidate/release/rboxc)
==747272==    by 0x5A18600: (below main) (libc_start_call_main.h:59)
==747272== 
==747272== 2,112 bytes in 24 blocks are still reachable in loss record 254 of 278
==747272==    at 0x586E858: malloc (vg_replace_malloc.c:447)
==747272==    by 0x473EBAB: rboxc_gawk_r_getblock (in /root/rboxc/target/gawk-format-lifetime-candidate/release/rboxc)
==747272==    by 0x474D213: install (in /root/rboxc/target/gawk-format-lifetime-candidate/release/rboxc)
==747272==    by 0x443F280: single_binary_main_gawk (in /root/rboxc/target/gawk-format-lifetime-candidate/release/rboxc)
==747272==    by 0x5A18600: (below main) (libc_start_call_main.h:59)
==747272== 
==747272== 2,112 bytes in 24 blocks are still reachable in loss record 255 of 278
==747272==    at 0x586E858: malloc (vg_replace_malloc.c:447)
==747272==    by 0x473EBAB: rboxc_gawk_r_getblock (in /root/rboxc/target/gawk-format-lifetime-candidate/release/rboxc)
==747272==    by 0x473EF81: rboxc_gawk_make_str_node (in /root/rboxc/target/gawk-format-lifetime-candidate/release/rboxc)
==747272==    by 0x443FD0C: single_binary_main_gawk (in /root/rboxc/target/gawk-format-lifetime-candidate/release/rboxc)
==747272==    by 0x5A18600: (below main) (libc_start_call_main.h:59)
==747272== 
==747272== 2,112 bytes in 24 blocks are still reachable in loss record 256 of 278
==747272==    at 0x586E858: malloc (vg_replace_malloc.c:447)
==747272==    by 0x473EBAB: rboxc_gawk_r_getblock (in /root/rboxc/target/gawk-format-lifetime-candidate/release/rboxc)
==747272==    by 0x473EF81: rboxc_gawk_make_str_node (in /root/rboxc/target/gawk-format-lifetime-candidate/release/rboxc)
==747272==    by 0x443FD20: single_binary_main_gawk (in /root/rboxc/target/gawk-format-lifetime-candidate/release/rboxc)
==747272==    by 0x5A18600: (below main) (libc_start_call_main.h:59)
==747272== 
==747272== 2,112 bytes in 24 blocks are still reachable in loss record 257 of 278
==747272==    at 0x586E858: malloc (vg_replace_malloc.c:447)
==747272==    by 0x473EBAB: rboxc_gawk_r_getblock (in /root/rboxc/target/gawk-format-lifetime-candidate/release/rboxc)
==747272==    by 0x473EF81: rboxc_gawk_make_str_node (in /root/rboxc/target/gawk-format-lifetime-candidate/release/rboxc)
==747272==    by 0x473F3F7: rboxc_gawk_make_typed_regex (in /root/rboxc/target/gawk-format-lifetime-candidate/release/rboxc)
==747272==    by 0x46F342D: rboxc_gawk_yyparse (in /root/rboxc/target/gawk-format-lifetime-candidate/release/rboxc)
==747272==    by 0x46F639A: rboxc_gawk_parse_program (in /root/rboxc/target/gawk-format-lifetime-candidate/release/rboxc)
==747272==    by 0x44402A4: single_binary_main_gawk (in /root/rboxc/target/gawk-format-lifetime-candidate/release/rboxc)
==747272==    by 0x5A18600: (below main) (libc_start_call_main.h:59)
==747272== 
==747272== 2,112 bytes in 24 blocks are still reachable in loss record 258 of 278
==747272==    at 0x586E858: malloc (vg_replace_malloc.c:447)
==747272==    by 0x473EBAB: rboxc_gawk_r_getblock (in /root/rboxc/target/gawk-format-lifetime-candidate/release/rboxc)
==747272==    by 0x46EF1E8: rboxc_gawk_make_regnode (in /root/rboxc/target/gawk-format-lifetime-candidate/release/rboxc)
==747272==    by 0x473F404: rboxc_gawk_make_typed_regex (in /root/rboxc/target/gawk-format-lifetime-candidate/release/rboxc)
==747272==    by 0x46F342D: rboxc_gawk_yyparse (in /root/rboxc/target/gawk-format-lifetime-candidate/release/rboxc)
==747272==    by 0x46F639A: rboxc_gawk_parse_program (in /root/rboxc/target/gawk-format-lifetime-candidate/release/rboxc)
==747272==    by 0x44402A4: single_binary_main_gawk (in /root/rboxc/target/gawk-format-lifetime-candidate/release/rboxc)
==747272==    by 0x5A18600: (below main) (libc_start_call_main.h:59)
==747272== 
==747272== 2,112 bytes in 24 blocks are still reachable in loss record 259 of 278
==747272==    at 0x586E858: malloc (vg_replace_malloc.c:447)
==747272==    by 0x473EBAB: rboxc_gawk_r_getblock (in /root/rboxc/target/gawk-format-lifetime-candidate/release/rboxc)
==747272==    by 0x473EF81: rboxc_gawk_make_str_node (in /root/rboxc/target/gawk-format-lifetime-candidate/release/rboxc)
==747272==    by 0x473F419: rboxc_gawk_make_typed_regex (in /root/rboxc/target/gawk-format-lifetime-candidate/release/rboxc)
==747272==    by 0x46F342D: rboxc_gawk_yyparse (in /root/rboxc/target/gawk-format-lifetime-candidate/release/rboxc)
==747272==    by 0x46F639A: rboxc_gawk_parse_program (in /root/rboxc/target/gawk-format-lifetime-candidate/release/rboxc)
==747272==    by 0x44402A4: single_binary_main_gawk (in /root/rboxc/target/gawk-format-lifetime-candidate/release/rboxc)
==747272==    by 0x5A18600: (below main) (libc_start_call_main.h:59)
==747272== 
==747272== 2,376 bytes in 7 blocks are still reachable in loss record 260 of 278
==747272==    at 0x5875E43: calloc (vg_replace_malloc.c:1678)
==747272==    by 0x474D99B: rboxc_gawk_make_params (in /root/rboxc/target/gawk-format-lifetime-candidate/release/rboxc)
==747272==    by 0x46F3F15: rboxc_gawk_yyparse (in /root/rboxc/target/gawk-format-lifetime-candidate/release/rboxc)
==747272==    by 0x46F639A: rboxc_gawk_parse_program (in /root/rboxc/target/gawk-format-lifetime-candidate/release/rboxc)
==747272==    by 0x44402A4: single_binary_main_gawk (in /root/rboxc/target/gawk-format-lifetime-candidate/release/rboxc)
==747272==    by 0x5A18600: (below main) (libc_start_call_main.h:59)
==747272== 
==747272== 2,773 bytes in 165 blocks are still reachable in loss record 261 of 278
==747272==    at 0x586E858: malloc (vg_replace_malloc.c:447)
==747272==    by 0x473F017: rboxc_gawk_make_str_node (in /root/rboxc/target/gawk-format-lifetime-candidate/release/rboxc)
==747272==    by 0x46F0DF4: yylex (in /root/rboxc/target/gawk-format-lifetime-candidate/release/rboxc)
==747272==    by 0x46F249C: rboxc_gawk_yyparse (in /root/rboxc/target/gawk-format-lifetime-candidate/release/rboxc)
==747272==    by 0x46F639A: rboxc_gawk_parse_program (in /root/rboxc/target/gawk-format-lifetime-candidate/release/rboxc)
==747272==    by 0x44402A4: single_binary_main_gawk (in /root/rboxc/target/gawk-format-lifetime-candidate/release/rboxc)
==747272==    by 0x5A18600: (below main) (libc_start_call_main.h:59)
==747272== 
==747272== 3,264 bytes in 24 blocks are still reachable in loss record 262 of 278
==747272==    at 0x5875E43: calloc (vg_replace_malloc.c:1678)
==747272==    by 0x474A25C: rboxc_gawk_make_regexp (in /root/rboxc/target/gawk-format-lifetime-candidate/release/rboxc)
==747272==    by 0x46EF24B: rboxc_gawk_make_regnode (in /root/rboxc/target/gawk-format-lifetime-candidate/release/rboxc)
==747272==    by 0x473F404: rboxc_gawk_make_typed_regex (in /root/rboxc/target/gawk-format-lifetime-candidate/release/rboxc)
==747272==    by 0x46F342D: rboxc_gawk_yyparse (in /root/rboxc/target/gawk-format-lifetime-candidate/release/rboxc)
==747272==    by 0x46F639A: rboxc_gawk_parse_program (in /root/rboxc/target/gawk-format-lifetime-candidate/release/rboxc)
==747272==    by 0x44402A4: single_binary_main_gawk (in /root/rboxc/target/gawk-format-lifetime-candidate/release/rboxc)
==747272==    by 0x5A18600: (below main) (libc_start_call_main.h:59)
==747272== 
==747272== 3,696 bytes in 42 blocks are still reachable in loss record 263 of 278
==747272==    at 0x586E858: malloc (vg_replace_malloc.c:447)
==747272==    by 0x473EBAB: rboxc_gawk_r_getblock (in /root/rboxc/target/gawk-format-lifetime-candidate/release/rboxc)
==747272==    by 0x473EF81: rboxc_gawk_make_str_node (in /root/rboxc/target/gawk-format-lifetime-candidate/release/rboxc)
==747272==    by 0x474D135: install (in /root/rboxc/target/gawk-format-lifetime-candidate/release/rboxc)
==747272==    by 0x46EF48E: rboxc_gawk_install_builtins (in /root/rboxc/target/gawk-format-lifetime-candidate/release/rboxc)
==747272==    by 0x444030E: single_binary_main_gawk (in /root/rboxc/target/gawk-format-lifetime-candidate/release/rboxc)
==747272==    by 0x5A18600: (below main) (libc_start_call_main.h:59)
==747272== 
==747272== 3,696 bytes in 42 blocks are still reachable in loss record 264 of 278
==747272==    at 0x586E858: malloc (vg_replace_malloc.c:447)
==747272==    by 0x473EBAB: rboxc_gawk_r_getblock (in /root/rboxc/target/gawk-format-lifetime-candidate/release/rboxc)
==747272==    by 0x474D2FE: install (in /root/rboxc/target/gawk-format-lifetime-candidate/release/rboxc)
==747272==    by 0x46EF48E: rboxc_gawk_install_builtins (in /root/rboxc/target/gawk-format-lifetime-candidate/release/rboxc)
==747272==    by 0x444030E: single_binary_main_gawk (in /root/rboxc/target/gawk-format-lifetime-candidate/release/rboxc)
==747272==    by 0x5A18600: (below main) (libc_start_call_main.h:59)
==747272== 
==747272== 3,792 bytes in 79 blocks are still reachable in loss record 265 of 278
==747272==    at 0x586E858: malloc (vg_replace_malloc.c:447)
==747272==    by 0x473EBAB: rboxc_gawk_r_getblock (in /root/rboxc/target/gawk-format-lifetime-candidate/release/rboxc)
==747272==    by 0x474C959: str_lookup (in /root/rboxc/target/gawk-format-lifetime-candidate/release/rboxc)
==747272==    by 0x474E3C9: rboxc_gawk_load_symbols (in /root/rboxc/target/gawk-format-lifetime-candidate/release/rboxc)
==747272==    by 0x444037C: single_binary_main_gawk (in /root/rboxc/target/gawk-format-lifetime-candidate/release/rboxc)
==747272==    by 0x5A18600: (below main) (libc_start_call_main.h:59)
==747272== 
==747272== 3,960 bytes in 45 blocks are still reachable in loss record 266 of 278
==747272==    at 0x586E858: malloc (vg_replace_malloc.c:447)
==747272==    by 0x473EBAB: rboxc_gawk_r_getblock (in /root/rboxc/target/gawk-format-lifetime-candidate/release/rboxc)
==747272==    by 0x473F4F0: r_make_number (in /root/rboxc/target/gawk-format-lifetime-candidate/release/rboxc)
==747272==    by 0x46EFECC: yylex (in /root/rboxc/target/gawk-format-lifetime-candidate/release/rboxc)
==747272==    by 0x46F249C: rboxc_gawk_yyparse (in /root/rboxc/target/gawk-format-lifetime-candidate/release/rboxc)
==747272==    by 0x46F639A: rboxc_gawk_parse_program (in /root/rboxc/target/gawk-format-lifetime-candidate/release/rboxc)
==747272==    by 0x44402A4: single_binary_main_gawk (in /root/rboxc/target/gawk-format-lifetime-candidate/release/rboxc)
==747272==    by 0x5A18600: (below main) (libc_start_call_main.h:59)
==747272== 
==747272== 5,048 bytes in 1 blocks are still reachable in loss record 267 of 278
==747272==    at 0x586E858: malloc (vg_replace_malloc.c:447)
==747272==    by 0x474E971: rboxc_gawk_bcalloc (in /root/rboxc/target/gawk-format-lifetime-candidate/release/rboxc)
==747272==    by 0x46F62BC: rboxc_gawk_parse_program (in /root/rboxc/target/gawk-format-lifetime-candidate/release/rboxc)
==747272==    by 0x44402A4: single_binary_main_gawk (in /root/rboxc/target/gawk-format-lifetime-candidate/release/rboxc)
==747272==    by 0x5A18600: (below main) (libc_start_call_main.h:59)
==747272== 
==747272== 5,048 bytes in 1 blocks are still reachable in loss record 268 of 278
==747272==    at 0x586E858: malloc (vg_replace_malloc.c:447)
==747272==    by 0x474E971: rboxc_gawk_bcalloc (in /root/rboxc/target/gawk-format-lifetime-candidate/release/rboxc)
==747272==    by 0x46F67B8: rboxc_gawk_parse_program (in /root/rboxc/target/gawk-format-lifetime-candidate/release/rboxc)
==747272==    by 0x44402A4: single_binary_main_gawk (in /root/rboxc/target/gawk-format-lifetime-candidate/release/rboxc)
==747272==    by 0x5A18600: (below main) (libc_start_call_main.h:59)
==747272== 
==747272== 5,048 bytes in 1 blocks are still reachable in loss record 269 of 278
==747272==    at 0x586E858: malloc (vg_replace_malloc.c:447)
==747272==    by 0x474E971: rboxc_gawk_bcalloc (in /root/rboxc/target/gawk-format-lifetime-candidate/release/rboxc)
==747272==    by 0x46F1F4A: yylex (in /root/rboxc/target/gawk-format-lifetime-candidate/release/rboxc)
==747272==    by 0x46F249C: rboxc_gawk_yyparse (in /root/rboxc/target/gawk-format-lifetime-candidate/release/rboxc)
==747272==    by 0x46F639A: rboxc_gawk_parse_program (in /root/rboxc/target/gawk-format-lifetime-candidate/release/rboxc)
==747272==    by 0x44402A4: single_binary_main_gawk (in /root/rboxc/target/gawk-format-lifetime-candidate/release/rboxc)
==747272==    by 0x5A18600: (below main) (libc_start_call_main.h:59)
==747272== 
==747272== 5,048 bytes in 1 blocks are still reachable in loss record 270 of 278
==747272==    at 0x586E858: malloc (vg_replace_malloc.c:447)
==747272==    by 0x474E971: rboxc_gawk_bcalloc (in /root/rboxc/target/gawk-format-lifetime-candidate/release/rboxc)
==747272==    by 0x46EB6D1: mk_condition (in /root/rboxc/target/gawk-format-lifetime-candidate/release/rboxc)
==747272==    by 0x46F4709: rboxc_gawk_yyparse (in /root/rboxc/target/gawk-format-lifetime-candidate/release/rboxc)
==747272==    by 0x46F639A: rboxc_gawk_parse_program (in /root/rboxc/target/gawk-format-lifetime-candidate/release/rboxc)
==747272==    by 0x44402A4: single_binary_main_gawk (in /root/rboxc/target/gawk-format-lifetime-candidate/release/rboxc)
==747272==    by 0x5A18600: (below main) (libc_start_call_main.h:59)
==747272== 
==747272== 5,048 bytes in 1 blocks are still reachable in loss record 271 of 278
==747272==    at 0x586E858: malloc (vg_replace_malloc.c:447)
==747272==    by 0x474E971: rboxc_gawk_bcalloc (in /root/rboxc/target/gawk-format-lifetime-candidate/release/rboxc)
==747272==    by 0x46F3B83: rboxc_gawk_yyparse (in /root/rboxc/target/gawk-format-lifetime-candidate/release/rboxc)
==747272==    by 0x46F639A: rboxc_gawk_parse_program (in /root/rboxc/target/gawk-format-lifetime-candidate/release/rboxc)
==747272==    by 0x44402A4: single_binary_main_gawk (in /root/rboxc/target/gawk-format-lifetime-candidate/release/rboxc)
==747272==    by 0x5A18600: (below main) (libc_start_call_main.h:59)
==747272== 
==747272== 5,048 bytes in 1 blocks are still reachable in loss record 272 of 278
==747272==    at 0x586E858: malloc (vg_replace_malloc.c:447)
==747272==    by 0x474E971: rboxc_gawk_bcalloc (in /root/rboxc/target/gawk-format-lifetime-candidate/release/rboxc)
==747272==    by 0x46EFD40: yylex (in /root/rboxc/target/gawk-format-lifetime-candidate/release/rboxc)
==747272==    by 0x46F249C: rboxc_gawk_yyparse (in /root/rboxc/target/gawk-format-lifetime-candidate/release/rboxc)
==747272==    by 0x46F639A: rboxc_gawk_parse_program (in /root/rboxc/target/gawk-format-lifetime-candidate/release/rboxc)
==747272==    by 0x44402A4: single_binary_main_gawk (in /root/rboxc/target/gawk-format-lifetime-candidate/release/rboxc)
==747272==    by 0x5A18600: (below main) (libc_start_call_main.h:59)
==747272== 
==747272== 5,048 bytes in 1 blocks are still reachable in loss record 273 of 278
==747272==    at 0x586E858: malloc (vg_replace_malloc.c:447)
==747272==    by 0x474E971: rboxc_gawk_bcalloc (in /root/rboxc/target/gawk-format-lifetime-candidate/release/rboxc)
==747272==    by 0x46E8E40: optimize_assignment (in /root/rboxc/target/gawk-format-lifetime-candidate/release/rboxc)
==747272==    by 0x46F27E2: rboxc_gawk_yyparse (in /root/rboxc/target/gawk-format-lifetime-candidate/release/rboxc)
==747272==    by 0x46F639A: rboxc_gawk_parse_program (in /root/rboxc/target/gawk-format-lifetime-candidate/release/rboxc)
==747272==    by 0x44402A4: single_binary_main_gawk (in /root/rboxc/target/gawk-format-lifetime-candidate/release/rboxc)
==747272==    by 0x5A18600: (below main) (libc_start_call_main.h:59)
==747272== 
==747272== 6,336 bytes in 24 blocks are still reachable in loss record 274 of 278
==747272==    at 0x586E858: malloc (vg_replace_malloc.c:447)
==747272==    by 0x475CEDE: compile.constprop.0 (in /root/rboxc/target/gawk-format-lifetime-candidate/release/rboxc)
==747272==    by 0x475FE38: rboxc_gawk_minrx_regncomp (in /root/rboxc/target/gawk-format-lifetime-candidate/release/rboxc)
==747272==    by 0x474A2BD: rboxc_gawk_make_regexp (in /root/rboxc/target/gawk-format-lifetime-candidate/release/rboxc)
==747272==    by 0x46EF24B: rboxc_gawk_make_regnode (in /root/rboxc/target/gawk-format-lifetime-candidate/release/rboxc)
==747272==    by 0x473F404: rboxc_gawk_make_typed_regex (in /root/rboxc/target/gawk-format-lifetime-candidate/release/rboxc)
==747272==    by 0x46F342D: rboxc_gawk_yyparse (in /root/rboxc/target/gawk-format-lifetime-candidate/release/rboxc)
==747272==    by 0x46F639A: rboxc_gawk_parse_program (in /root/rboxc/target/gawk-format-lifetime-candidate/release/rboxc)
==747272==    by 0x44402A4: single_binary_main_gawk (in /root/rboxc/target/gawk-format-lifetime-candidate/release/rboxc)
==747272==    by 0x5A18600: (below main) (libc_start_call_main.h:59)
==747272== 
==747272== 6,952 bytes in 79 blocks are still reachable in loss record 275 of 278
==747272==    at 0x586E858: malloc (vg_replace_malloc.c:447)
==747272==    by 0x473EBAB: rboxc_gawk_r_getblock (in /root/rboxc/target/gawk-format-lifetime-candidate/release/rboxc)
==747272==    by 0x473EF81: rboxc_gawk_make_str_node (in /root/rboxc/target/gawk-format-lifetime-candidate/release/rboxc)
==747272==    by 0x474E574: rboxc_gawk_load_symbols (in /root/rboxc/target/gawk-format-lifetime-candidate/release/rboxc)
==747272==    by 0x444037C: single_binary_main_gawk (in /root/rboxc/target/gawk-format-lifetime-candidate/release/rboxc)
==747272==    by 0x5A18600: (below main) (libc_start_call_main.h:59)
==747272== 
==747272== 8,448 bytes in 24 blocks are still reachable in loss record 276 of 278
==747272==    at 0x586E858: malloc (vg_replace_malloc.c:447)
==747272==    by 0x475CCED: compile.constprop.0 (in /root/rboxc/target/gawk-format-lifetime-candidate/release/rboxc)
==747272==    by 0x475FE38: rboxc_gawk_minrx_regncomp (in /root/rboxc/target/gawk-format-lifetime-candidate/release/rboxc)
==747272==    by 0x474A2BD: rboxc_gawk_make_regexp (in /root/rboxc/target/gawk-format-lifetime-candidate/release/rboxc)
==747272==    by 0x46EF24B: rboxc_gawk_make_regnode (in /root/rboxc/target/gawk-format-lifetime-candidate/release/rboxc)
==747272==    by 0x473F404: rboxc_gawk_make_typed_regex (in /root/rboxc/target/gawk-format-lifetime-candidate/release/rboxc)
==747272==    by 0x46F342D: rboxc_gawk_yyparse (in /root/rboxc/target/gawk-format-lifetime-candidate/release/rboxc)
==747272==    by 0x46F639A: rboxc_gawk_parse_program (in /root/rboxc/target/gawk-format-lifetime-candidate/release/rboxc)
==747272==    by 0x44402A4: single_binary_main_gawk (in /root/rboxc/target/gawk-format-lifetime-candidate/release/rboxc)
==747272==    by 0x5A18600: (below main) (libc_start_call_main.h:59)
==747272== 
==747272== 10,096 bytes in 2 blocks are still reachable in loss record 277 of 278
==747272==    at 0x586E858: malloc (vg_replace_malloc.c:447)
==747272==    by 0x474E971: rboxc_gawk_bcalloc (in /root/rboxc/target/gawk-format-lifetime-candidate/release/rboxc)
==747272==    by 0x46F4568: rboxc_gawk_yyparse (in /root/rboxc/target/gawk-format-lifetime-candidate/release/rboxc)
==747272==    by 0x46F639A: rboxc_gawk_parse_program (in /root/rboxc/target/gawk-format-lifetime-candidate/release/rboxc)
==747272==    by 0x44402A4: single_binary_main_gawk (in /root/rboxc/target/gawk-format-lifetime-candidate/release/rboxc)
==747272==    by 0x5A18600: (below main) (libc_start_call_main.h:59)
==747272== 
==747272== 14,520 bytes in 165 blocks are still reachable in loss record 278 of 278
==747272==    at 0x586E858: malloc (vg_replace_malloc.c:447)
==747272==    by 0x473EBAB: rboxc_gawk_r_getblock (in /root/rboxc/target/gawk-format-lifetime-candidate/release/rboxc)
==747272==    by 0x473EF81: rboxc_gawk_make_str_node (in /root/rboxc/target/gawk-format-lifetime-candidate/release/rboxc)
==747272==    by 0x46F0DF4: yylex (in /root/rboxc/target/gawk-format-lifetime-candidate/release/rboxc)
==747272==    by 0x46F249C: rboxc_gawk_yyparse (in /root/rboxc/target/gawk-format-lifetime-candidate/release/rboxc)
==747272==    by 0x46F639A: rboxc_gawk_parse_program (in /root/rboxc/target/gawk-format-lifetime-candidate/release/rboxc)
==747272==    by 0x44402A4: single_binary_main_gawk (in /root/rboxc/target/gawk-format-lifetime-candidate/release/rboxc)
==747272==    by 0x5A18600: (below main) (libc_start_call_main.h:59)
==747272== 
==747272== LEAK SUMMARY:
==747272==    definitely lost: 0 bytes in 0 blocks
==747272==    indirectly lost: 0 bytes in 0 blocks
==747272==      possibly lost: 0 bytes in 0 blocks
==747272==    still reachable: 156,230 bytes in 1,715 blocks
==747272==         suppressed: 0 bytes in 0 blocks
==747272== 
==747272== For lists of detected and suppressed errors, rerun with: -s
==747272== ERROR SUMMARY: 0 errors from 0 contexts (suppressed: 0 from 0)
