==744446== Memcheck, a memory error detector
==744446== Copyright (C) 2002-2024, and GNU GPL'd, by Julian Seward et al.
==744446== Using Valgrind-3.26.0 and LibVEX; rerun with -h for copyright info
==744446== Command: gawk -f /opt/src/gawk-5.4.1/test/readfile2.awk /opt/src/gawk-5.4.1/test/readfile2.awk /opt/src/gawk-5.4.1/test/readdir.awk
==744446== Parent PID: 744445
==744446== 
==744446== 
==744446== FILE DESCRIPTORS: 3 open (3 inherited) at exit.
==744446== 
==744446== HEAP SUMMARY:
==744446==     in use at exit: 67,901 bytes in 905 blocks
==744446==   total heap usage: 1,598 allocs, 693 frees, 112,353 bytes allocated
==744446== 
==744446== 1 bytes in 1 blocks are still reachable in loss record 1 of 246
==744446==    at 0x497D858: malloc (vg_replace_malloc.c:447)
==744446==    by 0x4066564: emalloc_real (awk.h:2156)
==744446==    by 0x4066564: estrdup (main.c:1451)
==744446==    by 0x400D434: init_locale (main.c:1476)
==744446==    by 0x400D434: set_locale_stuff (main.c:1849)
==744446==    by 0x400D434: main (main.c:254)
==744446== 
==744446== 1 bytes in 1 blocks are still reachable in loss record 2 of 246
==744446==    at 0x497D858: malloc (vg_replace_malloc.c:447)
==744446==    by 0x4066564: emalloc_real (awk.h:2156)
==744446==    by 0x4066564: estrdup (main.c:1451)
==744446==    by 0x400D469: init_locale (main.c:1478)
==744446==    by 0x400D469: set_locale_stuff (main.c:1849)
==744446==    by 0x400D469: main (main.c:254)
==744446== 
==744446== 1 bytes in 1 blocks are still reachable in loss record 3 of 246
==744446==    at 0x497D858: malloc (vg_replace_malloc.c:447)
==744446==    by 0x4066564: emalloc_real (awk.h:2156)
==744446==    by 0x4066564: estrdup (main.c:1451)
==744446==    by 0x400D485: init_locale (main.c:1479)
==744446==    by 0x400D485: set_locale_stuff (main.c:1849)
==744446==    by 0x400D485: main (main.c:254)
==744446== 
==744446== 1 bytes in 1 blocks are still reachable in loss record 4 of 246
==744446==    at 0x497D858: malloc (vg_replace_malloc.c:447)
==744446==    by 0x4066564: emalloc_real (awk.h:2156)
==744446==    by 0x4066564: estrdup (main.c:1451)
==744446==    by 0x400D4A1: init_locale (main.c:1480)
==744446==    by 0x400D4A1: set_locale_stuff (main.c:1849)
==744446==    by 0x400D4A1: main (main.c:254)
==744446== 
==744446== 1 bytes in 1 blocks are still reachable in loss record 5 of 246
==744446==    at 0x497D858: malloc (vg_replace_malloc.c:447)
==744446==    by 0x4066564: emalloc_real (awk.h:2156)
==744446==    by 0x4066564: estrdup (main.c:1451)
==744446==    by 0x400D4BD: init_locale (main.c:1481)
==744446==    by 0x400D4BD: set_locale_stuff (main.c:1849)
==744446==    by 0x400D4BD: main (main.c:254)
==744446== 
==744446== 1 bytes in 1 blocks are still reachable in loss record 6 of 246
==744446==    at 0x497D858: malloc (vg_replace_malloc.c:447)
==744446==    by 0x4066564: emalloc_real (awk.h:2156)
==744446==    by 0x4066564: estrdup (main.c:1451)
==744446==    by 0x400D4D9: init_locale (main.c:1482)
==744446==    by 0x400D4D9: set_locale_stuff (main.c:1849)
==744446==    by 0x400D4D9: main (main.c:254)
==744446== 
==744446== 1 bytes in 1 blocks are still reachable in loss record 7 of 246
==744446==    at 0x497D858: malloc (vg_replace_malloc.c:447)
==744446==    by 0x4066564: emalloc_real (awk.h:2156)
==744446==    by 0x4066564: estrdup (main.c:1451)
==744446==    by 0x400D4F5: init_locale (main.c:1483)
==744446==    by 0x400D4F5: set_locale_stuff (main.c:1849)
==744446==    by 0x400D4F5: main (main.c:254)
==744446== 
==744446== 1 bytes in 1 blocks are still reachable in loss record 8 of 246
==744446==    at 0x497D858: malloc (vg_replace_malloc.c:447)
==744446==    by 0x4066564: emalloc_real (awk.h:2156)
==744446==    by 0x4066564: estrdup (main.c:1451)
==744446==    by 0x400D511: init_locale (main.c:1484)
==744446==    by 0x400D511: set_locale_stuff (main.c:1849)
==744446==    by 0x400D511: main (main.c:254)
==744446== 
==744446== 1 bytes in 1 blocks are still reachable in loss record 9 of 246
==744446==    at 0x497D858: malloc (vg_replace_malloc.c:447)
==744446==    by 0x4066564: emalloc_real (awk.h:2156)
==744446==    by 0x4066564: estrdup (main.c:1451)
==744446==    by 0x400D52D: init_locale (main.c:1485)
==744446==    by 0x400D52D: set_locale_stuff (main.c:1849)
==744446==    by 0x400D52D: main (main.c:254)
==744446== 
==744446== 1 bytes in 1 blocks are still reachable in loss record 10 of 246
==744446==    at 0x497D858: malloc (vg_replace_malloc.c:447)
==744446==    by 0x4069457: emalloc_real (awk.h:2156)
==744446==    by 0x4069457: make_str_node (node.c:422)
==744446==    by 0x400D5C7: main (main.c:278)
==744446== 
==744446== 1 bytes in 1 blocks are still reachable in loss record 11 of 246
==744446==    at 0x497D858: malloc (vg_replace_malloc.c:447)
==744446==    by 0x4069457: emalloc_real (awk.h:2156)
==744446==    by 0x4069457: make_str_node (node.c:422)
==744446==    by 0x40553E0: init_fields (field.c:111)
==744446==    by 0x400E1A4: main (main.c:410)
==744446== 
==744446== 1 bytes in 1 blocks are still reachable in loss record 12 of 246
==744446==    at 0x497D858: malloc (vg_replace_malloc.c:447)
==744446==    by 0x4069457: emalloc_real (awk.h:2156)
==744446==    by 0x4069457: make_str_node (node.c:422)
==744446==    by 0x40473FB: update_ERRNO_int (eval.c:1036)
==744446==    by 0x40473FB: update_ERRNO_int (eval.c:1022)
==744446==    by 0x4061538: nextfile (io.c:495)
==744446==    by 0x404ECBF: r_interpret (interpret.h:1421)
==744446==    by 0x400EDDE: main (main.c:532)
==744446== 
==744446== 2 bytes in 1 blocks are still reachable in loss record 13 of 246
==744446==    at 0x497D858: malloc (vg_replace_malloc.c:447)
==744446==    by 0x4066564: emalloc_real (awk.h:2156)
==744446==    by 0x4066564: estrdup (main.c:1451)
==744446==    by 0x400D44E: init_locale (main.c:1477)
==744446==    by 0x400D44E: set_locale_stuff (main.c:1849)
==744446==    by 0x400D44E: main (main.c:254)
==744446== 
==744446== 2 bytes in 1 blocks are still reachable in loss record 14 of 246
==744446==    at 0x497D858: malloc (vg_replace_malloc.c:447)
==744446==    by 0x4046CFF: emalloc_real (awk.h:2156)
==744446==    by 0x4046CFF: set_OFS (eval.c:839)
==744446==    by 0x400D9A3: init_vars (main.c:873)
==744446==    by 0x400D9A3: main (main.c:403)
==744446== 
==744446== 3 bytes in 1 blocks are still reachable in loss record 15 of 246
==744446==    at 0x497D858: malloc (vg_replace_malloc.c:447)
==744446==    by 0x4069457: emalloc_real (awk.h:2156)
==744446==    by 0x4069457: make_str_node (node.c:422)
==744446==    by 0x4054B6F: update_PROCINFO_str.part.0 (field.c:1661)
==744446==    by 0x400E83A: load_procinfo (main.c:1072)
==744446==    by 0x400E83A: init_vars (main.c:878)
==744446==    by 0x400E83A: main (main.c:403)
==744446== 
==744446== 3 bytes in 1 blocks are still reachable in loss record 16 of 246
==744446==    at 0x497D858: malloc (vg_replace_malloc.c:447)
==744446==    by 0x4069457: emalloc_real (awk.h:2156)
==744446==    by 0x4069457: make_str_node (node.c:422)
==744446==    by 0x4054B87: update_PROCINFO_str.part.0 (field.c:1662)
==744446==    by 0x400E83A: load_procinfo (main.c:1072)
==744446==    by 0x400E83A: init_vars (main.c:878)
==744446==    by 0x400E83A: main (main.c:403)
==744446== 
==744446== 4 bytes in 1 blocks are still reachable in loss record 17 of 246
==744446==    at 0x497D858: malloc (vg_replace_malloc.c:447)
==744446==    by 0x4069457: emalloc_real (awk.h:2156)
==744446==    by 0x4069457: make_str_node (node.c:422)
==744446==    by 0x4058004: update_PROCINFO_num (field.c:1674)
==744446==    by 0x400E79D: load_procinfo (main.c:1055)
==744446==    by 0x400E79D: init_vars (main.c:878)
==744446==    by 0x400E79D: main (main.c:403)
==744446== 
==744446== 4 bytes in 1 blocks are still reachable in loss record 18 of 246
==744446==    at 0x497D858: malloc (vg_replace_malloc.c:447)
==744446==    by 0x4069457: emalloc_real (awk.h:2156)
==744446==    by 0x4069457: make_str_node (node.c:422)
==744446==    by 0x4058004: update_PROCINFO_num (field.c:1674)
==744446==    by 0x400E7D2: load_procinfo (main.c:1061)
==744446==    by 0x400E7D2: init_vars (main.c:878)
==744446==    by 0x400E7D2: main (main.c:403)
==744446== 
==744446== 4 bytes in 1 blocks are still reachable in loss record 19 of 246
==744446==    at 0x497D858: malloc (vg_replace_malloc.c:447)
==744446==    by 0x4069457: emalloc_real (awk.h:2156)
==744446==    by 0x4069457: make_str_node (node.c:422)
==744446==    by 0x4058004: update_PROCINFO_num (field.c:1674)
==744446==    by 0x400E80A: load_procinfo (main.c:1067)
==744446==    by 0x400E80A: init_vars (main.c:878)
==744446==    by 0x400E80A: main (main.c:403)
==744446== 
==744446== 4 bytes in 1 blocks are still reachable in loss record 20 of 246
==744446==    at 0x497D858: malloc (vg_replace_malloc.c:447)
==744446==    by 0x4069457: emalloc_real (awk.h:2156)
==744446==    by 0x4069457: make_str_node (node.c:422)
==744446==    by 0x4054B6F: update_PROCINFO_str.part.0 (field.c:1661)
==744446==    by 0x400E8D2: load_procinfo (main.c:1087)
==744446==    by 0x400E8D2: init_vars (main.c:878)
==744446==    by 0x400E8D2: main (main.c:403)
==744446== 
==744446== 4 bytes in 1 blocks are still reachable in loss record 21 of 246
==744446==    at 0x497D858: malloc (vg_replace_malloc.c:447)
==744446==    by 0x4074886: emalloc_real (awk.h:2156)
==744446==    by 0x4074886: make_regexp (re.c:98)
==744446==    by 0x40753B5: re_cache_get (re.c:556)
==744446==    by 0x40753B5: re_update (re.c:610)
==744446==    by 0x4029222: do_sub (builtin.c:1867)
==744446==    by 0x404FD01: r_interpret (interpret.h:1161)
==744446==    by 0x400EDDE: main (main.c:532)
==744446== 
==744446== 5 bytes in 1 blocks are still reachable in loss record 22 of 246
==744446==    at 0x497D858: malloc (vg_replace_malloc.c:447)
==744446==    by 0x4069457: emalloc_real (awk.h:2156)
==744446==    by 0x4069457: make_str_node (node.c:422)
==744446==    by 0x4058004: update_PROCINFO_num (field.c:1674)
==744446==    by 0x400E7B6: load_procinfo (main.c:1058)
==744446==    by 0x400E7B6: init_vars (main.c:878)
==744446==    by 0x400E7B6: main (main.c:403)
==744446== 
==744446== 5 bytes in 1 blocks are still reachable in loss record 23 of 246
==744446==    at 0x497D858: malloc (vg_replace_malloc.c:447)
==744446==    by 0x4069457: emalloc_real (awk.h:2156)
==744446==    by 0x4069457: make_str_node (node.c:422)
==744446==    by 0x4058004: update_PROCINFO_num (field.c:1674)
==744446==    by 0x400E7EE: load_procinfo (main.c:1064)
==744446==    by 0x400E7EE: init_vars (main.c:878)
==744446==    by 0x400E7EE: main (main.c:403)
==744446== 
==744446== 5 bytes in 1 blocks are still reachable in loss record 24 of 246
==744446==    at 0x497D858: malloc (vg_replace_malloc.c:447)
==744446==    by 0x4069457: emalloc_real (awk.h:2156)
==744446==    by 0x4069457: make_str_node (node.c:422)
==744446==    by 0x4058004: update_PROCINFO_num (field.c:1674)
==744446==    by 0x400E826: load_procinfo (main.c:1070)
==744446==    by 0x400E826: init_vars (main.c:878)
==744446==    by 0x400E826: main (main.c:403)
==744446== 
==744446== 5 bytes in 1 blocks are still reachable in loss record 25 of 246
==744446==    at 0x497D858: malloc (vg_replace_malloc.c:447)
==744446==    by 0x4066564: emalloc_real (awk.h:2156)
==744446==    by 0x4066564: estrdup (main.c:1451)
==744446==    by 0x400E91C: load_procinfo_argv (main.c:988)
==744446==    by 0x400E91C: load_procinfo (main.c:1093)
==744446==    by 0x400E91C: init_vars (main.c:878)
==744446==    by 0x400E91C: main (main.c:403)
==744446== 
==744446== 5 bytes in 1 blocks are still reachable in loss record 26 of 246
==744446==    at 0x497D858: malloc (vg_replace_malloc.c:447)
==744446==    by 0x4069457: emalloc_real (awk.h:2156)
==744446==    by 0x4069457: make_str_node (node.c:422)
==744446==    by 0x400EC1B: load_procinfo_argv (main.c:996)
==744446==    by 0x400EC1B: load_procinfo (main.c:1093)
==744446==    by 0x400EC1B: init_vars (main.c:878)
==744446==    by 0x400EC1B: main (main.c:403)
==744446== 
==744446== 5 bytes in 1 blocks are still reachable in loss record 27 of 246
==744446==    at 0x497D858: malloc (vg_replace_malloc.c:447)
==744446==    by 0x4066564: emalloc_real (awk.h:2156)
==744446==    by 0x4066564: estrdup (main.c:1451)
==744446==    by 0x400E407: init_args (main.c:764)
==744446==    by 0x400E407: main (main.c:470)
==744446== 
==744446== 5 bytes in 1 blocks are still reachable in loss record 28 of 246
==744446==    at 0x497D858: malloc (vg_replace_malloc.c:447)
==744446==    by 0x4069457: emalloc_real (awk.h:2156)
==744446==    by 0x4069457: make_str_node (node.c:422)
==744446==    by 0x4077055: install (symbol.c:399)
==744446==    by 0x400E414: init_args (main.c:764)
==744446==    by 0x400E414: main (main.c:470)
==744446== 
==744446== 5 bytes in 1 blocks are still reachable in loss record 29 of 246
==744446==    at 0x497D858: malloc (vg_replace_malloc.c:447)
==744446==    by 0x4069457: emalloc_real (awk.h:2156)
==744446==    by 0x4069457: make_str_node (node.c:422)
==744446==    by 0x400E43D: init_args (main.c:766)
==744446==    by 0x400E43D: main (main.c:470)
==744446== 
==744446== 5 bytes in 1 blocks are still reachable in loss record 30 of 246
==744446==    at 0x497D858: malloc (vg_replace_malloc.c:447)
==744446==    by 0x4066564: emalloc_real (awk.h:2156)
==744446==    by 0x4066564: estrdup (main.c:1451)
==744446==    by 0x400EA83: init_args (main.c:791)
==744446==    by 0x400EA83: main (main.c:470)
==744446== 
==744446== 5 bytes in 1 blocks are still reachable in loss record 31 of 246
==744446==    at 0x497D858: malloc (vg_replace_malloc.c:447)
==744446==    by 0x4069457: emalloc_real (awk.h:2156)
==744446==    by 0x4069457: make_str_node (node.c:422)
==744446==    by 0x4077055: install (symbol.c:399)
==744446==    by 0x400EA90: init_args (main.c:791)
==744446==    by 0x400EA90: main (main.c:470)
==744446== 
==744446== 5 bytes in 1 blocks are still reachable in loss record 32 of 246
==744446==    at 0x497D858: malloc (vg_replace_malloc.c:447)
==744446==    by 0x4069457: emalloc_real (awk.h:2156)
==744446==    by 0x4069457: make_str_node (node.c:422)
==744446==    by 0x40780AA: load_symbols (symbol.c:677)
==744446==    by 0x400ED85: main (main.c:499)
==744446== 
==744446== 6 bytes in 1 blocks are still reachable in loss record 33 of 246
==744446==    at 0x497D858: malloc (vg_replace_malloc.c:447)
==744446==    by 0x4069457: emalloc_real (awk.h:2156)
==744446==    by 0x4069457: make_str_node (node.c:422)
==744446==    by 0x4054B87: update_PROCINFO_str.part.0 (field.c:1662)
==744446==    by 0x400E71D: load_procinfo (main.c:1021)
==744446==    by 0x400E71D: init_vars (main.c:878)
==744446==    by 0x400E71D: main (main.c:403)
==744446== 
==744446== 6 bytes in 1 blocks are still reachable in loss record 34 of 246
==744446==    at 0x497D858: malloc (vg_replace_malloc.c:447)
==744446==    by 0x4069457: emalloc_real (awk.h:2156)
==744446==    by 0x4069457: make_str_node (node.c:422)
==744446==    by 0x4054B87: update_PROCINFO_str.part.0 (field.c:1662)
==744446==    by 0x400E743: load_procinfo (main.c:1023)
==744446==    by 0x400E743: init_vars (main.c:878)
==744446==    by 0x400E743: main (main.c:403)
==744446== 
==744446== 6 bytes in 1 blocks are still reachable in loss record 35 of 246
==744446==    at 0x497D858: malloc (vg_replace_malloc.c:447)
==744446==    by 0x4069457: emalloc_real (awk.h:2156)
==744446==    by 0x4069457: make_str_node (node.c:422)
==744446==    by 0x407810A: load_symbols (symbol.c:681)
==744446==    by 0x400ED85: main (main.c:499)
==744446== 
==744446== 6 bytes in 1 blocks are still reachable in loss record 36 of 246
==744446==    at 0x497D858: malloc (vg_replace_malloc.c:447)
==744446==    by 0x4069457: emalloc_real (awk.h:2156)
==744446==    by 0x4069457: make_str_node (node.c:422)
==744446==    by 0x4058004: update_PROCINFO_num (field.c:1674)
==744446==    by 0x40473B3: update_ERRNO_int (eval.c:1029)
==744446==    by 0x40473B3: update_ERRNO_int (eval.c:1022)
==744446==    by 0x4061538: nextfile (io.c:495)
==744446==    by 0x404ECBF: r_interpret (interpret.h:1421)
==744446==    by 0x400EDDE: main (main.c:532)
==744446== 
==744446== 7 bytes in 1 blocks are still reachable in loss record 37 of 246
==744446==    at 0x497D858: malloc (vg_replace_malloc.c:447)
==744446==    by 0x4066564: emalloc_real (awk.h:2156)
==744446==    by 0x4066564: estrdup (main.c:1451)
==744446==    by 0x4077381: init_the_tables (symbol.c:78)
==744446==    by 0x400D60A: main (main.c:287)
==744446== 
==744446== 7 bytes in 1 blocks are still reachable in loss record 38 of 246
==744446==    at 0x497D858: malloc (vg_replace_malloc.c:447)
==744446==    by 0x4069457: emalloc_real (awk.h:2156)
==744446==    by 0x4069457: make_str_node (node.c:422)
==744446==    by 0x4077055: install (symbol.c:399)
==744446==    by 0x4077390: install_symbol (symbol.c:173)
==744446==    by 0x4077390: init_the_tables (symbol.c:78)
==744446==    by 0x400D60A: main (main.c:287)
==744446== 
==744446== 7 bytes in 1 blocks are still reachable in loss record 39 of 246
==744446==    at 0x497D858: malloc (vg_replace_malloc.c:447)
==744446==    by 0x4069457: emalloc_real (awk.h:2156)
==744446==    by 0x4069457: make_str_node (node.c:422)
==744446==    by 0x4058004: update_PROCINFO_num (field.c:1674)
==744446==    by 0x400E784: load_procinfo (main.c:1046)
==744446==    by 0x400E784: init_vars (main.c:878)
==744446==    by 0x400E784: main (main.c:403)
==744446== 
==744446== 7 bytes in 1 blocks are still reachable in loss record 40 of 246
==744446==    at 0x497D858: malloc (vg_replace_malloc.c:447)
==744446==    by 0x4069457: emalloc_real (awk.h:2156)
==744446==    by 0x4069457: make_str_node (node.c:422)
==744446==    by 0x40780DA: load_symbols (symbol.c:679)
==744446==    by 0x400ED85: main (main.c:499)
==744446== 
==744446== 8 bytes in 1 blocks are still reachable in loss record 41 of 246
==744446==    at 0x497D858: malloc (vg_replace_malloc.c:447)
==744446==    by 0x4066564: emalloc_real (awk.h:2156)
==744446==    by 0x4066564: estrdup (main.c:1451)
==744446==    by 0x407735A: init_the_tables (symbol.c:77)
==744446==    by 0x400D60A: main (main.c:287)
==744446== 
==744446== 8 bytes in 1 blocks are still reachable in loss record 42 of 246
==744446==    at 0x497D858: malloc (vg_replace_malloc.c:447)
==744446==    by 0x4069457: emalloc_real (awk.h:2156)
==744446==    by 0x4069457: make_str_node (node.c:422)
==744446==    by 0x4077055: install (symbol.c:399)
==744446==    by 0x4077369: install_symbol (symbol.c:173)
==744446==    by 0x4077369: init_the_tables (symbol.c:77)
==744446==    by 0x400D60A: main (main.c:287)
==744446== 
==744446== 8 bytes in 1 blocks are still reachable in loss record 43 of 246
==744446==    at 0x497D858: malloc (vg_replace_malloc.c:447)
==744446==    by 0x4069457: emalloc_real (awk.h:2156)
==744446==    by 0x4069457: make_str_node (node.c:422)
==744446==    by 0x4054B6F: update_PROCINFO_str.part.0 (field.c:1661)
==744446==    by 0x400E71D: load_procinfo (main.c:1021)
==744446==    by 0x400E71D: init_vars (main.c:878)
==744446==    by 0x400E71D: main (main.c:403)
==744446== 
==744446== 8 bytes in 1 blocks are still reachable in loss record 44 of 246
==744446==    at 0x497D858: malloc (vg_replace_malloc.c:447)
==744446==    by 0x4066564: emalloc_real (awk.h:2156)
==744446==    by 0x4066564: estrdup (main.c:1451)
==744446==    by 0x400E02B: load_environ (main.c:930)
==744446==    by 0x400E02B: init_vars (main.c:879)
==744446==    by 0x400E02B: main (main.c:403)
==744446== 
==744446== 8 bytes in 1 blocks are still reachable in loss record 45 of 246
==744446==    at 0x497D858: malloc (vg_replace_malloc.c:447)
==744446==    by 0x4069457: emalloc_real (awk.h:2156)
==744446==    by 0x4069457: make_str_node (node.c:422)
==744446==    by 0x4077055: install (symbol.c:399)
==744446==    by 0x400E038: load_environ (main.c:930)
==744446==    by 0x400E038: init_vars (main.c:879)
==744446==    by 0x400E038: main (main.c:403)
==744446== 
==744446== 8 bytes in 1 blocks are still reachable in loss record 46 of 246
==744446==    at 0x497D858: malloc (vg_replace_malloc.c:447)
==744446==    by 0x4069457: emalloc_real (awk.h:2156)
==744446==    by 0x4069457: make_str_node (node.c:422)
==744446==    by 0x406617B: path_environ (main.c:891)
==744446==    by 0x400E176: load_environ (main.c:964)
==744446==    by 0x400E176: init_vars (main.c:879)
==744446==    by 0x400E176: main (main.c:403)
==744446== 
==744446== 8 bytes in 1 blocks are still reachable in loss record 47 of 246
==744446==    at 0x497D858: malloc (vg_replace_malloc.c:447)
==744446==    by 0x4055372: emalloc_real (awk.h:2156)
==744446==    by 0x4055372: init_fields (field.c:103)
==744446==    by 0x400E1A4: main (main.c:410)
==744446== 
==744446== 8 bytes in 1 blocks are still reachable in loss record 48 of 246
==744446==    at 0x497D858: malloc (vg_replace_malloc.c:447)
==744446==    by 0x4069457: emalloc_real (awk.h:2156)
==744446==    by 0x4069457: make_str_node (node.c:422)
==744446==    by 0x4078122: load_symbols (symbol.c:682)
==744446==    by 0x400ED85: main (main.c:499)
==744446== 
==744446== 8 bytes in 1 blocks are still reachable in loss record 49 of 246
==744446==    at 0x497D858: malloc (vg_replace_malloc.c:447)
==744446==    by 0x4083389: csets_emplace_back (minrx.c:1122)
==744446==    by 0x4085EF9: chr (minrx.c:1628)
==744446==    by 0x4085EF9: rep (minrx.c:1514)
==744446==    by 0x4086100: cat (minrx.c:1406)
==744446==    by 0x4086268: alt (minrx.c:1333)
==744446==    by 0x4086BB0: compile.constprop.0 (minrx.c:1903)
==744446==    by 0x4089B38: minrx_regncomp (minrx.c:2490)
==744446==    by 0x407427D: make_regexp (re.c:355)
==744446==    by 0x40753B5: re_cache_get (re.c:556)
==744446==    by 0x40753B5: re_update (re.c:610)
==744446==    by 0x4029222: do_sub (builtin.c:1867)
==744446==    by 0x404FD01: r_interpret (interpret.h:1161)
==744446==    by 0x400EDDE: main (main.c:532)
==744446== 
==744446== 8 bytes in 1 blocks are still reachable in loss record 50 of 246
==744446==    at 0x497D858: malloc (vg_replace_malloc.c:447)
==744446==    by 0x4086EBA: firstclosure (minrx.c:1834)
==744446==    by 0x4086EBA: compile.constprop.0 (minrx.c:1923)
==744446==    by 0x4089B38: minrx_regncomp (minrx.c:2490)
==744446==    by 0x407427D: make_regexp (re.c:355)
==744446==    by 0x40753B5: re_cache_get (re.c:556)
==744446==    by 0x40753B5: re_update (re.c:610)
==744446==    by 0x4029222: do_sub (builtin.c:1867)
==744446==    by 0x404FD01: r_interpret (interpret.h:1161)
==744446==    by 0x400EDDE: main (main.c:532)
==744446== 
==744446== 8 bytes in 1 blocks are still reachable in loss record 51 of 246
==744446==    at 0x498507F: realloc (vg_replace_malloc.c:1804)
==744446==    by 0x4082014: add_char_to_set (charset.c:3415)
==744446==    by 0x4082C22: charset_add_char.part.0 (charset.c:9054)
==744446==    by 0x4086F77: charset_add_char (charset.c:9051)
==744446==    by 0x4086F77: cset_set (minrx.c:928)
==744446==    by 0x4086F77: firstclosure (minrx.c:1841)
==744446==    by 0x4086F77: compile.constprop.0 (minrx.c:1923)
==744446==    by 0x4089B38: minrx_regncomp (minrx.c:2490)
==744446==    by 0x407427D: make_regexp (re.c:355)
==744446==    by 0x40753B5: re_cache_get (re.c:556)
==744446==    by 0x40753B5: re_update (re.c:610)
==744446==    by 0x4029222: do_sub (builtin.c:1867)
==744446==    by 0x404FD01: r_interpret (interpret.h:1161)
==744446==    by 0x400EDDE: main (main.c:532)
==744446== 
==744446== 9 bytes in 1 blocks are still reachable in loss record 52 of 246
==744446==    at 0x497D858: malloc (vg_replace_malloc.c:447)
==744446==    by 0x4066564: emalloc_real (awk.h:2156)
==744446==    by 0x4066564: estrdup (main.c:1451)
==744446==    by 0x400E6F6: load_procinfo (main.c:1019)
==744446==    by 0x400E6F6: init_vars (main.c:878)
==744446==    by 0x400E6F6: main (main.c:403)
==744446== 
==744446== 9 bytes in 1 blocks are still reachable in loss record 53 of 246
==744446==    at 0x497D858: malloc (vg_replace_malloc.c:447)
==744446==    by 0x4069457: emalloc_real (awk.h:2156)
==744446==    by 0x4069457: make_str_node (node.c:422)
==744446==    by 0x4077055: install (symbol.c:399)
==744446==    by 0x400E703: load_procinfo (main.c:1019)
==744446==    by 0x400E703: init_vars (main.c:878)
==744446==    by 0x400E703: main (main.c:403)
==744446== 
==744446== 9 bytes in 1 blocks are still reachable in loss record 54 of 246
==744446==    at 0x497D858: malloc (vg_replace_malloc.c:447)
==744446==    by 0x4069457: emalloc_real (awk.h:2156)
==744446==    by 0x4069457: make_str_node (node.c:422)
==744446==    by 0x4054B6F: update_PROCINFO_str.part.0 (field.c:1661)
==744446==    by 0x400E730: load_procinfo (main.c:1022)
==744446==    by 0x400E730: init_vars (main.c:878)
==744446==    by 0x400E730: main (main.c:403)
==744446== 
==744446== 9 bytes in 1 blocks are still reachable in loss record 55 of 246
==744446==    at 0x497D858: malloc (vg_replace_malloc.c:447)
==744446==    by 0x4069457: emalloc_real (awk.h:2156)
==744446==    by 0x4069457: make_str_node (node.c:422)
==744446==    by 0x4054B6F: update_PROCINFO_str.part.0 (field.c:1661)
==744446==    by 0x400E743: load_procinfo (main.c:1023)
==744446==    by 0x400E743: init_vars (main.c:878)
==744446==    by 0x400E743: main (main.c:403)
==744446== 
==744446== 9 bytes in 1 blocks are still reachable in loss record 56 of 246
==744446==    at 0x497D858: malloc (vg_replace_malloc.c:447)
==744446==    by 0x4066564: emalloc_real (awk.h:2156)
==744446==    by 0x4066564: estrdup (main.c:1451)
==744446==    by 0x4014A21: do_add_srcfile (awkgram.y:2834)
==744446==    by 0x4018A70: add_srcfile (awkgram.y:2916)
==744446==    by 0x4018FBB: load_library (awkgram.y:3010)
==744446==    by 0x401CADF: yyparse (awkgram.y:379)
==744446==    by 0x402073A: parse_program (awkgram.y:2797)
==744446==    by 0x400EAD8: main (main.c:483)
==744446== 
==744446== 9 bytes in 1 blocks are still reachable in loss record 57 of 246
==744446==    at 0x497D858: malloc (vg_replace_malloc.c:447)
==744446==    by 0x4066564: emalloc_real (awk.h:2156)
==744446==    by 0x4066564: estrdup (main.c:1451)
==744446==    by 0x4052FBE: make_builtin (ext.c:153)
==744446==    by 0x499578F: dl_load (readfile.c:238)
==744446==    by 0x4052BC2: load_ext (ext.c:125)
==744446==    by 0x4018FDA: load_library (awkgram.y:3020)
==744446==    by 0x401CADF: yyparse (awkgram.y:379)
==744446==    by 0x402073A: parse_program (awkgram.y:2797)
==744446==    by 0x400EAD8: main (main.c:483)
==744446== 
==744446== 9 bytes in 1 blocks are still reachable in loss record 58 of 246
==744446==    at 0x497D858: malloc (vg_replace_malloc.c:447)
==744446==    by 0x4069457: emalloc_real (awk.h:2156)
==744446==    by 0x4069457: make_str_node (node.c:422)
==744446==    by 0x4077055: install (symbol.c:399)
==744446==    by 0x4053117: make_builtin (ext.c:202)
==744446==    by 0x499578F: dl_load (readfile.c:238)
==744446==    by 0x4052BC2: load_ext (ext.c:125)
==744446==    by 0x4018FDA: load_library (awkgram.y:3020)
==744446==    by 0x401CADF: yyparse (awkgram.y:379)
==744446==    by 0x402073A: parse_program (awkgram.y:2797)
==744446==    by 0x400EAD8: main (main.c:483)
==744446== 
==744446== 9 bytes in 1 blocks are still reachable in loss record 59 of 246
==744446==    at 0x497D858: malloc (vg_replace_malloc.c:447)
==744446==    by 0x4066564: emalloc_real (awk.h:2156)
==744446==    by 0x4066564: estrdup (main.c:1451)
==744446==    by 0x401D86A: yyparse (awkgram.y:502)
==744446==    by 0x402073A: parse_program (awkgram.y:2797)
==744446==    by 0x400EAD8: main (main.c:483)
==744446== 
==744446== 9 bytes in 1 blocks are still reachable in loss record 60 of 246
==744446==    at 0x497D858: malloc (vg_replace_malloc.c:447)
==744446==    by 0x4069457: emalloc_real (awk.h:2156)
==744446==    by 0x4069457: make_str_node (node.c:422)
==744446==    by 0x4077055: install (symbol.c:399)
==744446==    by 0x401E274: install_function (awkgram.y:5083)
==744446==    by 0x401E274: yyparse (awkgram.y:546)
==744446==    by 0x402073A: parse_program (awkgram.y:2797)
==744446==    by 0x400EAD8: main (main.c:483)
==744446== 
==744446== 10 bytes in 1 blocks are still reachable in loss record 61 of 246
==744446==    at 0x497D858: malloc (vg_replace_malloc.c:447)
==744446==    by 0x4069457: emalloc_real (awk.h:2156)
==744446==    by 0x4069457: make_str_node (node.c:422)
==744446==    by 0x4058004: update_PROCINFO_num (field.c:1674)
==744446==    by 0x400E757: load_procinfo (main.c:1035)
==744446==    by 0x400E757: init_vars (main.c:878)
==744446==    by 0x400E757: main (main.c:403)
==744446== 
==744446== 10 bytes in 1 blocks are still reachable in loss record 62 of 246
==744446==    at 0x497D858: malloc (vg_replace_malloc.c:447)
==744446==    by 0x4069457: emalloc_real (awk.h:2156)
==744446==    by 0x4069457: make_str_node (node.c:422)
==744446==    by 0x4058004: update_PROCINFO_num (field.c:1674)
==744446==    by 0x400E76B: load_procinfo (main.c:1036)
==744446==    by 0x400E76B: init_vars (main.c:878)
==744446==    by 0x400E76B: main (main.c:403)
==744446== 
==744446== 10 bytes in 1 blocks are still reachable in loss record 63 of 246
==744446==    at 0x497D858: malloc (vg_replace_malloc.c:447)
==744446==    by 0x4069457: emalloc_real (awk.h:2156)
==744446==    by 0x4069457: make_str_node (node.c:422)
==744446==    by 0x4054B87: update_PROCINFO_str.part.0 (field.c:1662)
==744446==    by 0x400E8D2: load_procinfo (main.c:1087)
==744446==    by 0x400E8D2: init_vars (main.c:878)
==744446==    by 0x400E8D2: main (main.c:403)
==744446== 
==744446== 10 bytes in 1 blocks are still reachable in loss record 64 of 246
==744446==    at 0x498507F: realloc (vg_replace_malloc.c:1804)
==744446==    by 0x406956E: erealloc_real (awk.h:2192)
==744446==    by 0x406956E: make_str_node (node.c:494)
==744446==    by 0x401B194: yylex (awkgram.y:4074)
==744446==    by 0x401C83C: yyparse (awkgram.c:1879)
==744446==    by 0x402073A: parse_program (awkgram.y:2797)
==744446==    by 0x400EAD8: main (main.c:483)
==744446== 
==744446== 10 bytes in 1 blocks are still reachable in loss record 65 of 246
==744446==    at 0x497D858: malloc (vg_replace_malloc.c:447)
==744446==    by 0x4069457: emalloc_real (awk.h:2156)
==744446==    by 0x4069457: make_str_node (node.c:422)
==744446==    by 0x40780C2: load_symbols (symbol.c:678)
==744446==    by 0x400ED85: main (main.c:499)
==744446== 
==744446== 12 bytes in 1 blocks are still reachable in loss record 66 of 246
==744446==    at 0x497D858: malloc (vg_replace_malloc.c:447)
==744446==    by 0x4069457: emalloc_real (awk.h:2156)
==744446==    by 0x4069457: make_str_node (node.c:422)
==744446==    by 0x4077FD7: load_symbols (symbol.c:663)
==744446==    by 0x400ED85: main (main.c:499)
==744446== 
==744446== 12 bytes in 1 blocks are still reachable in loss record 67 of 246
==744446==    at 0x497D858: malloc (vg_replace_malloc.c:447)
==744446==    by 0x4066564: emalloc_real (awk.h:2156)
==744446==    by 0x4066564: estrdup (main.c:1451)
==744446==    by 0x4078093: load_symbols (symbol.c:675)
==744446==    by 0x400ED85: main (main.c:499)
==744446== 
==744446== 12 bytes in 2 blocks are still reachable in loss record 68 of 246
==744446==    at 0x497D858: malloc (vg_replace_malloc.c:447)
==744446==    by 0x4066564: emalloc_real (awk.h:2156)
==744446==    by 0x4066564: estrdup (main.c:1451)
==744446==    by 0x401B5EC: yylex (awkgram.y:4493)
==744446==    by 0x401C83C: yyparse (awkgram.c:1879)
==744446==    by 0x402073A: parse_program (awkgram.y:2797)
==744446==    by 0x400EAD8: main (main.c:483)
==744446== 
==744446== 16 bytes in 1 blocks are still reachable in loss record 69 of 246
==744446==    at 0x497D858: malloc (vg_replace_malloc.c:447)
==744446==    by 0x405907A: emalloc_real (awk.h:2156)
==744446==    by 0x405907A: api_register_ext_version (gawkapi.c:1510)
==744446==    by 0x405907A: api_register_ext_version (gawkapi.c:1501)
==744446==    by 0x49957D4: dl_load (readfile.c:238)
==744446==    by 0x4052BC2: load_ext (ext.c:125)
==744446==    by 0x4018FDA: load_library (awkgram.y:3020)
==744446==    by 0x401CADF: yyparse (awkgram.y:379)
==744446==    by 0x402073A: parse_program (awkgram.y:2797)
==744446==    by 0x400EAD8: main (main.c:483)
==744446== 
==744446== 16 bytes in 1 blocks are still reachable in loss record 70 of 246
==744446==    at 0x498507F: realloc (vg_replace_malloc.c:1804)
==744446==    by 0x40820F1: add_range_to_set (charset.c:3446)
==744446==    by 0x408269F: charset_finalize (charset.c:8983)
==744446==    by 0x4087709: charset_firstbytes (charset.c:9475)
==744446==    by 0x4087709: cset_firstbytes (minrx.c:1060)
==744446==    by 0x4087709: firstbytes (minrx.c:1859)
==744446==    by 0x4087709: compile.constprop.0 (minrx.c:1924)
==744446==    by 0x4089B38: minrx_regncomp (minrx.c:2490)
==744446==    by 0x407427D: make_regexp (re.c:355)
==744446==    by 0x40753B5: re_cache_get (re.c:556)
==744446==    by 0x40753B5: re_update (re.c:610)
==744446==    by 0x4029222: do_sub (builtin.c:1867)
==744446==    by 0x404FD01: r_interpret (interpret.h:1161)
==744446==    by 0x400EDDE: main (main.c:532)
==744446== 
==744446== 16 bytes in 1 blocks are still reachable in loss record 71 of 246
==744446==    at 0x497D858: malloc (vg_replace_malloc.c:447)
==744446==    by 0x407474B: emalloc_real (awk.h:2156)
==744446==    by 0x407474B: make_regexp (re.c:370)
==744446==    by 0x40753B5: re_cache_get (re.c:556)
==744446==    by 0x40753B5: re_update (re.c:610)
==744446==    by 0x4029222: do_sub (builtin.c:1867)
==744446==    by 0x404FD01: r_interpret (interpret.h:1161)
==744446==    by 0x400EDDE: main (main.c:532)
==744446== 
==744446== 18 bytes in 2 blocks are still reachable in loss record 72 of 246
==744446==    at 0x497D858: malloc (vg_replace_malloc.c:447)
==744446==    by 0x4066564: emalloc_real (awk.h:2156)
==744446==    by 0x4066564: estrdup (main.c:1451)
==744446==    by 0x401E3D7: yyparse (awkgram.y:2042)
==744446==    by 0x402073A: parse_program (awkgram.y:2797)
==744446==    by 0x400EAD8: main (main.c:483)
==744446== 
==744446== 20 bytes in 1 blocks are still reachable in loss record 73 of 246
==744446==    at 0x497D858: malloc (vg_replace_malloc.c:447)
==744446==    by 0x405E9A7: emalloc_real (awk.h:2156)
==744446==    by 0x405E9A7: init_awkpath (io.c:3026)
==744446==    by 0x405E9A7: do_find_source (io.c:3068)
==744446==    by 0x4065061: find_source (io.c:3098)
==744446==    by 0x40189F8: add_srcfile (awkgram.y:2864)
==744446==    by 0x4018FBB: load_library (awkgram.y:3010)
==744446==    by 0x401CADF: yyparse (awkgram.y:379)
==744446==    by 0x402073A: parse_program (awkgram.y:2797)
==744446==    by 0x400EAD8: main (main.c:483)
==744446== 
==744446== 24 bytes in 1 blocks are still reachable in loss record 74 of 246
==744446==    at 0x497D858: malloc (vg_replace_malloc.c:447)
==744446==    by 0x4069457: emalloc_real (awk.h:2156)
==744446==    by 0x4069457: make_str_node (node.c:422)
==744446==    by 0x4054B87: update_PROCINFO_str.part.0 (field.c:1662)
==744446==    by 0x400E730: load_procinfo (main.c:1022)
==744446==    by 0x400E730: init_vars (main.c:878)
==744446==    by 0x400E730: main (main.c:403)
==744446== 
==744446== 24 bytes in 1 blocks are still reachable in loss record 75 of 246
==744446==    at 0x4984E43: calloc (vg_replace_malloc.c:1678)
==744446==    by 0x405E8B2: ezalloc_real (awk.h:2174)
==744446==    by 0x405E8B2: init_awkpath (io.c:2996)
==744446==    by 0x405E8B2: do_find_source (io.c:3068)
==744446==    by 0x4065061: find_source (io.c:3098)
==744446==    by 0x40189F8: add_srcfile (awkgram.y:2864)
==744446==    by 0x4018FBB: load_library (awkgram.y:3010)
==744446==    by 0x401CADF: yyparse (awkgram.y:379)
==744446==    by 0x402073A: parse_program (awkgram.y:2797)
==744446==    by 0x400EAD8: main (main.c:483)
==744446== 
==744446== 30 bytes in 5 blocks are still reachable in loss record 76 of 246
==744446==    at 0x497D858: malloc (vg_replace_malloc.c:447)
==744446==    by 0x4069457: emalloc_real (awk.h:2156)
==744446==    by 0x4069457: make_str_node (node.c:422)
==744446==    by 0x401B194: yylex (awkgram.y:4074)
==744446==    by 0x401C83C: yyparse (awkgram.c:1879)
==744446==    by 0x402073A: parse_program (awkgram.y:2797)
==744446==    by 0x400EAD8: main (main.c:483)
==744446== 
==744446== 31 bytes in 1 blocks are still reachable in loss record 77 of 246
==744446==    at 0x497D858: malloc (vg_replace_malloc.c:447)
==744446==    by 0x405E673: emalloc_real (awk.h:2156)
==744446==    by 0x405E673: do_find_source (io.c:3070)
==744446==    by 0x4065100: find_source (io.c:3118)
==744446==    by 0x40189F8: add_srcfile (awkgram.y:2864)
==744446==    by 0x4018FBB: load_library (awkgram.y:3010)
==744446==    by 0x401CADF: yyparse (awkgram.y:379)
==744446==    by 0x402073A: parse_program (awkgram.y:2797)
==744446==    by 0x400EAD8: main (main.c:483)
==744446== 
==744446== 31 bytes in 1 blocks are still reachable in loss record 78 of 246
==744446==    at 0x497D858: malloc (vg_replace_malloc.c:447)
==744446==    by 0x415EB1F: malloc (rtld-malloc.h:56)
==744446==    by 0x415EB1F: strdup (strdup.c:42)
==744446==    by 0x413C90D: _dl_map_new_object (dl-load.c:2139)
==744446==    by 0x4141460: dl_open_worker_begin (dl-open.c:535)
==744446==    by 0x4134512: _dl_catch_exception (dl-catch.c:241)
==744446==    by 0x414020B: dl_open_worker (dl-open.c:762)
==744446==    by 0x4134512: _dl_catch_exception (dl-catch.c:241)
==744446==    by 0x4140749: _dl_open (dl-open.c:900)
==744446==    by 0x4BC8EA3: dlopen_doit (dlopen.c:56)
==744446==    by 0x4134512: _dl_catch_exception (dl-catch.c:241)
==744446==    by 0x4134658: _dl_catch_error (dl-catch.c:260)
==744446==    by 0x4BC8992: _dlerror_run (dlerror.c:138)
==744446== 
==744446== 32 bytes in 1 blocks are still reachable in loss record 79 of 246
==744446==    at 0x497D858: malloc (vg_replace_malloc.c:447)
==744446==    by 0x4045E57: emalloc_real (awk.h:2156)
==744446==    by 0x4045E57: fmt_index (eval.c:913)
==744446==    by 0x4046F46: set_CONVFMT (eval.c:956)
==744446==    by 0x400D9A3: init_vars (main.c:873)
==744446==    by 0x400D9A3: main (main.c:403)
==744446== 
==744446== 39 bytes in 1 blocks are still reachable in loss record 80 of 246
==744446==    at 0x497D858: malloc (vg_replace_malloc.c:447)
==744446==    by 0x405E713: emalloc_real (awk.h:2156)
==744446==    by 0x405E713: do_find_source (io.c:3058)
==744446==    by 0x4065061: find_source (io.c:3098)
==744446==    by 0x40189F8: add_srcfile (awkgram.y:2864)
==744446==    by 0x400D7E5: parse_args (main.c:1585)
==744446==    by 0x400D7E5: main (main.c:294)
==744446== 
==744446== 39 bytes in 1 blocks are still reachable in loss record 81 of 246
==744446==    at 0x497D858: malloc (vg_replace_malloc.c:447)
==744446==    by 0x4066564: emalloc_real (awk.h:2156)
==744446==    by 0x4066564: estrdup (main.c:1451)
==744446==    by 0x4014A21: do_add_srcfile (awkgram.y:2834)
==744446==    by 0x4018A70: add_srcfile (awkgram.y:2916)
==744446==    by 0x400D7E5: parse_args (main.c:1585)
==744446==    by 0x400D7E5: main (main.c:294)
==744446== 
==744446== 40 bytes in 1 blocks are still reachable in loss record 82 of 246
==744446==    at 0x497D858: malloc (vg_replace_malloc.c:447)
==744446==    by 0x4020D1E: emalloc_real (awk.h:2156)
==744446==    by 0x4020D1E: parse_program (awkgram.y:2810)
==744446==    by 0x400EAD8: main (main.c:483)
==744446== 
==744446== 42 bytes in 1 blocks are still reachable in loss record 83 of 246
==744446==    at 0x497D858: malloc (vg_replace_malloc.c:447)
==744446==    by 0x4069457: emalloc_real (awk.h:2156)
==744446==    by 0x4069457: make_str_node (node.c:422)
==744446==    by 0x40661D5: path_environ (main.c:906)
==744446==    by 0x400E176: load_environ (main.c:964)
==744446==    by 0x400E176: init_vars (main.c:879)
==744446==    by 0x400E176: main (main.c:403)
==744446== 
==744446== 46 bytes in 11 blocks are still reachable in loss record 84 of 246
==744446==    at 0x497D858: malloc (vg_replace_malloc.c:447)
==744446==    by 0x4069457: emalloc_real (awk.h:2156)
==744446==    by 0x4069457: make_str_node (node.c:422)
==744446==    by 0x400D984: init_vars (main.c:867)
==744446==    by 0x400D984: main (main.c:403)
==744446== 
==744446== 48 bytes in 1 blocks are still reachable in loss record 85 of 246
==744446==    at 0x497D858: malloc (vg_replace_malloc.c:447)
==744446==    by 0x4068FEB: emalloc_real (awk.h:2156)
==744446==    by 0x4068FEB: r_getblock (node.c:1164)
==744446==    by 0x40768D9: str_lookup (str_array.c:214)
==744446==    by 0x407708C: assoc_set (awk.h:2220)
==744446==    by 0x407708C: install (symbol.c:430)
==744446==    by 0x4077369: install_symbol (symbol.c:173)
==744446==    by 0x4077369: init_the_tables (symbol.c:77)
==744446==    by 0x400D60A: main (main.c:287)
==744446== 
==744446== 48 bytes in 1 blocks are still reachable in loss record 86 of 246
==744446==    at 0x497D858: malloc (vg_replace_malloc.c:447)
==744446==    by 0x4068FEB: emalloc_real (awk.h:2156)
==744446==    by 0x4068FEB: r_getblock (node.c:1164)
==744446==    by 0x40768D9: str_lookup (str_array.c:214)
==744446==    by 0x407708C: assoc_set (awk.h:2220)
==744446==    by 0x407708C: install (symbol.c:430)
==744446==    by 0x4077390: install_symbol (symbol.c:173)
==744446==    by 0x4077390: init_the_tables (symbol.c:78)
==744446==    by 0x400D60A: main (main.c:287)
==744446== 
==744446== 48 bytes in 1 blocks are still reachable in loss record 87 of 246
==744446==    at 0x497D858: malloc (vg_replace_malloc.c:447)
==744446==    by 0x4066202: emalloc_real.constprop.0 (awk.h:2156)
==744446==    by 0x400D66C: save_argv (main.c:1496)
==744446==    by 0x400D66C: parse_args (main.c:1554)
==744446==    by 0x400D66C: main (main.c:294)
==744446== 
==744446== 48 bytes in 1 blocks are still reachable in loss record 88 of 246
==744446==    at 0x497D858: malloc (vg_replace_malloc.c:447)
==744446==    by 0x4068FEB: emalloc_real (awk.h:2156)
==744446==    by 0x4068FEB: r_getblock (node.c:1164)
==744446==    by 0x40768D9: str_lookup (str_array.c:214)
==744446==    by 0x407708C: assoc_set (awk.h:2220)
==744446==    by 0x407708C: install (symbol.c:430)
==744446==    by 0x400E703: load_procinfo (main.c:1019)
==744446==    by 0x400E703: init_vars (main.c:878)
==744446==    by 0x400E703: main (main.c:403)
==744446== 
==744446== 48 bytes in 1 blocks are still reachable in loss record 89 of 246
==744446==    at 0x497D858: malloc (vg_replace_malloc.c:447)
==744446==    by 0x4068FEB: emalloc_real (awk.h:2156)
==744446==    by 0x4068FEB: r_getblock (node.c:1164)
==744446==    by 0x40768D9: str_lookup (str_array.c:214)
==744446==    by 0x4054B9E: assoc_set (awk.h:2220)
==744446==    by 0x4054B9E: update_PROCINFO_str.part.0 (field.c:1662)
==744446==    by 0x400E71D: load_procinfo (main.c:1021)
==744446==    by 0x400E71D: init_vars (main.c:878)
==744446==    by 0x400E71D: main (main.c:403)
==744446== 
==744446== 48 bytes in 1 blocks are still reachable in loss record 90 of 246
==744446==    at 0x497D858: malloc (vg_replace_malloc.c:447)
==744446==    by 0x4068FEB: emalloc_real (awk.h:2156)
==744446==    by 0x4068FEB: r_getblock (node.c:1164)
==744446==    by 0x40768D9: str_lookup (str_array.c:214)
==744446==    by 0x4054B9E: assoc_set (awk.h:2220)
==744446==    by 0x4054B9E: update_PROCINFO_str.part.0 (field.c:1662)
==744446==    by 0x400E730: load_procinfo (main.c:1022)
==744446==    by 0x400E730: init_vars (main.c:878)
==744446==    by 0x400E730: main (main.c:403)
==744446== 
==744446== 48 bytes in 1 blocks are still reachable in loss record 91 of 246
==744446==    at 0x497D858: malloc (vg_replace_malloc.c:447)
==744446==    by 0x4068FEB: emalloc_real (awk.h:2156)
==744446==    by 0x4068FEB: r_getblock (node.c:1164)
==744446==    by 0x40768D9: str_lookup (str_array.c:214)
==744446==    by 0x4054B9E: assoc_set (awk.h:2220)
==744446==    by 0x4054B9E: update_PROCINFO_str.part.0 (field.c:1662)
==744446==    by 0x400E743: load_procinfo (main.c:1023)
==744446==    by 0x400E743: init_vars (main.c:878)
==744446==    by 0x400E743: main (main.c:403)
==744446== 
==744446== 48 bytes in 1 blocks are still reachable in loss record 92 of 246
==744446==    at 0x497D858: malloc (vg_replace_malloc.c:447)
==744446==    by 0x4068FEB: emalloc_real (awk.h:2156)
==744446==    by 0x4068FEB: r_getblock (node.c:1164)
==744446==    by 0x40768D9: str_lookup (str_array.c:214)
==744446==    by 0x405802A: assoc_set (awk.h:2220)
==744446==    by 0x405802A: update_PROCINFO_num (field.c:1675)
==744446==    by 0x400E757: load_procinfo (main.c:1035)
==744446==    by 0x400E757: init_vars (main.c:878)
==744446==    by 0x400E757: main (main.c:403)
==744446== 
==744446== 48 bytes in 1 blocks are still reachable in loss record 93 of 246
==744446==    at 0x497D858: malloc (vg_replace_malloc.c:447)
==744446==    by 0x4068FEB: emalloc_real (awk.h:2156)
==744446==    by 0x4068FEB: r_getblock (node.c:1164)
==744446==    by 0x40768D9: str_lookup (str_array.c:214)
==744446==    by 0x405802A: assoc_set (awk.h:2220)
==744446==    by 0x405802A: update_PROCINFO_num (field.c:1675)
==744446==    by 0x400E76B: load_procinfo (main.c:1036)
==744446==    by 0x400E76B: init_vars (main.c:878)
==744446==    by 0x400E76B: main (main.c:403)
==744446== 
==744446== 48 bytes in 1 blocks are still reachable in loss record 94 of 246
==744446==    at 0x497D858: malloc (vg_replace_malloc.c:447)
==744446==    by 0x4068FEB: emalloc_real (awk.h:2156)
==744446==    by 0x4068FEB: r_getblock (node.c:1164)
==744446==    by 0x40768D9: str_lookup (str_array.c:214)
==744446==    by 0x405802A: assoc_set (awk.h:2220)
==744446==    by 0x405802A: update_PROCINFO_num (field.c:1675)
==744446==    by 0x400E784: load_procinfo (main.c:1046)
==744446==    by 0x400E784: init_vars (main.c:878)
==744446==    by 0x400E784: main (main.c:403)
==744446== 
==744446== 48 bytes in 1 blocks are still reachable in loss record 95 of 246
==744446==    at 0x497D858: malloc (vg_replace_malloc.c:447)
==744446==    by 0x4068FEB: emalloc_real (awk.h:2156)
==744446==    by 0x4068FEB: r_getblock (node.c:1164)
==744446==    by 0x40768D9: str_lookup (str_array.c:214)
==744446==    by 0x405802A: assoc_set (awk.h:2220)
==744446==    by 0x405802A: update_PROCINFO_num (field.c:1675)
==744446==    by 0x400E79D: load_procinfo (main.c:1055)
==744446==    by 0x400E79D: init_vars (main.c:878)
==744446==    by 0x400E79D: main (main.c:403)
==744446== 
==744446== 48 bytes in 1 blocks are still reachable in loss record 96 of 246
==744446==    at 0x497D858: malloc (vg_replace_malloc.c:447)
==744446==    by 0x4068FEB: emalloc_real (awk.h:2156)
==744446==    by 0x4068FEB: r_getblock (node.c:1164)
==744446==    by 0x40768D9: str_lookup (str_array.c:214)
==744446==    by 0x405802A: assoc_set (awk.h:2220)
==744446==    by 0x405802A: update_PROCINFO_num (field.c:1675)
==744446==    by 0x400E7B6: load_procinfo (main.c:1058)
==744446==    by 0x400E7B6: init_vars (main.c:878)
==744446==    by 0x400E7B6: main (main.c:403)
==744446== 
==744446== 48 bytes in 1 blocks are still reachable in loss record 97 of 246
==744446==    at 0x497D858: malloc (vg_replace_malloc.c:447)
==744446==    by 0x4068FEB: emalloc_real (awk.h:2156)
==744446==    by 0x4068FEB: r_getblock (node.c:1164)
==744446==    by 0x40768D9: str_lookup (str_array.c:214)
==744446==    by 0x405802A: assoc_set (awk.h:2220)
==744446==    by 0x405802A: update_PROCINFO_num (field.c:1675)
==744446==    by 0x400E7D2: load_procinfo (main.c:1061)
==744446==    by 0x400E7D2: init_vars (main.c:878)
==744446==    by 0x400E7D2: main (main.c:403)
==744446== 
==744446== 48 bytes in 1 blocks are still reachable in loss record 98 of 246
==744446==    at 0x497D858: malloc (vg_replace_malloc.c:447)
==744446==    by 0x4068FEB: emalloc_real (awk.h:2156)
==744446==    by 0x4068FEB: r_getblock (node.c:1164)
==744446==    by 0x40768D9: str_lookup (str_array.c:214)
==744446==    by 0x405802A: assoc_set (awk.h:2220)
==744446==    by 0x405802A: update_PROCINFO_num (field.c:1675)
==744446==    by 0x400E7EE: load_procinfo (main.c:1064)
==744446==    by 0x400E7EE: init_vars (main.c:878)
==744446==    by 0x400E7EE: main (main.c:403)
==744446== 
==744446== 48 bytes in 1 blocks are still reachable in loss record 99 of 246
==744446==    at 0x497D858: malloc (vg_replace_malloc.c:447)
==744446==    by 0x4068FEB: emalloc_real (awk.h:2156)
==744446==    by 0x4068FEB: r_getblock (node.c:1164)
==744446==    by 0x40768D9: str_lookup (str_array.c:214)
==744446==    by 0x405802A: assoc_set (awk.h:2220)
==744446==    by 0x405802A: update_PROCINFO_num (field.c:1675)
==744446==    by 0x400E80A: load_procinfo (main.c:1067)
==744446==    by 0x400E80A: init_vars (main.c:878)
==744446==    by 0x400E80A: main (main.c:403)
==744446== 
==744446== 48 bytes in 1 blocks are still reachable in loss record 100 of 246
==744446==    at 0x497D858: malloc (vg_replace_malloc.c:447)
==744446==    by 0x4068FEB: emalloc_real (awk.h:2156)
==744446==    by 0x4068FEB: r_getblock (node.c:1164)
==744446==    by 0x40768D9: str_lookup (str_array.c:214)
==744446==    by 0x405802A: assoc_set (awk.h:2220)
==744446==    by 0x405802A: update_PROCINFO_num (field.c:1675)
==744446==    by 0x400E826: load_procinfo (main.c:1070)
==744446==    by 0x400E826: init_vars (main.c:878)
==744446==    by 0x400E826: main (main.c:403)
==744446== 
==744446== 48 bytes in 1 blocks are still reachable in loss record 101 of 246
==744446==    at 0x497D858: malloc (vg_replace_malloc.c:447)
==744446==    by 0x4068FEB: emalloc_real (awk.h:2156)
==744446==    by 0x4068FEB: r_getblock (node.c:1164)
==744446==    by 0x40768D9: str_lookup (str_array.c:214)
==744446==    by 0x4054B9E: assoc_set (awk.h:2220)
==744446==    by 0x4054B9E: update_PROCINFO_str.part.0 (field.c:1662)
==744446==    by 0x400E83A: load_procinfo (main.c:1072)
==744446==    by 0x400E83A: init_vars (main.c:878)
==744446==    by 0x400E83A: main (main.c:403)
==744446== 
==744446== 48 bytes in 1 blocks are still reachable in loss record 102 of 246
==744446==    at 0x497D858: malloc (vg_replace_malloc.c:447)
==744446==    by 0x4068FEB: emalloc_real (awk.h:2156)
==744446==    by 0x4068FEB: r_getblock (node.c:1164)
==744446==    by 0x40768D9: str_lookup (str_array.c:214)
==744446==    by 0x4054B9E: assoc_set (awk.h:2220)
==744446==    by 0x4054B9E: update_PROCINFO_str.part.0 (field.c:1662)
==744446==    by 0x400E8D2: load_procinfo (main.c:1087)
==744446==    by 0x400E8D2: init_vars (main.c:878)
==744446==    by 0x400E8D2: main (main.c:403)
==744446== 
==744446== 48 bytes in 1 blocks are still reachable in loss record 103 of 246
==744446==    at 0x497D858: malloc (vg_replace_malloc.c:447)
==744446==    by 0x4068FEB: emalloc_real (awk.h:2156)
==744446==    by 0x4068FEB: r_getblock (node.c:1164)
==744446==    by 0x40768D9: str_lookup (str_array.c:214)
==744446==    by 0x40662E6: assoc_set (awk.h:2220)
==744446==    by 0x400EC2D: load_procinfo_argv (main.c:997)
==744446==    by 0x400EC2D: load_procinfo (main.c:1093)
==744446==    by 0x400EC2D: init_vars (main.c:878)
==744446==    by 0x400EC2D: main (main.c:403)
==744446== 
==744446== 48 bytes in 1 blocks are still reachable in loss record 104 of 246
==744446==    at 0x497D858: malloc (vg_replace_malloc.c:447)
==744446==    by 0x4068FEB: emalloc_real (awk.h:2156)
==744446==    by 0x4068FEB: r_getblock (node.c:1164)
==744446==    by 0x40768D9: str_lookup (str_array.c:214)
==744446==    by 0x407708C: assoc_set (awk.h:2220)
==744446==    by 0x407708C: install (symbol.c:430)
==744446==    by 0x400E038: load_environ (main.c:930)
==744446==    by 0x400E038: init_vars (main.c:879)
==744446==    by 0x400E038: main (main.c:403)
==744446== 
==744446== 48 bytes in 1 blocks are still reachable in loss record 105 of 246
==744446==    at 0x497D858: malloc (vg_replace_malloc.c:447)
==744446==    by 0x4068FEB: emalloc_real (awk.h:2156)
==744446==    by 0x4068FEB: r_getblock (node.c:1164)
==744446==    by 0x40768D9: str_lookup (str_array.c:214)
==744446==    by 0x40661A2: path_environ (main.c:899)
==744446==    by 0x400E176: load_environ (main.c:964)
==744446==    by 0x400E176: init_vars (main.c:879)
==744446==    by 0x400E176: main (main.c:403)
==744446== 
==744446== 48 bytes in 1 blocks are still reachable in loss record 106 of 246
==744446==    at 0x497D858: malloc (vg_replace_malloc.c:447)
==744446==    by 0x4068FEB: emalloc_real (awk.h:2156)
==744446==    by 0x4068FEB: r_getblock (node.c:1164)
==744446==    by 0x40768D9: str_lookup (str_array.c:214)
==744446==    by 0x407708C: assoc_set (awk.h:2220)
==744446==    by 0x407708C: install (symbol.c:430)
==744446==    by 0x400E414: init_args (main.c:764)
==744446==    by 0x400E414: main (main.c:470)
==744446== 
==744446== 48 bytes in 1 blocks are still reachable in loss record 107 of 246
==744446==    at 0x497D858: malloc (vg_replace_malloc.c:447)
==744446==    by 0x4068FEB: emalloc_real (awk.h:2156)
==744446==    by 0x4068FEB: r_getblock (node.c:1164)
==744446==    by 0x40768D9: str_lookup (str_array.c:214)
==744446==    by 0x407708C: assoc_set (awk.h:2220)
==744446==    by 0x407708C: install (symbol.c:430)
==744446==    by 0x400EA90: init_args (main.c:791)
==744446==    by 0x400EA90: main (main.c:470)
==744446== 
==744446== 48 bytes in 1 blocks are still reachable in loss record 108 of 246
==744446==    at 0x497D858: malloc (vg_replace_malloc.c:447)
==744446==    by 0x4068FEB: emalloc_real (awk.h:2156)
==744446==    by 0x4068FEB: r_getblock (node.c:1164)
==744446==    by 0x40768D9: str_lookup (str_array.c:214)
==744446==    by 0x407708C: assoc_set (awk.h:2220)
==744446==    by 0x407708C: install (symbol.c:430)
==744446==    by 0x4053117: make_builtin (ext.c:202)
==744446==    by 0x499578F: dl_load (readfile.c:238)
==744446==    by 0x4052BC2: load_ext (ext.c:125)
==744446==    by 0x4018FDA: load_library (awkgram.y:3020)
==744446==    by 0x401CADF: yyparse (awkgram.y:379)
==744446==    by 0x402073A: parse_program (awkgram.y:2797)
==744446==    by 0x400EAD8: main (main.c:483)
==744446== 
==744446== 48 bytes in 1 blocks are still reachable in loss record 109 of 246
==744446==    at 0x497D858: malloc (vg_replace_malloc.c:447)
==744446==    by 0x4068FEB: emalloc_real (awk.h:2156)
==744446==    by 0x4068FEB: r_getblock (node.c:1164)
==744446==    by 0x40768D9: str_lookup (str_array.c:214)
==744446==    by 0x407708C: assoc_set (awk.h:2220)
==744446==    by 0x407708C: install (symbol.c:430)
==744446==    by 0x401E274: install_function (awkgram.y:5083)
==744446==    by 0x401E274: yyparse (awkgram.y:546)
==744446==    by 0x402073A: parse_program (awkgram.y:2797)
==744446==    by 0x400EAD8: main (main.c:483)
==744446== 
==744446== 48 bytes in 1 blocks are still reachable in loss record 110 of 246
==744446==    at 0x497D858: malloc (vg_replace_malloc.c:447)
==744446==    by 0x4068FEB: emalloc_real (awk.h:2156)
==744446==    by 0x4068FEB: r_getblock (node.c:1164)
==744446==    by 0x40768D9: str_lookup (str_array.c:214)
==744446==    by 0x4077FEA: load_symbols (symbol.c:664)
==744446==    by 0x400ED85: main (main.c:499)
==744446== 
==744446== 48 bytes in 1 blocks are still reachable in loss record 111 of 246
==744446==    at 0x497D858: malloc (vg_replace_malloc.c:447)
==744446==    by 0x4068FEB: emalloc_real (awk.h:2156)
==744446==    by 0x4068FEB: r_getblock (node.c:1164)
==744446==    by 0x40768D9: str_lookup (str_array.c:214)
==744446==    by 0x404EEEF: r_interpret (interpret.h:427)
==744446==    by 0x400EDDE: main (main.c:532)
==744446== 
==744446== 48 bytes in 1 blocks are still reachable in loss record 112 of 246
==744446==    at 0x497D858: malloc (vg_replace_malloc.c:447)
==744446==    by 0x4068FEB: emalloc_real (awk.h:2156)
==744446==    by 0x4068FEB: r_getblock (node.c:1164)
==744446==    by 0x40768D9: str_lookup (str_array.c:214)
==744446==    by 0x405802A: assoc_set (awk.h:2220)
==744446==    by 0x405802A: update_PROCINFO_num (field.c:1675)
==744446==    by 0x40473B3: update_ERRNO_int (eval.c:1029)
==744446==    by 0x40473B3: update_ERRNO_int (eval.c:1022)
==744446==    by 0x4061538: nextfile (io.c:495)
==744446==    by 0x404ECBF: r_interpret (interpret.h:1421)
==744446==    by 0x400EDDE: main (main.c:532)
==744446== 
==744446== 60 bytes in 1 blocks are still reachable in loss record 113 of 246
==744446==    at 0x497D858: malloc (vg_replace_malloc.c:447)
==744446==    by 0x4014E9C: emalloc_real (awk.h:2156)
==744446==    by 0x4014E9C: tokexpand (awkgram.y:3294)
==744446==    by 0x4020FE6: parse_program (awkgram.y:2795)
==744446==    by 0x400EAD8: main (main.c:483)
==744446== 
==744446== 64 bytes in 1 blocks are still reachable in loss record 114 of 246
==744446==    at 0x497D858: malloc (vg_replace_malloc.c:447)
==744446==    by 0x4084391: charset_create (charset.c:9027)
==744446==    by 0x4084391: charset_invert (charset.c:9139)
==744446==    by 0x4084391: cset_invert (minrx.c:910)
==744446==    by 0x4085F1F: chr (minrx.c:1631)
==744446==    by 0x4085F1F: rep (minrx.c:1514)
==744446==    by 0x4086100: cat (minrx.c:1406)
==744446==    by 0x4086268: alt (minrx.c:1333)
==744446==    by 0x4086BB0: compile.constprop.0 (minrx.c:1903)
==744446==    by 0x4089B38: minrx_regncomp (minrx.c:2490)
==744446==    by 0x407427D: make_regexp (re.c:355)
==744446==    by 0x40753B5: re_cache_get (re.c:556)
==744446==    by 0x40753B5: re_update (re.c:610)
==744446==    by 0x4029222: do_sub (builtin.c:1867)
==744446==    by 0x404FD01: r_interpret (interpret.h:1161)
==744446==    by 0x400EDDE: main (main.c:532)
==744446== 
==744446== 64 bytes in 1 blocks are still reachable in loss record 115 of 246
==744446==    at 0x497D858: malloc (vg_replace_malloc.c:447)
==744446==    by 0x4086F0A: charset_create (charset.c:9027)
==744446==    by 0x4086F0A: cset_construct (minrx.c:883)
==744446==    by 0x4086F0A: firstclosure (minrx.c:1836)
==744446==    by 0x4086F0A: compile.constprop.0 (minrx.c:1923)
==744446==    by 0x4089B38: minrx_regncomp (minrx.c:2490)
==744446==    by 0x407427D: make_regexp (re.c:355)
==744446==    by 0x40753B5: re_cache_get (re.c:556)
==744446==    by 0x40753B5: re_update (re.c:610)
==744446==    by 0x4029222: do_sub (builtin.c:1867)
==744446==    by 0x404FD01: r_interpret (interpret.h:1161)
==744446==    by 0x400EDDE: main (main.c:532)
==744446== 
==744446== 76 bytes in 2 blocks are still reachable in loss record 116 of 246
==744446==    at 0x497D858: malloc (vg_replace_malloc.c:447)
==744446==    by 0x4069457: emalloc_real (awk.h:2156)
==744446==    by 0x4069457: make_str_node (node.c:422)
==744446==    by 0x400E4C3: init_args (main.c:780)
==744446==    by 0x400E4C3: main (main.c:470)
==744446== 
==744446== 80 bytes in 1 blocks are still reachable in loss record 117 of 246
==744446==    at 0x497D858: malloc (vg_replace_malloc.c:447)
==744446==    by 0x4082141: add_range_to_set (charset.c:3438)
==744446==    by 0x40844CE: charset_invert (charset.c:9146)
==744446==    by 0x40844CE: cset_invert (minrx.c:910)
==744446==    by 0x4085F1F: chr (minrx.c:1631)
==744446==    by 0x4085F1F: rep (minrx.c:1514)
==744446==    by 0x4086100: cat (minrx.c:1406)
==744446==    by 0x4086268: alt (minrx.c:1333)
==744446==    by 0x4086BB0: compile.constprop.0 (minrx.c:1903)
==744446==    by 0x4089B38: minrx_regncomp (minrx.c:2490)
==744446==    by 0x407427D: make_regexp (re.c:355)
==744446==    by 0x40753B5: re_cache_get (re.c:556)
==744446==    by 0x40753B5: re_update (re.c:610)
==744446==    by 0x4029222: do_sub (builtin.c:1867)
==744446==    by 0x404FD01: r_interpret (interpret.h:1161)
==744446== 
==744446== 88 bytes in 1 blocks are still reachable in loss record 118 of 246
==744446==    at 0x497D858: malloc (vg_replace_malloc.c:447)
==744446==    by 0x4068FEB: emalloc_real (awk.h:2156)
==744446==    by 0x4068FEB: r_getblock (node.c:1164)
==744446==    by 0x40693C1: make_str_node (node.c:406)
==744446==    by 0x400D5C7: main (main.c:278)
==744446== 
==744446== 88 bytes in 1 blocks are still reachable in loss record 119 of 246
==744446==    at 0x497D858: malloc (vg_replace_malloc.c:447)
==744446==    by 0x4068FEB: emalloc_real (awk.h:2156)
==744446==    by 0x4068FEB: r_getblock (node.c:1164)
==744446==    by 0x40772C7: init_the_tables (symbol.c:68)
==744446==    by 0x400D60A: main (main.c:287)
==744446== 
==744446== 88 bytes in 1 blocks are still reachable in loss record 120 of 246
==744446==    at 0x497D858: malloc (vg_replace_malloc.c:447)
==744446==    by 0x4068FEB: emalloc_real (awk.h:2156)
==744446==    by 0x4068FEB: r_getblock (node.c:1164)
==744446==    by 0x4077308: init_the_tables (symbol.c:72)
==744446==    by 0x400D60A: main (main.c:287)
==744446== 
==744446== 88 bytes in 1 blocks are still reachable in loss record 121 of 246
==744446==    at 0x497D858: malloc (vg_replace_malloc.c:447)
==744446==    by 0x4068FEB: emalloc_real (awk.h:2156)
==744446==    by 0x4068FEB: r_getblock (node.c:1164)
==744446==    by 0x40693C1: make_str_node (node.c:406)
==744446==    by 0x4077055: install (symbol.c:399)
==744446==    by 0x4077369: install_symbol (symbol.c:173)
==744446==    by 0x4077369: init_the_tables (symbol.c:77)
==744446==    by 0x400D60A: main (main.c:287)
==744446== 
==744446== 88 bytes in 1 blocks are still reachable in loss record 122 of 246
==744446==    at 0x497D858: malloc (vg_replace_malloc.c:447)
==744446==    by 0x4068FEB: emalloc_real (awk.h:2156)
==744446==    by 0x4068FEB: r_getblock (node.c:1164)
==744446==    by 0x4077133: make_symbol (symbol.c:376)
==744446==    by 0x4077133: install (symbol.c:417)
==744446==    by 0x4077369: install_symbol (symbol.c:173)
==744446==    by 0x4077369: init_the_tables (symbol.c:77)
==744446==    by 0x400D60A: main (main.c:287)
==744446== 
==744446== 88 bytes in 1 blocks are still reachable in loss record 123 of 246
==744446==    at 0x497D858: malloc (vg_replace_malloc.c:447)
==744446==    by 0x4068FEB: emalloc_real (awk.h:2156)
==744446==    by 0x4068FEB: r_getblock (node.c:1164)
==744446==    by 0x40693C1: make_str_node (node.c:406)
==744446==    by 0x4077055: install (symbol.c:399)
==744446==    by 0x4077390: install_symbol (symbol.c:173)
==744446==    by 0x4077390: init_the_tables (symbol.c:78)
==744446==    by 0x400D60A: main (main.c:287)
==744446== 
==744446== 88 bytes in 1 blocks are still reachable in loss record 124 of 246
==744446==    at 0x497D858: malloc (vg_replace_malloc.c:447)
==744446==    by 0x4068FEB: emalloc_real (awk.h:2156)
==744446==    by 0x4068FEB: r_getblock (node.c:1164)
==744446==    by 0x4077133: make_symbol (symbol.c:376)
==744446==    by 0x4077133: install (symbol.c:417)
==744446==    by 0x4077390: install_symbol (symbol.c:173)
==744446==    by 0x4077390: init_the_tables (symbol.c:78)
==744446==    by 0x400D60A: main (main.c:287)
==744446== 
==744446== 88 bytes in 1 blocks are still reachable in loss record 125 of 246
==744446==    at 0x497D858: malloc (vg_replace_malloc.c:447)
==744446==    by 0x4068FEB: emalloc_real (awk.h:2156)
==744446==    by 0x4068FEB: r_getblock (node.c:1164)
==744446==    by 0x40693C1: make_str_node (node.c:406)
==744446==    by 0x4077055: install (symbol.c:399)
==744446==    by 0x400E703: load_procinfo (main.c:1019)
==744446==    by 0x400E703: init_vars (main.c:878)
==744446==    by 0x400E703: main (main.c:403)
==744446== 
==744446== 88 bytes in 1 blocks are still reachable in loss record 126 of 246
==744446==    at 0x497D858: malloc (vg_replace_malloc.c:447)
==744446==    by 0x4068FEB: emalloc_real (awk.h:2156)
==744446==    by 0x4068FEB: r_getblock (node.c:1164)
==744446==    by 0x4077133: make_symbol (symbol.c:376)
==744446==    by 0x4077133: install (symbol.c:417)
==744446==    by 0x400E703: load_procinfo (main.c:1019)
==744446==    by 0x400E703: init_vars (main.c:878)
==744446==    by 0x400E703: main (main.c:403)
==744446== 
==744446== 88 bytes in 1 blocks are still reachable in loss record 127 of 246
==744446==    at 0x497D858: malloc (vg_replace_malloc.c:447)
==744446==    by 0x4068FEB: emalloc_real (awk.h:2156)
==744446==    by 0x4068FEB: r_getblock (node.c:1164)
==744446==    by 0x40693C1: make_str_node (node.c:406)
==744446==    by 0x4054B6F: update_PROCINFO_str.part.0 (field.c:1661)
==744446==    by 0x400E71D: load_procinfo (main.c:1021)
==744446==    by 0x400E71D: init_vars (main.c:878)
==744446==    by 0x400E71D: main (main.c:403)
==744446== 
==744446== 88 bytes in 1 blocks are still reachable in loss record 128 of 246
==744446==    at 0x497D858: malloc (vg_replace_malloc.c:447)
==744446==    by 0x4068FEB: emalloc_real (awk.h:2156)
==744446==    by 0x4068FEB: r_getblock (node.c:1164)
==744446==    by 0x40693C1: make_str_node (node.c:406)
==744446==    by 0x4054B87: update_PROCINFO_str.part.0 (field.c:1662)
==744446==    by 0x400E71D: load_procinfo (main.c:1021)
==744446==    by 0x400E71D: init_vars (main.c:878)
==744446==    by 0x400E71D: main (main.c:403)
==744446== 
==744446== 88 bytes in 1 blocks are still reachable in loss record 129 of 246
==744446==    at 0x497D858: malloc (vg_replace_malloc.c:447)
==744446==    by 0x4068FEB: emalloc_real (awk.h:2156)
==744446==    by 0x4068FEB: r_getblock (node.c:1164)
==744446==    by 0x40693C1: make_str_node (node.c:406)
==744446==    by 0x4054B6F: update_PROCINFO_str.part.0 (field.c:1661)
==744446==    by 0x400E730: load_procinfo (main.c:1022)
==744446==    by 0x400E730: init_vars (main.c:878)
==744446==    by 0x400E730: main (main.c:403)
==744446== 
==744446== 88 bytes in 1 blocks are still reachable in loss record 130 of 246
==744446==    at 0x497D858: malloc (vg_replace_malloc.c:447)
==744446==    by 0x4068FEB: emalloc_real (awk.h:2156)
==744446==    by 0x4068FEB: r_getblock (node.c:1164)
==744446==    by 0x40693C1: make_str_node (node.c:406)
==744446==    by 0x4054B87: update_PROCINFO_str.part.0 (field.c:1662)
==744446==    by 0x400E730: load_procinfo (main.c:1022)
==744446==    by 0x400E730: init_vars (main.c:878)
==744446==    by 0x400E730: main (main.c:403)
==744446== 
==744446== 88 bytes in 1 blocks are still reachable in loss record 131 of 246
==744446==    at 0x497D858: malloc (vg_replace_malloc.c:447)
==744446==    by 0x4068FEB: emalloc_real (awk.h:2156)
==744446==    by 0x4068FEB: r_getblock (node.c:1164)
==744446==    by 0x40693C1: make_str_node (node.c:406)
==744446==    by 0x4054B6F: update_PROCINFO_str.part.0 (field.c:1661)
==744446==    by 0x400E743: load_procinfo (main.c:1023)
==744446==    by 0x400E743: init_vars (main.c:878)
==744446==    by 0x400E743: main (main.c:403)
==744446== 
==744446== 88 bytes in 1 blocks are still reachable in loss record 132 of 246
==744446==    at 0x497D858: malloc (vg_replace_malloc.c:447)
==744446==    by 0x4068FEB: emalloc_real (awk.h:2156)
==744446==    by 0x4068FEB: r_getblock (node.c:1164)
==744446==    by 0x40693C1: make_str_node (node.c:406)
==744446==    by 0x4054B87: update_PROCINFO_str.part.0 (field.c:1662)
==744446==    by 0x400E743: load_procinfo (main.c:1023)
==744446==    by 0x400E743: init_vars (main.c:878)
==744446==    by 0x400E743: main (main.c:403)
==744446== 
==744446== 88 bytes in 1 blocks are still reachable in loss record 133 of 246
==744446==    at 0x497D858: malloc (vg_replace_malloc.c:447)
==744446==    by 0x4068FEB: emalloc_real (awk.h:2156)
==744446==    by 0x4068FEB: r_getblock (node.c:1164)
==744446==    by 0x40693C1: make_str_node (node.c:406)
==744446==    by 0x4058004: update_PROCINFO_num (field.c:1674)
==744446==    by 0x400E757: load_procinfo (main.c:1035)
==744446==    by 0x400E757: init_vars (main.c:878)
==744446==    by 0x400E757: main (main.c:403)
==744446== 
==744446== 88 bytes in 1 blocks are still reachable in loss record 134 of 246
==744446==    at 0x497D858: malloc (vg_replace_malloc.c:447)
==744446==    by 0x4068FEB: emalloc_real (awk.h:2156)
==744446==    by 0x4068FEB: r_getblock (node.c:1164)
==744446==    by 0x4069930: make_number_node (awk.h:2206)
==744446==    by 0x4069930: r_make_number (node.c:369)
==744446==    by 0x4058013: update_PROCINFO_num (field.c:1675)
==744446==    by 0x400E757: load_procinfo (main.c:1035)
==744446==    by 0x400E757: init_vars (main.c:878)
==744446==    by 0x400E757: main (main.c:403)
==744446== 
==744446== 88 bytes in 1 blocks are still reachable in loss record 135 of 246
==744446==    at 0x497D858: malloc (vg_replace_malloc.c:447)
==744446==    by 0x4068FEB: emalloc_real (awk.h:2156)
==744446==    by 0x4068FEB: r_getblock (node.c:1164)
==744446==    by 0x40693C1: make_str_node (node.c:406)
==744446==    by 0x4058004: update_PROCINFO_num (field.c:1674)
==744446==    by 0x400E76B: load_procinfo (main.c:1036)
==744446==    by 0x400E76B: init_vars (main.c:878)
==744446==    by 0x400E76B: main (main.c:403)
==744446== 
==744446== 88 bytes in 1 blocks are still reachable in loss record 136 of 246
==744446==    at 0x497D858: malloc (vg_replace_malloc.c:447)
==744446==    by 0x4068FEB: emalloc_real (awk.h:2156)
==744446==    by 0x4068FEB: r_getblock (node.c:1164)
==744446==    by 0x4069930: make_number_node (awk.h:2206)
==744446==    by 0x4069930: r_make_number (node.c:369)
==744446==    by 0x4058013: update_PROCINFO_num (field.c:1675)
==744446==    by 0x400E76B: load_procinfo (main.c:1036)
==744446==    by 0x400E76B: init_vars (main.c:878)
==744446==    by 0x400E76B: main (main.c:403)
==744446== 
==744446== 88 bytes in 1 blocks are still reachable in loss record 137 of 246
==744446==    at 0x497D858: malloc (vg_replace_malloc.c:447)
==744446==    by 0x4068FEB: emalloc_real (awk.h:2156)
==744446==    by 0x4068FEB: r_getblock (node.c:1164)
==744446==    by 0x40693C1: make_str_node (node.c:406)
==744446==    by 0x4058004: update_PROCINFO_num (field.c:1674)
==744446==    by 0x400E784: load_procinfo (main.c:1046)
==744446==    by 0x400E784: init_vars (main.c:878)
==744446==    by 0x400E784: main (main.c:403)
==744446== 
==744446== 88 bytes in 1 blocks are still reachable in loss record 138 of 246
==744446==    at 0x497D858: malloc (vg_replace_malloc.c:447)
==744446==    by 0x4068FEB: emalloc_real (awk.h:2156)
==744446==    by 0x4068FEB: r_getblock (node.c:1164)
==744446==    by 0x4069930: make_number_node (awk.h:2206)
==744446==    by 0x4069930: r_make_number (node.c:369)
==744446==    by 0x4058013: update_PROCINFO_num (field.c:1675)
==744446==    by 0x400E784: load_procinfo (main.c:1046)
==744446==    by 0x400E784: init_vars (main.c:878)
==744446==    by 0x400E784: main (main.c:403)
==744446== 
==744446== 88 bytes in 1 blocks are still reachable in loss record 139 of 246
==744446==    at 0x497D858: malloc (vg_replace_malloc.c:447)
==744446==    by 0x4068FEB: emalloc_real (awk.h:2156)
==744446==    by 0x4068FEB: r_getblock (node.c:1164)
==744446==    by 0x40693C1: make_str_node (node.c:406)
==744446==    by 0x4058004: update_PROCINFO_num (field.c:1674)
==744446==    by 0x400E79D: load_procinfo (main.c:1055)
==744446==    by 0x400E79D: init_vars (main.c:878)
==744446==    by 0x400E79D: main (main.c:403)
==744446== 
==744446== 88 bytes in 1 blocks are still reachable in loss record 140 of 246
==744446==    at 0x497D858: malloc (vg_replace_malloc.c:447)
==744446==    by 0x4068FEB: emalloc_real (awk.h:2156)
==744446==    by 0x4068FEB: r_getblock (node.c:1164)
==744446==    by 0x4069930: make_number_node (awk.h:2206)
==744446==    by 0x4069930: r_make_number (node.c:369)
==744446==    by 0x4058013: update_PROCINFO_num (field.c:1675)
==744446==    by 0x400E79D: load_procinfo (main.c:1055)
==744446==    by 0x400E79D: init_vars (main.c:878)
==744446==    by 0x400E79D: main (main.c:403)
==744446== 
==744446== 88 bytes in 1 blocks are still reachable in loss record 141 of 246
==744446==    at 0x497D858: malloc (vg_replace_malloc.c:447)
==744446==    by 0x4068FEB: emalloc_real (awk.h:2156)
==744446==    by 0x4068FEB: r_getblock (node.c:1164)
==744446==    by 0x40693C1: make_str_node (node.c:406)
==744446==    by 0x4058004: update_PROCINFO_num (field.c:1674)
==744446==    by 0x400E7B6: load_procinfo (main.c:1058)
==744446==    by 0x400E7B6: init_vars (main.c:878)
==744446==    by 0x400E7B6: main (main.c:403)
==744446== 
==744446== 88 bytes in 1 blocks are still reachable in loss record 142 of 246
==744446==    at 0x497D858: malloc (vg_replace_malloc.c:447)
==744446==    by 0x4068FEB: emalloc_real (awk.h:2156)
==744446==    by 0x4068FEB: r_getblock (node.c:1164)
==744446==    by 0x4069930: make_number_node (awk.h:2206)
==744446==    by 0x4069930: r_make_number (node.c:369)
==744446==    by 0x4058013: update_PROCINFO_num (field.c:1675)
==744446==    by 0x400E7B6: load_procinfo (main.c:1058)
==744446==    by 0x400E7B6: init_vars (main.c:878)
==744446==    by 0x400E7B6: main (main.c:403)
==744446== 
==744446== 88 bytes in 1 blocks are still reachable in loss record 143 of 246
==744446==    at 0x497D858: malloc (vg_replace_malloc.c:447)
==744446==    by 0x4068FEB: emalloc_real (awk.h:2156)
==744446==    by 0x4068FEB: r_getblock (node.c:1164)
==744446==    by 0x40693C1: make_str_node (node.c:406)
==744446==    by 0x4058004: update_PROCINFO_num (field.c:1674)
==744446==    by 0x400E7D2: load_procinfo (main.c:1061)
==744446==    by 0x400E7D2: init_vars (main.c:878)
==744446==    by 0x400E7D2: main (main.c:403)
==744446== 
==744446== 88 bytes in 1 blocks are still reachable in loss record 144 of 246
==744446==    at 0x497D858: malloc (vg_replace_malloc.c:447)
==744446==    by 0x4068FEB: emalloc_real (awk.h:2156)
==744446==    by 0x4068FEB: r_getblock (node.c:1164)
==744446==    by 0x4069930: make_number_node (awk.h:2206)
==744446==    by 0x4069930: r_make_number (node.c:369)
==744446==    by 0x4058013: update_PROCINFO_num (field.c:1675)
==744446==    by 0x400E7D2: load_procinfo (main.c:1061)
==744446==    by 0x400E7D2: init_vars (main.c:878)
==744446==    by 0x400E7D2: main (main.c:403)
==744446== 
==744446== 88 bytes in 1 blocks are still reachable in loss record 145 of 246
==744446==    at 0x497D858: malloc (vg_replace_malloc.c:447)
==744446==    by 0x4068FEB: emalloc_real (awk.h:2156)
==744446==    by 0x4068FEB: r_getblock (node.c:1164)
==744446==    by 0x40693C1: make_str_node (node.c:406)
==744446==    by 0x4058004: update_PROCINFO_num (field.c:1674)
==744446==    by 0x400E7EE: load_procinfo (main.c:1064)
==744446==    by 0x400E7EE: init_vars (main.c:878)
==744446==    by 0x400E7EE: main (main.c:403)
==744446== 
==744446== 88 bytes in 1 blocks are still reachable in loss record 146 of 246
==744446==    at 0x497D858: malloc (vg_replace_malloc.c:447)
==744446==    by 0x4068FEB: emalloc_real (awk.h:2156)
==744446==    by 0x4068FEB: r_getblock (node.c:1164)
==744446==    by 0x4069930: make_number_node (awk.h:2206)
==744446==    by 0x4069930: r_make_number (node.c:369)
==744446==    by 0x4058013: update_PROCINFO_num (field.c:1675)
==744446==    by 0x400E7EE: load_procinfo (main.c:1064)
==744446==    by 0x400E7EE: init_vars (main.c:878)
==744446==    by 0x400E7EE: main (main.c:403)
==744446== 
==744446== 88 bytes in 1 blocks are still reachable in loss record 147 of 246
==744446==    at 0x497D858: malloc (vg_replace_malloc.c:447)
==744446==    by 0x4068FEB: emalloc_real (awk.h:2156)
==744446==    by 0x4068FEB: r_getblock (node.c:1164)
==744446==    by 0x40693C1: make_str_node (node.c:406)
==744446==    by 0x4058004: update_PROCINFO_num (field.c:1674)
==744446==    by 0x400E80A: load_procinfo (main.c:1067)
==744446==    by 0x400E80A: init_vars (main.c:878)
==744446==    by 0x400E80A: main (main.c:403)
==744446== 
==744446== 88 bytes in 1 blocks are still reachable in loss record 148 of 246
==744446==    at 0x497D858: malloc (vg_replace_malloc.c:447)
==744446==    by 0x4068FEB: emalloc_real (awk.h:2156)
==744446==    by 0x4068FEB: r_getblock (node.c:1164)
==744446==    by 0x4069930: make_number_node (awk.h:2206)
==744446==    by 0x4069930: r_make_number (node.c:369)
==744446==    by 0x4058013: update_PROCINFO_num (field.c:1675)
==744446==    by 0x400E80A: load_procinfo (main.c:1067)
==744446==    by 0x400E80A: init_vars (main.c:878)
==744446==    by 0x400E80A: main (main.c:403)
==744446== 
==744446== 88 bytes in 1 blocks are still reachable in loss record 149 of 246
==744446==    at 0x497D858: malloc (vg_replace_malloc.c:447)
==744446==    by 0x4068FEB: emalloc_real (awk.h:2156)
==744446==    by 0x4068FEB: r_getblock (node.c:1164)
==744446==    by 0x40693C1: make_str_node (node.c:406)
==744446==    by 0x4058004: update_PROCINFO_num (field.c:1674)
==744446==    by 0x400E826: load_procinfo (main.c:1070)
==744446==    by 0x400E826: init_vars (main.c:878)
==744446==    by 0x400E826: main (main.c:403)
==744446== 
==744446== 88 bytes in 1 blocks are still reachable in loss record 150 of 246
==744446==    at 0x497D858: malloc (vg_replace_malloc.c:447)
==744446==    by 0x4068FEB: emalloc_real (awk.h:2156)
==744446==    by 0x4068FEB: r_getblock (node.c:1164)
==744446==    by 0x4069930: make_number_node (awk.h:2206)
==744446==    by 0x4069930: r_make_number (node.c:369)
==744446==    by 0x4058013: update_PROCINFO_num (field.c:1675)
==744446==    by 0x400E826: load_procinfo (main.c:1070)
==744446==    by 0x400E826: init_vars (main.c:878)
==744446==    by 0x400E826: main (main.c:403)
==744446== 
==744446== 88 bytes in 1 blocks are still reachable in loss record 151 of 246
==744446==    at 0x497D858: malloc (vg_replace_malloc.c:447)
==744446==    by 0x4068FEB: emalloc_real (awk.h:2156)
==744446==    by 0x4068FEB: r_getblock (node.c:1164)
==744446==    by 0x40693C1: make_str_node (node.c:406)
==744446==    by 0x4054B6F: update_PROCINFO_str.part.0 (field.c:1661)
==744446==    by 0x400E83A: load_procinfo (main.c:1072)
==744446==    by 0x400E83A: init_vars (main.c:878)
==744446==    by 0x400E83A: main (main.c:403)
==744446== 
==744446== 88 bytes in 1 blocks are still reachable in loss record 152 of 246
==744446==    at 0x497D858: malloc (vg_replace_malloc.c:447)
==744446==    by 0x4068FEB: emalloc_real (awk.h:2156)
==744446==    by 0x4068FEB: r_getblock (node.c:1164)
==744446==    by 0x40693C1: make_str_node (node.c:406)
==744446==    by 0x4054B87: update_PROCINFO_str.part.0 (field.c:1662)
==744446==    by 0x400E83A: load_procinfo (main.c:1072)
==744446==    by 0x400E83A: init_vars (main.c:878)
==744446==    by 0x400E83A: main (main.c:403)
==744446== 
==744446== 88 bytes in 1 blocks are still reachable in loss record 153 of 246
==744446==    at 0x497D858: malloc (vg_replace_malloc.c:447)
==744446==    by 0x4068FEB: emalloc_real (awk.h:2156)
==744446==    by 0x4068FEB: r_getblock (node.c:1164)
==744446==    by 0x40693C1: make_str_node (node.c:406)
==744446==    by 0x4054B6F: update_PROCINFO_str.part.0 (field.c:1661)
==744446==    by 0x400E8D2: load_procinfo (main.c:1087)
==744446==    by 0x400E8D2: init_vars (main.c:878)
==744446==    by 0x400E8D2: main (main.c:403)
==744446== 
==744446== 88 bytes in 1 blocks are still reachable in loss record 154 of 246
==744446==    at 0x497D858: malloc (vg_replace_malloc.c:447)
==744446==    by 0x4068FEB: emalloc_real (awk.h:2156)
==744446==    by 0x4068FEB: r_getblock (node.c:1164)
==744446==    by 0x40693C1: make_str_node (node.c:406)
==744446==    by 0x4054B87: update_PROCINFO_str.part.0 (field.c:1662)
==744446==    by 0x400E8D2: load_procinfo (main.c:1087)
==744446==    by 0x400E8D2: init_vars (main.c:878)
==744446==    by 0x400E8D2: main (main.c:403)
==744446== 
==744446== 88 bytes in 1 blocks are still reachable in loss record 155 of 246
==744446==    at 0x497D858: malloc (vg_replace_malloc.c:447)
==744446==    by 0x4068FEB: emalloc_real (awk.h:2156)
==744446==    by 0x4068FEB: r_getblock (node.c:1164)
==744446==    by 0x400E8E9: load_procinfo_argv (main.c:984)
==744446==    by 0x400E8E9: load_procinfo (main.c:1093)
==744446==    by 0x400E8E9: init_vars (main.c:878)
==744446==    by 0x400E8E9: main (main.c:403)
==744446== 
==744446== 88 bytes in 1 blocks are still reachable in loss record 156 of 246
==744446==    at 0x497D858: malloc (vg_replace_malloc.c:447)
==744446==    by 0x4068FEB: emalloc_real (awk.h:2156)
==744446==    by 0x4068FEB: r_getblock (node.c:1164)
==744446==    by 0x40348D2: make_node (cint_array.c:731)
==744446==    by 0x40348D2: cint_lookup (cint_array.c:256)
==744446==    by 0x400E9D6: assoc_set (awk.h:2220)
==744446==    by 0x400E9D6: load_procinfo_argv (main.c:992)
==744446==    by 0x400E9D6: load_procinfo (main.c:1093)
==744446==    by 0x400E9D6: init_vars (main.c:878)
==744446==    by 0x400E9D6: main (main.c:403)
==744446== 
==744446== 88 bytes in 1 blocks are still reachable in loss record 157 of 246
==744446==    at 0x497D858: malloc (vg_replace_malloc.c:447)
==744446==    by 0x4068FEB: emalloc_real (awk.h:2156)
==744446==    by 0x4068FEB: r_getblock (node.c:1164)
==744446==    by 0x40344E7: make_node (cint_array.c:731)
==744446==    by 0x40344E7: tree_lookup (cint_array.c:796)
==744446==    by 0x400E9D6: assoc_set (awk.h:2220)
==744446==    by 0x400E9D6: load_procinfo_argv (main.c:992)
==744446==    by 0x400E9D6: load_procinfo (main.c:1093)
==744446==    by 0x400E9D6: init_vars (main.c:878)
==744446==    by 0x400E9D6: main (main.c:403)
==744446== 
==744446== 88 bytes in 1 blocks are still reachable in loss record 158 of 246
==744446==    at 0x497D858: malloc (vg_replace_malloc.c:447)
==744446==    by 0x4068FEB: emalloc_real (awk.h:2156)
==744446==    by 0x4068FEB: r_getblock (node.c:1164)
==744446==    by 0x40693C1: make_str_node (node.c:406)
==744446==    by 0x400EC1B: load_procinfo_argv (main.c:996)
==744446==    by 0x400EC1B: load_procinfo (main.c:1093)
==744446==    by 0x400EC1B: init_vars (main.c:878)
==744446==    by 0x400EC1B: main (main.c:403)
==744446== 
==744446== 88 bytes in 1 blocks are still reachable in loss record 159 of 246
==744446==    at 0x497D858: malloc (vg_replace_malloc.c:447)
==744446==    by 0x4068FEB: emalloc_real (awk.h:2156)
==744446==    by 0x4068FEB: r_getblock (node.c:1164)
==744446==    by 0x40693C1: make_str_node (node.c:406)
==744446==    by 0x4077055: install (symbol.c:399)
==744446==    by 0x400E038: load_environ (main.c:930)
==744446==    by 0x400E038: init_vars (main.c:879)
==744446==    by 0x400E038: main (main.c:403)
==744446== 
==744446== 88 bytes in 1 blocks are still reachable in loss record 160 of 246
==744446==    at 0x497D858: malloc (vg_replace_malloc.c:447)
==744446==    by 0x4068FEB: emalloc_real (awk.h:2156)
==744446==    by 0x4068FEB: r_getblock (node.c:1164)
==744446==    by 0x4077133: make_symbol (symbol.c:376)
==744446==    by 0x4077133: install (symbol.c:417)
==744446==    by 0x400E038: load_environ (main.c:930)
==744446==    by 0x400E038: init_vars (main.c:879)
==744446==    by 0x400E038: main (main.c:403)
==744446== 
==744446== 88 bytes in 1 blocks are still reachable in loss record 161 of 246
==744446==    at 0x497D858: malloc (vg_replace_malloc.c:447)
==744446==    by 0x4068FEB: emalloc_real (awk.h:2156)
==744446==    by 0x4068FEB: r_getblock (node.c:1164)
==744446==    by 0x40693C1: make_str_node (node.c:406)
==744446==    by 0x406617B: path_environ (main.c:891)
==744446==    by 0x400E176: load_environ (main.c:964)
==744446==    by 0x400E176: init_vars (main.c:879)
==744446==    by 0x400E176: main (main.c:403)
==744446== 
==744446== 88 bytes in 1 blocks are still reachable in loss record 162 of 246
==744446==    at 0x497D858: malloc (vg_replace_malloc.c:447)
==744446==    by 0x4068FEB: emalloc_real (awk.h:2156)
==744446==    by 0x4068FEB: r_getblock (node.c:1164)
==744446==    by 0x40693C1: make_str_node (node.c:406)
==744446==    by 0x40661D5: path_environ (main.c:906)
==744446==    by 0x400E176: load_environ (main.c:964)
==744446==    by 0x400E176: init_vars (main.c:879)
==744446==    by 0x400E176: main (main.c:403)
==744446== 
==744446== 88 bytes in 1 blocks are still reachable in loss record 163 of 246
==744446==    at 0x497D858: malloc (vg_replace_malloc.c:447)
==744446==    by 0x4068FEB: emalloc_real (awk.h:2156)
==744446==    by 0x4068FEB: r_getblock (node.c:1164)
==744446==    by 0x40693C1: make_str_node (node.c:406)
==744446==    by 0x40553E0: init_fields (field.c:111)
==744446==    by 0x400E1A4: main (main.c:410)
==744446== 
==744446== 88 bytes in 1 blocks are still reachable in loss record 164 of 246
==744446==    at 0x497D858: malloc (vg_replace_malloc.c:447)
==744446==    by 0x4068FEB: emalloc_real (awk.h:2156)
==744446==    by 0x4068FEB: r_getblock (node.c:1164)
==744446==    by 0x4048A91: init_interpret (eval.c:1902)
==744446==    by 0x400E3D5: main (main.c:468)
==744446== 
==744446== 88 bytes in 1 blocks are still reachable in loss record 165 of 246
==744446==    at 0x497D858: malloc (vg_replace_malloc.c:447)
==744446==    by 0x4068FEB: emalloc_real (awk.h:2156)
==744446==    by 0x4068FEB: r_getblock (node.c:1164)
==744446==    by 0x4069930: make_number_node (awk.h:2206)
==744446==    by 0x4069930: r_make_number (node.c:369)
==744446==    by 0x4048AE5: init_interpret (eval.c:1910)
==744446==    by 0x400E3D5: main (main.c:468)
==744446== 
==744446== 88 bytes in 1 blocks are still reachable in loss record 166 of 246
==744446==    at 0x497D858: malloc (vg_replace_malloc.c:447)
==744446==    by 0x4068FEB: emalloc_real (awk.h:2156)
==744446==    by 0x4068FEB: r_getblock (node.c:1164)
==744446==    by 0x4069930: make_number_node (awk.h:2206)
==744446==    by 0x4069930: r_make_number (node.c:369)
==744446==    by 0x4048AFA: init_interpret (eval.c:1911)
==744446==    by 0x400E3D5: main (main.c:468)
==744446== 
==744446== 88 bytes in 1 blocks are still reachable in loss record 167 of 246
==744446==    at 0x497D858: malloc (vg_replace_malloc.c:447)
==744446==    by 0x4068FEB: emalloc_real (awk.h:2156)
==744446==    by 0x4068FEB: r_getblock (node.c:1164)
==744446==    by 0x40693C1: make_str_node (node.c:406)
==744446==    by 0x4077055: install (symbol.c:399)
==744446==    by 0x400E414: init_args (main.c:764)
==744446==    by 0x400E414: main (main.c:470)
==744446== 
==744446== 88 bytes in 1 blocks are still reachable in loss record 168 of 246
==744446==    at 0x497D858: malloc (vg_replace_malloc.c:447)
==744446==    by 0x4068FEB: emalloc_real (awk.h:2156)
==744446==    by 0x4068FEB: r_getblock (node.c:1164)
==744446==    by 0x4077133: make_symbol (symbol.c:376)
==744446==    by 0x4077133: install (symbol.c:417)
==744446==    by 0x400E414: init_args (main.c:764)
==744446==    by 0x400E414: main (main.c:470)
==744446== 
==744446== 88 bytes in 1 blocks are still reachable in loss record 169 of 246
==744446==    at 0x497D858: malloc (vg_replace_malloc.c:447)
==744446==    by 0x4068FEB: emalloc_real (awk.h:2156)
==744446==    by 0x4068FEB: r_getblock (node.c:1164)
==744446==    by 0x40693C1: make_str_node (node.c:406)
==744446==    by 0x400E43D: init_args (main.c:766)
==744446==    by 0x400E43D: main (main.c:470)
==744446== 
==744446== 88 bytes in 1 blocks are still reachable in loss record 170 of 246
==744446==    at 0x497D858: malloc (vg_replace_malloc.c:447)
==744446==    by 0x4068FEB: emalloc_real (awk.h:2156)
==744446==    by 0x4068FEB: r_getblock (node.c:1164)
==744446==    by 0x40348D2: make_node (cint_array.c:731)
==744446==    by 0x40348D2: cint_lookup (cint_array.c:256)
==744446==    by 0x40662E6: assoc_set (awk.h:2220)
==744446==    by 0x400E453: init_args (main.c:768)
==744446==    by 0x400E453: main (main.c:470)
==744446== 
==744446== 88 bytes in 1 blocks are still reachable in loss record 171 of 246
==744446==    at 0x497D858: malloc (vg_replace_malloc.c:447)
==744446==    by 0x4068FEB: emalloc_real (awk.h:2156)
==744446==    by 0x4068FEB: r_getblock (node.c:1164)
==744446==    by 0x40344E7: make_node (cint_array.c:731)
==744446==    by 0x40344E7: tree_lookup (cint_array.c:796)
==744446==    by 0x40662E6: assoc_set (awk.h:2220)
==744446==    by 0x400E453: init_args (main.c:768)
==744446==    by 0x400E453: main (main.c:470)
==744446== 
==744446== 88 bytes in 1 blocks are still reachable in loss record 172 of 246
==744446==    at 0x497D858: malloc (vg_replace_malloc.c:447)
==744446==    by 0x4068FEB: emalloc_real (awk.h:2156)
==744446==    by 0x4068FEB: r_getblock (node.c:1164)
==744446==    by 0x40693C1: make_str_node (node.c:406)
==744446==    by 0x4077055: install (symbol.c:399)
==744446==    by 0x400EA90: init_args (main.c:791)
==744446==    by 0x400EA90: main (main.c:470)
==744446== 
==744446== 88 bytes in 1 blocks are still reachable in loss record 173 of 246
==744446==    at 0x497D858: malloc (vg_replace_malloc.c:447)
==744446==    by 0x4068FEB: emalloc_real (awk.h:2156)
==744446==    by 0x4068FEB: r_getblock (node.c:1164)
==744446==    by 0x4077133: make_symbol (symbol.c:376)
==744446==    by 0x4077133: install (symbol.c:417)
==744446==    by 0x400EA90: init_args (main.c:791)
==744446==    by 0x400EA90: main (main.c:470)
==744446== 
==744446== 88 bytes in 1 blocks are still reachable in loss record 174 of 246
==744446==    at 0x497D858: malloc (vg_replace_malloc.c:447)
==744446==    by 0x4068FEB: emalloc_real (awk.h:2156)
==744446==    by 0x4068FEB: r_getblock (node.c:1164)
==744446==    by 0x4069930: make_number_node (awk.h:2206)
==744446==    by 0x4069930: r_make_number (node.c:369)
==744446==    by 0x400EAA8: init_args (main.c:792)
==744446==    by 0x400EAA8: main (main.c:470)
==744446== 
==744446== 88 bytes in 1 blocks are still reachable in loss record 175 of 246
==744446==    at 0x497D858: malloc (vg_replace_malloc.c:447)
==744446==    by 0x4068FEB: emalloc_real (awk.h:2156)
==744446==    by 0x4068FEB: r_getblock (node.c:1164)
==744446==    by 0x40693C1: make_str_node (node.c:406)
==744446==    by 0x4077055: install (symbol.c:399)
==744446==    by 0x4053117: make_builtin (ext.c:202)
==744446==    by 0x499578F: dl_load (readfile.c:238)
==744446==    by 0x4052BC2: load_ext (ext.c:125)
==744446==    by 0x4018FDA: load_library (awkgram.y:3020)
==744446==    by 0x401CADF: yyparse (awkgram.y:379)
==744446==    by 0x402073A: parse_program (awkgram.y:2797)
==744446==    by 0x400EAD8: main (main.c:483)
==744446== 
==744446== 88 bytes in 1 blocks are still reachable in loss record 176 of 246
==744446==    at 0x497D858: malloc (vg_replace_malloc.c:447)
==744446==    by 0x4068FEB: emalloc_real (awk.h:2156)
==744446==    by 0x4068FEB: r_getblock (node.c:1164)
==744446==    by 0x407721E: make_symbol (symbol.c:376)
==744446==    by 0x407721E: install (symbol.c:417)
==744446==    by 0x4053117: make_builtin (ext.c:202)
==744446==    by 0x499578F: dl_load (readfile.c:238)
==744446==    by 0x4052BC2: load_ext (ext.c:125)
==744446==    by 0x4018FDA: load_library (awkgram.y:3020)
==744446==    by 0x401CADF: yyparse (awkgram.y:379)
==744446==    by 0x402073A: parse_program (awkgram.y:2797)
==744446==    by 0x400EAD8: main (main.c:483)
==744446== 
==744446== 88 bytes in 1 blocks are still reachable in loss record 177 of 246
==744446==    at 0x497D858: malloc (vg_replace_malloc.c:447)
==744446==    by 0x4068FEB: emalloc_real (awk.h:2156)
==744446==    by 0x4068FEB: r_getblock (node.c:1164)
==744446==    by 0x40693C1: make_str_node (node.c:406)
==744446==    by 0x4077055: install (symbol.c:399)
==744446==    by 0x401E274: install_function (awkgram.y:5083)
==744446==    by 0x401E274: yyparse (awkgram.y:546)
==744446==    by 0x402073A: parse_program (awkgram.y:2797)
==744446==    by 0x400EAD8: main (main.c:483)
==744446== 
==744446== 88 bytes in 1 blocks are still reachable in loss record 178 of 246
==744446==    at 0x497D858: malloc (vg_replace_malloc.c:447)
==744446==    by 0x4068FEB: emalloc_real (awk.h:2156)
==744446==    by 0x4068FEB: r_getblock (node.c:1164)
==744446==    by 0x407721E: make_symbol (symbol.c:376)
==744446==    by 0x407721E: install (symbol.c:417)
==744446==    by 0x401E274: install_function (awkgram.y:5083)
==744446==    by 0x401E274: yyparse (awkgram.y:546)
==744446==    by 0x402073A: parse_program (awkgram.y:2797)
==744446==    by 0x400EAD8: main (main.c:483)
==744446== 
==744446== 88 bytes in 1 blocks are still reachable in loss record 179 of 246
==744446==    at 0x497D858: malloc (vg_replace_malloc.c:447)
==744446==    by 0x4068FEB: emalloc_real (awk.h:2156)
==744446==    by 0x4068FEB: r_getblock (node.c:1164)
==744446==    by 0x4014FDC: make_regnode (awkgram.y:5300)
==744446==    by 0x4014FDC: mk_rexp (awkgram.y:5332)
==744446==    by 0x4017C28: snode (awkgram.y:4596)
==744446==    by 0x401DBAA: yyparse (awkgram.y:1917)
==744446==    by 0x402073A: parse_program (awkgram.y:2797)
==744446==    by 0x400EAD8: main (main.c:483)
==744446== 
==744446== 88 bytes in 1 blocks are still reachable in loss record 180 of 246
==744446==    at 0x497D858: malloc (vg_replace_malloc.c:447)
==744446==    by 0x4068FEB: emalloc_real (awk.h:2156)
==744446==    by 0x4068FEB: r_getblock (node.c:1164)
==744446==    by 0x40693C1: make_str_node (node.c:406)
==744446==    by 0x4077FD7: load_symbols (symbol.c:663)
==744446==    by 0x400ED85: main (main.c:499)
==744446== 
==744446== 88 bytes in 1 blocks are still reachable in loss record 181 of 246
==744446==    at 0x497D858: malloc (vg_replace_malloc.c:447)
==744446==    by 0x4068FEB: emalloc_real (awk.h:2156)
==744446==    by 0x4068FEB: r_getblock (node.c:1164)
==744446==    by 0x4077FF4: load_symbols (symbol.c:666)
==744446==    by 0x400ED85: main (main.c:499)
==744446== 
==744446== 88 bytes in 1 blocks are still reachable in loss record 182 of 246
==744446==    at 0x497D858: malloc (vg_replace_malloc.c:447)
==744446==    by 0x4068FEB: emalloc_real (awk.h:2156)
==744446==    by 0x4068FEB: r_getblock (node.c:1164)
==744446==    by 0x40693C1: make_str_node (node.c:406)
==744446==    by 0x40780AA: load_symbols (symbol.c:677)
==744446==    by 0x400ED85: main (main.c:499)
==744446== 
==744446== 88 bytes in 1 blocks are still reachable in loss record 183 of 246
==744446==    at 0x497D858: malloc (vg_replace_malloc.c:447)
==744446==    by 0x4068FEB: emalloc_real (awk.h:2156)
==744446==    by 0x4068FEB: r_getblock (node.c:1164)
==744446==    by 0x40693C1: make_str_node (node.c:406)
==744446==    by 0x40780C2: load_symbols (symbol.c:678)
==744446==    by 0x400ED85: main (main.c:499)
==744446== 
==744446== 88 bytes in 1 blocks are still reachable in loss record 184 of 246
==744446==    at 0x497D858: malloc (vg_replace_malloc.c:447)
==744446==    by 0x4068FEB: emalloc_real (awk.h:2156)
==744446==    by 0x4068FEB: r_getblock (node.c:1164)
==744446==    by 0x40693C1: make_str_node (node.c:406)
==744446==    by 0x40780DA: load_symbols (symbol.c:679)
==744446==    by 0x400ED85: main (main.c:499)
==744446== 
==744446== 88 bytes in 1 blocks are still reachable in loss record 185 of 246
==744446==    at 0x497D858: malloc (vg_replace_malloc.c:447)
==744446==    by 0x4068FEB: emalloc_real (awk.h:2156)
==744446==    by 0x4068FEB: r_getblock (node.c:1164)
==744446==    by 0x40693C1: make_str_node (node.c:406)
==744446==    by 0x407810A: load_symbols (symbol.c:681)
==744446==    by 0x400ED85: main (main.c:499)
==744446== 
==744446== 88 bytes in 1 blocks are still reachable in loss record 186 of 246
==744446==    at 0x497D858: malloc (vg_replace_malloc.c:447)
==744446==    by 0x4068FEB: emalloc_real (awk.h:2156)
==744446==    by 0x4068FEB: r_getblock (node.c:1164)
==744446==    by 0x40693C1: make_str_node (node.c:406)
==744446==    by 0x4078122: load_symbols (symbol.c:682)
==744446==    by 0x400ED85: main (main.c:499)
==744446== 
==744446== 88 bytes in 1 blocks are still reachable in loss record 187 of 246
==744446==    at 0x497D858: malloc (vg_replace_malloc.c:447)
==744446==    by 0x4068FEB: emalloc_real (awk.h:2156)
==744446==    by 0x4068FEB: r_getblock (node.c:1164)
==744446==    by 0x4069930: make_number_node (awk.h:2206)
==744446==    by 0x4069930: r_make_number (node.c:369)
==744446==    by 0x4061354: nextfile (io.c:470)
==744446==    by 0x404ECBF: r_interpret (interpret.h:1421)
==744446==    by 0x400EDDE: main (main.c:532)
==744446== 
==744446== 88 bytes in 1 blocks are still reachable in loss record 188 of 246
==744446==    at 0x497D858: malloc (vg_replace_malloc.c:447)
==744446==    by 0x4068FEB: emalloc_real (awk.h:2156)
==744446==    by 0x4068FEB: r_getblock (node.c:1164)
==744446==    by 0x40693C1: make_str_node (node.c:406)
==744446==    by 0x4058004: update_PROCINFO_num (field.c:1674)
==744446==    by 0x40473B3: update_ERRNO_int (eval.c:1029)
==744446==    by 0x40473B3: update_ERRNO_int (eval.c:1022)
==744446==    by 0x4061538: nextfile (io.c:495)
==744446==    by 0x404ECBF: r_interpret (interpret.h:1421)
==744446==    by 0x400EDDE: main (main.c:532)
==744446== 
==744446== 88 bytes in 1 blocks are still reachable in loss record 189 of 246
==744446==    at 0x497D858: malloc (vg_replace_malloc.c:447)
==744446==    by 0x4068FEB: emalloc_real (awk.h:2156)
==744446==    by 0x4068FEB: r_getblock (node.c:1164)
==744446==    by 0x4069930: make_number_node (awk.h:2206)
==744446==    by 0x4069930: r_make_number (node.c:369)
==744446==    by 0x4058013: update_PROCINFO_num (field.c:1675)
==744446==    by 0x40473B3: update_ERRNO_int (eval.c:1029)
==744446==    by 0x40473B3: update_ERRNO_int (eval.c:1022)
==744446==    by 0x4061538: nextfile (io.c:495)
==744446==    by 0x404ECBF: r_interpret (interpret.h:1421)
==744446==    by 0x400EDDE: main (main.c:532)
==744446== 
==744446== 88 bytes in 1 blocks are still reachable in loss record 190 of 246
==744446==    at 0x497D858: malloc (vg_replace_malloc.c:447)
==744446==    by 0x4068FEB: emalloc_real (awk.h:2156)
==744446==    by 0x4068FEB: r_getblock (node.c:1164)
==744446==    by 0x40693C1: make_str_node (node.c:406)
==744446==    by 0x40473FB: update_ERRNO_int (eval.c:1036)
==744446==    by 0x40473FB: update_ERRNO_int (eval.c:1022)
==744446==    by 0x4061538: nextfile (io.c:495)
==744446==    by 0x404ECBF: r_interpret (interpret.h:1421)
==744446==    by 0x400EDDE: main (main.c:532)
==744446== 
==744446== 88 bytes in 1 blocks are still reachable in loss record 191 of 246
==744446==    at 0x497D858: malloc (vg_replace_malloc.c:447)
==744446==    by 0x4068FEB: emalloc_real (awk.h:2156)
==744446==    by 0x4068FEB: r_getblock (node.c:1164)
==744446==    by 0x4069930: make_number_node (awk.h:2206)
==744446==    by 0x4069930: r_make_number (node.c:369)
==744446==    by 0x404763F: update_NF (eval.c:1109)
==744446==    by 0x4066E2A: update_global_values (main.c:1516)
==744446==    by 0x405A5E0: api_sym_lookup (gawkapi.c:786)
==744446==    by 0x49954B9: readfile_can_take_file (readfile.c:190)
==744446==    by 0x405E029: find_input_parser.part.0 (io.c:3218)
==744446==    by 0x4060715: find_input_parser (io.c:3213)
==744446==    by 0x4060715: after_beginfile (io.c:400)
==744446==    by 0x404EA03: r_interpret (interpret.h:1404)
==744446==    by 0x400EDDE: main (main.c:532)
==744446== 
==744446== 88 bytes in 1 blocks are still reachable in loss record 192 of 246
==744446==    at 0x497D858: malloc (vg_replace_malloc.c:447)
==744446==    by 0x4068FEB: emalloc_real (awk.h:2156)
==744446==    by 0x4068FEB: r_getblock (node.c:1164)
==744446==    by 0x4055A4F: set_record (field.c:343)
==744446==    by 0x406096F: inrec (io.c:590)
==744446==    by 0x404ECFC: r_interpret (interpret.h:1457)
==744446==    by 0x400EDDE: main (main.c:532)
==744446== 
==744446== 88 bytes in 1 blocks are still reachable in loss record 193 of 246
==744446==    at 0x497D858: malloc (vg_replace_malloc.c:447)
==744446==    by 0x4068FEB: emalloc_real (awk.h:2156)
==744446==    by 0x4068FEB: r_getblock (node.c:1164)
==744446==    by 0x4069930: make_number_node (awk.h:2206)
==744446==    by 0x4069930: r_make_number (node.c:369)
==744446==    by 0x40476CD: update_FNR (eval.c:1125)
==744446==    by 0x404E282: r_interpret (interpret.h:980)
==744446==    by 0x400EDDE: main (main.c:532)
==744446== 
==744446== 88 bytes in 1 blocks are still reachable in loss record 194 of 246
==744446==    at 0x497D858: malloc (vg_replace_malloc.c:447)
==744446==    by 0x4068FEB: emalloc_real (awk.h:2156)
==744446==    by 0x4068FEB: r_getblock (node.c:1164)
==744446==    by 0x4069930: make_number_node (awk.h:2206)
==744446==    by 0x4069930: r_make_number (node.c:369)
==744446==    by 0x40475BD: update_NR (eval.c:1093)
==744446==    by 0x4066E2A: update_global_values (main.c:1516)
==744446==    by 0x405A5E0: api_sym_lookup (gawkapi.c:786)
==744446==    by 0x49954B9: readfile_can_take_file (readfile.c:190)
==744446==    by 0x405E029: find_input_parser.part.0 (io.c:3218)
==744446==    by 0x4060715: find_input_parser (io.c:3213)
==744446==    by 0x4060715: after_beginfile (io.c:400)
==744446==    by 0x404EA03: r_interpret (interpret.h:1404)
==744446==    by 0x400EDDE: main (main.c:532)
==744446== 
==744446== 104 bytes in 1 blocks are still reachable in loss record 195 of 246
==744446==    at 0x4984E43: calloc (vg_replace_malloc.c:1678)
==744446==    by 0x4075D54: ezalloc_real (awk.h:2174)
==744446==    by 0x4075D54: grow_table (str_array.c:682)
==744446==    by 0x407693C: str_lookup (str_array.c:150)
==744446==    by 0x407708C: assoc_set (awk.h:2220)
==744446==    by 0x407708C: install (symbol.c:430)
==744446==    by 0x4077369: install_symbol (symbol.c:173)
==744446==    by 0x4077369: init_the_tables (symbol.c:77)
==744446==    by 0x400D60A: main (main.c:287)
==744446== 
==744446== 104 bytes in 1 blocks are still reachable in loss record 196 of 246
==744446==    at 0x4984E43: calloc (vg_replace_malloc.c:1678)
==744446==    by 0x4075D54: ezalloc_real (awk.h:2174)
==744446==    by 0x4075D54: grow_table (str_array.c:682)
==744446==    by 0x407693C: str_lookup (str_array.c:150)
==744446==    by 0x407708C: assoc_set (awk.h:2220)
==744446==    by 0x407708C: install (symbol.c:430)
==744446==    by 0x400DA01: init_vars (main.c:865)
==744446==    by 0x400DA01: main (main.c:403)
==744446== 
==744446== 104 bytes in 1 blocks are still reachable in loss record 197 of 246
==744446==    at 0x4984E43: calloc (vg_replace_malloc.c:1678)
==744446==    by 0x4075D54: ezalloc_real (awk.h:2174)
==744446==    by 0x4075D54: grow_table (str_array.c:682)
==744446==    by 0x407693C: str_lookup (str_array.c:150)
==744446==    by 0x4054B9E: assoc_set (awk.h:2220)
==744446==    by 0x4054B9E: update_PROCINFO_str.part.0 (field.c:1662)
==744446==    by 0x400E71D: load_procinfo (main.c:1021)
==744446==    by 0x400E71D: init_vars (main.c:878)
==744446==    by 0x400E71D: main (main.c:403)
==744446== 
==744446== 104 bytes in 1 blocks are still reachable in loss record 198 of 246
==744446==    at 0x4984E43: calloc (vg_replace_malloc.c:1678)
==744446==    by 0x4075D54: ezalloc_real (awk.h:2174)
==744446==    by 0x4075D54: grow_table (str_array.c:682)
==744446==    by 0x407693C: str_lookup (str_array.c:150)
==744446==    by 0x400E127: assoc_set (awk.h:2220)
==744446==    by 0x400E127: load_environ (main.c:949)
==744446==    by 0x400E127: init_vars (main.c:879)
==744446==    by 0x400E127: main (main.c:403)
==744446== 
==744446== 104 bytes in 1 blocks are still reachable in loss record 199 of 246
==744446==    at 0x4984E43: calloc (vg_replace_malloc.c:1678)
==744446==    by 0x4075D54: ezalloc_real (awk.h:2174)
==744446==    by 0x4075D54: grow_table (str_array.c:682)
==744446==    by 0x407693C: str_lookup (str_array.c:150)
==744446==    by 0x407708C: assoc_set (awk.h:2220)
==744446==    by 0x407708C: install (symbol.c:430)
==744446==    by 0x4053117: make_builtin (ext.c:202)
==744446==    by 0x499578F: dl_load (readfile.c:238)
==744446==    by 0x4052BC2: load_ext (ext.c:125)
==744446==    by 0x4018FDA: load_library (awkgram.y:3020)
==744446==    by 0x401CADF: yyparse (awkgram.y:379)
==744446==    by 0x402073A: parse_program (awkgram.y:2797)
==744446==    by 0x400EAD8: main (main.c:483)
==744446== 
==744446== 104 bytes in 1 blocks are still reachable in loss record 200 of 246
==744446==    at 0x4984E43: calloc (vg_replace_malloc.c:1678)
==744446==    by 0x4075D54: ezalloc_real (awk.h:2174)
==744446==    by 0x4075D54: grow_table (str_array.c:682)
==744446==    by 0x407693C: str_lookup (str_array.c:150)
==744446==    by 0x40782E9: load_symbols (symbol.c:701)
==744446==    by 0x400ED85: main (main.c:499)
==744446== 
==744446== 123 bytes in 5 blocks are still reachable in loss record 201 of 246
==744446==    at 0x497D858: malloc (vg_replace_malloc.c:447)
==744446==    by 0x4066564: emalloc_real (awk.h:2156)
==744446==    by 0x4066564: estrdup (main.c:1451)
==744446==    by 0x400D69D: save_argv (main.c:1498)
==744446==    by 0x400D69D: parse_args (main.c:1554)
==744446==    by 0x400D69D: main (main.c:294)
==744446== 
==744446== 123 bytes in 5 blocks are still reachable in loss record 202 of 246
==744446==    at 0x497D858: malloc (vg_replace_malloc.c:447)
==744446==    by 0x4069457: emalloc_real (awk.h:2156)
==744446==    by 0x4069457: make_str_node (node.c:422)
==744446==    by 0x400E9C6: load_procinfo_argv (main.c:991)
==744446==    by 0x400E9C6: load_procinfo (main.c:1093)
==744446==    by 0x400E9C6: init_vars (main.c:878)
==744446==    by 0x400E9C6: main (main.c:403)
==744446== 
==744446== 136 bytes in 1 blocks are still reachable in loss record 203 of 246
==744446==    at 0x4984E43: calloc (vg_replace_malloc.c:1678)
==744446==    by 0x407421C: ezalloc_real (awk.h:2174)
==744446==    by 0x407421C: make_regexp (re.c:278)
==744446==    by 0x40753B5: re_cache_get (re.c:556)
==744446==    by 0x40753B5: re_update (re.c:610)
==744446==    by 0x4029222: do_sub (builtin.c:1867)
==744446==    by 0x404FD01: r_interpret (interpret.h:1161)
==744446==    by 0x400EDDE: main (main.c:532)
==744446== 
==744446== 144 bytes in 1 blocks are still reachable in loss record 204 of 246
==744446==    at 0x4984E43: calloc (vg_replace_malloc.c:1678)
==744446==    by 0x414A2BD: calloc (rtld-malloc.h:44)
==744446==    by 0x414A2BD: _dl_check_map_versions (dl-version.c:280)
==744446==    by 0x414110C: dl_open_worker_begin (dl-open.c:617)
==744446==    by 0x4134512: _dl_catch_exception (dl-catch.c:241)
==744446==    by 0x414020B: dl_open_worker (dl-open.c:762)
==744446==    by 0x4134512: _dl_catch_exception (dl-catch.c:241)
==744446==    by 0x4140749: _dl_open (dl-open.c:900)
==744446==    by 0x4BC8EA3: dlopen_doit (dlopen.c:56)
==744446==    by 0x4134512: _dl_catch_exception (dl-catch.c:241)
==744446==    by 0x4134658: _dl_catch_error (dl-catch.c:260)
==744446==    by 0x4BC8992: _dlerror_run (dlerror.c:138)
==744446==    by 0x4BC8F5A: dlopen_implementation (dlopen.c:71)
==744446==    by 0x4BC8F5A: dlopen@@GLIBC_2.34 (dlopen.c:81)
==744446== 
==744446== 151 bytes in 24 blocks are still reachable in loss record 205 of 246
==744446==    at 0x497D858: malloc (vg_replace_malloc.c:447)
==744446==    by 0x4066564: emalloc_real (awk.h:2156)
==744446==    by 0x4066564: estrdup (main.c:1451)
==744446==    by 0x400D9F0: init_vars (main.c:865)
==744446==    by 0x400D9F0: main (main.c:403)
==744446== 
==744446== 151 bytes in 24 blocks are still reachable in loss record 206 of 246
==744446==    at 0x497D858: malloc (vg_replace_malloc.c:447)
==744446==    by 0x4069457: emalloc_real (awk.h:2156)
==744446==    by 0x4069457: make_str_node (node.c:422)
==744446==    by 0x4077055: install (symbol.c:399)
==744446==    by 0x400DA01: init_vars (main.c:865)
==744446==    by 0x400DA01: main (main.c:403)
==744446== 
==744446== 159 bytes in 1 blocks are still reachable in loss record 207 of 246
==744446==    at 0x498507F: realloc (vg_replace_malloc.c:1804)
==744446==    by 0x413FE8E: realloc (rtld-malloc.h:62)
==744446==    by 0x413FE8E: _dl_new_object (dl-object.c:218)
==744446==    by 0x413AEA0: _dl_map_object_from_fd (dl-load.c:1065)
==744446==    by 0x413C989: _dl_map_new_object (dl-load.c:2206)
==744446==    by 0x4141460: dl_open_worker_begin (dl-open.c:535)
==744446==    by 0x4134512: _dl_catch_exception (dl-catch.c:241)
==744446==    by 0x414020B: dl_open_worker (dl-open.c:762)
==744446==    by 0x4134512: _dl_catch_exception (dl-catch.c:241)
==744446==    by 0x4140749: _dl_open (dl-open.c:900)
==744446==    by 0x4BC8EA3: dlopen_doit (dlopen.c:56)
==744446==    by 0x4134512: _dl_catch_exception (dl-catch.c:241)
==744446==    by 0x4134658: _dl_catch_error (dl-catch.c:260)
==744446== 
==744446== 160 bytes in 1 blocks are still reachable in loss record 208 of 246
==744446==    at 0x497D858: malloc (vg_replace_malloc.c:447)
==744446==    by 0x4086BDE: compile.constprop.0 (minrx.c:1905)
==744446==    by 0x4089B38: minrx_regncomp (minrx.c:2490)
==744446==    by 0x407427D: make_regexp (re.c:355)
==744446==    by 0x40753B5: re_cache_get (re.c:556)
==744446==    by 0x40753B5: re_update (re.c:610)
==744446==    by 0x4029222: do_sub (builtin.c:1867)
==744446==    by 0x404FD01: r_interpret (interpret.h:1161)
==744446==    by 0x400EDDE: main (main.c:532)
==744446== 
==744446== 176 bytes in 1 blocks are still reachable in loss record 209 of 246
==744446==    at 0x4984E43: calloc (vg_replace_malloc.c:1678)
==744446==    by 0x40778BB: ezalloc_real (awk.h:2174)
==744446==    by 0x40778BB: make_params (symbol.c:229)
==744446==    by 0x401E2B5: install_function (awkgram.y:5096)
==744446==    by 0x401E2B5: yyparse (awkgram.y:546)
==744446==    by 0x402073A: parse_program (awkgram.y:2797)
==744446==    by 0x400EAD8: main (main.c:483)
==744446== 
==744446== 176 bytes in 2 blocks are still reachable in loss record 210 of 246
==744446==    at 0x497D858: malloc (vg_replace_malloc.c:447)
==744446==    by 0x4068FEB: emalloc_real (awk.h:2156)
==744446==    by 0x4068FEB: r_getblock (node.c:1164)
==744446==    by 0x40693C1: make_str_node (node.c:406)
==744446==    by 0x400E4C3: init_args (main.c:780)
==744446==    by 0x400E4C3: main (main.c:470)
==744446== 
==744446== 176 bytes in 2 blocks are still reachable in loss record 211 of 246
==744446==    at 0x497D858: malloc (vg_replace_malloc.c:447)
==744446==    by 0x4068FEB: emalloc_real (awk.h:2156)
==744446==    by 0x4068FEB: r_getblock (node.c:1164)
==744446==    by 0x4069930: make_number_node (awk.h:2206)
==744446==    by 0x4069930: r_make_number (node.c:369)
==744446==    by 0x401A26C: yylex (awkgram.y:4256)
==744446==    by 0x401C83C: yyparse (awkgram.c:1879)
==744446==    by 0x402073A: parse_program (awkgram.y:2797)
==744446==    by 0x400EAD8: main (main.c:483)
==744446== 
==744446== 197 bytes in 23 blocks are still reachable in loss record 212 of 246
==744446==    at 0x497D858: malloc (vg_replace_malloc.c:447)
==744446==    by 0x4069457: emalloc_real (awk.h:2156)
==744446==    by 0x4069457: make_str_node (node.c:422)
==744446==    by 0x400E0F5: load_environ (main.c:946)
==744446==    by 0x400E0F5: init_vars (main.c:879)
==744446==    by 0x400E0F5: main (main.c:403)
==744446== 
==744446== 256 bytes in 1 blocks are still reachable in loss record 213 of 246
==744446==    at 0x4984E43: calloc (vg_replace_malloc.c:1678)
==744446==    by 0x4034892: ezalloc_real (awk.h:2174)
==744446==    by 0x4034892: cint_lookup (cint_array.c:249)
==744446==    by 0x400E9D6: assoc_set (awk.h:2220)
==744446==    by 0x400E9D6: load_procinfo_argv (main.c:992)
==744446==    by 0x400E9D6: load_procinfo (main.c:1093)
==744446==    by 0x400E9D6: init_vars (main.c:878)
==744446==    by 0x400E9D6: main (main.c:403)
==744446== 
==744446== 256 bytes in 1 blocks are still reachable in loss record 214 of 246
==744446==    at 0x4984E43: calloc (vg_replace_malloc.c:1678)
==744446==    by 0x4034297: ezalloc_real (awk.h:2174)
==744446==    by 0x4034297: tree_lookup (cint_array.c:773)
==744446==    by 0x400E9D6: assoc_set (awk.h:2220)
==744446==    by 0x400E9D6: load_procinfo_argv (main.c:992)
==744446==    by 0x400E9D6: load_procinfo (main.c:1093)
==744446==    by 0x400E9D6: init_vars (main.c:878)
==744446==    by 0x400E9D6: main (main.c:403)
==744446== 
==744446== 256 bytes in 1 blocks are still reachable in loss record 215 of 246
==744446==    at 0x4984E43: calloc (vg_replace_malloc.c:1678)
==744446==    by 0x40344C0: ezalloc_real (awk.h:2174)
==744446==    by 0x40344C0: leaf_lookup (cint_array.c:1064)
==744446==    by 0x40344C0: tree_lookup (cint_array.c:797)
==744446==    by 0x400E9D6: assoc_set (awk.h:2220)
==744446==    by 0x400E9D6: load_procinfo_argv (main.c:992)
==744446==    by 0x400E9D6: load_procinfo (main.c:1093)
==744446==    by 0x400E9D6: init_vars (main.c:878)
==744446==    by 0x400E9D6: main (main.c:403)
==744446== 
==744446== 256 bytes in 1 blocks are still reachable in loss record 216 of 246
==744446==    at 0x4984E43: calloc (vg_replace_malloc.c:1678)
==744446==    by 0x4034892: ezalloc_real (awk.h:2174)
==744446==    by 0x4034892: cint_lookup (cint_array.c:249)
==744446==    by 0x40662E6: assoc_set (awk.h:2220)
==744446==    by 0x400E453: init_args (main.c:768)
==744446==    by 0x400E453: main (main.c:470)
==744446== 
==744446== 256 bytes in 1 blocks are still reachable in loss record 217 of 246
==744446==    at 0x4984E43: calloc (vg_replace_malloc.c:1678)
==744446==    by 0x4034297: ezalloc_real (awk.h:2174)
==744446==    by 0x4034297: tree_lookup (cint_array.c:773)
==744446==    by 0x40662E6: assoc_set (awk.h:2220)
==744446==    by 0x400E453: init_args (main.c:768)
==744446==    by 0x400E453: main (main.c:470)
==744446== 
==744446== 256 bytes in 1 blocks are still reachable in loss record 218 of 246
==744446==    at 0x4984E43: calloc (vg_replace_malloc.c:1678)
==744446==    by 0x40344C0: ezalloc_real (awk.h:2174)
==744446==    by 0x40344C0: leaf_lookup (cint_array.c:1064)
==744446==    by 0x40344C0: tree_lookup (cint_array.c:797)
==744446==    by 0x40662E6: assoc_set (awk.h:2220)
==744446==    by 0x400E453: init_args (main.c:768)
==744446==    by 0x400E453: main (main.c:470)
==744446== 
==744446== 278 bytes in 42 blocks are still reachable in loss record 219 of 246
==744446==    at 0x497D858: malloc (vg_replace_malloc.c:447)
==744446==    by 0x4069457: emalloc_real (awk.h:2156)
==744446==    by 0x4069457: make_str_node (node.c:422)
==744446==    by 0x4077055: install (symbol.c:399)
==744446==    by 0x401982E: install_builtins (awkgram.y:6601)
==744446==    by 0x400ED71: main (main.c:491)
==744446== 
==744446== 296 bytes in 1 blocks are still reachable in loss record 220 of 246
==744446==    at 0x4984E43: calloc (vg_replace_malloc.c:1678)
==744446==    by 0x4014A06: ezalloc_real (awk.h:2174)
==744446==    by 0x4014A06: do_add_srcfile (awkgram.y:2833)
==744446==    by 0x4018A70: add_srcfile (awkgram.y:2916)
==744446==    by 0x400D7E5: parse_args (main.c:1585)
==744446==    by 0x400D7E5: main (main.c:294)
==744446== 
==744446== 296 bytes in 1 blocks are still reachable in loss record 221 of 246
==744446==    at 0x4984E43: calloc (vg_replace_malloc.c:1678)
==744446==    by 0x4014A06: ezalloc_real (awk.h:2174)
==744446==    by 0x4014A06: do_add_srcfile (awkgram.y:2833)
==744446==    by 0x4018A70: add_srcfile (awkgram.y:2916)
==744446==    by 0x4018FBB: load_library (awkgram.y:3010)
==744446==    by 0x401CADF: yyparse (awkgram.y:379)
==744446==    by 0x402073A: parse_program (awkgram.y:2797)
==744446==    by 0x400EAD8: main (main.c:483)
==744446== 
==744446== 352 bytes in 1 blocks are still reachable in loss record 222 of 246
==744446==    at 0x497D858: malloc (vg_replace_malloc.c:447)
==744446==    by 0x40869ED: compile.constprop.0 (minrx.c:1866)
==744446==    by 0x4089B38: minrx_regncomp (minrx.c:2490)
==744446==    by 0x407427D: make_regexp (re.c:355)
==744446==    by 0x40753B5: re_cache_get (re.c:556)
==744446==    by 0x40753B5: re_update (re.c:610)
==744446==    by 0x4029222: do_sub (builtin.c:1867)
==744446==    by 0x404FD01: r_interpret (interpret.h:1161)
==744446==    by 0x400EDDE: main (main.c:532)
==744446== 
==744446== 440 bytes in 5 blocks are still reachable in loss record 223 of 246
==744446==    at 0x497D858: malloc (vg_replace_malloc.c:447)
==744446==    by 0x4068FEB: emalloc_real (awk.h:2156)
==744446==    by 0x4068FEB: r_getblock (node.c:1164)
==744446==    by 0x40693C1: make_str_node (node.c:406)
==744446==    by 0x400E9C6: load_procinfo_argv (main.c:991)
==744446==    by 0x400E9C6: load_procinfo (main.c:1093)
==744446==    by 0x400E9C6: init_vars (main.c:878)
==744446==    by 0x400E9C6: main (main.c:403)
==744446== 
==744446== 489 bytes in 74 blocks are still reachable in loss record 224 of 246
==744446==    at 0x497D858: malloc (vg_replace_malloc.c:447)
==744446==    by 0x4069457: emalloc_real (awk.h:2156)
==744446==    by 0x4069457: make_str_node (node.c:422)
==744446==    by 0x4078494: load_symbols (symbol.c:700)
==744446==    by 0x400ED85: main (main.c:499)
==744446== 
==744446== 512 bytes in 1 blocks are still reachable in loss record 225 of 246
==744446==    at 0x4984E43: calloc (vg_replace_malloc.c:1678)
==744446==    by 0x4055BEE: ezalloc_real (awk.h:2174)
==744446==    by 0x4055BEE: set_record (field.c:309)
==744446==    by 0x40509A4: r_interpret (interpret.h:116)
==744446==    by 0x400EDDE: main (main.c:532)
==744446== 
==744446== 528 bytes in 6 blocks are still reachable in loss record 226 of 246
==744446==    at 0x497D858: malloc (vg_replace_malloc.c:447)
==744446==    by 0x4068FEB: emalloc_real (awk.h:2156)
==744446==    by 0x4068FEB: r_getblock (node.c:1164)
==744446==    by 0x4069930: make_number_node (awk.h:2206)
==744446==    by 0x4069930: r_make_number (node.c:369)
==744446==    by 0x400DA23: init_vars (main.c:869)
==744446==    by 0x400DA23: main (main.c:403)
==744446== 
==744446== 528 bytes in 6 blocks are still reachable in loss record 227 of 246
==744446==    at 0x497D858: malloc (vg_replace_malloc.c:447)
==744446==    by 0x4068FEB: emalloc_real (awk.h:2156)
==744446==    by 0x4068FEB: r_getblock (node.c:1164)
==744446==    by 0x40693C1: make_str_node (node.c:406)
==744446==    by 0x401B194: yylex (awkgram.y:4074)
==744446==    by 0x401C83C: yyparse (awkgram.c:1879)
==744446==    by 0x402073A: parse_program (awkgram.y:2797)
==744446==    by 0x400EAD8: main (main.c:483)
==744446== 
==744446== 552 bytes in 1 blocks are still reachable in loss record 228 of 246
==744446==    at 0x4984E43: calloc (vg_replace_malloc.c:1678)
==744446==    by 0x4078976: ezalloc_real (awk.h:2174)
==744446==    by 0x4078976: new_context (symbol.c:870)
==744446==    by 0x400D61D: main (main.c:292)
==744446== 
==744446== 835 bytes in 23 blocks are still reachable in loss record 229 of 246
==744446==    at 0x497D858: malloc (vg_replace_malloc.c:447)
==744446==    by 0x4069457: emalloc_real (awk.h:2156)
==744446==    by 0x4069457: make_str_node (node.c:422)
==744446==    by 0x400E10D: load_environ (main.c:947)
==744446==    by 0x400E10D: init_vars (main.c:879)
==744446==    by 0x400E10D: main (main.c:403)
==744446== 
==744446== 968 bytes in 11 blocks are still reachable in loss record 230 of 246
==744446==    at 0x497D858: malloc (vg_replace_malloc.c:447)
==744446==    by 0x4068FEB: emalloc_real (awk.h:2156)
==744446==    by 0x4068FEB: r_getblock (node.c:1164)
==744446==    by 0x40693C1: make_str_node (node.c:406)
==744446==    by 0x400D984: init_vars (main.c:867)
==744446==    by 0x400D984: main (main.c:403)
==744446== 
==744446== 1,104 bytes in 23 blocks are still reachable in loss record 231 of 246
==744446==    at 0x497D858: malloc (vg_replace_malloc.c:447)
==744446==    by 0x4068FEB: emalloc_real (awk.h:2156)
==744446==    by 0x4068FEB: r_getblock (node.c:1164)
==744446==    by 0x40768D9: str_lookup (str_array.c:214)
==744446==    by 0x400E127: assoc_set (awk.h:2220)
==744446==    by 0x400E127: load_environ (main.c:949)
==744446==    by 0x400E127: init_vars (main.c:879)
==744446==    by 0x400E127: main (main.c:403)
==744446== 
==744446== 1,152 bytes in 24 blocks are still reachable in loss record 232 of 246
==744446==    at 0x497D858: malloc (vg_replace_malloc.c:447)
==744446==    by 0x4068FEB: emalloc_real (awk.h:2156)
==744446==    by 0x4068FEB: r_getblock (node.c:1164)
==744446==    by 0x40768D9: str_lookup (str_array.c:214)
==744446==    by 0x407708C: assoc_set (awk.h:2220)
==744446==    by 0x407708C: install (symbol.c:430)
==744446==    by 0x400DA01: init_vars (main.c:865)
==744446==    by 0x400DA01: main (main.c:403)
==744446== 
==744446== 1,271 bytes in 1 blocks are still reachable in loss record 233 of 246
==744446==    at 0x4984E43: calloc (vg_replace_malloc.c:1678)
==744446==    by 0x413FCAC: calloc (rtld-malloc.h:44)
==744446==    by 0x413FCAC: _dl_new_object (dl-object.c:92)
==744446==    by 0x413AEA0: _dl_map_object_from_fd (dl-load.c:1065)
==744446==    by 0x413C989: _dl_map_new_object (dl-load.c:2206)
==744446==    by 0x4141460: dl_open_worker_begin (dl-open.c:535)
==744446==    by 0x4134512: _dl_catch_exception (dl-catch.c:241)
==744446==    by 0x414020B: dl_open_worker (dl-open.c:762)
==744446==    by 0x4134512: _dl_catch_exception (dl-catch.c:241)
==744446==    by 0x4140749: _dl_open (dl-open.c:900)
==744446==    by 0x4BC8EA3: dlopen_doit (dlopen.c:56)
==744446==    by 0x4134512: _dl_catch_exception (dl-catch.c:241)
==744446==    by 0x4134658: _dl_catch_error (dl-catch.c:260)
==744446== 
==744446== 2,016 bytes in 42 blocks are still reachable in loss record 234 of 246
==744446==    at 0x497D858: malloc (vg_replace_malloc.c:447)
==744446==    by 0x4068FEB: emalloc_real (awk.h:2156)
==744446==    by 0x4068FEB: r_getblock (node.c:1164)
==744446==    by 0x40768D9: str_lookup (str_array.c:214)
==744446==    by 0x407708C: assoc_set (awk.h:2220)
==744446==    by 0x407708C: install (symbol.c:430)
==744446==    by 0x401982E: install_builtins (awkgram.y:6601)
==744446==    by 0x400ED71: main (main.c:491)
==744446== 
==744446== 2,024 bytes in 23 blocks are still reachable in loss record 235 of 246
==744446==    at 0x497D858: malloc (vg_replace_malloc.c:447)
==744446==    by 0x4068FEB: emalloc_real (awk.h:2156)
==744446==    by 0x4068FEB: r_getblock (node.c:1164)
==744446==    by 0x40693C1: make_str_node (node.c:406)
==744446==    by 0x400E0F5: load_environ (main.c:946)
==744446==    by 0x400E0F5: init_vars (main.c:879)
==744446==    by 0x400E0F5: main (main.c:403)
==744446== 
==744446== 2,024 bytes in 23 blocks are still reachable in loss record 236 of 246
==744446==    at 0x497D858: malloc (vg_replace_malloc.c:447)
==744446==    by 0x4068FEB: emalloc_real (awk.h:2156)
==744446==    by 0x4068FEB: r_getblock (node.c:1164)
==744446==    by 0x40693C1: make_str_node (node.c:406)
==744446==    by 0x400E10D: load_environ (main.c:947)
==744446==    by 0x400E10D: init_vars (main.c:879)
==744446==    by 0x400E10D: main (main.c:403)
==744446== 
==744446== 2,048 bytes in 1 blocks are still reachable in loss record 237 of 246
==744446==    at 0x497D858: malloc (vg_replace_malloc.c:447)
==744446==    by 0x4048A59: emalloc_real (awk.h:2156)
==744446==    by 0x4048A59: init_interpret (eval.c:1897)
==744446==    by 0x400E3D5: main (main.c:468)
==744446== 
==744446== 2,112 bytes in 24 blocks are still reachable in loss record 238 of 246
==744446==    at 0x497D858: malloc (vg_replace_malloc.c:447)
==744446==    by 0x4068FEB: emalloc_real (awk.h:2156)
==744446==    by 0x4068FEB: r_getblock (node.c:1164)
==744446==    by 0x40693C1: make_str_node (node.c:406)
==744446==    by 0x4077055: install (symbol.c:399)
==744446==    by 0x400DA01: init_vars (main.c:865)
==744446==    by 0x400DA01: main (main.c:403)
==744446== 
==744446== 2,112 bytes in 24 blocks are still reachable in loss record 239 of 246
==744446==    at 0x497D858: malloc (vg_replace_malloc.c:447)
==744446==    by 0x4068FEB: emalloc_real (awk.h:2156)
==744446==    by 0x4068FEB: r_getblock (node.c:1164)
==744446==    by 0x4077133: make_symbol (symbol.c:376)
==744446==    by 0x4077133: install (symbol.c:417)
==744446==    by 0x400DA01: init_vars (main.c:865)
==744446==    by 0x400DA01: main (main.c:403)
==744446== 
==744446== 3,552 bytes in 74 blocks are still reachable in loss record 240 of 246
==744446==    at 0x497D858: malloc (vg_replace_malloc.c:447)
==744446==    by 0x4068FEB: emalloc_real (awk.h:2156)
==744446==    by 0x4068FEB: r_getblock (node.c:1164)
==744446==    by 0x40768D9: str_lookup (str_array.c:214)
==744446==    by 0x40782E9: load_symbols (symbol.c:701)
==744446==    by 0x400ED85: main (main.c:499)
==744446== 
==744446== 3,696 bytes in 42 blocks are still reachable in loss record 241 of 246
==744446==    at 0x497D858: malloc (vg_replace_malloc.c:447)
==744446==    by 0x4068FEB: emalloc_real (awk.h:2156)
==744446==    by 0x4068FEB: r_getblock (node.c:1164)
==744446==    by 0x40693C1: make_str_node (node.c:406)
==744446==    by 0x4077055: install (symbol.c:399)
==744446==    by 0x401982E: install_builtins (awkgram.y:6601)
==744446==    by 0x400ED71: main (main.c:491)
==744446== 
==744446== 3,696 bytes in 42 blocks are still reachable in loss record 242 of 246
==744446==    at 0x497D858: malloc (vg_replace_malloc.c:447)
==744446==    by 0x4068FEB: emalloc_real (awk.h:2156)
==744446==    by 0x4068FEB: r_getblock (node.c:1164)
==744446==    by 0x407721E: make_symbol (symbol.c:376)
==744446==    by 0x407721E: install (symbol.c:417)
==744446==    by 0x401982E: install_builtins (awkgram.y:6601)
==744446==    by 0x400ED71: main (main.c:491)
==744446== 
==744446== 5,048 bytes in 1 blocks are still reachable in loss record 243 of 246
==744446==    at 0x497D858: malloc (vg_replace_malloc.c:447)
==744446==    by 0x4078891: emalloc_real (awk.h:2156)
==744446==    by 0x4078891: bcalloc (symbol.c:849)
==744446==    by 0x402065C: parse_program (awkgram.y:2770)
==744446==    by 0x400EAD8: main (main.c:483)
==744446== 
==744446== 5,048 bytes in 1 blocks are still reachable in loss record 244 of 246
==744446==    at 0x497D858: malloc (vg_replace_malloc.c:447)
==744446==    by 0x4078891: emalloc_real (awk.h:2156)
==744446==    by 0x4078891: bcalloc (symbol.c:849)
==744446==    by 0x4020B58: parse_program (awkgram.y:2778)
==744446==    by 0x400EAD8: main (main.c:483)
==744446== 
==744446== 5,048 bytes in 1 blocks are still reachable in loss record 245 of 246
==744446==    at 0x497D858: malloc (vg_replace_malloc.c:447)
==744446==    by 0x4078891: emalloc_real (awk.h:2156)
==744446==    by 0x4078891: bcalloc (symbol.c:849)
==744446==    by 0x401C2EA: yylex (awkgram.y:4447)
==744446==    by 0x401C83C: yyparse (awkgram.c:1879)
==744446==    by 0x402073A: parse_program (awkgram.y:2797)
==744446==    by 0x400EAD8: main (main.c:483)
==744446== 
==744446== 6,512 bytes in 74 blocks are still reachable in loss record 246 of 246
==744446==    at 0x497D858: malloc (vg_replace_malloc.c:447)
==744446==    by 0x4068FEB: emalloc_real (awk.h:2156)
==744446==    by 0x4068FEB: r_getblock (node.c:1164)
==744446==    by 0x40693C1: make_str_node (node.c:406)
==744446==    by 0x4078494: load_symbols (symbol.c:700)
==744446==    by 0x400ED85: main (main.c:499)
==744446== 
==744446== LEAK SUMMARY:
==744446==    definitely lost: 0 bytes in 0 blocks
==744446==    indirectly lost: 0 bytes in 0 blocks
==744446==      possibly lost: 0 bytes in 0 blocks
==744446==    still reachable: 67,901 bytes in 905 blocks
==744446==         suppressed: 0 bytes in 0 blocks
==744446== 
==744446== For lists of detected and suppressed errors, rerun with: -s
==744446== ERROR SUMMARY: 0 errors from 0 contexts (suppressed: 0 from 0)
