==733386== Memcheck, a memory error detector
==733386== Copyright (C) 2002-2024, and GNU GPL'd, by Julian Seward et al.
==733386== Using Valgrind-3.26.0 and LibVEX; rerun with -h for copyright info
==733386== Command: /tmp/rboxc-gawk-format-73gvz392/gawk BEGIN\ {\ x=-log(0);\ for(i=0;i\<200;i++)\ {\ s=sprintf("%s|%s|%s",x,-x,"done");\ n+=length(s)\ }\ print\ n,s,typeof(x)\ }
==733386== Parent PID: 732331
==733386== 
==733386== 
==733386== FILE DESCRIPTORS: 3 open (3 inherited) at exit.
==733386== 
==733386== HEAP SUMMARY:
==733386==     in use at exit: 97,956 bytes in 1,610 blocks
==733386==   total heap usage: 3,046 allocs, 1,436 frees, 205,699 bytes allocated
==733386== 
==733386== 1 bytes in 1 blocks are still reachable in loss record 1 of 211
==733386==    at 0x586D858: malloc (vg_replace_malloc.c:447)
==733386==    by 0x4497860: rboxc_gawk_estrdup (in /root/rboxc/target/gawk-source-ownership-candidate/release/rboxc)
==733386==    by 0x449979E: single_binary_main_gawk (in /root/rboxc/target/gawk-source-ownership-candidate/release/rboxc)
==733386==    by 0x5A17600: (below main) (libc_start_call_main.h:59)
==733386== 
==733386== 1 bytes in 1 blocks are still reachable in loss record 2 of 211
==733386==    at 0x586D858: malloc (vg_replace_malloc.c:447)
==733386==    by 0x4497860: rboxc_gawk_estrdup (in /root/rboxc/target/gawk-source-ownership-candidate/release/rboxc)
==733386==    by 0x44997CD: single_binary_main_gawk (in /root/rboxc/target/gawk-source-ownership-candidate/release/rboxc)
==733386==    by 0x5A17600: (below main) (libc_start_call_main.h:59)
==733386== 
==733386== 1 bytes in 1 blocks are still reachable in loss record 3 of 211
==733386==    at 0x586D858: malloc (vg_replace_malloc.c:447)
==733386==    by 0x4497860: rboxc_gawk_estrdup (in /root/rboxc/target/gawk-source-ownership-candidate/release/rboxc)
==733386==    by 0x44997E5: single_binary_main_gawk (in /root/rboxc/target/gawk-source-ownership-candidate/release/rboxc)
==733386==    by 0x5A17600: (below main) (libc_start_call_main.h:59)
==733386== 
==733386== 1 bytes in 1 blocks are still reachable in loss record 4 of 211
==733386==    at 0x586D858: malloc (vg_replace_malloc.c:447)
==733386==    by 0x4497860: rboxc_gawk_estrdup (in /root/rboxc/target/gawk-source-ownership-candidate/release/rboxc)
==733386==    by 0x44997FD: single_binary_main_gawk (in /root/rboxc/target/gawk-source-ownership-candidate/release/rboxc)
==733386==    by 0x5A17600: (below main) (libc_start_call_main.h:59)
==733386== 
==733386== 1 bytes in 1 blocks are still reachable in loss record 5 of 211
==733386==    at 0x586D858: malloc (vg_replace_malloc.c:447)
==733386==    by 0x4497860: rboxc_gawk_estrdup (in /root/rboxc/target/gawk-source-ownership-candidate/release/rboxc)
==733386==    by 0x4499815: single_binary_main_gawk (in /root/rboxc/target/gawk-source-ownership-candidate/release/rboxc)
==733386==    by 0x5A17600: (below main) (libc_start_call_main.h:59)
==733386== 
==733386== 1 bytes in 1 blocks are still reachable in loss record 6 of 211
==733386==    at 0x586D858: malloc (vg_replace_malloc.c:447)
==733386==    by 0x4497860: rboxc_gawk_estrdup (in /root/rboxc/target/gawk-source-ownership-candidate/release/rboxc)
==733386==    by 0x449982D: single_binary_main_gawk (in /root/rboxc/target/gawk-source-ownership-candidate/release/rboxc)
==733386==    by 0x5A17600: (below main) (libc_start_call_main.h:59)
==733386== 
==733386== 1 bytes in 1 blocks are still reachable in loss record 7 of 211
==733386==    at 0x586D858: malloc (vg_replace_malloc.c:447)
==733386==    by 0x4497860: rboxc_gawk_estrdup (in /root/rboxc/target/gawk-source-ownership-candidate/release/rboxc)
==733386==    by 0x4499845: single_binary_main_gawk (in /root/rboxc/target/gawk-source-ownership-candidate/release/rboxc)
==733386==    by 0x5A17600: (below main) (libc_start_call_main.h:59)
==733386== 
==733386== 1 bytes in 1 blocks are still reachable in loss record 8 of 211
==733386==    at 0x586D858: malloc (vg_replace_malloc.c:447)
==733386==    by 0x4497860: rboxc_gawk_estrdup (in /root/rboxc/target/gawk-source-ownership-candidate/release/rboxc)
==733386==    by 0x449985D: single_binary_main_gawk (in /root/rboxc/target/gawk-source-ownership-candidate/release/rboxc)
==733386==    by 0x5A17600: (below main) (libc_start_call_main.h:59)
==733386== 
==733386== 1 bytes in 1 blocks are still reachable in loss record 9 of 211
==733386==    at 0x586D858: malloc (vg_replace_malloc.c:447)
==733386==    by 0x4497860: rboxc_gawk_estrdup (in /root/rboxc/target/gawk-source-ownership-candidate/release/rboxc)
==733386==    by 0x4499875: single_binary_main_gawk (in /root/rboxc/target/gawk-source-ownership-candidate/release/rboxc)
==733386==    by 0x5A17600: (below main) (libc_start_call_main.h:59)
==733386== 
==733386== 1 bytes in 1 blocks are still reachable in loss record 10 of 211
==733386==    at 0x586D858: malloc (vg_replace_malloc.c:447)
==733386==    by 0x473EC57: rboxc_gawk_make_str_node (in /root/rboxc/target/gawk-source-ownership-candidate/release/rboxc)
==733386==    by 0x44998FC: single_binary_main_gawk (in /root/rboxc/target/gawk-source-ownership-candidate/release/rboxc)
==733386==    by 0x5A17600: (below main) (libc_start_call_main.h:59)
==733386== 
==733386== 1 bytes in 1 blocks are still reachable in loss record 11 of 211
==733386==    at 0x586D858: malloc (vg_replace_malloc.c:447)
==733386==    by 0x473EC57: rboxc_gawk_make_str_node (in /root/rboxc/target/gawk-source-ownership-candidate/release/rboxc)
==733386==    by 0x472BB15: rboxc_gawk_init_fields (in /root/rboxc/target/gawk-source-ownership-candidate/release/rboxc)
==733386==    by 0x449AE20: single_binary_main_gawk (in /root/rboxc/target/gawk-source-ownership-candidate/release/rboxc)
==733386==    by 0x5A17600: (below main) (libc_start_call_main.h:59)
==733386== 
==733386== 1 bytes in 1 blocks are still reachable in loss record 12 of 211
==733386==    at 0x586D858: malloc (vg_replace_malloc.c:447)
==733386==    by 0x473EC57: rboxc_gawk_make_str_node (in /root/rboxc/target/gawk-source-ownership-candidate/release/rboxc)
==733386==    by 0x472BB60: rboxc_gawk_init_fields (in /root/rboxc/target/gawk-source-ownership-candidate/release/rboxc)
==733386==    by 0x449AE20: single_binary_main_gawk (in /root/rboxc/target/gawk-source-ownership-candidate/release/rboxc)
==733386==    by 0x5A17600: (below main) (libc_start_call_main.h:59)
==733386== 
==733386== 2 bytes in 1 blocks are still reachable in loss record 13 of 211
==733386==    at 0x586D858: malloc (vg_replace_malloc.c:447)
==733386==    by 0x4497860: rboxc_gawk_estrdup (in /root/rboxc/target/gawk-source-ownership-candidate/release/rboxc)
==733386==    by 0x44997B5: single_binary_main_gawk (in /root/rboxc/target/gawk-source-ownership-candidate/release/rboxc)
==733386==    by 0x5A17600: (below main) (libc_start_call_main.h:59)
==733386== 
==733386== 2 bytes in 1 blocks are still reachable in loss record 14 of 211
==733386==    at 0x586D858: malloc (vg_replace_malloc.c:447)
==733386==    by 0x471CFFF: rboxc_gawk_set_OFS (in /root/rboxc/target/gawk-source-ownership-candidate/release/rboxc)
==733386==    by 0x449A768: single_binary_main_gawk (in /root/rboxc/target/gawk-source-ownership-candidate/release/rboxc)
==733386==    by 0x5A17600: (below main) (libc_start_call_main.h:59)
==733386== 
==733386== 3 bytes in 1 blocks are still reachable in loss record 15 of 211
==733386==    at 0x586D858: malloc (vg_replace_malloc.c:447)
==733386==    by 0x473EC57: rboxc_gawk_make_str_node (in /root/rboxc/target/gawk-source-ownership-candidate/release/rboxc)
==733386==    by 0x472B2EF: update_PROCINFO_str.part.0 (in /root/rboxc/target/gawk-source-ownership-candidate/release/rboxc)
==733386==    by 0x449AA4C: single_binary_main_gawk (in /root/rboxc/target/gawk-source-ownership-candidate/release/rboxc)
==733386==    by 0x5A17600: (below main) (libc_start_call_main.h:59)
==733386== 
==733386== 3 bytes in 1 blocks are still reachable in loss record 16 of 211
==733386==    at 0x586D858: malloc (vg_replace_malloc.c:447)
==733386==    by 0x473EC57: rboxc_gawk_make_str_node (in /root/rboxc/target/gawk-source-ownership-candidate/release/rboxc)
==733386==    by 0x472B307: update_PROCINFO_str.part.0 (in /root/rboxc/target/gawk-source-ownership-candidate/release/rboxc)
==733386==    by 0x449AA4C: single_binary_main_gawk (in /root/rboxc/target/gawk-source-ownership-candidate/release/rboxc)
==733386==    by 0x5A17600: (below main) (libc_start_call_main.h:59)
==733386== 
==733386== 4 bytes in 1 blocks are still reachable in loss record 17 of 211
==733386==    at 0x586D858: malloc (vg_replace_malloc.c:447)
==733386==    by 0x473EC57: rboxc_gawk_make_str_node (in /root/rboxc/target/gawk-source-ownership-candidate/release/rboxc)
==733386==    by 0x472E784: rboxc_gawk_update_PROCINFO_num (in /root/rboxc/target/gawk-source-ownership-candidate/release/rboxc)
==733386==    by 0x449A9BB: single_binary_main_gawk (in /root/rboxc/target/gawk-source-ownership-candidate/release/rboxc)
==733386==    by 0x5A17600: (below main) (libc_start_call_main.h:59)
==733386== 
==733386== 4 bytes in 1 blocks are still reachable in loss record 18 of 211
==733386==    at 0x586D858: malloc (vg_replace_malloc.c:447)
==733386==    by 0x473EC57: rboxc_gawk_make_str_node (in /root/rboxc/target/gawk-source-ownership-candidate/release/rboxc)
==733386==    by 0x472E784: rboxc_gawk_update_PROCINFO_num (in /root/rboxc/target/gawk-source-ownership-candidate/release/rboxc)
==733386==    by 0x449A9EC: single_binary_main_gawk (in /root/rboxc/target/gawk-source-ownership-candidate/release/rboxc)
==733386==    by 0x5A17600: (below main) (libc_start_call_main.h:59)
==733386== 
==733386== 4 bytes in 1 blocks are still reachable in loss record 19 of 211
==733386==    at 0x586D858: malloc (vg_replace_malloc.c:447)
==733386==    by 0x473EC57: rboxc_gawk_make_str_node (in /root/rboxc/target/gawk-source-ownership-candidate/release/rboxc)
==733386==    by 0x472E784: rboxc_gawk_update_PROCINFO_num (in /root/rboxc/target/gawk-source-ownership-candidate/release/rboxc)
==733386==    by 0x449AA20: single_binary_main_gawk (in /root/rboxc/target/gawk-source-ownership-candidate/release/rboxc)
==733386==    by 0x5A17600: (below main) (libc_start_call_main.h:59)
==733386== 
==733386== 4 bytes in 1 blocks are still reachable in loss record 20 of 211
==733386==    at 0x586D858: malloc (vg_replace_malloc.c:447)
==733386==    by 0x473EC57: rboxc_gawk_make_str_node (in /root/rboxc/target/gawk-source-ownership-candidate/release/rboxc)
==733386==    by 0x472B2EF: update_PROCINFO_str.part.0 (in /root/rboxc/target/gawk-source-ownership-candidate/release/rboxc)
==733386==    by 0x449ABD8: single_binary_main_gawk (in /root/rboxc/target/gawk-source-ownership-candidate/release/rboxc)
==733386==    by 0x5A17600: (below main) (libc_start_call_main.h:59)
==733386== 
==733386== 5 bytes in 1 blocks are still reachable in loss record 21 of 211
==733386==    at 0x586D858: malloc (vg_replace_malloc.c:447)
==733386==    by 0x473EC57: rboxc_gawk_make_str_node (in /root/rboxc/target/gawk-source-ownership-candidate/release/rboxc)
==733386==    by 0x472E784: rboxc_gawk_update_PROCINFO_num (in /root/rboxc/target/gawk-source-ownership-candidate/release/rboxc)
==733386==    by 0x449A9D2: single_binary_main_gawk (in /root/rboxc/target/gawk-source-ownership-candidate/release/rboxc)
==733386==    by 0x5A17600: (below main) (libc_start_call_main.h:59)
==733386== 
==733386== 5 bytes in 1 blocks are still reachable in loss record 22 of 211
==733386==    at 0x586D858: malloc (vg_replace_malloc.c:447)
==733386==    by 0x473EC57: rboxc_gawk_make_str_node (in /root/rboxc/target/gawk-source-ownership-candidate/release/rboxc)
==733386==    by 0x472E784: rboxc_gawk_update_PROCINFO_num (in /root/rboxc/target/gawk-source-ownership-candidate/release/rboxc)
==733386==    by 0x449AA06: single_binary_main_gawk (in /root/rboxc/target/gawk-source-ownership-candidate/release/rboxc)
==733386==    by 0x5A17600: (below main) (libc_start_call_main.h:59)
==733386== 
==733386== 5 bytes in 1 blocks are still reachable in loss record 23 of 211
==733386==    at 0x586D858: malloc (vg_replace_malloc.c:447)
==733386==    by 0x473EC57: rboxc_gawk_make_str_node (in /root/rboxc/target/gawk-source-ownership-candidate/release/rboxc)
==733386==    by 0x472E784: rboxc_gawk_update_PROCINFO_num (in /root/rboxc/target/gawk-source-ownership-candidate/release/rboxc)
==733386==    by 0x449AA3A: single_binary_main_gawk (in /root/rboxc/target/gawk-source-ownership-candidate/release/rboxc)
==733386==    by 0x5A17600: (below main) (libc_start_call_main.h:59)
==733386== 
==733386== 5 bytes in 1 blocks are still reachable in loss record 24 of 211
==733386==    at 0x586D858: malloc (vg_replace_malloc.c:447)
==733386==    by 0x449AC45: single_binary_main_gawk (in /root/rboxc/target/gawk-source-ownership-candidate/release/rboxc)
==733386==    by 0x5A17600: (below main) (libc_start_call_main.h:59)
==733386== 
==733386== 5 bytes in 1 blocks are still reachable in loss record 25 of 211
==733386==    at 0x586D858: malloc (vg_replace_malloc.c:447)
==733386==    by 0x473EC57: rboxc_gawk_make_str_node (in /root/rboxc/target/gawk-source-ownership-candidate/release/rboxc)
==733386==    by 0x449ACEB: single_binary_main_gawk (in /root/rboxc/target/gawk-source-ownership-candidate/release/rboxc)
==733386==    by 0x5A17600: (below main) (libc_start_call_main.h:59)
==733386== 
==733386== 5 bytes in 1 blocks are still reachable in loss record 26 of 211
==733386==    at 0x586D858: malloc (vg_replace_malloc.c:447)
==733386==    by 0x449B352: single_binary_main_gawk (in /root/rboxc/target/gawk-source-ownership-candidate/release/rboxc)
==733386==    by 0x5A17600: (below main) (libc_start_call_main.h:59)
==733386== 
==733386== 5 bytes in 1 blocks are still reachable in loss record 27 of 211
==733386==    at 0x586D858: malloc (vg_replace_malloc.c:447)
==733386==    by 0x473EC57: rboxc_gawk_make_str_node (in /root/rboxc/target/gawk-source-ownership-candidate/release/rboxc)
==733386==    by 0x474CC35: install (in /root/rboxc/target/gawk-source-ownership-candidate/release/rboxc)
==733386==    by 0x449B3D8: single_binary_main_gawk (in /root/rboxc/target/gawk-source-ownership-candidate/release/rboxc)
==733386==    by 0x5A17600: (below main) (libc_start_call_main.h:59)
==733386== 
==733386== 5 bytes in 1 blocks are still reachable in loss record 28 of 211
==733386==    at 0x586D858: malloc (vg_replace_malloc.c:447)
==733386==    by 0x473EC57: rboxc_gawk_make_str_node (in /root/rboxc/target/gawk-source-ownership-candidate/release/rboxc)
==733386==    by 0x449B418: single_binary_main_gawk (in /root/rboxc/target/gawk-source-ownership-candidate/release/rboxc)
==733386==    by 0x5A17600: (below main) (libc_start_call_main.h:59)
==733386== 
==733386== 5 bytes in 1 blocks are still reachable in loss record 29 of 211
==733386==    at 0x586D858: malloc (vg_replace_malloc.c:447)
==733386==    by 0x449B62B: single_binary_main_gawk (in /root/rboxc/target/gawk-source-ownership-candidate/release/rboxc)
==733386==    by 0x5A17600: (below main) (libc_start_call_main.h:59)
==733386== 
==733386== 5 bytes in 1 blocks are still reachable in loss record 30 of 211
==733386==    at 0x586D858: malloc (vg_replace_malloc.c:447)
==733386==    by 0x473EC57: rboxc_gawk_make_str_node (in /root/rboxc/target/gawk-source-ownership-candidate/release/rboxc)
==733386==    by 0x474CC35: install (in /root/rboxc/target/gawk-source-ownership-candidate/release/rboxc)
==733386==    by 0x449B6B3: single_binary_main_gawk (in /root/rboxc/target/gawk-source-ownership-candidate/release/rboxc)
==733386==    by 0x5A17600: (below main) (libc_start_call_main.h:59)
==733386== 
==733386== 5 bytes in 1 blocks are still reachable in loss record 31 of 211
==733386==    at 0x586D858: malloc (vg_replace_malloc.c:447)
==733386==    by 0x473DEAD: r_format_val.part.0 (in /root/rboxc/target/gawk-source-ownership-candidate/release/rboxc)
==733386==    by 0x46FC928: rboxc_gawk_do_print (in /root/rboxc/target/gawk-source-ownership-candidate/release/rboxc)
==733386==    by 0x47261D0: rboxc_gawk_r_interpret (in /root/rboxc/target/gawk-source-ownership-candidate/release/rboxc)
==733386==    by 0x449B883: single_binary_main_gawk (in /root/rboxc/target/gawk-source-ownership-candidate/release/rboxc)
==733386==    by 0x5A17600: (below main) (libc_start_call_main.h:59)
==733386== 
==733386== 6 bytes in 1 blocks are still reachable in loss record 32 of 211
==733386==    at 0x586D858: malloc (vg_replace_malloc.c:447)
==733386==    by 0x473EC57: rboxc_gawk_make_str_node (in /root/rboxc/target/gawk-source-ownership-candidate/release/rboxc)
==733386==    by 0x472B307: update_PROCINFO_str.part.0 (in /root/rboxc/target/gawk-source-ownership-candidate/release/rboxc)
==733386==    by 0x449A942: single_binary_main_gawk (in /root/rboxc/target/gawk-source-ownership-candidate/release/rboxc)
==733386==    by 0x5A17600: (below main) (libc_start_call_main.h:59)
==733386== 
==733386== 6 bytes in 1 blocks are still reachable in loss record 33 of 211
==733386==    at 0x586D858: malloc (vg_replace_malloc.c:447)
==733386==    by 0x473EC57: rboxc_gawk_make_str_node (in /root/rboxc/target/gawk-source-ownership-candidate/release/rboxc)
==733386==    by 0x472B307: update_PROCINFO_str.part.0 (in /root/rboxc/target/gawk-source-ownership-candidate/release/rboxc)
==733386==    by 0x449A962: single_binary_main_gawk (in /root/rboxc/target/gawk-source-ownership-candidate/release/rboxc)
==733386==    by 0x5A17600: (below main) (libc_start_call_main.h:59)
==733386== 
==733386== 6 bytes in 1 blocks are still reachable in loss record 34 of 211
==733386==    at 0x586D858: malloc (vg_replace_malloc.c:447)
==733386==    by 0x473EC57: rboxc_gawk_make_str_node (in /root/rboxc/target/gawk-source-ownership-candidate/release/rboxc)
==733386==    by 0x474DCEA: rboxc_gawk_load_symbols (in /root/rboxc/target/gawk-source-ownership-candidate/release/rboxc)
==733386==    by 0x449B7FC: single_binary_main_gawk (in /root/rboxc/target/gawk-source-ownership-candidate/release/rboxc)
==733386==    by 0x5A17600: (below main) (libc_start_call_main.h:59)
==733386== 
==733386== 7 bytes in 1 blocks are still reachable in loss record 35 of 211
==733386==    at 0x586D858: malloc (vg_replace_malloc.c:447)
==733386==    by 0x4497860: rboxc_gawk_estrdup (in /root/rboxc/target/gawk-source-ownership-candidate/release/rboxc)
==733386==    by 0x474CF61: init_the_tables (in /root/rboxc/target/gawk-source-ownership-candidate/release/rboxc)
==733386==    by 0x44999D0: single_binary_main_gawk (in /root/rboxc/target/gawk-source-ownership-candidate/release/rboxc)
==733386==    by 0x5A17600: (below main) (libc_start_call_main.h:59)
==733386== 
==733386== 7 bytes in 1 blocks are still reachable in loss record 36 of 211
==733386==    at 0x586D858: malloc (vg_replace_malloc.c:447)
==733386==    by 0x473EC57: rboxc_gawk_make_str_node (in /root/rboxc/target/gawk-source-ownership-candidate/release/rboxc)
==733386==    by 0x474CC35: install (in /root/rboxc/target/gawk-source-ownership-candidate/release/rboxc)
==733386==    by 0x474CF70: init_the_tables (in /root/rboxc/target/gawk-source-ownership-candidate/release/rboxc)
==733386==    by 0x44999D0: single_binary_main_gawk (in /root/rboxc/target/gawk-source-ownership-candidate/release/rboxc)
==733386==    by 0x5A17600: (below main) (libc_start_call_main.h:59)
==733386== 
==733386== 7 bytes in 1 blocks are still reachable in loss record 37 of 211
==733386==    at 0x586D858: malloc (vg_replace_malloc.c:447)
==733386==    by 0x473EC57: rboxc_gawk_make_str_node (in /root/rboxc/target/gawk-source-ownership-candidate/release/rboxc)
==733386==    by 0x472E784: rboxc_gawk_update_PROCINFO_num (in /root/rboxc/target/gawk-source-ownership-candidate/release/rboxc)
==733386==    by 0x449A9A4: single_binary_main_gawk (in /root/rboxc/target/gawk-source-ownership-candidate/release/rboxc)
==733386==    by 0x5A17600: (below main) (libc_start_call_main.h:59)
==733386== 
==733386== 7 bytes in 1 blocks are still reachable in loss record 38 of 211
==733386==    at 0x586D858: malloc (vg_replace_malloc.c:447)
==733386==    by 0x473EC57: rboxc_gawk_make_str_node (in /root/rboxc/target/gawk-source-ownership-candidate/release/rboxc)
==733386==    by 0x474DCBA: rboxc_gawk_load_symbols (in /root/rboxc/target/gawk-source-ownership-candidate/release/rboxc)
==733386==    by 0x449B7FC: single_binary_main_gawk (in /root/rboxc/target/gawk-source-ownership-candidate/release/rboxc)
==733386==    by 0x5A17600: (below main) (libc_start_call_main.h:59)
==733386== 
==733386== 8 bytes in 1 blocks are still reachable in loss record 39 of 211
==733386==    at 0x586D858: malloc (vg_replace_malloc.c:447)
==733386==    by 0x4497860: rboxc_gawk_estrdup (in /root/rboxc/target/gawk-source-ownership-candidate/release/rboxc)
==733386==    by 0x474CF3A: init_the_tables (in /root/rboxc/target/gawk-source-ownership-candidate/release/rboxc)
==733386==    by 0x44999D0: single_binary_main_gawk (in /root/rboxc/target/gawk-source-ownership-candidate/release/rboxc)
==733386==    by 0x5A17600: (below main) (libc_start_call_main.h:59)
==733386== 
==733386== 8 bytes in 1 blocks are still reachable in loss record 40 of 211
==733386==    at 0x586D858: malloc (vg_replace_malloc.c:447)
==733386==    by 0x473EC57: rboxc_gawk_make_str_node (in /root/rboxc/target/gawk-source-ownership-candidate/release/rboxc)
==733386==    by 0x474CC35: install (in /root/rboxc/target/gawk-source-ownership-candidate/release/rboxc)
==733386==    by 0x474CF49: init_the_tables (in /root/rboxc/target/gawk-source-ownership-candidate/release/rboxc)
==733386==    by 0x44999D0: single_binary_main_gawk (in /root/rboxc/target/gawk-source-ownership-candidate/release/rboxc)
==733386==    by 0x5A17600: (below main) (libc_start_call_main.h:59)
==733386== 
==733386== 8 bytes in 1 blocks are still reachable in loss record 41 of 211
==733386==    at 0x586D858: malloc (vg_replace_malloc.c:447)
==733386==    by 0x473EC57: rboxc_gawk_make_str_node (in /root/rboxc/target/gawk-source-ownership-candidate/release/rboxc)
==733386==    by 0x472B2EF: update_PROCINFO_str.part.0 (in /root/rboxc/target/gawk-source-ownership-candidate/release/rboxc)
==733386==    by 0x449A942: single_binary_main_gawk (in /root/rboxc/target/gawk-source-ownership-candidate/release/rboxc)
==733386==    by 0x5A17600: (below main) (libc_start_call_main.h:59)
==733386== 
==733386== 8 bytes in 1 blocks are still reachable in loss record 42 of 211
==733386==    at 0x586D858: malloc (vg_replace_malloc.c:447)
==733386==    by 0x449AD20: single_binary_main_gawk (in /root/rboxc/target/gawk-source-ownership-candidate/release/rboxc)
==733386==    by 0x5A17600: (below main) (libc_start_call_main.h:59)
==733386== 
==733386== 8 bytes in 1 blocks are still reachable in loss record 43 of 211
==733386==    at 0x586D858: malloc (vg_replace_malloc.c:447)
==733386==    by 0x473EC57: rboxc_gawk_make_str_node (in /root/rboxc/target/gawk-source-ownership-candidate/release/rboxc)
==733386==    by 0x474CC35: install (in /root/rboxc/target/gawk-source-ownership-candidate/release/rboxc)
==733386==    by 0x449ADAD: single_binary_main_gawk (in /root/rboxc/target/gawk-source-ownership-candidate/release/rboxc)
==733386==    by 0x5A17600: (below main) (libc_start_call_main.h:59)
==733386== 
==733386== 8 bytes in 1 blocks are still reachable in loss record 44 of 211
==733386==    at 0x586D858: malloc (vg_replace_malloc.c:447)
==733386==    by 0x473EC57: rboxc_gawk_make_str_node (in /root/rboxc/target/gawk-source-ownership-candidate/release/rboxc)
==733386==    by 0x449072E: rboxc::applet_gawk::path_environ (in /root/rboxc/target/gawk-source-ownership-candidate/release/rboxc)
==733386==    by 0x449ADEB: single_binary_main_gawk (in /root/rboxc/target/gawk-source-ownership-candidate/release/rboxc)
==733386==    by 0x5A17600: (below main) (libc_start_call_main.h:59)
==733386== 
==733386== 8 bytes in 1 blocks are still reachable in loss record 45 of 211
==733386==    at 0x586D858: malloc (vg_replace_malloc.c:447)
==733386==    by 0x472BAF2: rboxc_gawk_init_fields (in /root/rboxc/target/gawk-source-ownership-candidate/release/rboxc)
==733386==    by 0x449AE20: single_binary_main_gawk (in /root/rboxc/target/gawk-source-ownership-candidate/release/rboxc)
==733386==    by 0x5A17600: (below main) (libc_start_call_main.h:59)
==733386== 
==733386== 8 bytes in 1 blocks are still reachable in loss record 46 of 211
==733386==    at 0x586D858: malloc (vg_replace_malloc.c:447)
==733386==    by 0x473EC57: rboxc_gawk_make_str_node (in /root/rboxc/target/gawk-source-ownership-candidate/release/rboxc)
==733386==    by 0x474DCD2: rboxc_gawk_load_symbols (in /root/rboxc/target/gawk-source-ownership-candidate/release/rboxc)
==733386==    by 0x449B7FC: single_binary_main_gawk (in /root/rboxc/target/gawk-source-ownership-candidate/release/rboxc)
==733386==    by 0x5A17600: (below main) (libc_start_call_main.h:59)
==733386== 
==733386== 8 bytes in 1 blocks are still reachable in loss record 47 of 211
==733386==    at 0x586D858: malloc (vg_replace_malloc.c:447)
==733386==    by 0x473EC57: rboxc_gawk_make_str_node (in /root/rboxc/target/gawk-source-ownership-candidate/release/rboxc)
==733386==    by 0x474DD02: rboxc_gawk_load_symbols (in /root/rboxc/target/gawk-source-ownership-candidate/release/rboxc)
==733386==    by 0x449B7FC: single_binary_main_gawk (in /root/rboxc/target/gawk-source-ownership-candidate/release/rboxc)
==733386==    by 0x5A17600: (below main) (libc_start_call_main.h:59)
==733386== 
==733386== 8 bytes in 4 blocks are still reachable in loss record 48 of 211
==733386==    at 0x586D858: malloc (vg_replace_malloc.c:447)
==733386==    by 0x4497860: rboxc_gawk_estrdup (in /root/rboxc/target/gawk-source-ownership-candidate/release/rboxc)
==733386==    by 0x46EF958: yylex (in /root/rboxc/target/gawk-source-ownership-candidate/release/rboxc)
==733386==    by 0x46F20DC: rboxc_gawk_yyparse (in /root/rboxc/target/gawk-source-ownership-candidate/release/rboxc)
==733386==    by 0x46F5FDA: rboxc_gawk_parse_program (in /root/rboxc/target/gawk-source-ownership-candidate/release/rboxc)
==733386==    by 0x449B724: single_binary_main_gawk (in /root/rboxc/target/gawk-source-ownership-candidate/release/rboxc)
==733386==    by 0x5A17600: (below main) (libc_start_call_main.h:59)
==733386== 
==733386== 8 bytes in 4 blocks are still reachable in loss record 49 of 211
==733386==    at 0x586D858: malloc (vg_replace_malloc.c:447)
==733386==    by 0x473EC57: rboxc_gawk_make_str_node (in /root/rboxc/target/gawk-source-ownership-candidate/release/rboxc)
==733386==    by 0x474CC35: install (in /root/rboxc/target/gawk-source-ownership-candidate/release/rboxc)
==733386==    by 0x46F2303: rboxc_gawk_yyparse (in /root/rboxc/target/gawk-source-ownership-candidate/release/rboxc)
==733386==    by 0x46F5FDA: rboxc_gawk_parse_program (in /root/rboxc/target/gawk-source-ownership-candidate/release/rboxc)
==733386==    by 0x449B724: single_binary_main_gawk (in /root/rboxc/target/gawk-source-ownership-candidate/release/rboxc)
==733386==    by 0x5A17600: (below main) (libc_start_call_main.h:59)
==733386== 
==733386== 9 bytes in 1 blocks are still reachable in loss record 50 of 211
==733386==    at 0x586D858: malloc (vg_replace_malloc.c:447)
==733386==    by 0x449A894: single_binary_main_gawk (in /root/rboxc/target/gawk-source-ownership-candidate/release/rboxc)
==733386==    by 0x5A17600: (below main) (libc_start_call_main.h:59)
==733386== 
==733386== 9 bytes in 1 blocks are still reachable in loss record 51 of 211
==733386==    at 0x586D858: malloc (vg_replace_malloc.c:447)
==733386==    by 0x473EC57: rboxc_gawk_make_str_node (in /root/rboxc/target/gawk-source-ownership-candidate/release/rboxc)
==733386==    by 0x474CC35: install (in /root/rboxc/target/gawk-source-ownership-candidate/release/rboxc)
==733386==    by 0x449A921: single_binary_main_gawk (in /root/rboxc/target/gawk-source-ownership-candidate/release/rboxc)
==733386==    by 0x5A17600: (below main) (libc_start_call_main.h:59)
==733386== 
==733386== 9 bytes in 1 blocks are still reachable in loss record 52 of 211
==733386==    at 0x586D858: malloc (vg_replace_malloc.c:447)
==733386==    by 0x473EC57: rboxc_gawk_make_str_node (in /root/rboxc/target/gawk-source-ownership-candidate/release/rboxc)
==733386==    by 0x472B2EF: update_PROCINFO_str.part.0 (in /root/rboxc/target/gawk-source-ownership-candidate/release/rboxc)
==733386==    by 0x449A952: single_binary_main_gawk (in /root/rboxc/target/gawk-source-ownership-candidate/release/rboxc)
==733386==    by 0x5A17600: (below main) (libc_start_call_main.h:59)
==733386== 
==733386== 9 bytes in 1 blocks are still reachable in loss record 53 of 211
==733386==    at 0x586D858: malloc (vg_replace_malloc.c:447)
==733386==    by 0x473EC57: rboxc_gawk_make_str_node (in /root/rboxc/target/gawk-source-ownership-candidate/release/rboxc)
==733386==    by 0x472B2EF: update_PROCINFO_str.part.0 (in /root/rboxc/target/gawk-source-ownership-candidate/release/rboxc)
==733386==    by 0x449A962: single_binary_main_gawk (in /root/rboxc/target/gawk-source-ownership-candidate/release/rboxc)
==733386==    by 0x5A17600: (below main) (libc_start_call_main.h:59)
==733386== 
==733386== 10 bytes in 1 blocks are still reachable in loss record 54 of 211
==733386==    at 0x586D858: malloc (vg_replace_malloc.c:447)
==733386==    by 0x473EC57: rboxc_gawk_make_str_node (in /root/rboxc/target/gawk-source-ownership-candidate/release/rboxc)
==733386==    by 0x472E784: rboxc_gawk_update_PROCINFO_num (in /root/rboxc/target/gawk-source-ownership-candidate/release/rboxc)
==733386==    by 0x449A97B: single_binary_main_gawk (in /root/rboxc/target/gawk-source-ownership-candidate/release/rboxc)
==733386==    by 0x5A17600: (below main) (libc_start_call_main.h:59)
==733386== 
==733386== 10 bytes in 1 blocks are still reachable in loss record 55 of 211
==733386==    at 0x586D858: malloc (vg_replace_malloc.c:447)
==733386==    by 0x473EC57: rboxc_gawk_make_str_node (in /root/rboxc/target/gawk-source-ownership-candidate/release/rboxc)
==733386==    by 0x472E784: rboxc_gawk_update_PROCINFO_num (in /root/rboxc/target/gawk-source-ownership-candidate/release/rboxc)
==733386==    by 0x449A98D: single_binary_main_gawk (in /root/rboxc/target/gawk-source-ownership-candidate/release/rboxc)
==733386==    by 0x5A17600: (below main) (libc_start_call_main.h:59)
==733386== 
==733386== 10 bytes in 1 blocks are still reachable in loss record 56 of 211
==733386==    at 0x586D858: malloc (vg_replace_malloc.c:447)
==733386==    by 0x473EC57: rboxc_gawk_make_str_node (in /root/rboxc/target/gawk-source-ownership-candidate/release/rboxc)
==733386==    by 0x472B307: update_PROCINFO_str.part.0 (in /root/rboxc/target/gawk-source-ownership-candidate/release/rboxc)
==733386==    by 0x449ABD8: single_binary_main_gawk (in /root/rboxc/target/gawk-source-ownership-candidate/release/rboxc)
==733386==    by 0x5A17600: (below main) (libc_start_call_main.h:59)
==733386== 
==733386== 11 bytes in 1 blocks are still reachable in loss record 57 of 211
==733386==    at 0x586D858: malloc (vg_replace_malloc.c:447)
==733386==    by 0x473EC57: rboxc_gawk_make_str_node (in /root/rboxc/target/gawk-source-ownership-candidate/release/rboxc)
==733386==    by 0x449072E: rboxc::applet_gawk::path_environ (in /root/rboxc/target/gawk-source-ownership-candidate/release/rboxc)
==733386==    by 0x449AE01: single_binary_main_gawk (in /root/rboxc/target/gawk-source-ownership-candidate/release/rboxc)
==733386==    by 0x5A17600: (below main) (libc_start_call_main.h:59)
==733386== 
==733386== 12 bytes in 1 blocks are still reachable in loss record 58 of 211
==733386==    at 0x586D858: malloc (vg_replace_malloc.c:447)
==733386==    by 0x473EC57: rboxc_gawk_make_str_node (in /root/rboxc/target/gawk-source-ownership-candidate/release/rboxc)
==733386==    by 0x474DBB7: rboxc_gawk_load_symbols (in /root/rboxc/target/gawk-source-ownership-candidate/release/rboxc)
==733386==    by 0x449B7FC: single_binary_main_gawk (in /root/rboxc/target/gawk-source-ownership-candidate/release/rboxc)
==733386==    by 0x5A17600: (below main) (libc_start_call_main.h:59)
==733386== 
==733386== 12 bytes in 1 blocks are still reachable in loss record 59 of 211
==733386==    at 0x586D858: malloc (vg_replace_malloc.c:447)
==733386==    by 0x4497860: rboxc_gawk_estrdup (in /root/rboxc/target/gawk-source-ownership-candidate/release/rboxc)
==733386==    by 0x474DC73: rboxc_gawk_load_symbols (in /root/rboxc/target/gawk-source-ownership-candidate/release/rboxc)
==733386==    by 0x449B7FC: single_binary_main_gawk (in /root/rboxc/target/gawk-source-ownership-candidate/release/rboxc)
==733386==    by 0x5A17600: (below main) (libc_start_call_main.h:59)
==733386== 
==733386== 14 bytes in 2 blocks are still reachable in loss record 60 of 211
==733386==    at 0x586D858: malloc (vg_replace_malloc.c:447)
==733386==    by 0x473EC57: rboxc_gawk_make_str_node (in /root/rboxc/target/gawk-source-ownership-candidate/release/rboxc)
==733386==    by 0x46F0A34: yylex (in /root/rboxc/target/gawk-source-ownership-candidate/release/rboxc)
==733386==    by 0x46F20DC: rboxc_gawk_yyparse (in /root/rboxc/target/gawk-source-ownership-candidate/release/rboxc)
==733386==    by 0x46F5FDA: rboxc_gawk_parse_program (in /root/rboxc/target/gawk-source-ownership-candidate/release/rboxc)
==733386==    by 0x449B724: single_binary_main_gawk (in /root/rboxc/target/gawk-source-ownership-candidate/release/rboxc)
==733386==    by 0x5A17600: (below main) (libc_start_call_main.h:59)
==733386== 
==733386== 24 bytes in 1 blocks are still reachable in loss record 61 of 211
==733386==    at 0x586D858: malloc (vg_replace_malloc.c:447)
==733386==    by 0x4499A59: single_binary_main_gawk (in /root/rboxc/target/gawk-source-ownership-candidate/release/rboxc)
==733386==    by 0x5A17600: (below main) (libc_start_call_main.h:59)
==733386== 
==733386== 24 bytes in 1 blocks are still reachable in loss record 62 of 211
==733386==    at 0x586D858: malloc (vg_replace_malloc.c:447)
==733386==    by 0x473EC57: rboxc_gawk_make_str_node (in /root/rboxc/target/gawk-source-ownership-candidate/release/rboxc)
==733386==    by 0x472B307: update_PROCINFO_str.part.0 (in /root/rboxc/target/gawk-source-ownership-candidate/release/rboxc)
==733386==    by 0x449A952: single_binary_main_gawk (in /root/rboxc/target/gawk-source-ownership-candidate/release/rboxc)
==733386==    by 0x5A17600: (below main) (libc_start_call_main.h:59)
==733386== 
==733386== 32 bytes in 1 blocks are still reachable in loss record 63 of 211
==733386==    at 0x586D858: malloc (vg_replace_malloc.c:447)
==733386==    by 0x471C157: fmt_index (in /root/rboxc/target/gawk-source-ownership-candidate/release/rboxc)
==733386==    by 0x471D246: rboxc_gawk_set_CONVFMT (in /root/rboxc/target/gawk-source-ownership-candidate/release/rboxc)
==733386==    by 0x449A768: single_binary_main_gawk (in /root/rboxc/target/gawk-source-ownership-candidate/release/rboxc)
==733386==    by 0x5A17600: (below main) (libc_start_call_main.h:59)
==733386== 
==733386== 39 bytes in 1 blocks are still reachable in loss record 64 of 211
==733386==    at 0x586D858: malloc (vg_replace_malloc.c:447)
==733386==    by 0x473EC57: rboxc_gawk_make_str_node (in /root/rboxc/target/gawk-source-ownership-candidate/release/rboxc)
==733386==    by 0x44907AE: rboxc::applet_gawk::path_environ (in /root/rboxc/target/gawk-source-ownership-candidate/release/rboxc)
==733386==    by 0x449AE01: single_binary_main_gawk (in /root/rboxc/target/gawk-source-ownership-candidate/release/rboxc)
==733386==    by 0x5A17600: (below main) (libc_start_call_main.h:59)
==733386== 
==733386== 42 bytes in 1 blocks are still reachable in loss record 65 of 211
==733386==    at 0x586D858: malloc (vg_replace_malloc.c:447)
==733386==    by 0x473EC57: rboxc_gawk_make_str_node (in /root/rboxc/target/gawk-source-ownership-candidate/release/rboxc)
==733386==    by 0x44907AE: rboxc::applet_gawk::path_environ (in /root/rboxc/target/gawk-source-ownership-candidate/release/rboxc)
==733386==    by 0x449ADEB: single_binary_main_gawk (in /root/rboxc/target/gawk-source-ownership-candidate/release/rboxc)
==733386==    by 0x5A17600: (below main) (libc_start_call_main.h:59)
==733386== 
==733386== 48 bytes in 1 blocks are still reachable in loss record 66 of 211
==733386==    at 0x586D858: malloc (vg_replace_malloc.c:447)
==733386==    by 0x473E7EB: rboxc_gawk_r_getblock (in /root/rboxc/target/gawk-source-ownership-candidate/release/rboxc)
==733386==    by 0x474C459: str_lookup (in /root/rboxc/target/gawk-source-ownership-candidate/release/rboxc)
==733386==    by 0x474CC6C: install (in /root/rboxc/target/gawk-source-ownership-candidate/release/rboxc)
==733386==    by 0x474CF49: init_the_tables (in /root/rboxc/target/gawk-source-ownership-candidate/release/rboxc)
==733386==    by 0x44999D0: single_binary_main_gawk (in /root/rboxc/target/gawk-source-ownership-candidate/release/rboxc)
==733386==    by 0x5A17600: (below main) (libc_start_call_main.h:59)
==733386== 
==733386== 48 bytes in 1 blocks are still reachable in loss record 67 of 211
==733386==    at 0x586D858: malloc (vg_replace_malloc.c:447)
==733386==    by 0x473E7EB: rboxc_gawk_r_getblock (in /root/rboxc/target/gawk-source-ownership-candidate/release/rboxc)
==733386==    by 0x474C459: str_lookup (in /root/rboxc/target/gawk-source-ownership-candidate/release/rboxc)
==733386==    by 0x474CC6C: install (in /root/rboxc/target/gawk-source-ownership-candidate/release/rboxc)
==733386==    by 0x474CF70: init_the_tables (in /root/rboxc/target/gawk-source-ownership-candidate/release/rboxc)
==733386==    by 0x44999D0: single_binary_main_gawk (in /root/rboxc/target/gawk-source-ownership-candidate/release/rboxc)
==733386==    by 0x5A17600: (below main) (libc_start_call_main.h:59)
==733386== 
==733386== 48 bytes in 1 blocks are still reachable in loss record 68 of 211
==733386==    at 0x586D858: malloc (vg_replace_malloc.c:447)
==733386==    by 0x473E7EB: rboxc_gawk_r_getblock (in /root/rboxc/target/gawk-source-ownership-candidate/release/rboxc)
==733386==    by 0x474C459: str_lookup (in /root/rboxc/target/gawk-source-ownership-candidate/release/rboxc)
==733386==    by 0x474CC6C: install (in /root/rboxc/target/gawk-source-ownership-candidate/release/rboxc)
==733386==    by 0x449A921: single_binary_main_gawk (in /root/rboxc/target/gawk-source-ownership-candidate/release/rboxc)
==733386==    by 0x5A17600: (below main) (libc_start_call_main.h:59)
==733386== 
==733386== 48 bytes in 1 blocks are still reachable in loss record 69 of 211
==733386==    at 0x586D858: malloc (vg_replace_malloc.c:447)
==733386==    by 0x473E7EB: rboxc_gawk_r_getblock (in /root/rboxc/target/gawk-source-ownership-candidate/release/rboxc)
==733386==    by 0x474C459: str_lookup (in /root/rboxc/target/gawk-source-ownership-candidate/release/rboxc)
==733386==    by 0x472B31E: update_PROCINFO_str.part.0 (in /root/rboxc/target/gawk-source-ownership-candidate/release/rboxc)
==733386==    by 0x449A942: single_binary_main_gawk (in /root/rboxc/target/gawk-source-ownership-candidate/release/rboxc)
==733386==    by 0x5A17600: (below main) (libc_start_call_main.h:59)
==733386== 
==733386== 48 bytes in 1 blocks are still reachable in loss record 70 of 211
==733386==    at 0x586D858: malloc (vg_replace_malloc.c:447)
==733386==    by 0x473E7EB: rboxc_gawk_r_getblock (in /root/rboxc/target/gawk-source-ownership-candidate/release/rboxc)
==733386==    by 0x474C459: str_lookup (in /root/rboxc/target/gawk-source-ownership-candidate/release/rboxc)
==733386==    by 0x472B31E: update_PROCINFO_str.part.0 (in /root/rboxc/target/gawk-source-ownership-candidate/release/rboxc)
==733386==    by 0x449A952: single_binary_main_gawk (in /root/rboxc/target/gawk-source-ownership-candidate/release/rboxc)
==733386==    by 0x5A17600: (below main) (libc_start_call_main.h:59)
==733386== 
==733386== 48 bytes in 1 blocks are still reachable in loss record 71 of 211
==733386==    at 0x586D858: malloc (vg_replace_malloc.c:447)
==733386==    by 0x473E7EB: rboxc_gawk_r_getblock (in /root/rboxc/target/gawk-source-ownership-candidate/release/rboxc)
==733386==    by 0x474C459: str_lookup (in /root/rboxc/target/gawk-source-ownership-candidate/release/rboxc)
==733386==    by 0x472B31E: update_PROCINFO_str.part.0 (in /root/rboxc/target/gawk-source-ownership-candidate/release/rboxc)
==733386==    by 0x449A962: single_binary_main_gawk (in /root/rboxc/target/gawk-source-ownership-candidate/release/rboxc)
==733386==    by 0x5A17600: (below main) (libc_start_call_main.h:59)
==733386== 
==733386== 48 bytes in 1 blocks are still reachable in loss record 72 of 211
==733386==    at 0x586D858: malloc (vg_replace_malloc.c:447)
==733386==    by 0x473E7EB: rboxc_gawk_r_getblock (in /root/rboxc/target/gawk-source-ownership-candidate/release/rboxc)
==733386==    by 0x474C459: str_lookup (in /root/rboxc/target/gawk-source-ownership-candidate/release/rboxc)
==733386==    by 0x472E7AA: rboxc_gawk_update_PROCINFO_num (in /root/rboxc/target/gawk-source-ownership-candidate/release/rboxc)
==733386==    by 0x449A97B: single_binary_main_gawk (in /root/rboxc/target/gawk-source-ownership-candidate/release/rboxc)
==733386==    by 0x5A17600: (below main) (libc_start_call_main.h:59)
==733386== 
==733386== 48 bytes in 1 blocks are still reachable in loss record 73 of 211
==733386==    at 0x586D858: malloc (vg_replace_malloc.c:447)
==733386==    by 0x473E7EB: rboxc_gawk_r_getblock (in /root/rboxc/target/gawk-source-ownership-candidate/release/rboxc)
==733386==    by 0x474C459: str_lookup (in /root/rboxc/target/gawk-source-ownership-candidate/release/rboxc)
==733386==    by 0x472E7AA: rboxc_gawk_update_PROCINFO_num (in /root/rboxc/target/gawk-source-ownership-candidate/release/rboxc)
==733386==    by 0x449A98D: single_binary_main_gawk (in /root/rboxc/target/gawk-source-ownership-candidate/release/rboxc)
==733386==    by 0x5A17600: (below main) (libc_start_call_main.h:59)
==733386== 
==733386== 48 bytes in 1 blocks are still reachable in loss record 74 of 211
==733386==    at 0x586D858: malloc (vg_replace_malloc.c:447)
==733386==    by 0x473E7EB: rboxc_gawk_r_getblock (in /root/rboxc/target/gawk-source-ownership-candidate/release/rboxc)
==733386==    by 0x474C459: str_lookup (in /root/rboxc/target/gawk-source-ownership-candidate/release/rboxc)
==733386==    by 0x472E7AA: rboxc_gawk_update_PROCINFO_num (in /root/rboxc/target/gawk-source-ownership-candidate/release/rboxc)
==733386==    by 0x449A9A4: single_binary_main_gawk (in /root/rboxc/target/gawk-source-ownership-candidate/release/rboxc)
==733386==    by 0x5A17600: (below main) (libc_start_call_main.h:59)
==733386== 
==733386== 48 bytes in 1 blocks are still reachable in loss record 75 of 211
==733386==    at 0x586D858: malloc (vg_replace_malloc.c:447)
==733386==    by 0x473E7EB: rboxc_gawk_r_getblock (in /root/rboxc/target/gawk-source-ownership-candidate/release/rboxc)
==733386==    by 0x474C459: str_lookup (in /root/rboxc/target/gawk-source-ownership-candidate/release/rboxc)
==733386==    by 0x472E7AA: rboxc_gawk_update_PROCINFO_num (in /root/rboxc/target/gawk-source-ownership-candidate/release/rboxc)
==733386==    by 0x449A9BB: single_binary_main_gawk (in /root/rboxc/target/gawk-source-ownership-candidate/release/rboxc)
==733386==    by 0x5A17600: (below main) (libc_start_call_main.h:59)
==733386== 
==733386== 48 bytes in 1 blocks are still reachable in loss record 76 of 211
==733386==    at 0x586D858: malloc (vg_replace_malloc.c:447)
==733386==    by 0x473E7EB: rboxc_gawk_r_getblock (in /root/rboxc/target/gawk-source-ownership-candidate/release/rboxc)
==733386==    by 0x474C459: str_lookup (in /root/rboxc/target/gawk-source-ownership-candidate/release/rboxc)
==733386==    by 0x472E7AA: rboxc_gawk_update_PROCINFO_num (in /root/rboxc/target/gawk-source-ownership-candidate/release/rboxc)
==733386==    by 0x449A9D2: single_binary_main_gawk (in /root/rboxc/target/gawk-source-ownership-candidate/release/rboxc)
==733386==    by 0x5A17600: (below main) (libc_start_call_main.h:59)
==733386== 
==733386== 48 bytes in 1 blocks are still reachable in loss record 77 of 211
==733386==    at 0x586D858: malloc (vg_replace_malloc.c:447)
==733386==    by 0x473E7EB: rboxc_gawk_r_getblock (in /root/rboxc/target/gawk-source-ownership-candidate/release/rboxc)
==733386==    by 0x474C459: str_lookup (in /root/rboxc/target/gawk-source-ownership-candidate/release/rboxc)
==733386==    by 0x472E7AA: rboxc_gawk_update_PROCINFO_num (in /root/rboxc/target/gawk-source-ownership-candidate/release/rboxc)
==733386==    by 0x449A9EC: single_binary_main_gawk (in /root/rboxc/target/gawk-source-ownership-candidate/release/rboxc)
==733386==    by 0x5A17600: (below main) (libc_start_call_main.h:59)
==733386== 
==733386== 48 bytes in 1 blocks are still reachable in loss record 78 of 211
==733386==    at 0x586D858: malloc (vg_replace_malloc.c:447)
==733386==    by 0x473E7EB: rboxc_gawk_r_getblock (in /root/rboxc/target/gawk-source-ownership-candidate/release/rboxc)
==733386==    by 0x474C459: str_lookup (in /root/rboxc/target/gawk-source-ownership-candidate/release/rboxc)
==733386==    by 0x472E7AA: rboxc_gawk_update_PROCINFO_num (in /root/rboxc/target/gawk-source-ownership-candidate/release/rboxc)
==733386==    by 0x449AA06: single_binary_main_gawk (in /root/rboxc/target/gawk-source-ownership-candidate/release/rboxc)
==733386==    by 0x5A17600: (below main) (libc_start_call_main.h:59)
==733386== 
==733386== 48 bytes in 1 blocks are still reachable in loss record 79 of 211
==733386==    at 0x586D858: malloc (vg_replace_malloc.c:447)
==733386==    by 0x473E7EB: rboxc_gawk_r_getblock (in /root/rboxc/target/gawk-source-ownership-candidate/release/rboxc)
==733386==    by 0x474C459: str_lookup (in /root/rboxc/target/gawk-source-ownership-candidate/release/rboxc)
==733386==    by 0x472E7AA: rboxc_gawk_update_PROCINFO_num (in /root/rboxc/target/gawk-source-ownership-candidate/release/rboxc)
==733386==    by 0x449AA20: single_binary_main_gawk (in /root/rboxc/target/gawk-source-ownership-candidate/release/rboxc)
==733386==    by 0x5A17600: (below main) (libc_start_call_main.h:59)
==733386== 
==733386== 48 bytes in 1 blocks are still reachable in loss record 80 of 211
==733386==    at 0x586D858: malloc (vg_replace_malloc.c:447)
==733386==    by 0x473E7EB: rboxc_gawk_r_getblock (in /root/rboxc/target/gawk-source-ownership-candidate/release/rboxc)
==733386==    by 0x474C459: str_lookup (in /root/rboxc/target/gawk-source-ownership-candidate/release/rboxc)
==733386==    by 0x472E7AA: rboxc_gawk_update_PROCINFO_num (in /root/rboxc/target/gawk-source-ownership-candidate/release/rboxc)
==733386==    by 0x449AA3A: single_binary_main_gawk (in /root/rboxc/target/gawk-source-ownership-candidate/release/rboxc)
==733386==    by 0x5A17600: (below main) (libc_start_call_main.h:59)
==733386== 
==733386== 48 bytes in 1 blocks are still reachable in loss record 81 of 211
==733386==    at 0x586D858: malloc (vg_replace_malloc.c:447)
==733386==    by 0x473E7EB: rboxc_gawk_r_getblock (in /root/rboxc/target/gawk-source-ownership-candidate/release/rboxc)
==733386==    by 0x474C459: str_lookup (in /root/rboxc/target/gawk-source-ownership-candidate/release/rboxc)
==733386==    by 0x472B31E: update_PROCINFO_str.part.0 (in /root/rboxc/target/gawk-source-ownership-candidate/release/rboxc)
==733386==    by 0x449AA4C: single_binary_main_gawk (in /root/rboxc/target/gawk-source-ownership-candidate/release/rboxc)
==733386==    by 0x5A17600: (below main) (libc_start_call_main.h:59)
==733386== 
==733386== 48 bytes in 1 blocks are still reachable in loss record 82 of 211
==733386==    at 0x586D858: malloc (vg_replace_malloc.c:447)
==733386==    by 0x473E7EB: rboxc_gawk_r_getblock (in /root/rboxc/target/gawk-source-ownership-candidate/release/rboxc)
==733386==    by 0x474C459: str_lookup (in /root/rboxc/target/gawk-source-ownership-candidate/release/rboxc)
==733386==    by 0x472B31E: update_PROCINFO_str.part.0 (in /root/rboxc/target/gawk-source-ownership-candidate/release/rboxc)
==733386==    by 0x449ABD8: single_binary_main_gawk (in /root/rboxc/target/gawk-source-ownership-candidate/release/rboxc)
==733386==    by 0x5A17600: (below main) (libc_start_call_main.h:59)
==733386== 
==733386== 48 bytes in 1 blocks are still reachable in loss record 83 of 211
==733386==    at 0x586D858: malloc (vg_replace_malloc.c:447)
==733386==    by 0x473E7EB: rboxc_gawk_r_getblock (in /root/rboxc/target/gawk-source-ownership-candidate/release/rboxc)
==733386==    by 0x474C459: str_lookup (in /root/rboxc/target/gawk-source-ownership-candidate/release/rboxc)
==733386==    by 0x44911A2: rboxc::applet_gawk::assoc_set (in /root/rboxc/target/gawk-source-ownership-candidate/release/rboxc)
==733386==    by 0x449ACFA: single_binary_main_gawk (in /root/rboxc/target/gawk-source-ownership-candidate/release/rboxc)
==733386==    by 0x5A17600: (below main) (libc_start_call_main.h:59)
==733386== 
==733386== 48 bytes in 1 blocks are still reachable in loss record 84 of 211
==733386==    at 0x586D858: malloc (vg_replace_malloc.c:447)
==733386==    by 0x473E7EB: rboxc_gawk_r_getblock (in /root/rboxc/target/gawk-source-ownership-candidate/release/rboxc)
==733386==    by 0x474C459: str_lookup (in /root/rboxc/target/gawk-source-ownership-candidate/release/rboxc)
==733386==    by 0x474CC6C: install (in /root/rboxc/target/gawk-source-ownership-candidate/release/rboxc)
==733386==    by 0x449ADAD: single_binary_main_gawk (in /root/rboxc/target/gawk-source-ownership-candidate/release/rboxc)
==733386==    by 0x5A17600: (below main) (libc_start_call_main.h:59)
==733386== 
==733386== 48 bytes in 1 blocks are still reachable in loss record 85 of 211
==733386==    at 0x586D858: malloc (vg_replace_malloc.c:447)
==733386==    by 0x473E7EB: rboxc_gawk_r_getblock (in /root/rboxc/target/gawk-source-ownership-candidate/release/rboxc)
==733386==    by 0x474C459: str_lookup (in /root/rboxc/target/gawk-source-ownership-candidate/release/rboxc)
==733386==    by 0x4490766: rboxc::applet_gawk::path_environ (in /root/rboxc/target/gawk-source-ownership-candidate/release/rboxc)
==733386==    by 0x449ADEB: single_binary_main_gawk (in /root/rboxc/target/gawk-source-ownership-candidate/release/rboxc)
==733386==    by 0x5A17600: (below main) (libc_start_call_main.h:59)
==733386== 
==733386== 48 bytes in 1 blocks are still reachable in loss record 86 of 211
==733386==    at 0x586D858: malloc (vg_replace_malloc.c:447)
==733386==    by 0x473E7EB: rboxc_gawk_r_getblock (in /root/rboxc/target/gawk-source-ownership-candidate/release/rboxc)
==733386==    by 0x474C459: str_lookup (in /root/rboxc/target/gawk-source-ownership-candidate/release/rboxc)
==733386==    by 0x4490766: rboxc::applet_gawk::path_environ (in /root/rboxc/target/gawk-source-ownership-candidate/release/rboxc)
==733386==    by 0x449AE01: single_binary_main_gawk (in /root/rboxc/target/gawk-source-ownership-candidate/release/rboxc)
==733386==    by 0x5A17600: (below main) (libc_start_call_main.h:59)
==733386== 
==733386== 48 bytes in 1 blocks are still reachable in loss record 87 of 211
==733386==    at 0x586D858: malloc (vg_replace_malloc.c:447)
==733386==    by 0x473E7EB: rboxc_gawk_r_getblock (in /root/rboxc/target/gawk-source-ownership-candidate/release/rboxc)
==733386==    by 0x474C459: str_lookup (in /root/rboxc/target/gawk-source-ownership-candidate/release/rboxc)
==733386==    by 0x474CC6C: install (in /root/rboxc/target/gawk-source-ownership-candidate/release/rboxc)
==733386==    by 0x449B3D8: single_binary_main_gawk (in /root/rboxc/target/gawk-source-ownership-candidate/release/rboxc)
==733386==    by 0x5A17600: (below main) (libc_start_call_main.h:59)
==733386== 
==733386== 48 bytes in 1 blocks are still reachable in loss record 88 of 211
==733386==    at 0x586D858: malloc (vg_replace_malloc.c:447)
==733386==    by 0x473E7EB: rboxc_gawk_r_getblock (in /root/rboxc/target/gawk-source-ownership-candidate/release/rboxc)
==733386==    by 0x474C459: str_lookup (in /root/rboxc/target/gawk-source-ownership-candidate/release/rboxc)
==733386==    by 0x474CC6C: install (in /root/rboxc/target/gawk-source-ownership-candidate/release/rboxc)
==733386==    by 0x449B6B3: single_binary_main_gawk (in /root/rboxc/target/gawk-source-ownership-candidate/release/rboxc)
==733386==    by 0x5A17600: (below main) (libc_start_call_main.h:59)
==733386== 
==733386== 48 bytes in 1 blocks are still reachable in loss record 89 of 211
==733386==    at 0x586D858: malloc (vg_replace_malloc.c:447)
==733386==    by 0x46F65BE: rboxc_gawk_parse_program (in /root/rboxc/target/gawk-source-ownership-candidate/release/rboxc)
==733386==    by 0x449B724: single_binary_main_gawk (in /root/rboxc/target/gawk-source-ownership-candidate/release/rboxc)
==733386==    by 0x5A17600: (below main) (libc_start_call_main.h:59)
==733386== 
==733386== 48 bytes in 1 blocks are still reachable in loss record 90 of 211
==733386==    at 0x586D858: malloc (vg_replace_malloc.c:447)
==733386==    by 0x473E7EB: rboxc_gawk_r_getblock (in /root/rboxc/target/gawk-source-ownership-candidate/release/rboxc)
==733386==    by 0x474C459: str_lookup (in /root/rboxc/target/gawk-source-ownership-candidate/release/rboxc)
==733386==    by 0x474DBCA: rboxc_gawk_load_symbols (in /root/rboxc/target/gawk-source-ownership-candidate/release/rboxc)
==733386==    by 0x449B7FC: single_binary_main_gawk (in /root/rboxc/target/gawk-source-ownership-candidate/release/rboxc)
==733386==    by 0x5A17600: (below main) (libc_start_call_main.h:59)
==733386== 
==733386== 49 bytes in 14 blocks are still reachable in loss record 91 of 211
==733386==    at 0x586D858: malloc (vg_replace_malloc.c:447)
==733386==    by 0x473EC57: rboxc_gawk_make_str_node (in /root/rboxc/target/gawk-source-ownership-candidate/release/rboxc)
==733386==    by 0x449A72A: single_binary_main_gawk (in /root/rboxc/target/gawk-source-ownership-candidate/release/rboxc)
==733386==    by 0x5A17600: (below main) (libc_start_call_main.h:59)
==733386== 
==733386== 60 bytes in 1 blocks are still reachable in loss record 92 of 211
==733386==    at 0x586D858: malloc (vg_replace_malloc.c:447)
==733386==    by 0x46EA71C: tokexpand (in /root/rboxc/target/gawk-source-ownership-candidate/release/rboxc)
==733386==    by 0x46F6886: rboxc_gawk_parse_program (in /root/rboxc/target/gawk-source-ownership-candidate/release/rboxc)
==733386==    by 0x449B724: single_binary_main_gawk (in /root/rboxc/target/gawk-source-ownership-candidate/release/rboxc)
==733386==    by 0x5A17600: (below main) (libc_start_call_main.h:59)
==733386== 
==733386== 64 bytes in 1 blocks are still reachable in loss record 93 of 211
==733386==    at 0x586D858: malloc (vg_replace_malloc.c:447)
==733386==    by 0x4740A2F: rboxc_gawk_format_args (in /root/rboxc/target/gawk-source-ownership-candidate/release/rboxc)
==733386==    by 0x4743E14: printf_common (in /root/rboxc/target/gawk-source-ownership-candidate/release/rboxc)
==733386==    by 0x47440C4: rboxc_gawk_do_sprintf (in /root/rboxc/target/gawk-source-ownership-candidate/release/rboxc)
==733386==    by 0x4725F3C: rboxc_gawk_r_interpret (in /root/rboxc/target/gawk-source-ownership-candidate/release/rboxc)
==733386==    by 0x449B883: single_binary_main_gawk (in /root/rboxc/target/gawk-source-ownership-candidate/release/rboxc)
==733386==    by 0x5A17600: (below main) (libc_start_call_main.h:59)
==733386== 
==733386== 88 bytes in 1 blocks are still reachable in loss record 94 of 211
==733386==    at 0x586D858: malloc (vg_replace_malloc.c:447)
==733386==    by 0x473E7EB: rboxc_gawk_r_getblock (in /root/rboxc/target/gawk-source-ownership-candidate/release/rboxc)
==733386==    by 0x473EBC1: rboxc_gawk_make_str_node (in /root/rboxc/target/gawk-source-ownership-candidate/release/rboxc)
==733386==    by 0x44998FC: single_binary_main_gawk (in /root/rboxc/target/gawk-source-ownership-candidate/release/rboxc)
==733386==    by 0x5A17600: (below main) (libc_start_call_main.h:59)
==733386== 
==733386== 88 bytes in 1 blocks are still reachable in loss record 95 of 211
==733386==    at 0x586D858: malloc (vg_replace_malloc.c:447)
==733386==    by 0x473E7EB: rboxc_gawk_r_getblock (in /root/rboxc/target/gawk-source-ownership-candidate/release/rboxc)
==733386==    by 0x474CEA7: init_the_tables (in /root/rboxc/target/gawk-source-ownership-candidate/release/rboxc)
==733386==    by 0x44999D0: single_binary_main_gawk (in /root/rboxc/target/gawk-source-ownership-candidate/release/rboxc)
==733386==    by 0x5A17600: (below main) (libc_start_call_main.h:59)
==733386== 
==733386== 88 bytes in 1 blocks are still reachable in loss record 96 of 211
==733386==    at 0x586D858: malloc (vg_replace_malloc.c:447)
==733386==    by 0x473E7EB: rboxc_gawk_r_getblock (in /root/rboxc/target/gawk-source-ownership-candidate/release/rboxc)
==733386==    by 0x474CEE8: init_the_tables (in /root/rboxc/target/gawk-source-ownership-candidate/release/rboxc)
==733386==    by 0x44999D0: single_binary_main_gawk (in /root/rboxc/target/gawk-source-ownership-candidate/release/rboxc)
==733386==    by 0x5A17600: (below main) (libc_start_call_main.h:59)
==733386== 
==733386== 88 bytes in 1 blocks are still reachable in loss record 97 of 211
==733386==    at 0x586D858: malloc (vg_replace_malloc.c:447)
==733386==    by 0x473E7EB: rboxc_gawk_r_getblock (in /root/rboxc/target/gawk-source-ownership-candidate/release/rboxc)
==733386==    by 0x473EBC1: rboxc_gawk_make_str_node (in /root/rboxc/target/gawk-source-ownership-candidate/release/rboxc)
==733386==    by 0x474CC35: install (in /root/rboxc/target/gawk-source-ownership-candidate/release/rboxc)
==733386==    by 0x474CF49: init_the_tables (in /root/rboxc/target/gawk-source-ownership-candidate/release/rboxc)
==733386==    by 0x44999D0: single_binary_main_gawk (in /root/rboxc/target/gawk-source-ownership-candidate/release/rboxc)
==733386==    by 0x5A17600: (below main) (libc_start_call_main.h:59)
==733386== 
==733386== 88 bytes in 1 blocks are still reachable in loss record 98 of 211
==733386==    at 0x586D858: malloc (vg_replace_malloc.c:447)
==733386==    by 0x473E7EB: rboxc_gawk_r_getblock (in /root/rboxc/target/gawk-source-ownership-candidate/release/rboxc)
==733386==    by 0x474CD13: install (in /root/rboxc/target/gawk-source-ownership-candidate/release/rboxc)
==733386==    by 0x474CF49: init_the_tables (in /root/rboxc/target/gawk-source-ownership-candidate/release/rboxc)
==733386==    by 0x44999D0: single_binary_main_gawk (in /root/rboxc/target/gawk-source-ownership-candidate/release/rboxc)
==733386==    by 0x5A17600: (below main) (libc_start_call_main.h:59)
==733386== 
==733386== 88 bytes in 1 blocks are still reachable in loss record 99 of 211
==733386==    at 0x586D858: malloc (vg_replace_malloc.c:447)
==733386==    by 0x473E7EB: rboxc_gawk_r_getblock (in /root/rboxc/target/gawk-source-ownership-candidate/release/rboxc)
==733386==    by 0x473EBC1: rboxc_gawk_make_str_node (in /root/rboxc/target/gawk-source-ownership-candidate/release/rboxc)
==733386==    by 0x474CC35: install (in /root/rboxc/target/gawk-source-ownership-candidate/release/rboxc)
==733386==    by 0x474CF70: init_the_tables (in /root/rboxc/target/gawk-source-ownership-candidate/release/rboxc)
==733386==    by 0x44999D0: single_binary_main_gawk (in /root/rboxc/target/gawk-source-ownership-candidate/release/rboxc)
==733386==    by 0x5A17600: (below main) (libc_start_call_main.h:59)
==733386== 
==733386== 88 bytes in 1 blocks are still reachable in loss record 100 of 211
==733386==    at 0x586D858: malloc (vg_replace_malloc.c:447)
==733386==    by 0x473E7EB: rboxc_gawk_r_getblock (in /root/rboxc/target/gawk-source-ownership-candidate/release/rboxc)
==733386==    by 0x474CD13: install (in /root/rboxc/target/gawk-source-ownership-candidate/release/rboxc)
==733386==    by 0x474CF70: init_the_tables (in /root/rboxc/target/gawk-source-ownership-candidate/release/rboxc)
==733386==    by 0x44999D0: single_binary_main_gawk (in /root/rboxc/target/gawk-source-ownership-candidate/release/rboxc)
==733386==    by 0x5A17600: (below main) (libc_start_call_main.h:59)
==733386== 
==733386== 88 bytes in 1 blocks are still reachable in loss record 101 of 211
==733386==    at 0x586D858: malloc (vg_replace_malloc.c:447)
==733386==    by 0x473E7EB: rboxc_gawk_r_getblock (in /root/rboxc/target/gawk-source-ownership-candidate/release/rboxc)
==733386==    by 0x473EBC1: rboxc_gawk_make_str_node (in /root/rboxc/target/gawk-source-ownership-candidate/release/rboxc)
==733386==    by 0x474CC35: install (in /root/rboxc/target/gawk-source-ownership-candidate/release/rboxc)
==733386==    by 0x449A921: single_binary_main_gawk (in /root/rboxc/target/gawk-source-ownership-candidate/release/rboxc)
==733386==    by 0x5A17600: (below main) (libc_start_call_main.h:59)
==733386== 
==733386== 88 bytes in 1 blocks are still reachable in loss record 102 of 211
==733386==    at 0x586D858: malloc (vg_replace_malloc.c:447)
==733386==    by 0x473E7EB: rboxc_gawk_r_getblock (in /root/rboxc/target/gawk-source-ownership-candidate/release/rboxc)
==733386==    by 0x474CD13: install (in /root/rboxc/target/gawk-source-ownership-candidate/release/rboxc)
==733386==    by 0x449A921: single_binary_main_gawk (in /root/rboxc/target/gawk-source-ownership-candidate/release/rboxc)
==733386==    by 0x5A17600: (below main) (libc_start_call_main.h:59)
==733386== 
==733386== 88 bytes in 1 blocks are still reachable in loss record 103 of 211
==733386==    at 0x586D858: malloc (vg_replace_malloc.c:447)
==733386==    by 0x473E7EB: rboxc_gawk_r_getblock (in /root/rboxc/target/gawk-source-ownership-candidate/release/rboxc)
==733386==    by 0x473EBC1: rboxc_gawk_make_str_node (in /root/rboxc/target/gawk-source-ownership-candidate/release/rboxc)
==733386==    by 0x472B2EF: update_PROCINFO_str.part.0 (in /root/rboxc/target/gawk-source-ownership-candidate/release/rboxc)
==733386==    by 0x449A942: single_binary_main_gawk (in /root/rboxc/target/gawk-source-ownership-candidate/release/rboxc)
==733386==    by 0x5A17600: (below main) (libc_start_call_main.h:59)
==733386== 
==733386== 88 bytes in 1 blocks are still reachable in loss record 104 of 211
==733386==    at 0x586D858: malloc (vg_replace_malloc.c:447)
==733386==    by 0x473E7EB: rboxc_gawk_r_getblock (in /root/rboxc/target/gawk-source-ownership-candidate/release/rboxc)
==733386==    by 0x473EBC1: rboxc_gawk_make_str_node (in /root/rboxc/target/gawk-source-ownership-candidate/release/rboxc)
==733386==    by 0x472B307: update_PROCINFO_str.part.0 (in /root/rboxc/target/gawk-source-ownership-candidate/release/rboxc)
==733386==    by 0x449A942: single_binary_main_gawk (in /root/rboxc/target/gawk-source-ownership-candidate/release/rboxc)
==733386==    by 0x5A17600: (below main) (libc_start_call_main.h:59)
==733386== 
==733386== 88 bytes in 1 blocks are still reachable in loss record 105 of 211
==733386==    at 0x586D858: malloc (vg_replace_malloc.c:447)
==733386==    by 0x473E7EB: rboxc_gawk_r_getblock (in /root/rboxc/target/gawk-source-ownership-candidate/release/rboxc)
==733386==    by 0x473EBC1: rboxc_gawk_make_str_node (in /root/rboxc/target/gawk-source-ownership-candidate/release/rboxc)
==733386==    by 0x472B2EF: update_PROCINFO_str.part.0 (in /root/rboxc/target/gawk-source-ownership-candidate/release/rboxc)
==733386==    by 0x449A952: single_binary_main_gawk (in /root/rboxc/target/gawk-source-ownership-candidate/release/rboxc)
==733386==    by 0x5A17600: (below main) (libc_start_call_main.h:59)
==733386== 
==733386== 88 bytes in 1 blocks are still reachable in loss record 106 of 211
==733386==    at 0x586D858: malloc (vg_replace_malloc.c:447)
==733386==    by 0x473E7EB: rboxc_gawk_r_getblock (in /root/rboxc/target/gawk-source-ownership-candidate/release/rboxc)
==733386==    by 0x473EBC1: rboxc_gawk_make_str_node (in /root/rboxc/target/gawk-source-ownership-candidate/release/rboxc)
==733386==    by 0x472B307: update_PROCINFO_str.part.0 (in /root/rboxc/target/gawk-source-ownership-candidate/release/rboxc)
==733386==    by 0x449A952: single_binary_main_gawk (in /root/rboxc/target/gawk-source-ownership-candidate/release/rboxc)
==733386==    by 0x5A17600: (below main) (libc_start_call_main.h:59)
==733386== 
==733386== 88 bytes in 1 blocks are still reachable in loss record 107 of 211
==733386==    at 0x586D858: malloc (vg_replace_malloc.c:447)
==733386==    by 0x473E7EB: rboxc_gawk_r_getblock (in /root/rboxc/target/gawk-source-ownership-candidate/release/rboxc)
==733386==    by 0x473EBC1: rboxc_gawk_make_str_node (in /root/rboxc/target/gawk-source-ownership-candidate/release/rboxc)
==733386==    by 0x472B2EF: update_PROCINFO_str.part.0 (in /root/rboxc/target/gawk-source-ownership-candidate/release/rboxc)
==733386==    by 0x449A962: single_binary_main_gawk (in /root/rboxc/target/gawk-source-ownership-candidate/release/rboxc)
==733386==    by 0x5A17600: (below main) (libc_start_call_main.h:59)
==733386== 
==733386== 88 bytes in 1 blocks are still reachable in loss record 108 of 211
==733386==    at 0x586D858: malloc (vg_replace_malloc.c:447)
==733386==    by 0x473E7EB: rboxc_gawk_r_getblock (in /root/rboxc/target/gawk-source-ownership-candidate/release/rboxc)
==733386==    by 0x473EBC1: rboxc_gawk_make_str_node (in /root/rboxc/target/gawk-source-ownership-candidate/release/rboxc)
==733386==    by 0x472B307: update_PROCINFO_str.part.0 (in /root/rboxc/target/gawk-source-ownership-candidate/release/rboxc)
==733386==    by 0x449A962: single_binary_main_gawk (in /root/rboxc/target/gawk-source-ownership-candidate/release/rboxc)
==733386==    by 0x5A17600: (below main) (libc_start_call_main.h:59)
==733386== 
==733386== 88 bytes in 1 blocks are still reachable in loss record 109 of 211
==733386==    at 0x586D858: malloc (vg_replace_malloc.c:447)
==733386==    by 0x473E7EB: rboxc_gawk_r_getblock (in /root/rboxc/target/gawk-source-ownership-candidate/release/rboxc)
==733386==    by 0x473EBC1: rboxc_gawk_make_str_node (in /root/rboxc/target/gawk-source-ownership-candidate/release/rboxc)
==733386==    by 0x472E784: rboxc_gawk_update_PROCINFO_num (in /root/rboxc/target/gawk-source-ownership-candidate/release/rboxc)
==733386==    by 0x449A97B: single_binary_main_gawk (in /root/rboxc/target/gawk-source-ownership-candidate/release/rboxc)
==733386==    by 0x5A17600: (below main) (libc_start_call_main.h:59)
==733386== 
==733386== 88 bytes in 1 blocks are still reachable in loss record 110 of 211
==733386==    at 0x586D858: malloc (vg_replace_malloc.c:447)
==733386==    by 0x473E7EB: rboxc_gawk_r_getblock (in /root/rboxc/target/gawk-source-ownership-candidate/release/rboxc)
==733386==    by 0x473F130: r_make_number (in /root/rboxc/target/gawk-source-ownership-candidate/release/rboxc)
==733386==    by 0x472E793: rboxc_gawk_update_PROCINFO_num (in /root/rboxc/target/gawk-source-ownership-candidate/release/rboxc)
==733386==    by 0x449A97B: single_binary_main_gawk (in /root/rboxc/target/gawk-source-ownership-candidate/release/rboxc)
==733386==    by 0x5A17600: (below main) (libc_start_call_main.h:59)
==733386== 
==733386== 88 bytes in 1 blocks are still reachable in loss record 111 of 211
==733386==    at 0x586D858: malloc (vg_replace_malloc.c:447)
==733386==    by 0x473E7EB: rboxc_gawk_r_getblock (in /root/rboxc/target/gawk-source-ownership-candidate/release/rboxc)
==733386==    by 0x473EBC1: rboxc_gawk_make_str_node (in /root/rboxc/target/gawk-source-ownership-candidate/release/rboxc)
==733386==    by 0x472E784: rboxc_gawk_update_PROCINFO_num (in /root/rboxc/target/gawk-source-ownership-candidate/release/rboxc)
==733386==    by 0x449A98D: single_binary_main_gawk (in /root/rboxc/target/gawk-source-ownership-candidate/release/rboxc)
==733386==    by 0x5A17600: (below main) (libc_start_call_main.h:59)
==733386== 
==733386== 88 bytes in 1 blocks are still reachable in loss record 112 of 211
==733386==    at 0x586D858: malloc (vg_replace_malloc.c:447)
==733386==    by 0x473E7EB: rboxc_gawk_r_getblock (in /root/rboxc/target/gawk-source-ownership-candidate/release/rboxc)
==733386==    by 0x473F130: r_make_number (in /root/rboxc/target/gawk-source-ownership-candidate/release/rboxc)
==733386==    by 0x472E793: rboxc_gawk_update_PROCINFO_num (in /root/rboxc/target/gawk-source-ownership-candidate/release/rboxc)
==733386==    by 0x449A98D: single_binary_main_gawk (in /root/rboxc/target/gawk-source-ownership-candidate/release/rboxc)
==733386==    by 0x5A17600: (below main) (libc_start_call_main.h:59)
==733386== 
==733386== 88 bytes in 1 blocks are still reachable in loss record 113 of 211
==733386==    at 0x586D858: malloc (vg_replace_malloc.c:447)
==733386==    by 0x473E7EB: rboxc_gawk_r_getblock (in /root/rboxc/target/gawk-source-ownership-candidate/release/rboxc)
==733386==    by 0x473EBC1: rboxc_gawk_make_str_node (in /root/rboxc/target/gawk-source-ownership-candidate/release/rboxc)
==733386==    by 0x472E784: rboxc_gawk_update_PROCINFO_num (in /root/rboxc/target/gawk-source-ownership-candidate/release/rboxc)
==733386==    by 0x449A9A4: single_binary_main_gawk (in /root/rboxc/target/gawk-source-ownership-candidate/release/rboxc)
==733386==    by 0x5A17600: (below main) (libc_start_call_main.h:59)
==733386== 
==733386== 88 bytes in 1 blocks are still reachable in loss record 114 of 211
==733386==    at 0x586D858: malloc (vg_replace_malloc.c:447)
==733386==    by 0x473E7EB: rboxc_gawk_r_getblock (in /root/rboxc/target/gawk-source-ownership-candidate/release/rboxc)
==733386==    by 0x473F130: r_make_number (in /root/rboxc/target/gawk-source-ownership-candidate/release/rboxc)
==733386==    by 0x472E793: rboxc_gawk_update_PROCINFO_num (in /root/rboxc/target/gawk-source-ownership-candidate/release/rboxc)
==733386==    by 0x449A9A4: single_binary_main_gawk (in /root/rboxc/target/gawk-source-ownership-candidate/release/rboxc)
==733386==    by 0x5A17600: (below main) (libc_start_call_main.h:59)
==733386== 
==733386== 88 bytes in 1 blocks are still reachable in loss record 115 of 211
==733386==    at 0x586D858: malloc (vg_replace_malloc.c:447)
==733386==    by 0x473E7EB: rboxc_gawk_r_getblock (in /root/rboxc/target/gawk-source-ownership-candidate/release/rboxc)
==733386==    by 0x473EBC1: rboxc_gawk_make_str_node (in /root/rboxc/target/gawk-source-ownership-candidate/release/rboxc)
==733386==    by 0x472E784: rboxc_gawk_update_PROCINFO_num (in /root/rboxc/target/gawk-source-ownership-candidate/release/rboxc)
==733386==    by 0x449A9BB: single_binary_main_gawk (in /root/rboxc/target/gawk-source-ownership-candidate/release/rboxc)
==733386==    by 0x5A17600: (below main) (libc_start_call_main.h:59)
==733386== 
==733386== 88 bytes in 1 blocks are still reachable in loss record 116 of 211
==733386==    at 0x586D858: malloc (vg_replace_malloc.c:447)
==733386==    by 0x473E7EB: rboxc_gawk_r_getblock (in /root/rboxc/target/gawk-source-ownership-candidate/release/rboxc)
==733386==    by 0x473F130: r_make_number (in /root/rboxc/target/gawk-source-ownership-candidate/release/rboxc)
==733386==    by 0x472E793: rboxc_gawk_update_PROCINFO_num (in /root/rboxc/target/gawk-source-ownership-candidate/release/rboxc)
==733386==    by 0x449A9BB: single_binary_main_gawk (in /root/rboxc/target/gawk-source-ownership-candidate/release/rboxc)
==733386==    by 0x5A17600: (below main) (libc_start_call_main.h:59)
==733386== 
==733386== 88 bytes in 1 blocks are still reachable in loss record 117 of 211
==733386==    at 0x586D858: malloc (vg_replace_malloc.c:447)
==733386==    by 0x473E7EB: rboxc_gawk_r_getblock (in /root/rboxc/target/gawk-source-ownership-candidate/release/rboxc)
==733386==    by 0x473EBC1: rboxc_gawk_make_str_node (in /root/rboxc/target/gawk-source-ownership-candidate/release/rboxc)
==733386==    by 0x472E784: rboxc_gawk_update_PROCINFO_num (in /root/rboxc/target/gawk-source-ownership-candidate/release/rboxc)
==733386==    by 0x449A9D2: single_binary_main_gawk (in /root/rboxc/target/gawk-source-ownership-candidate/release/rboxc)
==733386==    by 0x5A17600: (below main) (libc_start_call_main.h:59)
==733386== 
==733386== 88 bytes in 1 blocks are still reachable in loss record 118 of 211
==733386==    at 0x586D858: malloc (vg_replace_malloc.c:447)
==733386==    by 0x473E7EB: rboxc_gawk_r_getblock (in /root/rboxc/target/gawk-source-ownership-candidate/release/rboxc)
==733386==    by 0x473F130: r_make_number (in /root/rboxc/target/gawk-source-ownership-candidate/release/rboxc)
==733386==    by 0x472E793: rboxc_gawk_update_PROCINFO_num (in /root/rboxc/target/gawk-source-ownership-candidate/release/rboxc)
==733386==    by 0x449A9D2: single_binary_main_gawk (in /root/rboxc/target/gawk-source-ownership-candidate/release/rboxc)
==733386==    by 0x5A17600: (below main) (libc_start_call_main.h:59)
==733386== 
==733386== 88 bytes in 1 blocks are still reachable in loss record 119 of 211
==733386==    at 0x586D858: malloc (vg_replace_malloc.c:447)
==733386==    by 0x473E7EB: rboxc_gawk_r_getblock (in /root/rboxc/target/gawk-source-ownership-candidate/release/rboxc)
==733386==    by 0x473EBC1: rboxc_gawk_make_str_node (in /root/rboxc/target/gawk-source-ownership-candidate/release/rboxc)
==733386==    by 0x472E784: rboxc_gawk_update_PROCINFO_num (in /root/rboxc/target/gawk-source-ownership-candidate/release/rboxc)
==733386==    by 0x449A9EC: single_binary_main_gawk (in /root/rboxc/target/gawk-source-ownership-candidate/release/rboxc)
==733386==    by 0x5A17600: (below main) (libc_start_call_main.h:59)
==733386== 
==733386== 88 bytes in 1 blocks are still reachable in loss record 120 of 211
==733386==    at 0x586D858: malloc (vg_replace_malloc.c:447)
==733386==    by 0x473E7EB: rboxc_gawk_r_getblock (in /root/rboxc/target/gawk-source-ownership-candidate/release/rboxc)
==733386==    by 0x473F130: r_make_number (in /root/rboxc/target/gawk-source-ownership-candidate/release/rboxc)
==733386==    by 0x472E793: rboxc_gawk_update_PROCINFO_num (in /root/rboxc/target/gawk-source-ownership-candidate/release/rboxc)
==733386==    by 0x449A9EC: single_binary_main_gawk (in /root/rboxc/target/gawk-source-ownership-candidate/release/rboxc)
==733386==    by 0x5A17600: (below main) (libc_start_call_main.h:59)
==733386== 
==733386== 88 bytes in 1 blocks are still reachable in loss record 121 of 211
==733386==    at 0x586D858: malloc (vg_replace_malloc.c:447)
==733386==    by 0x473E7EB: rboxc_gawk_r_getblock (in /root/rboxc/target/gawk-source-ownership-candidate/release/rboxc)
==733386==    by 0x473EBC1: rboxc_gawk_make_str_node (in /root/rboxc/target/gawk-source-ownership-candidate/release/rboxc)
==733386==    by 0x472E784: rboxc_gawk_update_PROCINFO_num (in /root/rboxc/target/gawk-source-ownership-candidate/release/rboxc)
==733386==    by 0x449AA06: single_binary_main_gawk (in /root/rboxc/target/gawk-source-ownership-candidate/release/rboxc)
==733386==    by 0x5A17600: (below main) (libc_start_call_main.h:59)
==733386== 
==733386== 88 bytes in 1 blocks are still reachable in loss record 122 of 211
==733386==    at 0x586D858: malloc (vg_replace_malloc.c:447)
==733386==    by 0x473E7EB: rboxc_gawk_r_getblock (in /root/rboxc/target/gawk-source-ownership-candidate/release/rboxc)
==733386==    by 0x473F130: r_make_number (in /root/rboxc/target/gawk-source-ownership-candidate/release/rboxc)
==733386==    by 0x472E793: rboxc_gawk_update_PROCINFO_num (in /root/rboxc/target/gawk-source-ownership-candidate/release/rboxc)
==733386==    by 0x449AA06: single_binary_main_gawk (in /root/rboxc/target/gawk-source-ownership-candidate/release/rboxc)
==733386==    by 0x5A17600: (below main) (libc_start_call_main.h:59)
==733386== 
==733386== 88 bytes in 1 blocks are still reachable in loss record 123 of 211
==733386==    at 0x586D858: malloc (vg_replace_malloc.c:447)
==733386==    by 0x473E7EB: rboxc_gawk_r_getblock (in /root/rboxc/target/gawk-source-ownership-candidate/release/rboxc)
==733386==    by 0x473EBC1: rboxc_gawk_make_str_node (in /root/rboxc/target/gawk-source-ownership-candidate/release/rboxc)
==733386==    by 0x472E784: rboxc_gawk_update_PROCINFO_num (in /root/rboxc/target/gawk-source-ownership-candidate/release/rboxc)
==733386==    by 0x449AA20: single_binary_main_gawk (in /root/rboxc/target/gawk-source-ownership-candidate/release/rboxc)
==733386==    by 0x5A17600: (below main) (libc_start_call_main.h:59)
==733386== 
==733386== 88 bytes in 1 blocks are still reachable in loss record 124 of 211
==733386==    at 0x586D858: malloc (vg_replace_malloc.c:447)
==733386==    by 0x473E7EB: rboxc_gawk_r_getblock (in /root/rboxc/target/gawk-source-ownership-candidate/release/rboxc)
==733386==    by 0x473F130: r_make_number (in /root/rboxc/target/gawk-source-ownership-candidate/release/rboxc)
==733386==    by 0x472E793: rboxc_gawk_update_PROCINFO_num (in /root/rboxc/target/gawk-source-ownership-candidate/release/rboxc)
==733386==    by 0x449AA20: single_binary_main_gawk (in /root/rboxc/target/gawk-source-ownership-candidate/release/rboxc)
==733386==    by 0x5A17600: (below main) (libc_start_call_main.h:59)
==733386== 
==733386== 88 bytes in 1 blocks are still reachable in loss record 125 of 211
==733386==    at 0x586D858: malloc (vg_replace_malloc.c:447)
==733386==    by 0x473E7EB: rboxc_gawk_r_getblock (in /root/rboxc/target/gawk-source-ownership-candidate/release/rboxc)
==733386==    by 0x473EBC1: rboxc_gawk_make_str_node (in /root/rboxc/target/gawk-source-ownership-candidate/release/rboxc)
==733386==    by 0x472E784: rboxc_gawk_update_PROCINFO_num (in /root/rboxc/target/gawk-source-ownership-candidate/release/rboxc)
==733386==    by 0x449AA3A: single_binary_main_gawk (in /root/rboxc/target/gawk-source-ownership-candidate/release/rboxc)
==733386==    by 0x5A17600: (below main) (libc_start_call_main.h:59)
==733386== 
==733386== 88 bytes in 1 blocks are still reachable in loss record 126 of 211
==733386==    at 0x586D858: malloc (vg_replace_malloc.c:447)
==733386==    by 0x473E7EB: rboxc_gawk_r_getblock (in /root/rboxc/target/gawk-source-ownership-candidate/release/rboxc)
==733386==    by 0x473F130: r_make_number (in /root/rboxc/target/gawk-source-ownership-candidate/release/rboxc)
==733386==    by 0x472E793: rboxc_gawk_update_PROCINFO_num (in /root/rboxc/target/gawk-source-ownership-candidate/release/rboxc)
==733386==    by 0x449AA3A: single_binary_main_gawk (in /root/rboxc/target/gawk-source-ownership-candidate/release/rboxc)
==733386==    by 0x5A17600: (below main) (libc_start_call_main.h:59)
==733386== 
==733386== 88 bytes in 1 blocks are still reachable in loss record 127 of 211
==733386==    at 0x586D858: malloc (vg_replace_malloc.c:447)
==733386==    by 0x473E7EB: rboxc_gawk_r_getblock (in /root/rboxc/target/gawk-source-ownership-candidate/release/rboxc)
==733386==    by 0x473EBC1: rboxc_gawk_make_str_node (in /root/rboxc/target/gawk-source-ownership-candidate/release/rboxc)
==733386==    by 0x472B2EF: update_PROCINFO_str.part.0 (in /root/rboxc/target/gawk-source-ownership-candidate/release/rboxc)
==733386==    by 0x449AA4C: single_binary_main_gawk (in /root/rboxc/target/gawk-source-ownership-candidate/release/rboxc)
==733386==    by 0x5A17600: (below main) (libc_start_call_main.h:59)
==733386== 
==733386== 88 bytes in 1 blocks are still reachable in loss record 128 of 211
==733386==    at 0x586D858: malloc (vg_replace_malloc.c:447)
==733386==    by 0x473E7EB: rboxc_gawk_r_getblock (in /root/rboxc/target/gawk-source-ownership-candidate/release/rboxc)
==733386==    by 0x473EBC1: rboxc_gawk_make_str_node (in /root/rboxc/target/gawk-source-ownership-candidate/release/rboxc)
==733386==    by 0x472B307: update_PROCINFO_str.part.0 (in /root/rboxc/target/gawk-source-ownership-candidate/release/rboxc)
==733386==    by 0x449AA4C: single_binary_main_gawk (in /root/rboxc/target/gawk-source-ownership-candidate/release/rboxc)
==733386==    by 0x5A17600: (below main) (libc_start_call_main.h:59)
==733386== 
==733386== 88 bytes in 1 blocks are still reachable in loss record 129 of 211
==733386==    at 0x586D858: malloc (vg_replace_malloc.c:447)
==733386==    by 0x473E7EB: rboxc_gawk_r_getblock (in /root/rboxc/target/gawk-source-ownership-candidate/release/rboxc)
==733386==    by 0x473EBC1: rboxc_gawk_make_str_node (in /root/rboxc/target/gawk-source-ownership-candidate/release/rboxc)
==733386==    by 0x472B2EF: update_PROCINFO_str.part.0 (in /root/rboxc/target/gawk-source-ownership-candidate/release/rboxc)
==733386==    by 0x449ABD8: single_binary_main_gawk (in /root/rboxc/target/gawk-source-ownership-candidate/release/rboxc)
==733386==    by 0x5A17600: (below main) (libc_start_call_main.h:59)
==733386== 
==733386== 88 bytes in 1 blocks are still reachable in loss record 130 of 211
==733386==    at 0x586D858: malloc (vg_replace_malloc.c:447)
==733386==    by 0x473E7EB: rboxc_gawk_r_getblock (in /root/rboxc/target/gawk-source-ownership-candidate/release/rboxc)
==733386==    by 0x473EBC1: rboxc_gawk_make_str_node (in /root/rboxc/target/gawk-source-ownership-candidate/release/rboxc)
==733386==    by 0x472B307: update_PROCINFO_str.part.0 (in /root/rboxc/target/gawk-source-ownership-candidate/release/rboxc)
==733386==    by 0x449ABD8: single_binary_main_gawk (in /root/rboxc/target/gawk-source-ownership-candidate/release/rboxc)
==733386==    by 0x5A17600: (below main) (libc_start_call_main.h:59)
==733386== 
==733386== 88 bytes in 1 blocks are still reachable in loss record 131 of 211
==733386==    at 0x586D858: malloc (vg_replace_malloc.c:447)
==733386==    by 0x473E7EB: rboxc_gawk_r_getblock (in /root/rboxc/target/gawk-source-ownership-candidate/release/rboxc)
==733386==    by 0x449AC02: single_binary_main_gawk (in /root/rboxc/target/gawk-source-ownership-candidate/release/rboxc)
==733386==    by 0x5A17600: (below main) (libc_start_call_main.h:59)
==733386== 
==733386== 88 bytes in 1 blocks are still reachable in loss record 132 of 211
==733386==    at 0x586D858: malloc (vg_replace_malloc.c:447)
==733386==    by 0x473E7EB: rboxc_gawk_r_getblock (in /root/rboxc/target/gawk-source-ownership-candidate/release/rboxc)
==733386==    by 0x470A572: cint_lookup (in /root/rboxc/target/gawk-source-ownership-candidate/release/rboxc)
==733386==    by 0x44911A2: rboxc::applet_gawk::assoc_set (in /root/rboxc/target/gawk-source-ownership-candidate/release/rboxc)
==733386==    by 0x449B5E2: single_binary_main_gawk (in /root/rboxc/target/gawk-source-ownership-candidate/release/rboxc)
==733386==    by 0x5A17600: (below main) (libc_start_call_main.h:59)
==733386== 
==733386== 88 bytes in 1 blocks are still reachable in loss record 133 of 211
==733386==    at 0x586D858: malloc (vg_replace_malloc.c:447)
==733386==    by 0x473E7EB: rboxc_gawk_r_getblock (in /root/rboxc/target/gawk-source-ownership-candidate/release/rboxc)
==733386==    by 0x470A187: tree_lookup (in /root/rboxc/target/gawk-source-ownership-candidate/release/rboxc)
==733386==    by 0x44911A2: rboxc::applet_gawk::assoc_set (in /root/rboxc/target/gawk-source-ownership-candidate/release/rboxc)
==733386==    by 0x449B5E2: single_binary_main_gawk (in /root/rboxc/target/gawk-source-ownership-candidate/release/rboxc)
==733386==    by 0x5A17600: (below main) (libc_start_call_main.h:59)
==733386== 
==733386== 88 bytes in 1 blocks are still reachable in loss record 134 of 211
==733386==    at 0x586D858: malloc (vg_replace_malloc.c:447)
==733386==    by 0x473E7EB: rboxc_gawk_r_getblock (in /root/rboxc/target/gawk-source-ownership-candidate/release/rboxc)
==733386==    by 0x473EBC1: rboxc_gawk_make_str_node (in /root/rboxc/target/gawk-source-ownership-candidate/release/rboxc)
==733386==    by 0x449ACEB: single_binary_main_gawk (in /root/rboxc/target/gawk-source-ownership-candidate/release/rboxc)
==733386==    by 0x5A17600: (below main) (libc_start_call_main.h:59)
==733386== 
==733386== 88 bytes in 1 blocks are still reachable in loss record 135 of 211
==733386==    at 0x586D858: malloc (vg_replace_malloc.c:447)
==733386==    by 0x473E7EB: rboxc_gawk_r_getblock (in /root/rboxc/target/gawk-source-ownership-candidate/release/rboxc)
==733386==    by 0x473EBC1: rboxc_gawk_make_str_node (in /root/rboxc/target/gawk-source-ownership-candidate/release/rboxc)
==733386==    by 0x474CC35: install (in /root/rboxc/target/gawk-source-ownership-candidate/release/rboxc)
==733386==    by 0x449ADAD: single_binary_main_gawk (in /root/rboxc/target/gawk-source-ownership-candidate/release/rboxc)
==733386==    by 0x5A17600: (below main) (libc_start_call_main.h:59)
==733386== 
==733386== 88 bytes in 1 blocks are still reachable in loss record 136 of 211
==733386==    at 0x586D858: malloc (vg_replace_malloc.c:447)
==733386==    by 0x473E7EB: rboxc_gawk_r_getblock (in /root/rboxc/target/gawk-source-ownership-candidate/release/rboxc)
==733386==    by 0x474CD13: install (in /root/rboxc/target/gawk-source-ownership-candidate/release/rboxc)
==733386==    by 0x449ADAD: single_binary_main_gawk (in /root/rboxc/target/gawk-source-ownership-candidate/release/rboxc)
==733386==    by 0x5A17600: (below main) (libc_start_call_main.h:59)
==733386== 
==733386== 88 bytes in 1 blocks are still reachable in loss record 137 of 211
==733386==    at 0x586D858: malloc (vg_replace_malloc.c:447)
==733386==    by 0x473E7EB: rboxc_gawk_r_getblock (in /root/rboxc/target/gawk-source-ownership-candidate/release/rboxc)
==733386==    by 0x473EBC1: rboxc_gawk_make_str_node (in /root/rboxc/target/gawk-source-ownership-candidate/release/rboxc)
==733386==    by 0x449072E: rboxc::applet_gawk::path_environ (in /root/rboxc/target/gawk-source-ownership-candidate/release/rboxc)
==733386==    by 0x449ADEB: single_binary_main_gawk (in /root/rboxc/target/gawk-source-ownership-candidate/release/rboxc)
==733386==    by 0x5A17600: (below main) (libc_start_call_main.h:59)
==733386== 
==733386== 88 bytes in 1 blocks are still reachable in loss record 138 of 211
==733386==    at 0x586D858: malloc (vg_replace_malloc.c:447)
==733386==    by 0x473E7EB: rboxc_gawk_r_getblock (in /root/rboxc/target/gawk-source-ownership-candidate/release/rboxc)
==733386==    by 0x473EBC1: rboxc_gawk_make_str_node (in /root/rboxc/target/gawk-source-ownership-candidate/release/rboxc)
==733386==    by 0x44907AE: rboxc::applet_gawk::path_environ (in /root/rboxc/target/gawk-source-ownership-candidate/release/rboxc)
==733386==    by 0x449ADEB: single_binary_main_gawk (in /root/rboxc/target/gawk-source-ownership-candidate/release/rboxc)
==733386==    by 0x5A17600: (below main) (libc_start_call_main.h:59)
==733386== 
==733386== 88 bytes in 1 blocks are still reachable in loss record 139 of 211
==733386==    at 0x586D858: malloc (vg_replace_malloc.c:447)
==733386==    by 0x473E7EB: rboxc_gawk_r_getblock (in /root/rboxc/target/gawk-source-ownership-candidate/release/rboxc)
==733386==    by 0x473EBC1: rboxc_gawk_make_str_node (in /root/rboxc/target/gawk-source-ownership-candidate/release/rboxc)
==733386==    by 0x449072E: rboxc::applet_gawk::path_environ (in /root/rboxc/target/gawk-source-ownership-candidate/release/rboxc)
==733386==    by 0x449AE01: single_binary_main_gawk (in /root/rboxc/target/gawk-source-ownership-candidate/release/rboxc)
==733386==    by 0x5A17600: (below main) (libc_start_call_main.h:59)
==733386== 
==733386== 88 bytes in 1 blocks are still reachable in loss record 140 of 211
==733386==    at 0x586D858: malloc (vg_replace_malloc.c:447)
==733386==    by 0x473E7EB: rboxc_gawk_r_getblock (in /root/rboxc/target/gawk-source-ownership-candidate/release/rboxc)
==733386==    by 0x473EBC1: rboxc_gawk_make_str_node (in /root/rboxc/target/gawk-source-ownership-candidate/release/rboxc)
==733386==    by 0x44907AE: rboxc::applet_gawk::path_environ (in /root/rboxc/target/gawk-source-ownership-candidate/release/rboxc)
==733386==    by 0x449AE01: single_binary_main_gawk (in /root/rboxc/target/gawk-source-ownership-candidate/release/rboxc)
==733386==    by 0x5A17600: (below main) (libc_start_call_main.h:59)
==733386== 
==733386== 88 bytes in 1 blocks are still reachable in loss record 141 of 211
==733386==    at 0x586D858: malloc (vg_replace_malloc.c:447)
==733386==    by 0x473E7EB: rboxc_gawk_r_getblock (in /root/rboxc/target/gawk-source-ownership-candidate/release/rboxc)
==733386==    by 0x473EBC1: rboxc_gawk_make_str_node (in /root/rboxc/target/gawk-source-ownership-candidate/release/rboxc)
==733386==    by 0x472BB15: rboxc_gawk_init_fields (in /root/rboxc/target/gawk-source-ownership-candidate/release/rboxc)
==733386==    by 0x449AE20: single_binary_main_gawk (in /root/rboxc/target/gawk-source-ownership-candidate/release/rboxc)
==733386==    by 0x5A17600: (below main) (libc_start_call_main.h:59)
==733386== 
==733386== 88 bytes in 1 blocks are still reachable in loss record 142 of 211
==733386==    at 0x586D858: malloc (vg_replace_malloc.c:447)
==733386==    by 0x473E7EB: rboxc_gawk_r_getblock (in /root/rboxc/target/gawk-source-ownership-candidate/release/rboxc)
==733386==    by 0x473EBC1: rboxc_gawk_make_str_node (in /root/rboxc/target/gawk-source-ownership-candidate/release/rboxc)
==733386==    by 0x472BB60: rboxc_gawk_init_fields (in /root/rboxc/target/gawk-source-ownership-candidate/release/rboxc)
==733386==    by 0x449AE20: single_binary_main_gawk (in /root/rboxc/target/gawk-source-ownership-candidate/release/rboxc)
==733386==    by 0x5A17600: (below main) (libc_start_call_main.h:59)
==733386== 
==733386== 88 bytes in 1 blocks are still reachable in loss record 143 of 211
==733386==    at 0x586D858: malloc (vg_replace_malloc.c:447)
==733386==    by 0x473E7EB: rboxc_gawk_r_getblock (in /root/rboxc/target/gawk-source-ownership-candidate/release/rboxc)
==733386==    by 0x471ED91: rboxc_gawk_init_interpret (in /root/rboxc/target/gawk-source-ownership-candidate/release/rboxc)
==733386==    by 0x449B314: single_binary_main_gawk (in /root/rboxc/target/gawk-source-ownership-candidate/release/rboxc)
==733386==    by 0x5A17600: (below main) (libc_start_call_main.h:59)
==733386== 
==733386== 88 bytes in 1 blocks are still reachable in loss record 144 of 211
==733386==    at 0x586D858: malloc (vg_replace_malloc.c:447)
==733386==    by 0x473E7EB: rboxc_gawk_r_getblock (in /root/rboxc/target/gawk-source-ownership-candidate/release/rboxc)
==733386==    by 0x473F130: r_make_number (in /root/rboxc/target/gawk-source-ownership-candidate/release/rboxc)
==733386==    by 0x471EDE5: rboxc_gawk_init_interpret (in /root/rboxc/target/gawk-source-ownership-candidate/release/rboxc)
==733386==    by 0x449B314: single_binary_main_gawk (in /root/rboxc/target/gawk-source-ownership-candidate/release/rboxc)
==733386==    by 0x5A17600: (below main) (libc_start_call_main.h:59)
==733386== 
==733386== 88 bytes in 1 blocks are still reachable in loss record 145 of 211
==733386==    at 0x586D858: malloc (vg_replace_malloc.c:447)
==733386==    by 0x473E7EB: rboxc_gawk_r_getblock (in /root/rboxc/target/gawk-source-ownership-candidate/release/rboxc)
==733386==    by 0x473F130: r_make_number (in /root/rboxc/target/gawk-source-ownership-candidate/release/rboxc)
==733386==    by 0x471EDFA: rboxc_gawk_init_interpret (in /root/rboxc/target/gawk-source-ownership-candidate/release/rboxc)
==733386==    by 0x449B314: single_binary_main_gawk (in /root/rboxc/target/gawk-source-ownership-candidate/release/rboxc)
==733386==    by 0x5A17600: (below main) (libc_start_call_main.h:59)
==733386== 
==733386== 88 bytes in 1 blocks are still reachable in loss record 146 of 211
==733386==    at 0x586D858: malloc (vg_replace_malloc.c:447)
==733386==    by 0x473E7EB: rboxc_gawk_r_getblock (in /root/rboxc/target/gawk-source-ownership-candidate/release/rboxc)
==733386==    by 0x473EBC1: rboxc_gawk_make_str_node (in /root/rboxc/target/gawk-source-ownership-candidate/release/rboxc)
==733386==    by 0x474CC35: install (in /root/rboxc/target/gawk-source-ownership-candidate/release/rboxc)
==733386==    by 0x449B3D8: single_binary_main_gawk (in /root/rboxc/target/gawk-source-ownership-candidate/release/rboxc)
==733386==    by 0x5A17600: (below main) (libc_start_call_main.h:59)
==733386== 
==733386== 88 bytes in 1 blocks are still reachable in loss record 147 of 211
==733386==    at 0x586D858: malloc (vg_replace_malloc.c:447)
==733386==    by 0x473E7EB: rboxc_gawk_r_getblock (in /root/rboxc/target/gawk-source-ownership-candidate/release/rboxc)
==733386==    by 0x474CD13: install (in /root/rboxc/target/gawk-source-ownership-candidate/release/rboxc)
==733386==    by 0x449B3D8: single_binary_main_gawk (in /root/rboxc/target/gawk-source-ownership-candidate/release/rboxc)
==733386==    by 0x5A17600: (below main) (libc_start_call_main.h:59)
==733386== 
==733386== 88 bytes in 1 blocks are still reachable in loss record 148 of 211
==733386==    at 0x586D858: malloc (vg_replace_malloc.c:447)
==733386==    by 0x473E7EB: rboxc_gawk_r_getblock (in /root/rboxc/target/gawk-source-ownership-candidate/release/rboxc)
==733386==    by 0x473EBC1: rboxc_gawk_make_str_node (in /root/rboxc/target/gawk-source-ownership-candidate/release/rboxc)
==733386==    by 0x449B418: single_binary_main_gawk (in /root/rboxc/target/gawk-source-ownership-candidate/release/rboxc)
==733386==    by 0x5A17600: (below main) (libc_start_call_main.h:59)
==733386== 
==733386== 88 bytes in 1 blocks are still reachable in loss record 149 of 211
==733386==    at 0x586D858: malloc (vg_replace_malloc.c:447)
==733386==    by 0x473E7EB: rboxc_gawk_r_getblock (in /root/rboxc/target/gawk-source-ownership-candidate/release/rboxc)
==733386==    by 0x470A572: cint_lookup (in /root/rboxc/target/gawk-source-ownership-candidate/release/rboxc)
==733386==    by 0x44911A2: rboxc::applet_gawk::assoc_set (in /root/rboxc/target/gawk-source-ownership-candidate/release/rboxc)
==733386==    by 0x449B42B: single_binary_main_gawk (in /root/rboxc/target/gawk-source-ownership-candidate/release/rboxc)
==733386==    by 0x5A17600: (below main) (libc_start_call_main.h:59)
==733386== 
==733386== 88 bytes in 1 blocks are still reachable in loss record 150 of 211
==733386==    at 0x586D858: malloc (vg_replace_malloc.c:447)
==733386==    by 0x473E7EB: rboxc_gawk_r_getblock (in /root/rboxc/target/gawk-source-ownership-candidate/release/rboxc)
==733386==    by 0x470A187: tree_lookup (in /root/rboxc/target/gawk-source-ownership-candidate/release/rboxc)
==733386==    by 0x44911A2: rboxc::applet_gawk::assoc_set (in /root/rboxc/target/gawk-source-ownership-candidate/release/rboxc)
==733386==    by 0x449B42B: single_binary_main_gawk (in /root/rboxc/target/gawk-source-ownership-candidate/release/rboxc)
==733386==    by 0x5A17600: (below main) (libc_start_call_main.h:59)
==733386== 
==733386== 88 bytes in 1 blocks are still reachable in loss record 151 of 211
==733386==    at 0x586D858: malloc (vg_replace_malloc.c:447)
==733386==    by 0x473E7EB: rboxc_gawk_r_getblock (in /root/rboxc/target/gawk-source-ownership-candidate/release/rboxc)
==733386==    by 0x473EBC1: rboxc_gawk_make_str_node (in /root/rboxc/target/gawk-source-ownership-candidate/release/rboxc)
==733386==    by 0x474CC35: install (in /root/rboxc/target/gawk-source-ownership-candidate/release/rboxc)
==733386==    by 0x449B6B3: single_binary_main_gawk (in /root/rboxc/target/gawk-source-ownership-candidate/release/rboxc)
==733386==    by 0x5A17600: (below main) (libc_start_call_main.h:59)
==733386== 
==733386== 88 bytes in 1 blocks are still reachable in loss record 152 of 211
==733386==    at 0x586D858: malloc (vg_replace_malloc.c:447)
==733386==    by 0x473E7EB: rboxc_gawk_r_getblock (in /root/rboxc/target/gawk-source-ownership-candidate/release/rboxc)
==733386==    by 0x474CD13: install (in /root/rboxc/target/gawk-source-ownership-candidate/release/rboxc)
==733386==    by 0x449B6B3: single_binary_main_gawk (in /root/rboxc/target/gawk-source-ownership-candidate/release/rboxc)
==733386==    by 0x5A17600: (below main) (libc_start_call_main.h:59)
==733386== 
==733386== 88 bytes in 1 blocks are still reachable in loss record 153 of 211
==733386==    at 0x586D858: malloc (vg_replace_malloc.c:447)
==733386==    by 0x473E7EB: rboxc_gawk_r_getblock (in /root/rboxc/target/gawk-source-ownership-candidate/release/rboxc)
==733386==    by 0x473F130: r_make_number (in /root/rboxc/target/gawk-source-ownership-candidate/release/rboxc)
==733386==    by 0x449B6D8: single_binary_main_gawk (in /root/rboxc/target/gawk-source-ownership-candidate/release/rboxc)
==733386==    by 0x5A17600: (below main) (libc_start_call_main.h:59)
==733386== 
==733386== 88 bytes in 1 blocks are still reachable in loss record 154 of 211
==733386==    at 0x586D858: malloc (vg_replace_malloc.c:447)
==733386==    by 0x473E7EB: rboxc_gawk_r_getblock (in /root/rboxc/target/gawk-source-ownership-candidate/release/rboxc)
==733386==    by 0x473EBC1: rboxc_gawk_make_str_node (in /root/rboxc/target/gawk-source-ownership-candidate/release/rboxc)
==733386==    by 0x474DBB7: rboxc_gawk_load_symbols (in /root/rboxc/target/gawk-source-ownership-candidate/release/rboxc)
==733386==    by 0x449B7FC: single_binary_main_gawk (in /root/rboxc/target/gawk-source-ownership-candidate/release/rboxc)
==733386==    by 0x5A17600: (below main) (libc_start_call_main.h:59)
==733386== 
==733386== 88 bytes in 1 blocks are still reachable in loss record 155 of 211
==733386==    at 0x586D858: malloc (vg_replace_malloc.c:447)
==733386==    by 0x473E7EB: rboxc_gawk_r_getblock (in /root/rboxc/target/gawk-source-ownership-candidate/release/rboxc)
==733386==    by 0x474DBD4: rboxc_gawk_load_symbols (in /root/rboxc/target/gawk-source-ownership-candidate/release/rboxc)
==733386==    by 0x449B7FC: single_binary_main_gawk (in /root/rboxc/target/gawk-source-ownership-candidate/release/rboxc)
==733386==    by 0x5A17600: (below main) (libc_start_call_main.h:59)
==733386== 
==733386== 88 bytes in 1 blocks are still reachable in loss record 156 of 211
==733386==    at 0x586D858: malloc (vg_replace_malloc.c:447)
==733386==    by 0x473E7EB: rboxc_gawk_r_getblock (in /root/rboxc/target/gawk-source-ownership-candidate/release/rboxc)
==733386==    by 0x473EBC1: rboxc_gawk_make_str_node (in /root/rboxc/target/gawk-source-ownership-candidate/release/rboxc)
==733386==    by 0x474DCBA: rboxc_gawk_load_symbols (in /root/rboxc/target/gawk-source-ownership-candidate/release/rboxc)
==733386==    by 0x449B7FC: single_binary_main_gawk (in /root/rboxc/target/gawk-source-ownership-candidate/release/rboxc)
==733386==    by 0x5A17600: (below main) (libc_start_call_main.h:59)
==733386== 
==733386== 88 bytes in 1 blocks are still reachable in loss record 157 of 211
==733386==    at 0x586D858: malloc (vg_replace_malloc.c:447)
==733386==    by 0x473E7EB: rboxc_gawk_r_getblock (in /root/rboxc/target/gawk-source-ownership-candidate/release/rboxc)
==733386==    by 0x473EBC1: rboxc_gawk_make_str_node (in /root/rboxc/target/gawk-source-ownership-candidate/release/rboxc)
==733386==    by 0x474DCD2: rboxc_gawk_load_symbols (in /root/rboxc/target/gawk-source-ownership-candidate/release/rboxc)
==733386==    by 0x449B7FC: single_binary_main_gawk (in /root/rboxc/target/gawk-source-ownership-candidate/release/rboxc)
==733386==    by 0x5A17600: (below main) (libc_start_call_main.h:59)
==733386== 
==733386== 88 bytes in 1 blocks are still reachable in loss record 158 of 211
==733386==    at 0x586D858: malloc (vg_replace_malloc.c:447)
==733386==    by 0x473E7EB: rboxc_gawk_r_getblock (in /root/rboxc/target/gawk-source-ownership-candidate/release/rboxc)
==733386==    by 0x473EBC1: rboxc_gawk_make_str_node (in /root/rboxc/target/gawk-source-ownership-candidate/release/rboxc)
==733386==    by 0x474DCEA: rboxc_gawk_load_symbols (in /root/rboxc/target/gawk-source-ownership-candidate/release/rboxc)
==733386==    by 0x449B7FC: single_binary_main_gawk (in /root/rboxc/target/gawk-source-ownership-candidate/release/rboxc)
==733386==    by 0x5A17600: (below main) (libc_start_call_main.h:59)
==733386== 
==733386== 88 bytes in 1 blocks are still reachable in loss record 159 of 211
==733386==    at 0x586D858: malloc (vg_replace_malloc.c:447)
==733386==    by 0x473E7EB: rboxc_gawk_r_getblock (in /root/rboxc/target/gawk-source-ownership-candidate/release/rboxc)
==733386==    by 0x473EBC1: rboxc_gawk_make_str_node (in /root/rboxc/target/gawk-source-ownership-candidate/release/rboxc)
==733386==    by 0x474DD02: rboxc_gawk_load_symbols (in /root/rboxc/target/gawk-source-ownership-candidate/release/rboxc)
==733386==    by 0x449B7FC: single_binary_main_gawk (in /root/rboxc/target/gawk-source-ownership-candidate/release/rboxc)
==733386==    by 0x5A17600: (below main) (libc_start_call_main.h:59)
==733386== 
==733386== 88 bytes in 1 blocks are still reachable in loss record 160 of 211
==733386==    at 0x586D858: malloc (vg_replace_malloc.c:447)
==733386==    by 0x473E7EB: rboxc_gawk_r_getblock (in /root/rboxc/target/gawk-source-ownership-candidate/release/rboxc)
==733386==    by 0x473F130: r_make_number (in /root/rboxc/target/gawk-source-ownership-candidate/release/rboxc)
==733386==    by 0x4724810: rboxc_gawk_r_interpret (in /root/rboxc/target/gawk-source-ownership-candidate/release/rboxc)
==733386==    by 0x449B883: single_binary_main_gawk (in /root/rboxc/target/gawk-source-ownership-candidate/release/rboxc)
==733386==    by 0x5A17600: (below main) (libc_start_call_main.h:59)
==733386== 
==733386== 88 bytes in 1 blocks are still reachable in loss record 161 of 211
==733386==    at 0x586D858: malloc (vg_replace_malloc.c:447)
==733386==    by 0x473E7EB: rboxc_gawk_r_getblock (in /root/rboxc/target/gawk-source-ownership-candidate/release/rboxc)
==733386==    by 0x473EBC1: rboxc_gawk_make_str_node (in /root/rboxc/target/gawk-source-ownership-candidate/release/rboxc)
==733386==    by 0x4741E05: rboxc_gawk_format_args (in /root/rboxc/target/gawk-source-ownership-candidate/release/rboxc)
==733386==    by 0x4743E14: printf_common (in /root/rboxc/target/gawk-source-ownership-candidate/release/rboxc)
==733386==    by 0x47440C4: rboxc_gawk_do_sprintf (in /root/rboxc/target/gawk-source-ownership-candidate/release/rboxc)
==733386==    by 0x4725F3C: rboxc_gawk_r_interpret (in /root/rboxc/target/gawk-source-ownership-candidate/release/rboxc)
==733386==    by 0x449B883: single_binary_main_gawk (in /root/rboxc/target/gawk-source-ownership-candidate/release/rboxc)
==733386==    by 0x5A17600: (below main) (libc_start_call_main.h:59)
==733386== 
==733386== 88 bytes in 1 blocks are still reachable in loss record 162 of 211
==733386==    at 0x586D858: malloc (vg_replace_malloc.c:447)
==733386==    by 0x473E7EB: rboxc_gawk_r_getblock (in /root/rboxc/target/gawk-source-ownership-candidate/release/rboxc)
==733386==    by 0x473F130: r_make_number (in /root/rboxc/target/gawk-source-ownership-candidate/release/rboxc)
==733386==    by 0x471F328: op_assign (in /root/rboxc/target/gawk-source-ownership-candidate/release/rboxc)
==733386==    by 0x472400F: rboxc_gawk_r_interpret (in /root/rboxc/target/gawk-source-ownership-candidate/release/rboxc)
==733386==    by 0x449B883: single_binary_main_gawk (in /root/rboxc/target/gawk-source-ownership-candidate/release/rboxc)
==733386==    by 0x5A17600: (below main) (libc_start_call_main.h:59)
==733386== 
==733386== 88 bytes in 1 blocks are still reachable in loss record 163 of 211
==733386==    at 0x586D858: malloc (vg_replace_malloc.c:447)
==733386==    by 0x473E7EB: rboxc_gawk_r_getblock (in /root/rboxc/target/gawk-source-ownership-candidate/release/rboxc)
==733386==    by 0x473F130: r_make_number (in /root/rboxc/target/gawk-source-ownership-candidate/release/rboxc)
==733386==    by 0x47243D1: rboxc_gawk_r_interpret (in /root/rboxc/target/gawk-source-ownership-candidate/release/rboxc)
==733386==    by 0x449B883: single_binary_main_gawk (in /root/rboxc/target/gawk-source-ownership-candidate/release/rboxc)
==733386==    by 0x5A17600: (below main) (libc_start_call_main.h:59)
==733386== 
==733386== 91 bytes in 9 blocks are still reachable in loss record 164 of 211
==733386==    at 0x586D858: malloc (vg_replace_malloc.c:447)
==733386==    by 0x473EC57: rboxc_gawk_make_str_node (in /root/rboxc/target/gawk-source-ownership-candidate/release/rboxc)
==733386==    by 0x449B18C: single_binary_main_gawk (in /root/rboxc/target/gawk-source-ownership-candidate/release/rboxc)
==733386==    by 0x5A17600: (below main) (libc_start_call_main.h:59)
==733386== 
==733386== 104 bytes in 1 blocks are still reachable in loss record 165 of 211
==733386==    at 0x5874E43: calloc (vg_replace_malloc.c:1678)
==733386==    by 0x474B8D4: grow_table (in /root/rboxc/target/gawk-source-ownership-candidate/release/rboxc)
==733386==    by 0x474C4BC: str_lookup (in /root/rboxc/target/gawk-source-ownership-candidate/release/rboxc)
==733386==    by 0x474CC6C: install (in /root/rboxc/target/gawk-source-ownership-candidate/release/rboxc)
==733386==    by 0x474CF49: init_the_tables (in /root/rboxc/target/gawk-source-ownership-candidate/release/rboxc)
==733386==    by 0x44999D0: single_binary_main_gawk (in /root/rboxc/target/gawk-source-ownership-candidate/release/rboxc)
==733386==    by 0x5A17600: (below main) (libc_start_call_main.h:59)
==733386== 
==733386== 104 bytes in 1 blocks are still reachable in loss record 166 of 211
==733386==    at 0x5874E43: calloc (vg_replace_malloc.c:1678)
==733386==    by 0x474B8D4: grow_table (in /root/rboxc/target/gawk-source-ownership-candidate/release/rboxc)
==733386==    by 0x474C4BC: str_lookup (in /root/rboxc/target/gawk-source-ownership-candidate/release/rboxc)
==733386==    by 0x474CC6C: install (in /root/rboxc/target/gawk-source-ownership-candidate/release/rboxc)
==733386==    by 0x449A700: single_binary_main_gawk (in /root/rboxc/target/gawk-source-ownership-candidate/release/rboxc)
==733386==    by 0x5A17600: (below main) (libc_start_call_main.h:59)
==733386== 
==733386== 104 bytes in 1 blocks are still reachable in loss record 167 of 211
==733386==    at 0x5874E43: calloc (vg_replace_malloc.c:1678)
==733386==    by 0x474B8D4: grow_table (in /root/rboxc/target/gawk-source-ownership-candidate/release/rboxc)
==733386==    by 0x474C4BC: str_lookup (in /root/rboxc/target/gawk-source-ownership-candidate/release/rboxc)
==733386==    by 0x472B31E: update_PROCINFO_str.part.0 (in /root/rboxc/target/gawk-source-ownership-candidate/release/rboxc)
==733386==    by 0x449A942: single_binary_main_gawk (in /root/rboxc/target/gawk-source-ownership-candidate/release/rboxc)
==733386==    by 0x5A17600: (below main) (libc_start_call_main.h:59)
==733386== 
==733386== 104 bytes in 1 blocks are still reachable in loss record 168 of 211
==733386==    at 0x5874E43: calloc (vg_replace_malloc.c:1678)
==733386==    by 0x474B8D4: grow_table (in /root/rboxc/target/gawk-source-ownership-candidate/release/rboxc)
==733386==    by 0x474C4BC: str_lookup (in /root/rboxc/target/gawk-source-ownership-candidate/release/rboxc)
==733386==    by 0x449B1C6: single_binary_main_gawk (in /root/rboxc/target/gawk-source-ownership-candidate/release/rboxc)
==733386==    by 0x5A17600: (below main) (libc_start_call_main.h:59)
==733386== 
==733386== 104 bytes in 1 blocks are still reachable in loss record 169 of 211
==733386==    at 0x5874E43: calloc (vg_replace_malloc.c:1678)
==733386==    by 0x474B8D4: grow_table (in /root/rboxc/target/gawk-source-ownership-candidate/release/rboxc)
==733386==    by 0x474C4BC: str_lookup (in /root/rboxc/target/gawk-source-ownership-candidate/release/rboxc)
==733386==    by 0x474CC6C: install (in /root/rboxc/target/gawk-source-ownership-candidate/release/rboxc)
==733386==    by 0x46EF0CE: rboxc_gawk_install_builtins (in /root/rboxc/target/gawk-source-ownership-candidate/release/rboxc)
==733386==    by 0x449B78E: single_binary_main_gawk (in /root/rboxc/target/gawk-source-ownership-candidate/release/rboxc)
==733386==    by 0x5A17600: (below main) (libc_start_call_main.h:59)
==733386== 
==733386== 104 bytes in 1 blocks are still reachable in loss record 170 of 211
==733386==    at 0x5874E43: calloc (vg_replace_malloc.c:1678)
==733386==    by 0x474B8D4: grow_table (in /root/rboxc/target/gawk-source-ownership-candidate/release/rboxc)
==733386==    by 0x474C4BC: str_lookup (in /root/rboxc/target/gawk-source-ownership-candidate/release/rboxc)
==733386==    by 0x474DEC9: rboxc_gawk_load_symbols (in /root/rboxc/target/gawk-source-ownership-candidate/release/rboxc)
==733386==    by 0x449B7FC: single_binary_main_gawk (in /root/rboxc/target/gawk-source-ownership-candidate/release/rboxc)
==733386==    by 0x5A17600: (below main) (libc_start_call_main.h:59)
==733386== 
==733386== 112 bytes in 1 blocks are still reachable in loss record 171 of 211
==733386==    at 0x586D858: malloc (vg_replace_malloc.c:447)
==733386==    by 0x4497860: rboxc_gawk_estrdup (in /root/rboxc/target/gawk-source-ownership-candidate/release/rboxc)
==733386==    by 0x46EA2A1: do_add_srcfile (in /root/rboxc/target/gawk-source-ownership-candidate/release/rboxc)
==733386==    by 0x46EE3BF: rboxc_gawk_add_srcfile (in /root/rboxc/target/gawk-source-ownership-candidate/release/rboxc)
==733386==    by 0x449B30C: single_binary_main_gawk (in /root/rboxc/target/gawk-source-ownership-candidate/release/rboxc)
==733386==    by 0x5A17600: (below main) (libc_start_call_main.h:59)
==733386== 
==733386== 149 bytes in 2 blocks are still reachable in loss record 172 of 211
==733386==    at 0x586D858: malloc (vg_replace_malloc.c:447)
==733386==    by 0x4499AF8: single_binary_main_gawk (in /root/rboxc/target/gawk-source-ownership-candidate/release/rboxc)
==733386==    by 0x5A17600: (below main) (libc_start_call_main.h:59)
==733386== 
==733386== 149 bytes in 2 blocks are still reachable in loss record 173 of 211
==733386==    at 0x586D858: malloc (vg_replace_malloc.c:447)
==733386==    by 0x473EC57: rboxc_gawk_make_str_node (in /root/rboxc/target/gawk-source-ownership-candidate/release/rboxc)
==733386==    by 0x449B5D4: single_binary_main_gawk (in /root/rboxc/target/gawk-source-ownership-candidate/release/rboxc)
==733386==    by 0x5A17600: (below main) (libc_start_call_main.h:59)
==733386== 
==733386== 151 bytes in 24 blocks are still reachable in loss record 174 of 211
==733386==    at 0x586D858: malloc (vg_replace_malloc.c:447)
==733386==    by 0x449A66C: single_binary_main_gawk (in /root/rboxc/target/gawk-source-ownership-candidate/release/rboxc)
==733386==    by 0x5A17600: (below main) (libc_start_call_main.h:59)
==733386== 
==733386== 151 bytes in 24 blocks are still reachable in loss record 175 of 211
==733386==    at 0x586D858: malloc (vg_replace_malloc.c:447)
==733386==    by 0x473EC57: rboxc_gawk_make_str_node (in /root/rboxc/target/gawk-source-ownership-candidate/release/rboxc)
==733386==    by 0x474CC35: install (in /root/rboxc/target/gawk-source-ownership-candidate/release/rboxc)
==733386==    by 0x449A700: single_binary_main_gawk (in /root/rboxc/target/gawk-source-ownership-candidate/release/rboxc)
==733386==    by 0x5A17600: (below main) (libc_start_call_main.h:59)
==733386== 
==733386== 176 bytes in 2 blocks are still reachable in loss record 176 of 211
==733386==    at 0x586D858: malloc (vg_replace_malloc.c:447)
==733386==    by 0x473E7EB: rboxc_gawk_r_getblock (in /root/rboxc/target/gawk-source-ownership-candidate/release/rboxc)
==733386==    by 0x473EBC1: rboxc_gawk_make_str_node (in /root/rboxc/target/gawk-source-ownership-candidate/release/rboxc)
==733386==    by 0x449B5D4: single_binary_main_gawk (in /root/rboxc/target/gawk-source-ownership-candidate/release/rboxc)
==733386==    by 0x5A17600: (below main) (libc_start_call_main.h:59)
==733386== 
==733386== 176 bytes in 2 blocks are still reachable in loss record 177 of 211
==733386==    at 0x586D858: malloc (vg_replace_malloc.c:447)
==733386==    by 0x473E7EB: rboxc_gawk_r_getblock (in /root/rboxc/target/gawk-source-ownership-candidate/release/rboxc)
==733386==    by 0x473EBC1: rboxc_gawk_make_str_node (in /root/rboxc/target/gawk-source-ownership-candidate/release/rboxc)
==733386==    by 0x46F0A34: yylex (in /root/rboxc/target/gawk-source-ownership-candidate/release/rboxc)
==733386==    by 0x46F20DC: rboxc_gawk_yyparse (in /root/rboxc/target/gawk-source-ownership-candidate/release/rboxc)
==733386==    by 0x46F5FDA: rboxc_gawk_parse_program (in /root/rboxc/target/gawk-source-ownership-candidate/release/rboxc)
==733386==    by 0x449B724: single_binary_main_gawk (in /root/rboxc/target/gawk-source-ownership-candidate/release/rboxc)
==733386==    by 0x5A17600: (below main) (libc_start_call_main.h:59)
==733386== 
==733386== 192 bytes in 4 blocks are still reachable in loss record 178 of 211
==733386==    at 0x586D858: malloc (vg_replace_malloc.c:447)
==733386==    by 0x473E7EB: rboxc_gawk_r_getblock (in /root/rboxc/target/gawk-source-ownership-candidate/release/rboxc)
==733386==    by 0x474C459: str_lookup (in /root/rboxc/target/gawk-source-ownership-candidate/release/rboxc)
==733386==    by 0x474CC6C: install (in /root/rboxc/target/gawk-source-ownership-candidate/release/rboxc)
==733386==    by 0x46F2303: rboxc_gawk_yyparse (in /root/rboxc/target/gawk-source-ownership-candidate/release/rboxc)
==733386==    by 0x46F5FDA: rboxc_gawk_parse_program (in /root/rboxc/target/gawk-source-ownership-candidate/release/rboxc)
==733386==    by 0x449B724: single_binary_main_gawk (in /root/rboxc/target/gawk-source-ownership-candidate/release/rboxc)
==733386==    by 0x5A17600: (below main) (libc_start_call_main.h:59)
==733386== 
==733386== 200 bytes in 9 blocks are still reachable in loss record 179 of 211
==733386==    at 0x586D858: malloc (vg_replace_malloc.c:447)
==733386==    by 0x473EC57: rboxc_gawk_make_str_node (in /root/rboxc/target/gawk-source-ownership-candidate/release/rboxc)
==733386==    by 0x449B1A0: single_binary_main_gawk (in /root/rboxc/target/gawk-source-ownership-candidate/release/rboxc)
==733386==    by 0x5A17600: (below main) (libc_start_call_main.h:59)
==733386== 
==733386== 256 bytes in 1 blocks are still reachable in loss record 180 of 211
==733386==    at 0x5874E43: calloc (vg_replace_malloc.c:1678)
==733386==    by 0x470A532: cint_lookup (in /root/rboxc/target/gawk-source-ownership-candidate/release/rboxc)
==733386==    by 0x44911A2: rboxc::applet_gawk::assoc_set (in /root/rboxc/target/gawk-source-ownership-candidate/release/rboxc)
==733386==    by 0x449B5E2: single_binary_main_gawk (in /root/rboxc/target/gawk-source-ownership-candidate/release/rboxc)
==733386==    by 0x5A17600: (below main) (libc_start_call_main.h:59)
==733386== 
==733386== 256 bytes in 1 blocks are still reachable in loss record 181 of 211
==733386==    at 0x5874E43: calloc (vg_replace_malloc.c:1678)
==733386==    by 0x4709F37: tree_lookup (in /root/rboxc/target/gawk-source-ownership-candidate/release/rboxc)
==733386==    by 0x44911A2: rboxc::applet_gawk::assoc_set (in /root/rboxc/target/gawk-source-ownership-candidate/release/rboxc)
==733386==    by 0x449B5E2: single_binary_main_gawk (in /root/rboxc/target/gawk-source-ownership-candidate/release/rboxc)
==733386==    by 0x5A17600: (below main) (libc_start_call_main.h:59)
==733386== 
==733386== 256 bytes in 1 blocks are still reachable in loss record 182 of 211
==733386==    at 0x5874E43: calloc (vg_replace_malloc.c:1678)
==733386==    by 0x470A160: tree_lookup (in /root/rboxc/target/gawk-source-ownership-candidate/release/rboxc)
==733386==    by 0x44911A2: rboxc::applet_gawk::assoc_set (in /root/rboxc/target/gawk-source-ownership-candidate/release/rboxc)
==733386==    by 0x449B5E2: single_binary_main_gawk (in /root/rboxc/target/gawk-source-ownership-candidate/release/rboxc)
==733386==    by 0x5A17600: (below main) (libc_start_call_main.h:59)
==733386== 
==733386== 256 bytes in 1 blocks are still reachable in loss record 183 of 211
==733386==    at 0x5874E43: calloc (vg_replace_malloc.c:1678)
==733386==    by 0x470A532: cint_lookup (in /root/rboxc/target/gawk-source-ownership-candidate/release/rboxc)
==733386==    by 0x44911A2: rboxc::applet_gawk::assoc_set (in /root/rboxc/target/gawk-source-ownership-candidate/release/rboxc)
==733386==    by 0x449B42B: single_binary_main_gawk (in /root/rboxc/target/gawk-source-ownership-candidate/release/rboxc)
==733386==    by 0x5A17600: (below main) (libc_start_call_main.h:59)
==733386== 
==733386== 256 bytes in 1 blocks are still reachable in loss record 184 of 211
==733386==    at 0x5874E43: calloc (vg_replace_malloc.c:1678)
==733386==    by 0x4709F37: tree_lookup (in /root/rboxc/target/gawk-source-ownership-candidate/release/rboxc)
==733386==    by 0x44911A2: rboxc::applet_gawk::assoc_set (in /root/rboxc/target/gawk-source-ownership-candidate/release/rboxc)
==733386==    by 0x449B42B: single_binary_main_gawk (in /root/rboxc/target/gawk-source-ownership-candidate/release/rboxc)
==733386==    by 0x5A17600: (below main) (libc_start_call_main.h:59)
==733386== 
==733386== 256 bytes in 1 blocks are still reachable in loss record 185 of 211
==733386==    at 0x5874E43: calloc (vg_replace_malloc.c:1678)
==733386==    by 0x470A160: tree_lookup (in /root/rboxc/target/gawk-source-ownership-candidate/release/rboxc)
==733386==    by 0x44911A2: rboxc::applet_gawk::assoc_set (in /root/rboxc/target/gawk-source-ownership-candidate/release/rboxc)
==733386==    by 0x449B42B: single_binary_main_gawk (in /root/rboxc/target/gawk-source-ownership-candidate/release/rboxc)
==733386==    by 0x5A17600: (below main) (libc_start_call_main.h:59)
==733386== 
==733386== 264 bytes in 3 blocks are still reachable in loss record 186 of 211
==733386==    at 0x586D858: malloc (vg_replace_malloc.c:447)
==733386==    by 0x473E7EB: rboxc_gawk_r_getblock (in /root/rboxc/target/gawk-source-ownership-candidate/release/rboxc)
==733386==    by 0x473F130: r_make_number (in /root/rboxc/target/gawk-source-ownership-candidate/release/rboxc)
==733386==    by 0x46EFB0C: yylex (in /root/rboxc/target/gawk-source-ownership-candidate/release/rboxc)
==733386==    by 0x46F20DC: rboxc_gawk_yyparse (in /root/rboxc/target/gawk-source-ownership-candidate/release/rboxc)
==733386==    by 0x46F5FDA: rboxc_gawk_parse_program (in /root/rboxc/target/gawk-source-ownership-candidate/release/rboxc)
==733386==    by 0x449B724: single_binary_main_gawk (in /root/rboxc/target/gawk-source-ownership-candidate/release/rboxc)
==733386==    by 0x5A17600: (below main) (libc_start_call_main.h:59)
==733386== 
==733386== 278 bytes in 42 blocks are still reachable in loss record 187 of 211
==733386==    at 0x586D858: malloc (vg_replace_malloc.c:447)
==733386==    by 0x473EC57: rboxc_gawk_make_str_node (in /root/rboxc/target/gawk-source-ownership-candidate/release/rboxc)
==733386==    by 0x474CC35: install (in /root/rboxc/target/gawk-source-ownership-candidate/release/rboxc)
==733386==    by 0x46EF0CE: rboxc_gawk_install_builtins (in /root/rboxc/target/gawk-source-ownership-candidate/release/rboxc)
==733386==    by 0x449B78E: single_binary_main_gawk (in /root/rboxc/target/gawk-source-ownership-candidate/release/rboxc)
==733386==    by 0x5A17600: (below main) (libc_start_call_main.h:59)
==733386== 
==733386== 296 bytes in 1 blocks are still reachable in loss record 188 of 211
==733386==    at 0x5874E43: calloc (vg_replace_malloc.c:1678)
==733386==    by 0x46EA286: do_add_srcfile (in /root/rboxc/target/gawk-source-ownership-candidate/release/rboxc)
==733386==    by 0x46EE3BF: rboxc_gawk_add_srcfile (in /root/rboxc/target/gawk-source-ownership-candidate/release/rboxc)
==733386==    by 0x449B30C: single_binary_main_gawk (in /root/rboxc/target/gawk-source-ownership-candidate/release/rboxc)
==733386==    by 0x5A17600: (below main) (libc_start_call_main.h:59)
==733386== 
==733386== 352 bytes in 4 blocks are still reachable in loss record 189 of 211
==733386==    at 0x586D858: malloc (vg_replace_malloc.c:447)
==733386==    by 0x473E7EB: rboxc_gawk_r_getblock (in /root/rboxc/target/gawk-source-ownership-candidate/release/rboxc)
==733386==    by 0x473EBC1: rboxc_gawk_make_str_node (in /root/rboxc/target/gawk-source-ownership-candidate/release/rboxc)
==733386==    by 0x474CC35: install (in /root/rboxc/target/gawk-source-ownership-candidate/release/rboxc)
==733386==    by 0x46F2303: rboxc_gawk_yyparse (in /root/rboxc/target/gawk-source-ownership-candidate/release/rboxc)
==733386==    by 0x46F5FDA: rboxc_gawk_parse_program (in /root/rboxc/target/gawk-source-ownership-candidate/release/rboxc)
==733386==    by 0x449B724: single_binary_main_gawk (in /root/rboxc/target/gawk-source-ownership-candidate/release/rboxc)
==733386==    by 0x5A17600: (below main) (libc_start_call_main.h:59)
==733386== 
==733386== 352 bytes in 4 blocks are still reachable in loss record 190 of 211
==733386==    at 0x586D858: malloc (vg_replace_malloc.c:447)
==733386==    by 0x473E7EB: rboxc_gawk_r_getblock (in /root/rboxc/target/gawk-source-ownership-candidate/release/rboxc)
==733386==    by 0x474CD13: install (in /root/rboxc/target/gawk-source-ownership-candidate/release/rboxc)
==733386==    by 0x46F2303: rboxc_gawk_yyparse (in /root/rboxc/target/gawk-source-ownership-candidate/release/rboxc)
==733386==    by 0x46F5FDA: rboxc_gawk_parse_program (in /root/rboxc/target/gawk-source-ownership-candidate/release/rboxc)
==733386==    by 0x449B724: single_binary_main_gawk (in /root/rboxc/target/gawk-source-ownership-candidate/release/rboxc)
==733386==    by 0x5A17600: (below main) (libc_start_call_main.h:59)
==733386== 
==733386== 432 bytes in 9 blocks are still reachable in loss record 191 of 211
==733386==    at 0x586D858: malloc (vg_replace_malloc.c:447)
==733386==    by 0x473E7EB: rboxc_gawk_r_getblock (in /root/rboxc/target/gawk-source-ownership-candidate/release/rboxc)
==733386==    by 0x474C459: str_lookup (in /root/rboxc/target/gawk-source-ownership-candidate/release/rboxc)
==733386==    by 0x449B1C6: single_binary_main_gawk (in /root/rboxc/target/gawk-source-ownership-candidate/release/rboxc)
==733386==    by 0x5A17600: (below main) (libc_start_call_main.h:59)
==733386== 
==733386== 479 bytes in 76 blocks are still reachable in loss record 192 of 211
==733386==    at 0x586D858: malloc (vg_replace_malloc.c:447)
==733386==    by 0x473EC57: rboxc_gawk_make_str_node (in /root/rboxc/target/gawk-source-ownership-candidate/release/rboxc)
==733386==    by 0x474E074: rboxc_gawk_load_symbols (in /root/rboxc/target/gawk-source-ownership-candidate/release/rboxc)
==733386==    by 0x449B7FC: single_binary_main_gawk (in /root/rboxc/target/gawk-source-ownership-candidate/release/rboxc)
==733386==    by 0x5A17600: (below main) (libc_start_call_main.h:59)
==733386== 
==733386== 552 bytes in 1 blocks are still reachable in loss record 193 of 211
==733386==    at 0x5874E43: calloc (vg_replace_malloc.c:1678)
==733386==    by 0x474E556: rboxc_gawk_new_context (in /root/rboxc/target/gawk-source-ownership-candidate/release/rboxc)
==733386==    by 0x44999EA: single_binary_main_gawk (in /root/rboxc/target/gawk-source-ownership-candidate/release/rboxc)
==733386==    by 0x5A17600: (below main) (libc_start_call_main.h:59)
==733386== 
==733386== 792 bytes in 9 blocks are still reachable in loss record 194 of 211
==733386==    at 0x586D858: malloc (vg_replace_malloc.c:447)
==733386==    by 0x473E7EB: rboxc_gawk_r_getblock (in /root/rboxc/target/gawk-source-ownership-candidate/release/rboxc)
==733386==    by 0x473EBC1: rboxc_gawk_make_str_node (in /root/rboxc/target/gawk-source-ownership-candidate/release/rboxc)
==733386==    by 0x449B18C: single_binary_main_gawk (in /root/rboxc/target/gawk-source-ownership-candidate/release/rboxc)
==733386==    by 0x5A17600: (below main) (libc_start_call_main.h:59)
==733386== 
==733386== 792 bytes in 9 blocks are still reachable in loss record 195 of 211
==733386==    at 0x586D858: malloc (vg_replace_malloc.c:447)
==733386==    by 0x473E7EB: rboxc_gawk_r_getblock (in /root/rboxc/target/gawk-source-ownership-candidate/release/rboxc)
==733386==    by 0x473EBC1: rboxc_gawk_make_str_node (in /root/rboxc/target/gawk-source-ownership-candidate/release/rboxc)
==733386==    by 0x449B1A0: single_binary_main_gawk (in /root/rboxc/target/gawk-source-ownership-candidate/release/rboxc)
==733386==    by 0x5A17600: (below main) (libc_start_call_main.h:59)
==733386== 
==733386== 880 bytes in 10 blocks are still reachable in loss record 196 of 211
==733386==    at 0x586D858: malloc (vg_replace_malloc.c:447)
==733386==    by 0x473E7EB: rboxc_gawk_r_getblock (in /root/rboxc/target/gawk-source-ownership-candidate/release/rboxc)
==733386==    by 0x473F130: r_make_number (in /root/rboxc/target/gawk-source-ownership-candidate/release/rboxc)
==733386==    by 0x449A743: single_binary_main_gawk (in /root/rboxc/target/gawk-source-ownership-candidate/release/rboxc)
==733386==    by 0x5A17600: (below main) (libc_start_call_main.h:59)
==733386== 
==733386== 1,152 bytes in 24 blocks are still reachable in loss record 197 of 211
==733386==    at 0x586D858: malloc (vg_replace_malloc.c:447)
==733386==    by 0x473E7EB: rboxc_gawk_r_getblock (in /root/rboxc/target/gawk-source-ownership-candidate/release/rboxc)
==733386==    by 0x474C459: str_lookup (in /root/rboxc/target/gawk-source-ownership-candidate/release/rboxc)
==733386==    by 0x474CC6C: install (in /root/rboxc/target/gawk-source-ownership-candidate/release/rboxc)
==733386==    by 0x449A700: single_binary_main_gawk (in /root/rboxc/target/gawk-source-ownership-candidate/release/rboxc)
==733386==    by 0x5A17600: (below main) (libc_start_call_main.h:59)
==733386== 
==733386== 1,232 bytes in 14 blocks are still reachable in loss record 198 of 211
==733386==    at 0x586D858: malloc (vg_replace_malloc.c:447)
==733386==    by 0x473E7EB: rboxc_gawk_r_getblock (in /root/rboxc/target/gawk-source-ownership-candidate/release/rboxc)
==733386==    by 0x473EBC1: rboxc_gawk_make_str_node (in /root/rboxc/target/gawk-source-ownership-candidate/release/rboxc)
==733386==    by 0x449A72A: single_binary_main_gawk (in /root/rboxc/target/gawk-source-ownership-candidate/release/rboxc)
==733386==    by 0x5A17600: (below main) (libc_start_call_main.h:59)
==733386== 
==733386== 2,000 bytes in 400 blocks are indirectly lost in loss record 199 of 211
==733386==    at 0x586D858: malloc (vg_replace_malloc.c:447)
==733386==    by 0x473EC57: rboxc_gawk_make_str_node (in /root/rboxc/target/gawk-source-ownership-candidate/release/rboxc)
==733386==    by 0x47413E1: rboxc_gawk_format_args (in /root/rboxc/target/gawk-source-ownership-candidate/release/rboxc)
==733386==    by 0x4743E14: printf_common (in /root/rboxc/target/gawk-source-ownership-candidate/release/rboxc)
==733386==    by 0x47440C4: rboxc_gawk_do_sprintf (in /root/rboxc/target/gawk-source-ownership-candidate/release/rboxc)
==733386==    by 0x4725F3C: rboxc_gawk_r_interpret (in /root/rboxc/target/gawk-source-ownership-candidate/release/rboxc)
==733386==    by 0x449B883: single_binary_main_gawk (in /root/rboxc/target/gawk-source-ownership-candidate/release/rboxc)
==733386==    by 0x5A17600: (below main) (libc_start_call_main.h:59)
==733386== 
==733386== 2,016 bytes in 42 blocks are still reachable in loss record 200 of 211
==733386==    at 0x586D858: malloc (vg_replace_malloc.c:447)
==733386==    by 0x473E7EB: rboxc_gawk_r_getblock (in /root/rboxc/target/gawk-source-ownership-candidate/release/rboxc)
==733386==    by 0x474C459: str_lookup (in /root/rboxc/target/gawk-source-ownership-candidate/release/rboxc)
==733386==    by 0x474CC6C: install (in /root/rboxc/target/gawk-source-ownership-candidate/release/rboxc)
==733386==    by 0x46EF0CE: rboxc_gawk_install_builtins (in /root/rboxc/target/gawk-source-ownership-candidate/release/rboxc)
==733386==    by 0x449B78E: single_binary_main_gawk (in /root/rboxc/target/gawk-source-ownership-candidate/release/rboxc)
==733386==    by 0x5A17600: (below main) (libc_start_call_main.h:59)
==733386== 
==733386== 2,048 bytes in 1 blocks are still reachable in loss record 201 of 211
==733386==    at 0x586D858: malloc (vg_replace_malloc.c:447)
==733386==    by 0x471ED59: rboxc_gawk_init_interpret (in /root/rboxc/target/gawk-source-ownership-candidate/release/rboxc)
==733386==    by 0x449B314: single_binary_main_gawk (in /root/rboxc/target/gawk-source-ownership-candidate/release/rboxc)
==733386==    by 0x5A17600: (below main) (libc_start_call_main.h:59)
==733386== 
==733386== 2,112 bytes in 24 blocks are still reachable in loss record 202 of 211
==733386==    at 0x586D858: malloc (vg_replace_malloc.c:447)
==733386==    by 0x473E7EB: rboxc_gawk_r_getblock (in /root/rboxc/target/gawk-source-ownership-candidate/release/rboxc)
==733386==    by 0x473EBC1: rboxc_gawk_make_str_node (in /root/rboxc/target/gawk-source-ownership-candidate/release/rboxc)
==733386==    by 0x474CC35: install (in /root/rboxc/target/gawk-source-ownership-candidate/release/rboxc)
==733386==    by 0x449A700: single_binary_main_gawk (in /root/rboxc/target/gawk-source-ownership-candidate/release/rboxc)
==733386==    by 0x5A17600: (below main) (libc_start_call_main.h:59)
==733386== 
==733386== 2,112 bytes in 24 blocks are still reachable in loss record 203 of 211
==733386==    at 0x586D858: malloc (vg_replace_malloc.c:447)
==733386==    by 0x473E7EB: rboxc_gawk_r_getblock (in /root/rboxc/target/gawk-source-ownership-candidate/release/rboxc)
==733386==    by 0x474CD13: install (in /root/rboxc/target/gawk-source-ownership-candidate/release/rboxc)
==733386==    by 0x449A700: single_binary_main_gawk (in /root/rboxc/target/gawk-source-ownership-candidate/release/rboxc)
==733386==    by 0x5A17600: (below main) (libc_start_call_main.h:59)
==733386== 
==733386== 3,648 bytes in 76 blocks are still reachable in loss record 204 of 211
==733386==    at 0x586D858: malloc (vg_replace_malloc.c:447)
==733386==    by 0x473E7EB: rboxc_gawk_r_getblock (in /root/rboxc/target/gawk-source-ownership-candidate/release/rboxc)
==733386==    by 0x474C459: str_lookup (in /root/rboxc/target/gawk-source-ownership-candidate/release/rboxc)
==733386==    by 0x474DEC9: rboxc_gawk_load_symbols (in /root/rboxc/target/gawk-source-ownership-candidate/release/rboxc)
==733386==    by 0x449B7FC: single_binary_main_gawk (in /root/rboxc/target/gawk-source-ownership-candidate/release/rboxc)
==733386==    by 0x5A17600: (below main) (libc_start_call_main.h:59)
==733386== 
==733386== 3,696 bytes in 42 blocks are still reachable in loss record 205 of 211
==733386==    at 0x586D858: malloc (vg_replace_malloc.c:447)
==733386==    by 0x473E7EB: rboxc_gawk_r_getblock (in /root/rboxc/target/gawk-source-ownership-candidate/release/rboxc)
==733386==    by 0x473EBC1: rboxc_gawk_make_str_node (in /root/rboxc/target/gawk-source-ownership-candidate/release/rboxc)
==733386==    by 0x474CC35: install (in /root/rboxc/target/gawk-source-ownership-candidate/release/rboxc)
==733386==    by 0x46EF0CE: rboxc_gawk_install_builtins (in /root/rboxc/target/gawk-source-ownership-candidate/release/rboxc)
==733386==    by 0x449B78E: single_binary_main_gawk (in /root/rboxc/target/gawk-source-ownership-candidate/release/rboxc)
==733386==    by 0x5A17600: (below main) (libc_start_call_main.h:59)
==733386== 
==733386== 3,696 bytes in 42 blocks are still reachable in loss record 206 of 211
==733386==    at 0x586D858: malloc (vg_replace_malloc.c:447)
==733386==    by 0x473E7EB: rboxc_gawk_r_getblock (in /root/rboxc/target/gawk-source-ownership-candidate/release/rboxc)
==733386==    by 0x474CDFE: install (in /root/rboxc/target/gawk-source-ownership-candidate/release/rboxc)
==733386==    by 0x46EF0CE: rboxc_gawk_install_builtins (in /root/rboxc/target/gawk-source-ownership-candidate/release/rboxc)
==733386==    by 0x449B78E: single_binary_main_gawk (in /root/rboxc/target/gawk-source-ownership-candidate/release/rboxc)
==733386==    by 0x5A17600: (below main) (libc_start_call_main.h:59)
==733386== 
==733386== 5,048 bytes in 1 blocks are still reachable in loss record 207 of 211
==733386==    at 0x586D858: malloc (vg_replace_malloc.c:447)
==733386==    by 0x474E471: rboxc_gawk_bcalloc (in /root/rboxc/target/gawk-source-ownership-candidate/release/rboxc)
==733386==    by 0x46F5EFC: rboxc_gawk_parse_program (in /root/rboxc/target/gawk-source-ownership-candidate/release/rboxc)
==733386==    by 0x449B724: single_binary_main_gawk (in /root/rboxc/target/gawk-source-ownership-candidate/release/rboxc)
==733386==    by 0x5A17600: (below main) (libc_start_call_main.h:59)
==733386== 
==733386== 5,048 bytes in 1 blocks are still reachable in loss record 208 of 211
==733386==    at 0x586D858: malloc (vg_replace_malloc.c:447)
==733386==    by 0x474E471: rboxc_gawk_bcalloc (in /root/rboxc/target/gawk-source-ownership-candidate/release/rboxc)
==733386==    by 0x46F63F8: rboxc_gawk_parse_program (in /root/rboxc/target/gawk-source-ownership-candidate/release/rboxc)
==733386==    by 0x449B724: single_binary_main_gawk (in /root/rboxc/target/gawk-source-ownership-candidate/release/rboxc)
==733386==    by 0x5A17600: (below main) (libc_start_call_main.h:59)
==733386== 
==733386== 5,048 bytes in 1 blocks are still reachable in loss record 209 of 211
==733386==    at 0x586D858: malloc (vg_replace_malloc.c:447)
==733386==    by 0x474E471: rboxc_gawk_bcalloc (in /root/rboxc/target/gawk-source-ownership-candidate/release/rboxc)
==733386==    by 0x46F1B8A: yylex (in /root/rboxc/target/gawk-source-ownership-candidate/release/rboxc)
==733386==    by 0x46F20DC: rboxc_gawk_yyparse (in /root/rboxc/target/gawk-source-ownership-candidate/release/rboxc)
==733386==    by 0x46F5FDA: rboxc_gawk_parse_program (in /root/rboxc/target/gawk-source-ownership-candidate/release/rboxc)
==733386==    by 0x449B724: single_binary_main_gawk (in /root/rboxc/target/gawk-source-ownership-candidate/release/rboxc)
==733386==    by 0x5A17600: (below main) (libc_start_call_main.h:59)
==733386== 
==733386== 6,688 bytes in 76 blocks are still reachable in loss record 210 of 211
==733386==    at 0x586D858: malloc (vg_replace_malloc.c:447)
==733386==    by 0x473E7EB: rboxc_gawk_r_getblock (in /root/rboxc/target/gawk-source-ownership-candidate/release/rboxc)
==733386==    by 0x473EBC1: rboxc_gawk_make_str_node (in /root/rboxc/target/gawk-source-ownership-candidate/release/rboxc)
==733386==    by 0x474E074: rboxc_gawk_load_symbols (in /root/rboxc/target/gawk-source-ownership-candidate/release/rboxc)
==733386==    by 0x449B7FC: single_binary_main_gawk (in /root/rboxc/target/gawk-source-ownership-candidate/release/rboxc)
==733386==    by 0x5A17600: (below main) (libc_start_call_main.h:59)
==733386== 
==733386== 37,200 (35,200 direct, 2,000 indirect) bytes in 400 blocks are definitely lost in loss record 211 of 211
==733386==    at 0x586D858: malloc (vg_replace_malloc.c:447)
==733386==    by 0x473E7EB: rboxc_gawk_r_getblock (in /root/rboxc/target/gawk-source-ownership-candidate/release/rboxc)
==733386==    by 0x473EBC1: rboxc_gawk_make_str_node (in /root/rboxc/target/gawk-source-ownership-candidate/release/rboxc)
==733386==    by 0x47413E1: rboxc_gawk_format_args (in /root/rboxc/target/gawk-source-ownership-candidate/release/rboxc)
==733386==    by 0x4743E14: printf_common (in /root/rboxc/target/gawk-source-ownership-candidate/release/rboxc)
==733386==    by 0x47440C4: rboxc_gawk_do_sprintf (in /root/rboxc/target/gawk-source-ownership-candidate/release/rboxc)
==733386==    by 0x4725F3C: rboxc_gawk_r_interpret (in /root/rboxc/target/gawk-source-ownership-candidate/release/rboxc)
==733386==    by 0x449B883: single_binary_main_gawk (in /root/rboxc/target/gawk-source-ownership-candidate/release/rboxc)
==733386==    by 0x5A17600: (below main) (libc_start_call_main.h:59)
==733386== 
==733386== LEAK SUMMARY:
==733386==    definitely lost: 35,200 bytes in 400 blocks
==733386==    indirectly lost: 2,000 bytes in 400 blocks
==733386==      possibly lost: 0 bytes in 0 blocks
==733386==    still reachable: 60,756 bytes in 810 blocks
==733386==         suppressed: 0 bytes in 0 blocks
==733386== 
==733386== For lists of detected and suppressed errors, rerun with: -s
==733386== ERROR SUMMARY: 1 errors from 1 contexts (suppressed: 0 from 0)
