==723598== Memcheck, a memory error detector
==723598== Copyright (C) 2002-2024, and GNU GPL'd, by Julian Seward et al.
==723598== Using Valgrind-3.26.0 and LibVEX; rerun with -h for copyright info
==723598== Command: gawk -v TESTEXT_QUIET=1 -ltestext -f getfile.awk
==723598== Parent PID: 723597
==723598== 
==723598== 
==723598== FILE DESCRIPTORS: 2 open (2 inherited) at exit.
==723598== 
==723598== HEAP SUMMARY:
==723598==     in use at exit: 77,893 bytes in 1,114 blocks
==723598==   total heap usage: 2,022 allocs, 908 frees, 135,239 bytes allocated
==723598== 
==723598== 1 bytes in 1 blocks are still reachable in loss record 1 of 274
==723598==    at 0x586D858: malloc (vg_replace_malloc.c:447)
==723598==    by 0x4497860: rboxc_gawk_estrdup (in /root/rboxc/target/gawk-source-ownership-candidate/release/rboxc)
==723598==    by 0x449979E: single_binary_main_gawk (in /root/rboxc/target/gawk-source-ownership-candidate/release/rboxc)
==723598==    by 0x5A17600: (below main) (libc_start_call_main.h:59)
==723598== 
==723598== 1 bytes in 1 blocks are still reachable in loss record 2 of 274
==723598==    at 0x586D858: malloc (vg_replace_malloc.c:447)
==723598==    by 0x4497860: rboxc_gawk_estrdup (in /root/rboxc/target/gawk-source-ownership-candidate/release/rboxc)
==723598==    by 0x44997CD: single_binary_main_gawk (in /root/rboxc/target/gawk-source-ownership-candidate/release/rboxc)
==723598==    by 0x5A17600: (below main) (libc_start_call_main.h:59)
==723598== 
==723598== 1 bytes in 1 blocks are still reachable in loss record 3 of 274
==723598==    at 0x586D858: malloc (vg_replace_malloc.c:447)
==723598==    by 0x4497860: rboxc_gawk_estrdup (in /root/rboxc/target/gawk-source-ownership-candidate/release/rboxc)
==723598==    by 0x44997E5: single_binary_main_gawk (in /root/rboxc/target/gawk-source-ownership-candidate/release/rboxc)
==723598==    by 0x5A17600: (below main) (libc_start_call_main.h:59)
==723598== 
==723598== 1 bytes in 1 blocks are still reachable in loss record 4 of 274
==723598==    at 0x586D858: malloc (vg_replace_malloc.c:447)
==723598==    by 0x4497860: rboxc_gawk_estrdup (in /root/rboxc/target/gawk-source-ownership-candidate/release/rboxc)
==723598==    by 0x44997FD: single_binary_main_gawk (in /root/rboxc/target/gawk-source-ownership-candidate/release/rboxc)
==723598==    by 0x5A17600: (below main) (libc_start_call_main.h:59)
==723598== 
==723598== 1 bytes in 1 blocks are still reachable in loss record 5 of 274
==723598==    at 0x586D858: malloc (vg_replace_malloc.c:447)
==723598==    by 0x4497860: rboxc_gawk_estrdup (in /root/rboxc/target/gawk-source-ownership-candidate/release/rboxc)
==723598==    by 0x4499815: single_binary_main_gawk (in /root/rboxc/target/gawk-source-ownership-candidate/release/rboxc)
==723598==    by 0x5A17600: (below main) (libc_start_call_main.h:59)
==723598== 
==723598== 1 bytes in 1 blocks are still reachable in loss record 6 of 274
==723598==    at 0x586D858: malloc (vg_replace_malloc.c:447)
==723598==    by 0x4497860: rboxc_gawk_estrdup (in /root/rboxc/target/gawk-source-ownership-candidate/release/rboxc)
==723598==    by 0x449982D: single_binary_main_gawk (in /root/rboxc/target/gawk-source-ownership-candidate/release/rboxc)
==723598==    by 0x5A17600: (below main) (libc_start_call_main.h:59)
==723598== 
==723598== 1 bytes in 1 blocks are still reachable in loss record 7 of 274
==723598==    at 0x586D858: malloc (vg_replace_malloc.c:447)
==723598==    by 0x4497860: rboxc_gawk_estrdup (in /root/rboxc/target/gawk-source-ownership-candidate/release/rboxc)
==723598==    by 0x4499845: single_binary_main_gawk (in /root/rboxc/target/gawk-source-ownership-candidate/release/rboxc)
==723598==    by 0x5A17600: (below main) (libc_start_call_main.h:59)
==723598== 
==723598== 1 bytes in 1 blocks are still reachable in loss record 8 of 274
==723598==    at 0x586D858: malloc (vg_replace_malloc.c:447)
==723598==    by 0x4497860: rboxc_gawk_estrdup (in /root/rboxc/target/gawk-source-ownership-candidate/release/rboxc)
==723598==    by 0x449985D: single_binary_main_gawk (in /root/rboxc/target/gawk-source-ownership-candidate/release/rboxc)
==723598==    by 0x5A17600: (below main) (libc_start_call_main.h:59)
==723598== 
==723598== 1 bytes in 1 blocks are still reachable in loss record 9 of 274
==723598==    at 0x586D858: malloc (vg_replace_malloc.c:447)
==723598==    by 0x4497860: rboxc_gawk_estrdup (in /root/rboxc/target/gawk-source-ownership-candidate/release/rboxc)
==723598==    by 0x4499875: single_binary_main_gawk (in /root/rboxc/target/gawk-source-ownership-candidate/release/rboxc)
==723598==    by 0x5A17600: (below main) (libc_start_call_main.h:59)
==723598== 
==723598== 1 bytes in 1 blocks are still reachable in loss record 10 of 274
==723598==    at 0x586D858: malloc (vg_replace_malloc.c:447)
==723598==    by 0x473EC57: rboxc_gawk_make_str_node (in /root/rboxc/target/gawk-source-ownership-candidate/release/rboxc)
==723598==    by 0x44998FC: single_binary_main_gawk (in /root/rboxc/target/gawk-source-ownership-candidate/release/rboxc)
==723598==    by 0x5A17600: (below main) (libc_start_call_main.h:59)
==723598== 
==723598== 1 bytes in 1 blocks are still reachable in loss record 11 of 274
==723598==    at 0x586D858: malloc (vg_replace_malloc.c:447)
==723598==    by 0x473EC57: rboxc_gawk_make_str_node (in /root/rboxc/target/gawk-source-ownership-candidate/release/rboxc)
==723598==    by 0x472BB60: rboxc_gawk_init_fields (in /root/rboxc/target/gawk-source-ownership-candidate/release/rboxc)
==723598==    by 0x449AE20: single_binary_main_gawk (in /root/rboxc/target/gawk-source-ownership-candidate/release/rboxc)
==723598==    by 0x5A17600: (below main) (libc_start_call_main.h:59)
==723598== 
==723598== 1 bytes in 1 blocks are still reachable in loss record 12 of 274
==723598==    at 0x586D858: malloc (vg_replace_malloc.c:447)
==723598==    by 0x473EC57: rboxc_gawk_make_str_node (in /root/rboxc/target/gawk-source-ownership-candidate/release/rboxc)
==723598==    by 0x471D6FB: rboxc_gawk_update_ERRNO_int (in /root/rboxc/target/gawk-source-ownership-candidate/release/rboxc)
==723598==    by 0x4738028: rboxc_gawk_nextfile (in /root/rboxc/target/gawk-source-ownership-candidate/release/rboxc)
==723598==    by 0x472EEF1: api_get_file (in /root/rboxc/target/gawk-source-ownership-candidate/release/rboxc)
==723598==    by 0x5888120: do_get_file.part.0 (testext.c:1010)
==723598==    by 0x58887E4: do_get_file (testext.c:987)
==723598==    by 0x472556E: rboxc_gawk_r_interpret (in /root/rboxc/target/gawk-source-ownership-candidate/release/rboxc)
==723598==    by 0x449B883: single_binary_main_gawk (in /root/rboxc/target/gawk-source-ownership-candidate/release/rboxc)
==723598==    by 0x5A17600: (below main) (libc_start_call_main.h:59)
==723598== 
==723598== 2 bytes in 1 blocks are still reachable in loss record 13 of 274
==723598==    at 0x586D858: malloc (vg_replace_malloc.c:447)
==723598==    by 0x4497860: rboxc_gawk_estrdup (in /root/rboxc/target/gawk-source-ownership-candidate/release/rboxc)
==723598==    by 0x44997B5: single_binary_main_gawk (in /root/rboxc/target/gawk-source-ownership-candidate/release/rboxc)
==723598==    by 0x5A17600: (below main) (libc_start_call_main.h:59)
==723598== 
==723598== 2 bytes in 1 blocks are still reachable in loss record 14 of 274
==723598==    at 0x586D858: malloc (vg_replace_malloc.c:447)
==723598==    by 0x471CFFF: rboxc_gawk_set_OFS (in /root/rboxc/target/gawk-source-ownership-candidate/release/rboxc)
==723598==    by 0x449A768: single_binary_main_gawk (in /root/rboxc/target/gawk-source-ownership-candidate/release/rboxc)
==723598==    by 0x5A17600: (below main) (libc_start_call_main.h:59)
==723598== 
==723598== 2 bytes in 1 blocks are still reachable in loss record 15 of 274
==723598==    at 0x587507F: realloc (vg_replace_malloc.c:1804)
==723598==    by 0x473ED6E: rboxc_gawk_make_str_node (in /root/rboxc/target/gawk-source-ownership-candidate/release/rboxc)
==723598==    by 0x4497684: rboxc_gawk_arg_assign (in /root/rboxc/target/gawk-source-ownership-candidate/release/rboxc)
==723598==    by 0x449B00C: single_binary_main_gawk (in /root/rboxc/target/gawk-source-ownership-candidate/release/rboxc)
==723598==    by 0x5A17600: (below main) (libc_start_call_main.h:59)
==723598== 
==723598== 2 bytes in 1 blocks are still reachable in loss record 16 of 274
==723598==    at 0x586D858: malloc (vg_replace_malloc.c:447)
==723598==    by 0x4497860: rboxc_gawk_estrdup (in /root/rboxc/target/gawk-source-ownership-candidate/release/rboxc)
==723598==    by 0x46F0E8C: yylex (in /root/rboxc/target/gawk-source-ownership-candidate/release/rboxc)
==723598==    by 0x46F20DC: rboxc_gawk_yyparse (in /root/rboxc/target/gawk-source-ownership-candidate/release/rboxc)
==723598==    by 0x46F5FDA: rboxc_gawk_parse_program (in /root/rboxc/target/gawk-source-ownership-candidate/release/rboxc)
==723598==    by 0x449B724: single_binary_main_gawk (in /root/rboxc/target/gawk-source-ownership-candidate/release/rboxc)
==723598==    by 0x5A17600: (below main) (libc_start_call_main.h:59)
==723598== 
==723598== 2 bytes in 1 blocks are still reachable in loss record 17 of 274
==723598==    at 0x586D858: malloc (vg_replace_malloc.c:447)
==723598==    by 0x473DEAD: r_format_val.part.0 (in /root/rboxc/target/gawk-source-ownership-candidate/release/rboxc)
==723598==    by 0x46FC928: rboxc_gawk_do_print (in /root/rboxc/target/gawk-source-ownership-candidate/release/rboxc)
==723598==    by 0x47261D0: rboxc_gawk_r_interpret (in /root/rboxc/target/gawk-source-ownership-candidate/release/rboxc)
==723598==    by 0x449B883: single_binary_main_gawk (in /root/rboxc/target/gawk-source-ownership-candidate/release/rboxc)
==723598==    by 0x5A17600: (below main) (libc_start_call_main.h:59)
==723598== 
==723598== 2 bytes in 1 blocks are still reachable in loss record 18 of 274
==723598==    at 0x586D858: malloc (vg_replace_malloc.c:447)
==723598==    by 0x588827D: r_make_string_type (gawkapi.h:1009)
==723598==    by 0x588827D: r_make_string (gawkapi.h:1030)
==723598==    by 0x588827D: do_get_file.part.0 (testext.c:1021)
==723598==    by 0x58887E4: do_get_file (testext.c:987)
==723598==    by 0x472556E: rboxc_gawk_r_interpret (in /root/rboxc/target/gawk-source-ownership-candidate/release/rboxc)
==723598==    by 0x449B883: single_binary_main_gawk (in /root/rboxc/target/gawk-source-ownership-candidate/release/rboxc)
==723598==    by 0x5A17600: (below main) (libc_start_call_main.h:59)
==723598== 
==723598== 2 bytes in 1 blocks are still reachable in loss record 19 of 274
==723598==    at 0x586D858: malloc (vg_replace_malloc.c:447)
==723598==    by 0x473EC57: rboxc_gawk_make_str_node (in /root/rboxc/target/gawk-source-ownership-candidate/release/rboxc)
==723598==    by 0x4737168: get_a_record (in /root/rboxc/target/gawk-source-ownership-candidate/release/rboxc)
==723598==    by 0x473B866: rboxc_gawk_do_getline_redir (in /root/rboxc/target/gawk-source-ownership-candidate/release/rboxc)
==723598==    by 0x4726086: rboxc_gawk_r_interpret (in /root/rboxc/target/gawk-source-ownership-candidate/release/rboxc)
==723598==    by 0x449B883: single_binary_main_gawk (in /root/rboxc/target/gawk-source-ownership-candidate/release/rboxc)
==723598==    by 0x5A17600: (below main) (libc_start_call_main.h:59)
==723598== 
==723598== 2 bytes in 1 blocks are still reachable in loss record 20 of 274
==723598==    at 0x586D858: malloc (vg_replace_malloc.c:447)
==723598==    by 0x473EC57: rboxc_gawk_make_str_node (in /root/rboxc/target/gawk-source-ownership-candidate/release/rboxc)
==723598==    by 0x4738065: rboxc_gawk_nextfile (in /root/rboxc/target/gawk-source-ownership-candidate/release/rboxc)
==723598==    by 0x472EEF1: api_get_file (in /root/rboxc/target/gawk-source-ownership-candidate/release/rboxc)
==723598==    by 0x5888120: do_get_file.part.0 (testext.c:1010)
==723598==    by 0x58887E4: do_get_file (testext.c:987)
==723598==    by 0x472556E: rboxc_gawk_r_interpret (in /root/rboxc/target/gawk-source-ownership-candidate/release/rboxc)
==723598==    by 0x449B883: single_binary_main_gawk (in /root/rboxc/target/gawk-source-ownership-candidate/release/rboxc)
==723598==    by 0x5A17600: (below main) (libc_start_call_main.h:59)
==723598== 
==723598== 3 bytes in 1 blocks are still reachable in loss record 21 of 274
==723598==    at 0x586D858: malloc (vg_replace_malloc.c:447)
==723598==    by 0x473EC57: rboxc_gawk_make_str_node (in /root/rboxc/target/gawk-source-ownership-candidate/release/rboxc)
==723598==    by 0x472B2EF: update_PROCINFO_str.part.0 (in /root/rboxc/target/gawk-source-ownership-candidate/release/rboxc)
==723598==    by 0x449AA4C: single_binary_main_gawk (in /root/rboxc/target/gawk-source-ownership-candidate/release/rboxc)
==723598==    by 0x5A17600: (below main) (libc_start_call_main.h:59)
==723598== 
==723598== 3 bytes in 1 blocks are still reachable in loss record 22 of 274
==723598==    at 0x586D858: malloc (vg_replace_malloc.c:447)
==723598==    by 0x473EC57: rboxc_gawk_make_str_node (in /root/rboxc/target/gawk-source-ownership-candidate/release/rboxc)
==723598==    by 0x472B307: update_PROCINFO_str.part.0 (in /root/rboxc/target/gawk-source-ownership-candidate/release/rboxc)
==723598==    by 0x449AA4C: single_binary_main_gawk (in /root/rboxc/target/gawk-source-ownership-candidate/release/rboxc)
==723598==    by 0x5A17600: (below main) (libc_start_call_main.h:59)
==723598== 
==723598== 4 bytes in 1 blocks are still reachable in loss record 23 of 274
==723598==    at 0x586D858: malloc (vg_replace_malloc.c:447)
==723598==    by 0x473EC57: rboxc_gawk_make_str_node (in /root/rboxc/target/gawk-source-ownership-candidate/release/rboxc)
==723598==    by 0x472E784: rboxc_gawk_update_PROCINFO_num (in /root/rboxc/target/gawk-source-ownership-candidate/release/rboxc)
==723598==    by 0x449A9BB: single_binary_main_gawk (in /root/rboxc/target/gawk-source-ownership-candidate/release/rboxc)
==723598==    by 0x5A17600: (below main) (libc_start_call_main.h:59)
==723598== 
==723598== 4 bytes in 1 blocks are still reachable in loss record 24 of 274
==723598==    at 0x586D858: malloc (vg_replace_malloc.c:447)
==723598==    by 0x473EC57: rboxc_gawk_make_str_node (in /root/rboxc/target/gawk-source-ownership-candidate/release/rboxc)
==723598==    by 0x472E784: rboxc_gawk_update_PROCINFO_num (in /root/rboxc/target/gawk-source-ownership-candidate/release/rboxc)
==723598==    by 0x449A9EC: single_binary_main_gawk (in /root/rboxc/target/gawk-source-ownership-candidate/release/rboxc)
==723598==    by 0x5A17600: (below main) (libc_start_call_main.h:59)
==723598== 
==723598== 4 bytes in 1 blocks are still reachable in loss record 25 of 274
==723598==    at 0x586D858: malloc (vg_replace_malloc.c:447)
==723598==    by 0x473EC57: rboxc_gawk_make_str_node (in /root/rboxc/target/gawk-source-ownership-candidate/release/rboxc)
==723598==    by 0x472E784: rboxc_gawk_update_PROCINFO_num (in /root/rboxc/target/gawk-source-ownership-candidate/release/rboxc)
==723598==    by 0x449AA20: single_binary_main_gawk (in /root/rboxc/target/gawk-source-ownership-candidate/release/rboxc)
==723598==    by 0x5A17600: (below main) (libc_start_call_main.h:59)
==723598== 
==723598== 4 bytes in 1 blocks are still reachable in loss record 26 of 274
==723598==    at 0x586D858: malloc (vg_replace_malloc.c:447)
==723598==    by 0x473EC57: rboxc_gawk_make_str_node (in /root/rboxc/target/gawk-source-ownership-candidate/release/rboxc)
==723598==    by 0x472B2EF: update_PROCINFO_str.part.0 (in /root/rboxc/target/gawk-source-ownership-candidate/release/rboxc)
==723598==    by 0x449ABD8: single_binary_main_gawk (in /root/rboxc/target/gawk-source-ownership-candidate/release/rboxc)
==723598==    by 0x5A17600: (below main) (libc_start_call_main.h:59)
==723598== 
==723598== 5 bytes in 1 blocks are still reachable in loss record 27 of 274
==723598==    at 0x586D858: malloc (vg_replace_malloc.c:447)
==723598==    by 0x473EC57: rboxc_gawk_make_str_node (in /root/rboxc/target/gawk-source-ownership-candidate/release/rboxc)
==723598==    by 0x472E784: rboxc_gawk_update_PROCINFO_num (in /root/rboxc/target/gawk-source-ownership-candidate/release/rboxc)
==723598==    by 0x449A9D2: single_binary_main_gawk (in /root/rboxc/target/gawk-source-ownership-candidate/release/rboxc)
==723598==    by 0x5A17600: (below main) (libc_start_call_main.h:59)
==723598== 
==723598== 5 bytes in 1 blocks are still reachable in loss record 28 of 274
==723598==    at 0x586D858: malloc (vg_replace_malloc.c:447)
==723598==    by 0x473EC57: rboxc_gawk_make_str_node (in /root/rboxc/target/gawk-source-ownership-candidate/release/rboxc)
==723598==    by 0x472E784: rboxc_gawk_update_PROCINFO_num (in /root/rboxc/target/gawk-source-ownership-candidate/release/rboxc)
==723598==    by 0x449AA06: single_binary_main_gawk (in /root/rboxc/target/gawk-source-ownership-candidate/release/rboxc)
==723598==    by 0x5A17600: (below main) (libc_start_call_main.h:59)
==723598== 
==723598== 5 bytes in 1 blocks are still reachable in loss record 29 of 274
==723598==    at 0x586D858: malloc (vg_replace_malloc.c:447)
==723598==    by 0x473EC57: rboxc_gawk_make_str_node (in /root/rboxc/target/gawk-source-ownership-candidate/release/rboxc)
==723598==    by 0x472E784: rboxc_gawk_update_PROCINFO_num (in /root/rboxc/target/gawk-source-ownership-candidate/release/rboxc)
==723598==    by 0x449AA3A: single_binary_main_gawk (in /root/rboxc/target/gawk-source-ownership-candidate/release/rboxc)
==723598==    by 0x5A17600: (below main) (libc_start_call_main.h:59)
==723598== 
==723598== 5 bytes in 1 blocks are still reachable in loss record 30 of 274
==723598==    at 0x586D858: malloc (vg_replace_malloc.c:447)
==723598==    by 0x449AC45: single_binary_main_gawk (in /root/rboxc/target/gawk-source-ownership-candidate/release/rboxc)
==723598==    by 0x5A17600: (below main) (libc_start_call_main.h:59)
==723598== 
==723598== 5 bytes in 1 blocks are still reachable in loss record 31 of 274
==723598==    at 0x586D858: malloc (vg_replace_malloc.c:447)
==723598==    by 0x473EC57: rboxc_gawk_make_str_node (in /root/rboxc/target/gawk-source-ownership-candidate/release/rboxc)
==723598==    by 0x449ACEB: single_binary_main_gawk (in /root/rboxc/target/gawk-source-ownership-candidate/release/rboxc)
==723598==    by 0x5A17600: (below main) (libc_start_call_main.h:59)
==723598== 
==723598== 5 bytes in 1 blocks are still reachable in loss record 32 of 274
==723598==    at 0x586D858: malloc (vg_replace_malloc.c:447)
==723598==    by 0x449B352: single_binary_main_gawk (in /root/rboxc/target/gawk-source-ownership-candidate/release/rboxc)
==723598==    by 0x5A17600: (below main) (libc_start_call_main.h:59)
==723598== 
==723598== 5 bytes in 1 blocks are still reachable in loss record 33 of 274
==723598==    at 0x586D858: malloc (vg_replace_malloc.c:447)
==723598==    by 0x473EC57: rboxc_gawk_make_str_node (in /root/rboxc/target/gawk-source-ownership-candidate/release/rboxc)
==723598==    by 0x474CC35: install (in /root/rboxc/target/gawk-source-ownership-candidate/release/rboxc)
==723598==    by 0x449B3D8: single_binary_main_gawk (in /root/rboxc/target/gawk-source-ownership-candidate/release/rboxc)
==723598==    by 0x5A17600: (below main) (libc_start_call_main.h:59)
==723598== 
==723598== 5 bytes in 1 blocks are still reachable in loss record 34 of 274
==723598==    at 0x586D858: malloc (vg_replace_malloc.c:447)
==723598==    by 0x473EC57: rboxc_gawk_make_str_node (in /root/rboxc/target/gawk-source-ownership-candidate/release/rboxc)
==723598==    by 0x449B418: single_binary_main_gawk (in /root/rboxc/target/gawk-source-ownership-candidate/release/rboxc)
==723598==    by 0x5A17600: (below main) (libc_start_call_main.h:59)
==723598== 
==723598== 5 bytes in 1 blocks are still reachable in loss record 35 of 274
==723598==    at 0x586D858: malloc (vg_replace_malloc.c:447)
==723598==    by 0x449B62B: single_binary_main_gawk (in /root/rboxc/target/gawk-source-ownership-candidate/release/rboxc)
==723598==    by 0x5A17600: (below main) (libc_start_call_main.h:59)
==723598== 
==723598== 5 bytes in 1 blocks are still reachable in loss record 36 of 274
==723598==    at 0x586D858: malloc (vg_replace_malloc.c:447)
==723598==    by 0x473EC57: rboxc_gawk_make_str_node (in /root/rboxc/target/gawk-source-ownership-candidate/release/rboxc)
==723598==    by 0x474CC35: install (in /root/rboxc/target/gawk-source-ownership-candidate/release/rboxc)
==723598==    by 0x449B6B3: single_binary_main_gawk (in /root/rboxc/target/gawk-source-ownership-candidate/release/rboxc)
==723598==    by 0x5A17600: (below main) (libc_start_call_main.h:59)
==723598== 
==723598== 5 bytes in 1 blocks are still reachable in loss record 37 of 274
==723598==    at 0x586D858: malloc (vg_replace_malloc.c:447)
==723598==    by 0x473EC57: rboxc_gawk_make_str_node (in /root/rboxc/target/gawk-source-ownership-candidate/release/rboxc)
==723598==    by 0x474DC8A: rboxc_gawk_load_symbols (in /root/rboxc/target/gawk-source-ownership-candidate/release/rboxc)
==723598==    by 0x449B7FC: single_binary_main_gawk (in /root/rboxc/target/gawk-source-ownership-candidate/release/rboxc)
==723598==    by 0x5A17600: (below main) (libc_start_call_main.h:59)
==723598== 
==723598== 6 bytes in 1 blocks are still reachable in loss record 38 of 274
==723598==    at 0x586D858: malloc (vg_replace_malloc.c:447)
==723598==    by 0x473EC57: rboxc_gawk_make_str_node (in /root/rboxc/target/gawk-source-ownership-candidate/release/rboxc)
==723598==    by 0x472B307: update_PROCINFO_str.part.0 (in /root/rboxc/target/gawk-source-ownership-candidate/release/rboxc)
==723598==    by 0x449A942: single_binary_main_gawk (in /root/rboxc/target/gawk-source-ownership-candidate/release/rboxc)
==723598==    by 0x5A17600: (below main) (libc_start_call_main.h:59)
==723598== 
==723598== 6 bytes in 1 blocks are still reachable in loss record 39 of 274
==723598==    at 0x586D858: malloc (vg_replace_malloc.c:447)
==723598==    by 0x473EC57: rboxc_gawk_make_str_node (in /root/rboxc/target/gawk-source-ownership-candidate/release/rboxc)
==723598==    by 0x472B307: update_PROCINFO_str.part.0 (in /root/rboxc/target/gawk-source-ownership-candidate/release/rboxc)
==723598==    by 0x449A962: single_binary_main_gawk (in /root/rboxc/target/gawk-source-ownership-candidate/release/rboxc)
==723598==    by 0x5A17600: (below main) (libc_start_call_main.h:59)
==723598== 
==723598== 6 bytes in 1 blocks are still reachable in loss record 40 of 274
==723598==    at 0x586D858: malloc (vg_replace_malloc.c:447)
==723598==    by 0x4497860: rboxc_gawk_estrdup (in /root/rboxc/target/gawk-source-ownership-candidate/release/rboxc)
==723598==    by 0x46EF57E: yylex (in /root/rboxc/target/gawk-source-ownership-candidate/release/rboxc)
==723598==    by 0x46F20DC: rboxc_gawk_yyparse (in /root/rboxc/target/gawk-source-ownership-candidate/release/rboxc)
==723598==    by 0x46F5FDA: rboxc_gawk_parse_program (in /root/rboxc/target/gawk-source-ownership-candidate/release/rboxc)
==723598==    by 0x449B724: single_binary_main_gawk (in /root/rboxc/target/gawk-source-ownership-candidate/release/rboxc)
==723598==    by 0x5A17600: (below main) (libc_start_call_main.h:59)
==723598== 
==723598== 6 bytes in 1 blocks are still reachable in loss record 41 of 274
==723598==    at 0x586D858: malloc (vg_replace_malloc.c:447)
==723598==    by 0x474A3C6: rboxc_gawk_make_regexp (in /root/rboxc/target/gawk-source-ownership-candidate/release/rboxc)
==723598==    by 0x46EEE8B: rboxc_gawk_make_regnode (in /root/rboxc/target/gawk-source-ownership-candidate/release/rboxc)
==723598==    by 0x46F3236: rboxc_gawk_yyparse (in /root/rboxc/target/gawk-source-ownership-candidate/release/rboxc)
==723598==    by 0x46F5FDA: rboxc_gawk_parse_program (in /root/rboxc/target/gawk-source-ownership-candidate/release/rboxc)
==723598==    by 0x449B724: single_binary_main_gawk (in /root/rboxc/target/gawk-source-ownership-candidate/release/rboxc)
==723598==    by 0x5A17600: (below main) (libc_start_call_main.h:59)
==723598== 
==723598== 6 bytes in 1 blocks are still reachable in loss record 42 of 274
==723598==    at 0x586D858: malloc (vg_replace_malloc.c:447)
==723598==    by 0x473EC57: rboxc_gawk_make_str_node (in /root/rboxc/target/gawk-source-ownership-candidate/release/rboxc)
==723598==    by 0x474DCEA: rboxc_gawk_load_symbols (in /root/rboxc/target/gawk-source-ownership-candidate/release/rboxc)
==723598==    by 0x449B7FC: single_binary_main_gawk (in /root/rboxc/target/gawk-source-ownership-candidate/release/rboxc)
==723598==    by 0x5A17600: (below main) (libc_start_call_main.h:59)
==723598== 
==723598== 6 bytes in 1 blocks are still reachable in loss record 43 of 274
==723598==    at 0x586D858: malloc (vg_replace_malloc.c:447)
==723598==    by 0x58881B1: r_make_string_type (gawkapi.h:1009)
==723598==    by 0x58881B1: r_make_string (gawkapi.h:1030)
==723598==    by 0x58881B1: do_get_file.part.0 (testext.c:1017)
==723598==    by 0x58887E4: do_get_file (testext.c:987)
==723598==    by 0x472556E: rboxc_gawk_r_interpret (in /root/rboxc/target/gawk-source-ownership-candidate/release/rboxc)
==723598==    by 0x449B883: single_binary_main_gawk (in /root/rboxc/target/gawk-source-ownership-candidate/release/rboxc)
==723598==    by 0x5A17600: (below main) (libc_start_call_main.h:59)
==723598== 
==723598== 6 bytes in 1 blocks are still reachable in loss record 44 of 274
==723598==    at 0x586D858: malloc (vg_replace_malloc.c:447)
==723598==    by 0x473EC57: rboxc_gawk_make_str_node (in /root/rboxc/target/gawk-source-ownership-candidate/release/rboxc)
==723598==    by 0x472E784: rboxc_gawk_update_PROCINFO_num (in /root/rboxc/target/gawk-source-ownership-candidate/release/rboxc)
==723598==    by 0x471D6B3: rboxc_gawk_update_ERRNO_int (in /root/rboxc/target/gawk-source-ownership-candidate/release/rboxc)
==723598==    by 0x4738028: rboxc_gawk_nextfile (in /root/rboxc/target/gawk-source-ownership-candidate/release/rboxc)
==723598==    by 0x472EEF1: api_get_file (in /root/rboxc/target/gawk-source-ownership-candidate/release/rboxc)
==723598==    by 0x5888120: do_get_file.part.0 (testext.c:1010)
==723598==    by 0x58887E4: do_get_file (testext.c:987)
==723598==    by 0x472556E: rboxc_gawk_r_interpret (in /root/rboxc/target/gawk-source-ownership-candidate/release/rboxc)
==723598==    by 0x449B883: single_binary_main_gawk (in /root/rboxc/target/gawk-source-ownership-candidate/release/rboxc)
==723598==    by 0x5A17600: (below main) (libc_start_call_main.h:59)
==723598== 
==723598== 7 bytes in 1 blocks are still reachable in loss record 45 of 274
==723598==    at 0x586D858: malloc (vg_replace_malloc.c:447)
==723598==    by 0x4497860: rboxc_gawk_estrdup (in /root/rboxc/target/gawk-source-ownership-candidate/release/rboxc)
==723598==    by 0x474CF61: init_the_tables (in /root/rboxc/target/gawk-source-ownership-candidate/release/rboxc)
==723598==    by 0x44999D0: single_binary_main_gawk (in /root/rboxc/target/gawk-source-ownership-candidate/release/rboxc)
==723598==    by 0x5A17600: (below main) (libc_start_call_main.h:59)
==723598== 
==723598== 7 bytes in 1 blocks are still reachable in loss record 46 of 274
==723598==    at 0x586D858: malloc (vg_replace_malloc.c:447)
==723598==    by 0x473EC57: rboxc_gawk_make_str_node (in /root/rboxc/target/gawk-source-ownership-candidate/release/rboxc)
==723598==    by 0x474CC35: install (in /root/rboxc/target/gawk-source-ownership-candidate/release/rboxc)
==723598==    by 0x474CF70: init_the_tables (in /root/rboxc/target/gawk-source-ownership-candidate/release/rboxc)
==723598==    by 0x44999D0: single_binary_main_gawk (in /root/rboxc/target/gawk-source-ownership-candidate/release/rboxc)
==723598==    by 0x5A17600: (below main) (libc_start_call_main.h:59)
==723598== 
==723598== 7 bytes in 1 blocks are still reachable in loss record 47 of 274
==723598==    at 0x586D858: malloc (vg_replace_malloc.c:447)
==723598==    by 0x473EC57: rboxc_gawk_make_str_node (in /root/rboxc/target/gawk-source-ownership-candidate/release/rboxc)
==723598==    by 0x472E784: rboxc_gawk_update_PROCINFO_num (in /root/rboxc/target/gawk-source-ownership-candidate/release/rboxc)
==723598==    by 0x449A9A4: single_binary_main_gawk (in /root/rboxc/target/gawk-source-ownership-candidate/release/rboxc)
==723598==    by 0x5A17600: (below main) (libc_start_call_main.h:59)
==723598== 
==723598== 7 bytes in 1 blocks are still reachable in loss record 48 of 274
==723598==    at 0x586D858: malloc (vg_replace_malloc.c:447)
==723598==    by 0x473EC57: rboxc_gawk_make_str_node (in /root/rboxc/target/gawk-source-ownership-candidate/release/rboxc)
==723598==    by 0x474DCBA: rboxc_gawk_load_symbols (in /root/rboxc/target/gawk-source-ownership-candidate/release/rboxc)
==723598==    by 0x449B7FC: single_binary_main_gawk (in /root/rboxc/target/gawk-source-ownership-candidate/release/rboxc)
==723598==    by 0x5A17600: (below main) (libc_start_call_main.h:59)
==723598== 
==723598== 8 bytes in 1 blocks are still reachable in loss record 49 of 274
==723598==    at 0x586D858: malloc (vg_replace_malloc.c:447)
==723598==    by 0x4497860: rboxc_gawk_estrdup (in /root/rboxc/target/gawk-source-ownership-candidate/release/rboxc)
==723598==    by 0x474CF3A: init_the_tables (in /root/rboxc/target/gawk-source-ownership-candidate/release/rboxc)
==723598==    by 0x44999D0: single_binary_main_gawk (in /root/rboxc/target/gawk-source-ownership-candidate/release/rboxc)
==723598==    by 0x5A17600: (below main) (libc_start_call_main.h:59)
==723598== 
==723598== 8 bytes in 1 blocks are still reachable in loss record 50 of 274
==723598==    at 0x586D858: malloc (vg_replace_malloc.c:447)
==723598==    by 0x473EC57: rboxc_gawk_make_str_node (in /root/rboxc/target/gawk-source-ownership-candidate/release/rboxc)
==723598==    by 0x474CC35: install (in /root/rboxc/target/gawk-source-ownership-candidate/release/rboxc)
==723598==    by 0x474CF49: init_the_tables (in /root/rboxc/target/gawk-source-ownership-candidate/release/rboxc)
==723598==    by 0x44999D0: single_binary_main_gawk (in /root/rboxc/target/gawk-source-ownership-candidate/release/rboxc)
==723598==    by 0x5A17600: (below main) (libc_start_call_main.h:59)
==723598== 
==723598== 8 bytes in 1 blocks are still reachable in loss record 51 of 274
==723598==    at 0x586D858: malloc (vg_replace_malloc.c:447)
==723598==    by 0x4497860: rboxc_gawk_estrdup (in /root/rboxc/target/gawk-source-ownership-candidate/release/rboxc)
==723598==    by 0x46EA2A1: do_add_srcfile (in /root/rboxc/target/gawk-source-ownership-candidate/release/rboxc)
==723598==    by 0x46EE310: rboxc_gawk_add_srcfile (in /root/rboxc/target/gawk-source-ownership-candidate/release/rboxc)
==723598==    by 0x4499F08: single_binary_main_gawk (in /root/rboxc/target/gawk-source-ownership-candidate/release/rboxc)
==723598==    by 0x5A17600: (below main) (libc_start_call_main.h:59)
==723598== 
==723598== 8 bytes in 1 blocks are still reachable in loss record 52 of 274
==723598==    at 0x586D858: malloc (vg_replace_malloc.c:447)
==723598==    by 0x473EC57: rboxc_gawk_make_str_node (in /root/rboxc/target/gawk-source-ownership-candidate/release/rboxc)
==723598==    by 0x472B2EF: update_PROCINFO_str.part.0 (in /root/rboxc/target/gawk-source-ownership-candidate/release/rboxc)
==723598==    by 0x449A942: single_binary_main_gawk (in /root/rboxc/target/gawk-source-ownership-candidate/release/rboxc)
==723598==    by 0x5A17600: (below main) (libc_start_call_main.h:59)
==723598== 
==723598== 8 bytes in 1 blocks are still reachable in loss record 53 of 274
==723598==    at 0x586D858: malloc (vg_replace_malloc.c:447)
==723598==    by 0x449AD20: single_binary_main_gawk (in /root/rboxc/target/gawk-source-ownership-candidate/release/rboxc)
==723598==    by 0x5A17600: (below main) (libc_start_call_main.h:59)
==723598== 
==723598== 8 bytes in 1 blocks are still reachable in loss record 54 of 274
==723598==    at 0x586D858: malloc (vg_replace_malloc.c:447)
==723598==    by 0x473EC57: rboxc_gawk_make_str_node (in /root/rboxc/target/gawk-source-ownership-candidate/release/rboxc)
==723598==    by 0x474CC35: install (in /root/rboxc/target/gawk-source-ownership-candidate/release/rboxc)
==723598==    by 0x449ADAD: single_binary_main_gawk (in /root/rboxc/target/gawk-source-ownership-candidate/release/rboxc)
==723598==    by 0x5A17600: (below main) (libc_start_call_main.h:59)
==723598== 
==723598== 8 bytes in 1 blocks are still reachable in loss record 55 of 274
==723598==    at 0x586D858: malloc (vg_replace_malloc.c:447)
==723598==    by 0x472BAF2: rboxc_gawk_init_fields (in /root/rboxc/target/gawk-source-ownership-candidate/release/rboxc)
==723598==    by 0x449AE20: single_binary_main_gawk (in /root/rboxc/target/gawk-source-ownership-candidate/release/rboxc)
==723598==    by 0x5A17600: (below main) (libc_start_call_main.h:59)
==723598== 
==723598== 8 bytes in 1 blocks are still reachable in loss record 56 of 274
==723598==    at 0x586D858: malloc (vg_replace_malloc.c:447)
==723598==    by 0x4759189: csets_emplace_back (in /root/rboxc/target/gawk-source-ownership-candidate/release/rboxc)
==723598==    by 0x475BCF9: rep (in /root/rboxc/target/gawk-source-ownership-candidate/release/rboxc)
==723598==    by 0x475BF91: cat (in /root/rboxc/target/gawk-source-ownership-candidate/release/rboxc)
==723598==    by 0x475C068: alt (in /root/rboxc/target/gawk-source-ownership-candidate/release/rboxc)
==723598==    by 0x475C9B0: compile.constprop.0 (in /root/rboxc/target/gawk-source-ownership-candidate/release/rboxc)
==723598==    by 0x475F938: rboxc_gawk_minrx_regncomp (in /root/rboxc/target/gawk-source-ownership-candidate/release/rboxc)
==723598==    by 0x4749DBD: rboxc_gawk_make_regexp (in /root/rboxc/target/gawk-source-ownership-candidate/release/rboxc)
==723598==    by 0x46EEE8B: rboxc_gawk_make_regnode (in /root/rboxc/target/gawk-source-ownership-candidate/release/rboxc)
==723598==    by 0x46F3236: rboxc_gawk_yyparse (in /root/rboxc/target/gawk-source-ownership-candidate/release/rboxc)
==723598==    by 0x46F5FDA: rboxc_gawk_parse_program (in /root/rboxc/target/gawk-source-ownership-candidate/release/rboxc)
==723598==    by 0x449B724: single_binary_main_gawk (in /root/rboxc/target/gawk-source-ownership-candidate/release/rboxc)
==723598== 
==723598== 8 bytes in 1 blocks are still reachable in loss record 57 of 274
==723598==    at 0x586D858: malloc (vg_replace_malloc.c:447)
==723598==    by 0x475CCBA: compile.constprop.0 (in /root/rboxc/target/gawk-source-ownership-candidate/release/rboxc)
==723598==    by 0x475F938: rboxc_gawk_minrx_regncomp (in /root/rboxc/target/gawk-source-ownership-candidate/release/rboxc)
==723598==    by 0x4749DBD: rboxc_gawk_make_regexp (in /root/rboxc/target/gawk-source-ownership-candidate/release/rboxc)
==723598==    by 0x46EEE8B: rboxc_gawk_make_regnode (in /root/rboxc/target/gawk-source-ownership-candidate/release/rboxc)
==723598==    by 0x46F3236: rboxc_gawk_yyparse (in /root/rboxc/target/gawk-source-ownership-candidate/release/rboxc)
==723598==    by 0x46F5FDA: rboxc_gawk_parse_program (in /root/rboxc/target/gawk-source-ownership-candidate/release/rboxc)
==723598==    by 0x449B724: single_binary_main_gawk (in /root/rboxc/target/gawk-source-ownership-candidate/release/rboxc)
==723598==    by 0x5A17600: (below main) (libc_start_call_main.h:59)
==723598== 
==723598== 8 bytes in 1 blocks are still reachable in loss record 58 of 274
==723598==    at 0x587507F: realloc (vg_replace_malloc.c:1804)
==723598==    by 0x4757E14: add_char_to_set (in /root/rboxc/target/gawk-source-ownership-candidate/release/rboxc)
==723598==    by 0x4758A22: charset_add_char.part.0 (in /root/rboxc/target/gawk-source-ownership-candidate/release/rboxc)
==723598==    by 0x475CD77: compile.constprop.0 (in /root/rboxc/target/gawk-source-ownership-candidate/release/rboxc)
==723598==    by 0x475F938: rboxc_gawk_minrx_regncomp (in /root/rboxc/target/gawk-source-ownership-candidate/release/rboxc)
==723598==    by 0x4749DBD: rboxc_gawk_make_regexp (in /root/rboxc/target/gawk-source-ownership-candidate/release/rboxc)
==723598==    by 0x46EEE8B: rboxc_gawk_make_regnode (in /root/rboxc/target/gawk-source-ownership-candidate/release/rboxc)
==723598==    by 0x46F3236: rboxc_gawk_yyparse (in /root/rboxc/target/gawk-source-ownership-candidate/release/rboxc)
==723598==    by 0x46F5FDA: rboxc_gawk_parse_program (in /root/rboxc/target/gawk-source-ownership-candidate/release/rboxc)
==723598==    by 0x449B724: single_binary_main_gawk (in /root/rboxc/target/gawk-source-ownership-candidate/release/rboxc)
==723598==    by 0x5A17600: (below main) (libc_start_call_main.h:59)
==723598== 
==723598== 8 bytes in 1 blocks are still reachable in loss record 59 of 274
==723598==    at 0x586D858: malloc (vg_replace_malloc.c:447)
==723598==    by 0x473EC57: rboxc_gawk_make_str_node (in /root/rboxc/target/gawk-source-ownership-candidate/release/rboxc)
==723598==    by 0x474DCD2: rboxc_gawk_load_symbols (in /root/rboxc/target/gawk-source-ownership-candidate/release/rboxc)
==723598==    by 0x449B7FC: single_binary_main_gawk (in /root/rboxc/target/gawk-source-ownership-candidate/release/rboxc)
==723598==    by 0x5A17600: (below main) (libc_start_call_main.h:59)
==723598== 
==723598== 8 bytes in 1 blocks are still reachable in loss record 60 of 274
==723598==    at 0x586D858: malloc (vg_replace_malloc.c:447)
==723598==    by 0x473EC57: rboxc_gawk_make_str_node (in /root/rboxc/target/gawk-source-ownership-candidate/release/rboxc)
==723598==    by 0x474DD02: rboxc_gawk_load_symbols (in /root/rboxc/target/gawk-source-ownership-candidate/release/rboxc)
==723598==    by 0x449B7FC: single_binary_main_gawk (in /root/rboxc/target/gawk-source-ownership-candidate/release/rboxc)
==723598==    by 0x5A17600: (below main) (libc_start_call_main.h:59)
==723598== 
==723598== 8 bytes in 1 blocks are still reachable in loss record 61 of 274
==723598==    at 0x586D858: malloc (vg_replace_malloc.c:447)
==723598==    by 0x473EC57: rboxc_gawk_make_str_node (in /root/rboxc/target/gawk-source-ownership-candidate/release/rboxc)
==723598==    by 0x473B8C8: rboxc_gawk_do_getline_redir (in /root/rboxc/target/gawk-source-ownership-candidate/release/rboxc)
==723598==    by 0x4726086: rboxc_gawk_r_interpret (in /root/rboxc/target/gawk-source-ownership-candidate/release/rboxc)
==723598==    by 0x449B883: single_binary_main_gawk (in /root/rboxc/target/gawk-source-ownership-candidate/release/rboxc)
==723598==    by 0x5A17600: (below main) (libc_start_call_main.h:59)
==723598== 
==723598== 9 bytes in 1 blocks are still reachable in loss record 62 of 274
==723598==    at 0x586D858: malloc (vg_replace_malloc.c:447)
==723598==    by 0x449A894: single_binary_main_gawk (in /root/rboxc/target/gawk-source-ownership-candidate/release/rboxc)
==723598==    by 0x5A17600: (below main) (libc_start_call_main.h:59)
==723598== 
==723598== 9 bytes in 1 blocks are still reachable in loss record 63 of 274
==723598==    at 0x586D858: malloc (vg_replace_malloc.c:447)
==723598==    by 0x473EC57: rboxc_gawk_make_str_node (in /root/rboxc/target/gawk-source-ownership-candidate/release/rboxc)
==723598==    by 0x474CC35: install (in /root/rboxc/target/gawk-source-ownership-candidate/release/rboxc)
==723598==    by 0x449A921: single_binary_main_gawk (in /root/rboxc/target/gawk-source-ownership-candidate/release/rboxc)
==723598==    by 0x5A17600: (below main) (libc_start_call_main.h:59)
==723598== 
==723598== 9 bytes in 1 blocks are still reachable in loss record 64 of 274
==723598==    at 0x586D858: malloc (vg_replace_malloc.c:447)
==723598==    by 0x473EC57: rboxc_gawk_make_str_node (in /root/rboxc/target/gawk-source-ownership-candidate/release/rboxc)
==723598==    by 0x472B2EF: update_PROCINFO_str.part.0 (in /root/rboxc/target/gawk-source-ownership-candidate/release/rboxc)
==723598==    by 0x449A952: single_binary_main_gawk (in /root/rboxc/target/gawk-source-ownership-candidate/release/rboxc)
==723598==    by 0x5A17600: (below main) (libc_start_call_main.h:59)
==723598== 
==723598== 9 bytes in 1 blocks are still reachable in loss record 65 of 274
==723598==    at 0x586D858: malloc (vg_replace_malloc.c:447)
==723598==    by 0x473EC57: rboxc_gawk_make_str_node (in /root/rboxc/target/gawk-source-ownership-candidate/release/rboxc)
==723598==    by 0x472B2EF: update_PROCINFO_str.part.0 (in /root/rboxc/target/gawk-source-ownership-candidate/release/rboxc)
==723598==    by 0x449A962: single_binary_main_gawk (in /root/rboxc/target/gawk-source-ownership-candidate/release/rboxc)
==723598==    by 0x5A17600: (below main) (libc_start_call_main.h:59)
==723598== 
==723598== 9 bytes in 1 blocks are still reachable in loss record 66 of 274
==723598==    at 0x586D858: malloc (vg_replace_malloc.c:447)
==723598==    by 0x4497860: rboxc_gawk_estrdup (in /root/rboxc/target/gawk-source-ownership-candidate/release/rboxc)
==723598==    by 0x46F310A: rboxc_gawk_yyparse (in /root/rboxc/target/gawk-source-ownership-candidate/release/rboxc)
==723598==    by 0x46F5FDA: rboxc_gawk_parse_program (in /root/rboxc/target/gawk-source-ownership-candidate/release/rboxc)
==723598==    by 0x449B724: single_binary_main_gawk (in /root/rboxc/target/gawk-source-ownership-candidate/release/rboxc)
==723598==    by 0x5A17600: (below main) (libc_start_call_main.h:59)
==723598== 
==723598== 9 bytes in 1 blocks are still reachable in loss record 67 of 274
==723598==    at 0x586D858: malloc (vg_replace_malloc.c:447)
==723598==    by 0x473EC57: rboxc_gawk_make_str_node (in /root/rboxc/target/gawk-source-ownership-candidate/release/rboxc)
==723598==    by 0x474CC35: install (in /root/rboxc/target/gawk-source-ownership-candidate/release/rboxc)
==723598==    by 0x46F3B14: rboxc_gawk_yyparse (in /root/rboxc/target/gawk-source-ownership-candidate/release/rboxc)
==723598==    by 0x46F5FDA: rboxc_gawk_parse_program (in /root/rboxc/target/gawk-source-ownership-candidate/release/rboxc)
==723598==    by 0x449B724: single_binary_main_gawk (in /root/rboxc/target/gawk-source-ownership-candidate/release/rboxc)
==723598==    by 0x5A17600: (below main) (libc_start_call_main.h:59)
==723598== 
==723598== 10 bytes in 1 blocks are still reachable in loss record 68 of 274
==723598==    at 0x586D858: malloc (vg_replace_malloc.c:447)
==723598==    by 0x473EC57: rboxc_gawk_make_str_node (in /root/rboxc/target/gawk-source-ownership-candidate/release/rboxc)
==723598==    by 0x472E784: rboxc_gawk_update_PROCINFO_num (in /root/rboxc/target/gawk-source-ownership-candidate/release/rboxc)
==723598==    by 0x449A97B: single_binary_main_gawk (in /root/rboxc/target/gawk-source-ownership-candidate/release/rboxc)
==723598==    by 0x5A17600: (below main) (libc_start_call_main.h:59)
==723598== 
==723598== 10 bytes in 1 blocks are still reachable in loss record 69 of 274
==723598==    at 0x586D858: malloc (vg_replace_malloc.c:447)
==723598==    by 0x473EC57: rboxc_gawk_make_str_node (in /root/rboxc/target/gawk-source-ownership-candidate/release/rboxc)
==723598==    by 0x472E784: rboxc_gawk_update_PROCINFO_num (in /root/rboxc/target/gawk-source-ownership-candidate/release/rboxc)
==723598==    by 0x449A98D: single_binary_main_gawk (in /root/rboxc/target/gawk-source-ownership-candidate/release/rboxc)
==723598==    by 0x5A17600: (below main) (libc_start_call_main.h:59)
==723598== 
==723598== 10 bytes in 1 blocks are still reachable in loss record 70 of 274
==723598==    at 0x586D858: malloc (vg_replace_malloc.c:447)
==723598==    by 0x473EC57: rboxc_gawk_make_str_node (in /root/rboxc/target/gawk-source-ownership-candidate/release/rboxc)
==723598==    by 0x472B307: update_PROCINFO_str.part.0 (in /root/rboxc/target/gawk-source-ownership-candidate/release/rboxc)
==723598==    by 0x449ABD8: single_binary_main_gawk (in /root/rboxc/target/gawk-source-ownership-candidate/release/rboxc)
==723598==    by 0x5A17600: (below main) (libc_start_call_main.h:59)
==723598== 
==723598== 10 bytes in 1 blocks are still reachable in loss record 71 of 274
==723598==    at 0x586D858: malloc (vg_replace_malloc.c:447)
==723598==    by 0x473EC57: rboxc_gawk_make_str_node (in /root/rboxc/target/gawk-source-ownership-candidate/release/rboxc)
==723598==    by 0x474DCA2: rboxc_gawk_load_symbols (in /root/rboxc/target/gawk-source-ownership-candidate/release/rboxc)
==723598==    by 0x449B7FC: single_binary_main_gawk (in /root/rboxc/target/gawk-source-ownership-candidate/release/rboxc)
==723598==    by 0x5A17600: (below main) (libc_start_call_main.h:59)
==723598== 
==723598== 11 bytes in 1 blocks are still reachable in loss record 72 of 274
==723598==    at 0x586D858: malloc (vg_replace_malloc.c:447)
==723598==    by 0x58882F8: r_make_string_type (gawkapi.h:1009)
==723598==    by 0x58882F8: r_make_string (gawkapi.h:1030)
==723598==    by 0x58882F8: do_get_file.part.0 (testext.c:1021)
==723598==    by 0x58887E4: do_get_file (testext.c:987)
==723598==    by 0x472556E: rboxc_gawk_r_interpret (in /root/rboxc/target/gawk-source-ownership-candidate/release/rboxc)
==723598==    by 0x449B883: single_binary_main_gawk (in /root/rboxc/target/gawk-source-ownership-candidate/release/rboxc)
==723598==    by 0x5A17600: (below main) (libc_start_call_main.h:59)
==723598== 
==723598== 12 bytes in 1 blocks are still reachable in loss record 73 of 274
==723598==    at 0x586D858: malloc (vg_replace_malloc.c:447)
==723598==    by 0x4497860: rboxc_gawk_estrdup (in /root/rboxc/target/gawk-source-ownership-candidate/release/rboxc)
==723598==    by 0x46EA2A1: do_add_srcfile (in /root/rboxc/target/gawk-source-ownership-candidate/release/rboxc)
==723598==    by 0x46EE310: rboxc_gawk_add_srcfile (in /root/rboxc/target/gawk-source-ownership-candidate/release/rboxc)
==723598==    by 0x4499DB9: single_binary_main_gawk (in /root/rboxc/target/gawk-source-ownership-candidate/release/rboxc)
==723598==    by 0x5A17600: (below main) (libc_start_call_main.h:59)
==723598== 
==723598== 12 bytes in 1 blocks are still reachable in loss record 74 of 274
==723598==    at 0x586D858: malloc (vg_replace_malloc.c:447)
==723598==    by 0x473EC57: rboxc_gawk_make_str_node (in /root/rboxc/target/gawk-source-ownership-candidate/release/rboxc)
==723598==    by 0x474DBB7: rboxc_gawk_load_symbols (in /root/rboxc/target/gawk-source-ownership-candidate/release/rboxc)
==723598==    by 0x449B7FC: single_binary_main_gawk (in /root/rboxc/target/gawk-source-ownership-candidate/release/rboxc)
==723598==    by 0x5A17600: (below main) (libc_start_call_main.h:59)
==723598== 
==723598== 12 bytes in 1 blocks are still reachable in loss record 75 of 274
==723598==    at 0x586D858: malloc (vg_replace_malloc.c:447)
==723598==    by 0x4497860: rboxc_gawk_estrdup (in /root/rboxc/target/gawk-source-ownership-candidate/release/rboxc)
==723598==    by 0x474DC73: rboxc_gawk_load_symbols (in /root/rboxc/target/gawk-source-ownership-candidate/release/rboxc)
==723598==    by 0x449B7FC: single_binary_main_gawk (in /root/rboxc/target/gawk-source-ownership-candidate/release/rboxc)
==723598==    by 0x5A17600: (below main) (libc_start_call_main.h:59)
==723598== 
==723598== 13 bytes in 4 blocks are still reachable in loss record 76 of 274
==723598==    at 0x586D858: malloc (vg_replace_malloc.c:447)
==723598==    by 0x4497860: rboxc_gawk_estrdup (in /root/rboxc/target/gawk-source-ownership-candidate/release/rboxc)
==723598==    by 0x46EF958: yylex (in /root/rboxc/target/gawk-source-ownership-candidate/release/rboxc)
==723598==    by 0x46F20DC: rboxc_gawk_yyparse (in /root/rboxc/target/gawk-source-ownership-candidate/release/rboxc)
==723598==    by 0x46F5FDA: rboxc_gawk_parse_program (in /root/rboxc/target/gawk-source-ownership-candidate/release/rboxc)
==723598==    by 0x449B724: single_binary_main_gawk (in /root/rboxc/target/gawk-source-ownership-candidate/release/rboxc)
==723598==    by 0x5A17600: (below main) (libc_start_call_main.h:59)
==723598== 
==723598== 13 bytes in 4 blocks are still reachable in loss record 77 of 274
==723598==    at 0x586D858: malloc (vg_replace_malloc.c:447)
==723598==    by 0x473EC57: rboxc_gawk_make_str_node (in /root/rboxc/target/gawk-source-ownership-candidate/release/rboxc)
==723598==    by 0x474CC35: install (in /root/rboxc/target/gawk-source-ownership-candidate/release/rboxc)
==723598==    by 0x46F2303: rboxc_gawk_yyparse (in /root/rboxc/target/gawk-source-ownership-candidate/release/rboxc)
==723598==    by 0x46F5FDA: rboxc_gawk_parse_program (in /root/rboxc/target/gawk-source-ownership-candidate/release/rboxc)
==723598==    by 0x449B724: single_binary_main_gawk (in /root/rboxc/target/gawk-source-ownership-candidate/release/rboxc)
==723598==    by 0x5A17600: (below main) (libc_start_call_main.h:59)
==723598== 
==723598== 14 bytes in 1 blocks are still reachable in loss record 78 of 274
==723598==    at 0x586D858: malloc (vg_replace_malloc.c:447)
==723598==    by 0x473EC57: rboxc_gawk_make_str_node (in /root/rboxc/target/gawk-source-ownership-candidate/release/rboxc)
==723598==    by 0x474CC35: install (in /root/rboxc/target/gawk-source-ownership-candidate/release/rboxc)
==723598==    by 0x4497712: rboxc_gawk_arg_assign (in /root/rboxc/target/gawk-source-ownership-candidate/release/rboxc)
==723598==    by 0x449B00C: single_binary_main_gawk (in /root/rboxc/target/gawk-source-ownership-candidate/release/rboxc)
==723598==    by 0x5A17600: (below main) (libc_start_call_main.h:59)
==723598== 
==723598== 15 bytes in 1 blocks are still reachable in loss record 79 of 274
==723598==    at 0x586D858: malloc (vg_replace_malloc.c:447)
==723598==    by 0x4497860: rboxc_gawk_estrdup (in /root/rboxc/target/gawk-source-ownership-candidate/release/rboxc)
==723598==    by 0x4497702: rboxc_gawk_arg_assign (in /root/rboxc/target/gawk-source-ownership-candidate/release/rboxc)
==723598==    by 0x449B00C: single_binary_main_gawk (in /root/rboxc/target/gawk-source-ownership-candidate/release/rboxc)
==723598==    by 0x5A17600: (below main) (libc_start_call_main.h:59)
==723598== 
==723598== 16 bytes in 1 blocks are still reachable in loss record 80 of 274
==723598==    at 0x586D858: malloc (vg_replace_malloc.c:447)
==723598==    by 0x472F91A: api_register_ext_version (in /root/rboxc/target/gawk-source-ownership-candidate/release/rboxc)
==723598==    by 0x58888D8: dl_load (testext.c:1223)
==723598==    by 0x4729302: rboxc_gawk_load_ext (in /root/rboxc/target/gawk-source-ownership-candidate/release/rboxc)
==723598==    by 0x449B29A: single_binary_main_gawk (in /root/rboxc/target/gawk-source-ownership-candidate/release/rboxc)
==723598==    by 0x5A17600: (below main) (libc_start_call_main.h:59)
==723598== 
==723598== 16 bytes in 1 blocks are still reachable in loss record 81 of 274
==723598==    at 0x587507F: realloc (vg_replace_malloc.c:1804)
==723598==    by 0x4757EF1: add_range_to_set (in /root/rboxc/target/gawk-source-ownership-candidate/release/rboxc)
==723598==    by 0x475849F: charset_finalize (in /root/rboxc/target/gawk-source-ownership-candidate/release/rboxc)
==723598==    by 0x475D509: compile.constprop.0 (in /root/rboxc/target/gawk-source-ownership-candidate/release/rboxc)
==723598==    by 0x475F938: rboxc_gawk_minrx_regncomp (in /root/rboxc/target/gawk-source-ownership-candidate/release/rboxc)
==723598==    by 0x4749DBD: rboxc_gawk_make_regexp (in /root/rboxc/target/gawk-source-ownership-candidate/release/rboxc)
==723598==    by 0x46EEE8B: rboxc_gawk_make_regnode (in /root/rboxc/target/gawk-source-ownership-candidate/release/rboxc)
==723598==    by 0x46F3236: rboxc_gawk_yyparse (in /root/rboxc/target/gawk-source-ownership-candidate/release/rboxc)
==723598==    by 0x46F5FDA: rboxc_gawk_parse_program (in /root/rboxc/target/gawk-source-ownership-candidate/release/rboxc)
==723598==    by 0x449B724: single_binary_main_gawk (in /root/rboxc/target/gawk-source-ownership-candidate/release/rboxc)
==723598==    by 0x5A17600: (below main) (libc_start_call_main.h:59)
==723598== 
==723598== 16 bytes in 1 blocks are still reachable in loss record 82 of 274
==723598==    at 0x586D858: malloc (vg_replace_malloc.c:447)
==723598==    by 0x474A28B: rboxc_gawk_make_regexp (in /root/rboxc/target/gawk-source-ownership-candidate/release/rboxc)
==723598==    by 0x46EEE8B: rboxc_gawk_make_regnode (in /root/rboxc/target/gawk-source-ownership-candidate/release/rboxc)
==723598==    by 0x46F3236: rboxc_gawk_yyparse (in /root/rboxc/target/gawk-source-ownership-candidate/release/rboxc)
==723598==    by 0x46F5FDA: rboxc_gawk_parse_program (in /root/rboxc/target/gawk-source-ownership-candidate/release/rboxc)
==723598==    by 0x449B724: single_binary_main_gawk (in /root/rboxc/target/gawk-source-ownership-candidate/release/rboxc)
==723598==    by 0x5A17600: (below main) (libc_start_call_main.h:59)
==723598== 
==723598== 20 bytes in 1 blocks are still reachable in loss record 83 of 274
==723598==    at 0x586D858: malloc (vg_replace_malloc.c:447)
==723598==    by 0x4735567: do_find_source (in /root/rboxc/target/gawk-source-ownership-candidate/release/rboxc)
==723598==    by 0x473BCC1: rboxc_gawk_find_source (in /root/rboxc/target/gawk-source-ownership-candidate/release/rboxc)
==723598==    by 0x46EE298: rboxc_gawk_add_srcfile (in /root/rboxc/target/gawk-source-ownership-candidate/release/rboxc)
==723598==    by 0x4499F08: single_binary_main_gawk (in /root/rboxc/target/gawk-source-ownership-candidate/release/rboxc)
==723598==    by 0x5A17600: (below main) (libc_start_call_main.h:59)
==723598== 
==723598== 24 bytes in 1 blocks are still reachable in loss record 84 of 274
==723598==    at 0x5874E43: calloc (vg_replace_malloc.c:1678)
==723598==    by 0x4735472: do_find_source (in /root/rboxc/target/gawk-source-ownership-candidate/release/rboxc)
==723598==    by 0x473BCC1: rboxc_gawk_find_source (in /root/rboxc/target/gawk-source-ownership-candidate/release/rboxc)
==723598==    by 0x46EE298: rboxc_gawk_add_srcfile (in /root/rboxc/target/gawk-source-ownership-candidate/release/rboxc)
==723598==    by 0x4499F08: single_binary_main_gawk (in /root/rboxc/target/gawk-source-ownership-candidate/release/rboxc)
==723598==    by 0x5A17600: (below main) (libc_start_call_main.h:59)
==723598== 
==723598== 24 bytes in 1 blocks are still reachable in loss record 85 of 274
==723598==    at 0x5874E43: calloc (vg_replace_malloc.c:1678)
==723598==    by 0x4735472: do_find_source (in /root/rboxc/target/gawk-source-ownership-candidate/release/rboxc)
==723598==    by 0x473BCC1: rboxc_gawk_find_source (in /root/rboxc/target/gawk-source-ownership-candidate/release/rboxc)
==723598==    by 0x46EE298: rboxc_gawk_add_srcfile (in /root/rboxc/target/gawk-source-ownership-candidate/release/rboxc)
==723598==    by 0x4499DB9: single_binary_main_gawk (in /root/rboxc/target/gawk-source-ownership-candidate/release/rboxc)
==723598==    by 0x5A17600: (below main) (libc_start_call_main.h:59)
==723598== 
==723598== 24 bytes in 1 blocks are still reachable in loss record 86 of 274
==723598==    at 0x586D858: malloc (vg_replace_malloc.c:447)
==723598==    by 0x473EC57: rboxc_gawk_make_str_node (in /root/rboxc/target/gawk-source-ownership-candidate/release/rboxc)
==723598==    by 0x472B307: update_PROCINFO_str.part.0 (in /root/rboxc/target/gawk-source-ownership-candidate/release/rboxc)
==723598==    by 0x449A952: single_binary_main_gawk (in /root/rboxc/target/gawk-source-ownership-candidate/release/rboxc)
==723598==    by 0x5A17600: (below main) (libc_start_call_main.h:59)
==723598== 
==723598== 25 bytes in 1 blocks are still reachable in loss record 87 of 274
==723598==    at 0x586D858: malloc (vg_replace_malloc.c:447)
==723598==    by 0x4497860: rboxc_gawk_estrdup (in /root/rboxc/target/gawk-source-ownership-candidate/release/rboxc)
==723598==    by 0x47369D5: get_a_record (in /root/rboxc/target/gawk-source-ownership-candidate/release/rboxc)
==723598==    by 0x473B866: rboxc_gawk_do_getline_redir (in /root/rboxc/target/gawk-source-ownership-candidate/release/rboxc)
==723598==    by 0x4726086: rboxc_gawk_r_interpret (in /root/rboxc/target/gawk-source-ownership-candidate/release/rboxc)
==723598==    by 0x449B883: single_binary_main_gawk (in /root/rboxc/target/gawk-source-ownership-candidate/release/rboxc)
==723598==    by 0x5A17600: (below main) (libc_start_call_main.h:59)
==723598== 
==723598== 26 bytes in 1 blocks are still reachable in loss record 88 of 274
==723598==    at 0x586D858: malloc (vg_replace_malloc.c:447)
==723598==    by 0x4735567: do_find_source (in /root/rboxc/target/gawk-source-ownership-candidate/release/rboxc)
==723598==    by 0x473BCC1: rboxc_gawk_find_source (in /root/rboxc/target/gawk-source-ownership-candidate/release/rboxc)
==723598==    by 0x46EE298: rboxc_gawk_add_srcfile (in /root/rboxc/target/gawk-source-ownership-candidate/release/rboxc)
==723598==    by 0x4499DB9: single_binary_main_gawk (in /root/rboxc/target/gawk-source-ownership-candidate/release/rboxc)
==723598==    by 0x5A17600: (below main) (libc_start_call_main.h:59)
==723598== 
==723598== 30 bytes in 1 blocks are still reachable in loss record 89 of 274
==723598==    at 0x586D858: malloc (vg_replace_malloc.c:447)
==723598==    by 0x4735233: do_find_source (in /root/rboxc/target/gawk-source-ownership-candidate/release/rboxc)
==723598==    by 0x473BD60: rboxc_gawk_find_source (in /root/rboxc/target/gawk-source-ownership-candidate/release/rboxc)
==723598==    by 0x46EE298: rboxc_gawk_add_srcfile (in /root/rboxc/target/gawk-source-ownership-candidate/release/rboxc)
==723598==    by 0x4499F08: single_binary_main_gawk (in /root/rboxc/target/gawk-source-ownership-candidate/release/rboxc)
==723598==    by 0x5A17600: (below main) (libc_start_call_main.h:59)
==723598== 
==723598== 30 bytes in 1 blocks are still reachable in loss record 90 of 274
==723598==    at 0x586D858: malloc (vg_replace_malloc.c:447)
==723598==    by 0x504EB1F: malloc (rtld-malloc.h:56)
==723598==    by 0x504EB1F: strdup (strdup.c:42)
==723598==    by 0x502C90D: _dl_map_new_object (dl-load.c:2139)
==723598==    by 0x5031460: dl_open_worker_begin (dl-open.c:535)
==723598==    by 0x5024512: _dl_catch_exception (dl-catch.c:241)
==723598==    by 0x503020B: dl_open_worker (dl-open.c:762)
==723598==    by 0x5024512: _dl_catch_exception (dl-catch.c:241)
==723598==    by 0x5030749: _dl_open (dl-open.c:900)
==723598==    by 0x5A8CEA3: dlopen_doit (dlopen.c:56)
==723598==    by 0x5024512: _dl_catch_exception (dl-catch.c:241)
==723598==    by 0x5024658: _dl_catch_error (dl-catch.c:260)
==723598==    by 0x5A8C992: _dlerror_run (dlerror.c:138)
==723598== 
==723598== 32 bytes in 1 blocks are still reachable in loss record 91 of 274
==723598==    at 0x586D858: malloc (vg_replace_malloc.c:447)
==723598==    by 0x471C157: fmt_index (in /root/rboxc/target/gawk-source-ownership-candidate/release/rboxc)
==723598==    by 0x471D246: rboxc_gawk_set_CONVFMT (in /root/rboxc/target/gawk-source-ownership-candidate/release/rboxc)
==723598==    by 0x449A768: single_binary_main_gawk (in /root/rboxc/target/gawk-source-ownership-candidate/release/rboxc)
==723598==    by 0x5A17600: (below main) (libc_start_call_main.h:59)
==723598== 
==723598== 37 bytes in 1 blocks are still reachable in loss record 92 of 274
==723598==    at 0x586D858: malloc (vg_replace_malloc.c:447)
==723598==    by 0x4735233: do_find_source (in /root/rboxc/target/gawk-source-ownership-candidate/release/rboxc)
==723598==    by 0x473BCC1: rboxc_gawk_find_source (in /root/rboxc/target/gawk-source-ownership-candidate/release/rboxc)
==723598==    by 0x46EE298: rboxc_gawk_add_srcfile (in /root/rboxc/target/gawk-source-ownership-candidate/release/rboxc)
==723598==    by 0x4499DB9: single_binary_main_gawk (in /root/rboxc/target/gawk-source-ownership-candidate/release/rboxc)
==723598==    by 0x5A17600: (below main) (libc_start_call_main.h:59)
==723598== 
==723598== 38 bytes in 1 blocks are still reachable in loss record 93 of 274
==723598==    at 0x586D858: malloc (vg_replace_malloc.c:447)
==723598==    by 0x4735A9A: in_PROCINFO (in /root/rboxc/target/gawk-source-ownership-candidate/release/rboxc)
==723598==    by 0x473699F: get_a_record (in /root/rboxc/target/gawk-source-ownership-candidate/release/rboxc)
==723598==    by 0x473B866: rboxc_gawk_do_getline_redir (in /root/rboxc/target/gawk-source-ownership-candidate/release/rboxc)
==723598==    by 0x4726086: rboxc_gawk_r_interpret (in /root/rboxc/target/gawk-source-ownership-candidate/release/rboxc)
==723598==    by 0x449B883: single_binary_main_gawk (in /root/rboxc/target/gawk-source-ownership-candidate/release/rboxc)
==723598==    by 0x5A17600: (below main) (libc_start_call_main.h:59)
==723598== 
==723598== 46 bytes in 11 blocks are still reachable in loss record 94 of 274
==723598==    at 0x586D858: malloc (vg_replace_malloc.c:447)
==723598==    by 0x473EC57: rboxc_gawk_make_str_node (in /root/rboxc/target/gawk-source-ownership-candidate/release/rboxc)
==723598==    by 0x449A72A: single_binary_main_gawk (in /root/rboxc/target/gawk-source-ownership-candidate/release/rboxc)
==723598==    by 0x5A17600: (below main) (libc_start_call_main.h:59)
==723598== 
==723598== 48 bytes in 1 blocks are still reachable in loss record 95 of 274
==723598==    at 0x586D858: malloc (vg_replace_malloc.c:447)
==723598==    by 0x473E7EB: rboxc_gawk_r_getblock (in /root/rboxc/target/gawk-source-ownership-candidate/release/rboxc)
==723598==    by 0x474C459: str_lookup (in /root/rboxc/target/gawk-source-ownership-candidate/release/rboxc)
==723598==    by 0x474CC6C: install (in /root/rboxc/target/gawk-source-ownership-candidate/release/rboxc)
==723598==    by 0x474CF49: init_the_tables (in /root/rboxc/target/gawk-source-ownership-candidate/release/rboxc)
==723598==    by 0x44999D0: single_binary_main_gawk (in /root/rboxc/target/gawk-source-ownership-candidate/release/rboxc)
==723598==    by 0x5A17600: (below main) (libc_start_call_main.h:59)
==723598== 
==723598== 48 bytes in 1 blocks are still reachable in loss record 96 of 274
==723598==    at 0x586D858: malloc (vg_replace_malloc.c:447)
==723598==    by 0x473E7EB: rboxc_gawk_r_getblock (in /root/rboxc/target/gawk-source-ownership-candidate/release/rboxc)
==723598==    by 0x474C459: str_lookup (in /root/rboxc/target/gawk-source-ownership-candidate/release/rboxc)
==723598==    by 0x474CC6C: install (in /root/rboxc/target/gawk-source-ownership-candidate/release/rboxc)
==723598==    by 0x474CF70: init_the_tables (in /root/rboxc/target/gawk-source-ownership-candidate/release/rboxc)
==723598==    by 0x44999D0: single_binary_main_gawk (in /root/rboxc/target/gawk-source-ownership-candidate/release/rboxc)
==723598==    by 0x5A17600: (below main) (libc_start_call_main.h:59)
==723598== 
==723598== 48 bytes in 1 blocks are still reachable in loss record 97 of 274
==723598==    at 0x586D858: malloc (vg_replace_malloc.c:447)
==723598==    by 0x473E7EB: rboxc_gawk_r_getblock (in /root/rboxc/target/gawk-source-ownership-candidate/release/rboxc)
==723598==    by 0x474C459: str_lookup (in /root/rboxc/target/gawk-source-ownership-candidate/release/rboxc)
==723598==    by 0x474CC6C: install (in /root/rboxc/target/gawk-source-ownership-candidate/release/rboxc)
==723598==    by 0x449A921: single_binary_main_gawk (in /root/rboxc/target/gawk-source-ownership-candidate/release/rboxc)
==723598==    by 0x5A17600: (below main) (libc_start_call_main.h:59)
==723598== 
==723598== 48 bytes in 1 blocks are still reachable in loss record 98 of 274
==723598==    at 0x586D858: malloc (vg_replace_malloc.c:447)
==723598==    by 0x473E7EB: rboxc_gawk_r_getblock (in /root/rboxc/target/gawk-source-ownership-candidate/release/rboxc)
==723598==    by 0x474C459: str_lookup (in /root/rboxc/target/gawk-source-ownership-candidate/release/rboxc)
==723598==    by 0x472B31E: update_PROCINFO_str.part.0 (in /root/rboxc/target/gawk-source-ownership-candidate/release/rboxc)
==723598==    by 0x449A942: single_binary_main_gawk (in /root/rboxc/target/gawk-source-ownership-candidate/release/rboxc)
==723598==    by 0x5A17600: (below main) (libc_start_call_main.h:59)
==723598== 
==723598== 48 bytes in 1 blocks are still reachable in loss record 99 of 274
==723598==    at 0x586D858: malloc (vg_replace_malloc.c:447)
==723598==    by 0x473E7EB: rboxc_gawk_r_getblock (in /root/rboxc/target/gawk-source-ownership-candidate/release/rboxc)
==723598==    by 0x474C459: str_lookup (in /root/rboxc/target/gawk-source-ownership-candidate/release/rboxc)
==723598==    by 0x472B31E: update_PROCINFO_str.part.0 (in /root/rboxc/target/gawk-source-ownership-candidate/release/rboxc)
==723598==    by 0x449A952: single_binary_main_gawk (in /root/rboxc/target/gawk-source-ownership-candidate/release/rboxc)
==723598==    by 0x5A17600: (below main) (libc_start_call_main.h:59)
==723598== 
==723598== 48 bytes in 1 blocks are still reachable in loss record 100 of 274
==723598==    at 0x586D858: malloc (vg_replace_malloc.c:447)
==723598==    by 0x473E7EB: rboxc_gawk_r_getblock (in /root/rboxc/target/gawk-source-ownership-candidate/release/rboxc)
==723598==    by 0x474C459: str_lookup (in /root/rboxc/target/gawk-source-ownership-candidate/release/rboxc)
==723598==    by 0x472B31E: update_PROCINFO_str.part.0 (in /root/rboxc/target/gawk-source-ownership-candidate/release/rboxc)
==723598==    by 0x449A962: single_binary_main_gawk (in /root/rboxc/target/gawk-source-ownership-candidate/release/rboxc)
==723598==    by 0x5A17600: (below main) (libc_start_call_main.h:59)
==723598== 
==723598== 48 bytes in 1 blocks are still reachable in loss record 101 of 274
==723598==    at 0x586D858: malloc (vg_replace_malloc.c:447)
==723598==    by 0x473E7EB: rboxc_gawk_r_getblock (in /root/rboxc/target/gawk-source-ownership-candidate/release/rboxc)
==723598==    by 0x474C459: str_lookup (in /root/rboxc/target/gawk-source-ownership-candidate/release/rboxc)
==723598==    by 0x472E7AA: rboxc_gawk_update_PROCINFO_num (in /root/rboxc/target/gawk-source-ownership-candidate/release/rboxc)
==723598==    by 0x449A97B: single_binary_main_gawk (in /root/rboxc/target/gawk-source-ownership-candidate/release/rboxc)
==723598==    by 0x5A17600: (below main) (libc_start_call_main.h:59)
==723598== 
==723598== 48 bytes in 1 blocks are still reachable in loss record 102 of 274
==723598==    at 0x586D858: malloc (vg_replace_malloc.c:447)
==723598==    by 0x473E7EB: rboxc_gawk_r_getblock (in /root/rboxc/target/gawk-source-ownership-candidate/release/rboxc)
==723598==    by 0x474C459: str_lookup (in /root/rboxc/target/gawk-source-ownership-candidate/release/rboxc)
==723598==    by 0x472E7AA: rboxc_gawk_update_PROCINFO_num (in /root/rboxc/target/gawk-source-ownership-candidate/release/rboxc)
==723598==    by 0x449A98D: single_binary_main_gawk (in /root/rboxc/target/gawk-source-ownership-candidate/release/rboxc)
==723598==    by 0x5A17600: (below main) (libc_start_call_main.h:59)
==723598== 
==723598== 48 bytes in 1 blocks are still reachable in loss record 103 of 274
==723598==    at 0x586D858: malloc (vg_replace_malloc.c:447)
==723598==    by 0x473E7EB: rboxc_gawk_r_getblock (in /root/rboxc/target/gawk-source-ownership-candidate/release/rboxc)
==723598==    by 0x474C459: str_lookup (in /root/rboxc/target/gawk-source-ownership-candidate/release/rboxc)
==723598==    by 0x472E7AA: rboxc_gawk_update_PROCINFO_num (in /root/rboxc/target/gawk-source-ownership-candidate/release/rboxc)
==723598==    by 0x449A9A4: single_binary_main_gawk (in /root/rboxc/target/gawk-source-ownership-candidate/release/rboxc)
==723598==    by 0x5A17600: (below main) (libc_start_call_main.h:59)
==723598== 
==723598== 48 bytes in 1 blocks are still reachable in loss record 104 of 274
==723598==    at 0x586D858: malloc (vg_replace_malloc.c:447)
==723598==    by 0x473E7EB: rboxc_gawk_r_getblock (in /root/rboxc/target/gawk-source-ownership-candidate/release/rboxc)
==723598==    by 0x474C459: str_lookup (in /root/rboxc/target/gawk-source-ownership-candidate/release/rboxc)
==723598==    by 0x472E7AA: rboxc_gawk_update_PROCINFO_num (in /root/rboxc/target/gawk-source-ownership-candidate/release/rboxc)
==723598==    by 0x449A9BB: single_binary_main_gawk (in /root/rboxc/target/gawk-source-ownership-candidate/release/rboxc)
==723598==    by 0x5A17600: (below main) (libc_start_call_main.h:59)
==723598== 
==723598== 48 bytes in 1 blocks are still reachable in loss record 105 of 274
==723598==    at 0x586D858: malloc (vg_replace_malloc.c:447)
==723598==    by 0x473E7EB: rboxc_gawk_r_getblock (in /root/rboxc/target/gawk-source-ownership-candidate/release/rboxc)
==723598==    by 0x474C459: str_lookup (in /root/rboxc/target/gawk-source-ownership-candidate/release/rboxc)
==723598==    by 0x472E7AA: rboxc_gawk_update_PROCINFO_num (in /root/rboxc/target/gawk-source-ownership-candidate/release/rboxc)
==723598==    by 0x449A9D2: single_binary_main_gawk (in /root/rboxc/target/gawk-source-ownership-candidate/release/rboxc)
==723598==    by 0x5A17600: (below main) (libc_start_call_main.h:59)
==723598== 
==723598== 48 bytes in 1 blocks are still reachable in loss record 106 of 274
==723598==    at 0x586D858: malloc (vg_replace_malloc.c:447)
==723598==    by 0x473E7EB: rboxc_gawk_r_getblock (in /root/rboxc/target/gawk-source-ownership-candidate/release/rboxc)
==723598==    by 0x474C459: str_lookup (in /root/rboxc/target/gawk-source-ownership-candidate/release/rboxc)
==723598==    by 0x472E7AA: rboxc_gawk_update_PROCINFO_num (in /root/rboxc/target/gawk-source-ownership-candidate/release/rboxc)
==723598==    by 0x449A9EC: single_binary_main_gawk (in /root/rboxc/target/gawk-source-ownership-candidate/release/rboxc)
==723598==    by 0x5A17600: (below main) (libc_start_call_main.h:59)
==723598== 
==723598== 48 bytes in 1 blocks are still reachable in loss record 107 of 274
==723598==    at 0x586D858: malloc (vg_replace_malloc.c:447)
==723598==    by 0x473E7EB: rboxc_gawk_r_getblock (in /root/rboxc/target/gawk-source-ownership-candidate/release/rboxc)
==723598==    by 0x474C459: str_lookup (in /root/rboxc/target/gawk-source-ownership-candidate/release/rboxc)
==723598==    by 0x472E7AA: rboxc_gawk_update_PROCINFO_num (in /root/rboxc/target/gawk-source-ownership-candidate/release/rboxc)
==723598==    by 0x449AA06: single_binary_main_gawk (in /root/rboxc/target/gawk-source-ownership-candidate/release/rboxc)
==723598==    by 0x5A17600: (below main) (libc_start_call_main.h:59)
==723598== 
==723598== 48 bytes in 1 blocks are still reachable in loss record 108 of 274
==723598==    at 0x586D858: malloc (vg_replace_malloc.c:447)
==723598==    by 0x473E7EB: rboxc_gawk_r_getblock (in /root/rboxc/target/gawk-source-ownership-candidate/release/rboxc)
==723598==    by 0x474C459: str_lookup (in /root/rboxc/target/gawk-source-ownership-candidate/release/rboxc)
==723598==    by 0x472E7AA: rboxc_gawk_update_PROCINFO_num (in /root/rboxc/target/gawk-source-ownership-candidate/release/rboxc)
==723598==    by 0x449AA20: single_binary_main_gawk (in /root/rboxc/target/gawk-source-ownership-candidate/release/rboxc)
==723598==    by 0x5A17600: (below main) (libc_start_call_main.h:59)
==723598== 
==723598== 48 bytes in 1 blocks are still reachable in loss record 109 of 274
==723598==    at 0x586D858: malloc (vg_replace_malloc.c:447)
==723598==    by 0x473E7EB: rboxc_gawk_r_getblock (in /root/rboxc/target/gawk-source-ownership-candidate/release/rboxc)
==723598==    by 0x474C459: str_lookup (in /root/rboxc/target/gawk-source-ownership-candidate/release/rboxc)
==723598==    by 0x472E7AA: rboxc_gawk_update_PROCINFO_num (in /root/rboxc/target/gawk-source-ownership-candidate/release/rboxc)
==723598==    by 0x449AA3A: single_binary_main_gawk (in /root/rboxc/target/gawk-source-ownership-candidate/release/rboxc)
==723598==    by 0x5A17600: (below main) (libc_start_call_main.h:59)
==723598== 
==723598== 48 bytes in 1 blocks are still reachable in loss record 110 of 274
==723598==    at 0x586D858: malloc (vg_replace_malloc.c:447)
==723598==    by 0x473E7EB: rboxc_gawk_r_getblock (in /root/rboxc/target/gawk-source-ownership-candidate/release/rboxc)
==723598==    by 0x474C459: str_lookup (in /root/rboxc/target/gawk-source-ownership-candidate/release/rboxc)
==723598==    by 0x472B31E: update_PROCINFO_str.part.0 (in /root/rboxc/target/gawk-source-ownership-candidate/release/rboxc)
==723598==    by 0x449AA4C: single_binary_main_gawk (in /root/rboxc/target/gawk-source-ownership-candidate/release/rboxc)
==723598==    by 0x5A17600: (below main) (libc_start_call_main.h:59)
==723598== 
==723598== 48 bytes in 1 blocks are still reachable in loss record 111 of 274
==723598==    at 0x586D858: malloc (vg_replace_malloc.c:447)
==723598==    by 0x473E7EB: rboxc_gawk_r_getblock (in /root/rboxc/target/gawk-source-ownership-candidate/release/rboxc)
==723598==    by 0x474C459: str_lookup (in /root/rboxc/target/gawk-source-ownership-candidate/release/rboxc)
==723598==    by 0x472B31E: update_PROCINFO_str.part.0 (in /root/rboxc/target/gawk-source-ownership-candidate/release/rboxc)
==723598==    by 0x449ABD8: single_binary_main_gawk (in /root/rboxc/target/gawk-source-ownership-candidate/release/rboxc)
==723598==    by 0x5A17600: (below main) (libc_start_call_main.h:59)
==723598== 
==723598== 48 bytes in 1 blocks are still reachable in loss record 112 of 274
==723598==    at 0x586D858: malloc (vg_replace_malloc.c:447)
==723598==    by 0x473E7EB: rboxc_gawk_r_getblock (in /root/rboxc/target/gawk-source-ownership-candidate/release/rboxc)
==723598==    by 0x474C459: str_lookup (in /root/rboxc/target/gawk-source-ownership-candidate/release/rboxc)
==723598==    by 0x44911A2: rboxc::applet_gawk::assoc_set (in /root/rboxc/target/gawk-source-ownership-candidate/release/rboxc)
==723598==    by 0x449ACFA: single_binary_main_gawk (in /root/rboxc/target/gawk-source-ownership-candidate/release/rboxc)
==723598==    by 0x5A17600: (below main) (libc_start_call_main.h:59)
==723598== 
==723598== 48 bytes in 1 blocks are still reachable in loss record 113 of 274
==723598==    at 0x586D858: malloc (vg_replace_malloc.c:447)
==723598==    by 0x473E7EB: rboxc_gawk_r_getblock (in /root/rboxc/target/gawk-source-ownership-candidate/release/rboxc)
==723598==    by 0x474C459: str_lookup (in /root/rboxc/target/gawk-source-ownership-candidate/release/rboxc)
==723598==    by 0x474CC6C: install (in /root/rboxc/target/gawk-source-ownership-candidate/release/rboxc)
==723598==    by 0x449ADAD: single_binary_main_gawk (in /root/rboxc/target/gawk-source-ownership-candidate/release/rboxc)
==723598==    by 0x5A17600: (below main) (libc_start_call_main.h:59)
==723598== 
==723598== 48 bytes in 1 blocks are still reachable in loss record 114 of 274
==723598==    at 0x586D858: malloc (vg_replace_malloc.c:447)
==723598==    by 0x473E7EB: rboxc_gawk_r_getblock (in /root/rboxc/target/gawk-source-ownership-candidate/release/rboxc)
==723598==    by 0x474C459: str_lookup (in /root/rboxc/target/gawk-source-ownership-candidate/release/rboxc)
==723598==    by 0x474CC6C: install (in /root/rboxc/target/gawk-source-ownership-candidate/release/rboxc)
==723598==    by 0x4497712: rboxc_gawk_arg_assign (in /root/rboxc/target/gawk-source-ownership-candidate/release/rboxc)
==723598==    by 0x449B00C: single_binary_main_gawk (in /root/rboxc/target/gawk-source-ownership-candidate/release/rboxc)
==723598==    by 0x5A17600: (below main) (libc_start_call_main.h:59)
==723598== 
==723598== 48 bytes in 1 blocks are still reachable in loss record 115 of 274
==723598==    at 0x586D858: malloc (vg_replace_malloc.c:447)
==723598==    by 0x473E7EB: rboxc_gawk_r_getblock (in /root/rboxc/target/gawk-source-ownership-candidate/release/rboxc)
==723598==    by 0x474C459: str_lookup (in /root/rboxc/target/gawk-source-ownership-candidate/release/rboxc)
==723598==    by 0x474CC6C: install (in /root/rboxc/target/gawk-source-ownership-candidate/release/rboxc)
==723598==    by 0x449B3D8: single_binary_main_gawk (in /root/rboxc/target/gawk-source-ownership-candidate/release/rboxc)
==723598==    by 0x5A17600: (below main) (libc_start_call_main.h:59)
==723598== 
==723598== 48 bytes in 1 blocks are still reachable in loss record 116 of 274
==723598==    at 0x586D858: malloc (vg_replace_malloc.c:447)
==723598==    by 0x473E7EB: rboxc_gawk_r_getblock (in /root/rboxc/target/gawk-source-ownership-candidate/release/rboxc)
==723598==    by 0x474C459: str_lookup (in /root/rboxc/target/gawk-source-ownership-candidate/release/rboxc)
==723598==    by 0x474CC6C: install (in /root/rboxc/target/gawk-source-ownership-candidate/release/rboxc)
==723598==    by 0x449B6B3: single_binary_main_gawk (in /root/rboxc/target/gawk-source-ownership-candidate/release/rboxc)
==723598==    by 0x5A17600: (below main) (libc_start_call_main.h:59)
==723598== 
==723598== 48 bytes in 1 blocks are still reachable in loss record 117 of 274
==723598==    at 0x586D858: malloc (vg_replace_malloc.c:447)
==723598==    by 0x473E7EB: rboxc_gawk_r_getblock (in /root/rboxc/target/gawk-source-ownership-candidate/release/rboxc)
==723598==    by 0x474C459: str_lookup (in /root/rboxc/target/gawk-source-ownership-candidate/release/rboxc)
==723598==    by 0x474CC6C: install (in /root/rboxc/target/gawk-source-ownership-candidate/release/rboxc)
==723598==    by 0x46F3B14: rboxc_gawk_yyparse (in /root/rboxc/target/gawk-source-ownership-candidate/release/rboxc)
==723598==    by 0x46F5FDA: rboxc_gawk_parse_program (in /root/rboxc/target/gawk-source-ownership-candidate/release/rboxc)
==723598==    by 0x449B724: single_binary_main_gawk (in /root/rboxc/target/gawk-source-ownership-candidate/release/rboxc)
==723598==    by 0x5A17600: (below main) (libc_start_call_main.h:59)
==723598== 
==723598== 48 bytes in 1 blocks are still reachable in loss record 118 of 274
==723598==    at 0x586D858: malloc (vg_replace_malloc.c:447)
==723598==    by 0x46F65BE: rboxc_gawk_parse_program (in /root/rboxc/target/gawk-source-ownership-candidate/release/rboxc)
==723598==    by 0x449B724: single_binary_main_gawk (in /root/rboxc/target/gawk-source-ownership-candidate/release/rboxc)
==723598==    by 0x5A17600: (below main) (libc_start_call_main.h:59)
==723598== 
==723598== 48 bytes in 1 blocks are still reachable in loss record 119 of 274
==723598==    at 0x586D858: malloc (vg_replace_malloc.c:447)
==723598==    by 0x473E7EB: rboxc_gawk_r_getblock (in /root/rboxc/target/gawk-source-ownership-candidate/release/rboxc)
==723598==    by 0x474C459: str_lookup (in /root/rboxc/target/gawk-source-ownership-candidate/release/rboxc)
==723598==    by 0x474DBCA: rboxc_gawk_load_symbols (in /root/rboxc/target/gawk-source-ownership-candidate/release/rboxc)
==723598==    by 0x449B7FC: single_binary_main_gawk (in /root/rboxc/target/gawk-source-ownership-candidate/release/rboxc)
==723598==    by 0x5A17600: (below main) (libc_start_call_main.h:59)
==723598== 
==723598== 48 bytes in 1 blocks are still reachable in loss record 120 of 274
==723598==    at 0x586D858: malloc (vg_replace_malloc.c:447)
==723598==    by 0x473E7EB: rboxc_gawk_r_getblock (in /root/rboxc/target/gawk-source-ownership-candidate/release/rboxc)
==723598==    by 0x474C459: str_lookup (in /root/rboxc/target/gawk-source-ownership-candidate/release/rboxc)
==723598==    by 0x473132D: api_set_array_element (in /root/rboxc/target/gawk-source-ownership-candidate/release/rboxc)
==723598==    by 0x5888208: do_get_file.part.0 (testext.c:1017)
==723598==    by 0x58887E4: do_get_file (testext.c:987)
==723598==    by 0x472556E: rboxc_gawk_r_interpret (in /root/rboxc/target/gawk-source-ownership-candidate/release/rboxc)
==723598==    by 0x449B883: single_binary_main_gawk (in /root/rboxc/target/gawk-source-ownership-candidate/release/rboxc)
==723598==    by 0x5A17600: (below main) (libc_start_call_main.h:59)
==723598== 
==723598== 48 bytes in 1 blocks are still reachable in loss record 121 of 274
==723598==    at 0x586D858: malloc (vg_replace_malloc.c:447)
==723598==    by 0x473E7EB: rboxc_gawk_r_getblock (in /root/rboxc/target/gawk-source-ownership-candidate/release/rboxc)
==723598==    by 0x474C459: str_lookup (in /root/rboxc/target/gawk-source-ownership-candidate/release/rboxc)
==723598==    by 0x473132D: api_set_array_element (in /root/rboxc/target/gawk-source-ownership-candidate/release/rboxc)
==723598==    by 0x5888345: do_get_file.part.0 (testext.c:1021)
==723598==    by 0x58887E4: do_get_file (testext.c:987)
==723598==    by 0x472556E: rboxc_gawk_r_interpret (in /root/rboxc/target/gawk-source-ownership-candidate/release/rboxc)
==723598==    by 0x449B883: single_binary_main_gawk (in /root/rboxc/target/gawk-source-ownership-candidate/release/rboxc)
==723598==    by 0x5A17600: (below main) (libc_start_call_main.h:59)
==723598== 
==723598== 48 bytes in 1 blocks are still reachable in loss record 122 of 274
==723598==    at 0x586D858: malloc (vg_replace_malloc.c:447)
==723598==    by 0x473E7EB: rboxc_gawk_r_getblock (in /root/rboxc/target/gawk-source-ownership-candidate/release/rboxc)
==723598==    by 0x474C459: str_lookup (in /root/rboxc/target/gawk-source-ownership-candidate/release/rboxc)
==723598==    by 0x472E7AA: rboxc_gawk_update_PROCINFO_num (in /root/rboxc/target/gawk-source-ownership-candidate/release/rboxc)
==723598==    by 0x471D6B3: rboxc_gawk_update_ERRNO_int (in /root/rboxc/target/gawk-source-ownership-candidate/release/rboxc)
==723598==    by 0x4738028: rboxc_gawk_nextfile (in /root/rboxc/target/gawk-source-ownership-candidate/release/rboxc)
==723598==    by 0x472EEF1: api_get_file (in /root/rboxc/target/gawk-source-ownership-candidate/release/rboxc)
==723598==    by 0x5888120: do_get_file.part.0 (testext.c:1010)
==723598==    by 0x58887E4: do_get_file (testext.c:987)
==723598==    by 0x472556E: rboxc_gawk_r_interpret (in /root/rboxc/target/gawk-source-ownership-candidate/release/rboxc)
==723598==    by 0x449B883: single_binary_main_gawk (in /root/rboxc/target/gawk-source-ownership-candidate/release/rboxc)
==723598==    by 0x5A17600: (below main) (libc_start_call_main.h:59)
==723598== 
==723598== 49 bytes in 6 blocks are still reachable in loss record 123 of 274
==723598==    at 0x586D858: malloc (vg_replace_malloc.c:447)
==723598==    by 0x4499AF8: single_binary_main_gawk (in /root/rboxc/target/gawk-source-ownership-candidate/release/rboxc)
==723598==    by 0x5A17600: (below main) (libc_start_call_main.h:59)
==723598== 
==723598== 49 bytes in 6 blocks are still reachable in loss record 124 of 274
==723598==    at 0x586D858: malloc (vg_replace_malloc.c:447)
==723598==    by 0x473EC57: rboxc_gawk_make_str_node (in /root/rboxc/target/gawk-source-ownership-candidate/release/rboxc)
==723598==    by 0x449B5D4: single_binary_main_gawk (in /root/rboxc/target/gawk-source-ownership-candidate/release/rboxc)
==723598==    by 0x5A17600: (below main) (libc_start_call_main.h:59)
==723598== 
==723598== 52 bytes in 2 blocks are still reachable in loss record 125 of 274
==723598==    at 0x587507F: realloc (vg_replace_malloc.c:1804)
==723598==    by 0x473ED6E: rboxc_gawk_make_str_node (in /root/rboxc/target/gawk-source-ownership-candidate/release/rboxc)
==723598==    by 0x46F0A34: yylex (in /root/rboxc/target/gawk-source-ownership-candidate/release/rboxc)
==723598==    by 0x46F20DC: rboxc_gawk_yyparse (in /root/rboxc/target/gawk-source-ownership-candidate/release/rboxc)
==723598==    by 0x46F5FDA: rboxc_gawk_parse_program (in /root/rboxc/target/gawk-source-ownership-candidate/release/rboxc)
==723598==    by 0x449B724: single_binary_main_gawk (in /root/rboxc/target/gawk-source-ownership-candidate/release/rboxc)
==723598==    by 0x5A17600: (below main) (libc_start_call_main.h:59)
==723598== 
==723598== 56 bytes in 1 blocks are still reachable in loss record 126 of 274
==723598==    at 0x586D858: malloc (vg_replace_malloc.c:447)
==723598==    by 0x4499A59: single_binary_main_gawk (in /root/rboxc/target/gawk-source-ownership-candidate/release/rboxc)
==723598==    by 0x5A17600: (below main) (libc_start_call_main.h:59)
==723598== 
==723598== 60 bytes in 1 blocks are still reachable in loss record 127 of 274
==723598==    at 0x586D858: malloc (vg_replace_malloc.c:447)
==723598==    by 0x46EA71C: tokexpand (in /root/rboxc/target/gawk-source-ownership-candidate/release/rboxc)
==723598==    by 0x46F6886: rboxc_gawk_parse_program (in /root/rboxc/target/gawk-source-ownership-candidate/release/rboxc)
==723598==    by 0x449B724: single_binary_main_gawk (in /root/rboxc/target/gawk-source-ownership-candidate/release/rboxc)
==723598==    by 0x5A17600: (below main) (libc_start_call_main.h:59)
==723598== 
==723598== 63 bytes in 7 blocks are still reachable in loss record 128 of 274
==723598==    at 0x586D858: malloc (vg_replace_malloc.c:447)
==723598==    by 0x4497860: rboxc_gawk_estrdup (in /root/rboxc/target/gawk-source-ownership-candidate/release/rboxc)
==723598==    by 0x46F3C77: rboxc_gawk_yyparse (in /root/rboxc/target/gawk-source-ownership-candidate/release/rboxc)
==723598==    by 0x46F5FDA: rboxc_gawk_parse_program (in /root/rboxc/target/gawk-source-ownership-candidate/release/rboxc)
==723598==    by 0x449B724: single_binary_main_gawk (in /root/rboxc/target/gawk-source-ownership-candidate/release/rboxc)
==723598==    by 0x5A17600: (below main) (libc_start_call_main.h:59)
==723598== 
==723598== 64 bytes in 1 blocks are still reachable in loss record 129 of 274
==723598==    at 0x586D858: malloc (vg_replace_malloc.c:447)
==723598==    by 0x475A191: cset_invert (in /root/rboxc/target/gawk-source-ownership-candidate/release/rboxc)
==723598==    by 0x475BD1F: rep (in /root/rboxc/target/gawk-source-ownership-candidate/release/rboxc)
==723598==    by 0x475BF91: cat (in /root/rboxc/target/gawk-source-ownership-candidate/release/rboxc)
==723598==    by 0x475C068: alt (in /root/rboxc/target/gawk-source-ownership-candidate/release/rboxc)
==723598==    by 0x475C9B0: compile.constprop.0 (in /root/rboxc/target/gawk-source-ownership-candidate/release/rboxc)
==723598==    by 0x475F938: rboxc_gawk_minrx_regncomp (in /root/rboxc/target/gawk-source-ownership-candidate/release/rboxc)
==723598==    by 0x4749DBD: rboxc_gawk_make_regexp (in /root/rboxc/target/gawk-source-ownership-candidate/release/rboxc)
==723598==    by 0x46EEE8B: rboxc_gawk_make_regnode (in /root/rboxc/target/gawk-source-ownership-candidate/release/rboxc)
==723598==    by 0x46F3236: rboxc_gawk_yyparse (in /root/rboxc/target/gawk-source-ownership-candidate/release/rboxc)
==723598==    by 0x46F5FDA: rboxc_gawk_parse_program (in /root/rboxc/target/gawk-source-ownership-candidate/release/rboxc)
==723598==    by 0x449B724: single_binary_main_gawk (in /root/rboxc/target/gawk-source-ownership-candidate/release/rboxc)
==723598== 
==723598== 64 bytes in 1 blocks are still reachable in loss record 130 of 274
==723598==    at 0x586D858: malloc (vg_replace_malloc.c:447)
==723598==    by 0x475CD0A: compile.constprop.0 (in /root/rboxc/target/gawk-source-ownership-candidate/release/rboxc)
==723598==    by 0x475F938: rboxc_gawk_minrx_regncomp (in /root/rboxc/target/gawk-source-ownership-candidate/release/rboxc)
==723598==    by 0x4749DBD: rboxc_gawk_make_regexp (in /root/rboxc/target/gawk-source-ownership-candidate/release/rboxc)
==723598==    by 0x46EEE8B: rboxc_gawk_make_regnode (in /root/rboxc/target/gawk-source-ownership-candidate/release/rboxc)
==723598==    by 0x46F3236: rboxc_gawk_yyparse (in /root/rboxc/target/gawk-source-ownership-candidate/release/rboxc)
==723598==    by 0x46F5FDA: rboxc_gawk_parse_program (in /root/rboxc/target/gawk-source-ownership-candidate/release/rboxc)
==723598==    by 0x449B724: single_binary_main_gawk (in /root/rboxc/target/gawk-source-ownership-candidate/release/rboxc)
==723598==    by 0x5A17600: (below main) (libc_start_call_main.h:59)
==723598== 
==723598== 80 bytes in 1 blocks are still reachable in loss record 131 of 274
==723598==    at 0x586D858: malloc (vg_replace_malloc.c:447)
==723598==    by 0x4757F41: add_range_to_set (in /root/rboxc/target/gawk-source-ownership-candidate/release/rboxc)
==723598==    by 0x475A2CE: cset_invert (in /root/rboxc/target/gawk-source-ownership-candidate/release/rboxc)
==723598==    by 0x475BD1F: rep (in /root/rboxc/target/gawk-source-ownership-candidate/release/rboxc)
==723598==    by 0x475BF91: cat (in /root/rboxc/target/gawk-source-ownership-candidate/release/rboxc)
==723598==    by 0x475C068: alt (in /root/rboxc/target/gawk-source-ownership-candidate/release/rboxc)
==723598==    by 0x475C9B0: compile.constprop.0 (in /root/rboxc/target/gawk-source-ownership-candidate/release/rboxc)
==723598==    by 0x475F938: rboxc_gawk_minrx_regncomp (in /root/rboxc/target/gawk-source-ownership-candidate/release/rboxc)
==723598==    by 0x4749DBD: rboxc_gawk_make_regexp (in /root/rboxc/target/gawk-source-ownership-candidate/release/rboxc)
==723598==    by 0x46EEE8B: rboxc_gawk_make_regnode (in /root/rboxc/target/gawk-source-ownership-candidate/release/rboxc)
==723598==    by 0x46F3236: rboxc_gawk_yyparse (in /root/rboxc/target/gawk-source-ownership-candidate/release/rboxc)
==723598==    by 0x46F5FDA: rboxc_gawk_parse_program (in /root/rboxc/target/gawk-source-ownership-candidate/release/rboxc)
==723598== 
==723598== 88 bytes in 1 blocks are still reachable in loss record 132 of 274
==723598==    at 0x586D858: malloc (vg_replace_malloc.c:447)
==723598==    by 0x473E7EB: rboxc_gawk_r_getblock (in /root/rboxc/target/gawk-source-ownership-candidate/release/rboxc)
==723598==    by 0x473EBC1: rboxc_gawk_make_str_node (in /root/rboxc/target/gawk-source-ownership-candidate/release/rboxc)
==723598==    by 0x44998FC: single_binary_main_gawk (in /root/rboxc/target/gawk-source-ownership-candidate/release/rboxc)
==723598==    by 0x5A17600: (below main) (libc_start_call_main.h:59)
==723598== 
==723598== 88 bytes in 1 blocks are still reachable in loss record 133 of 274
==723598==    at 0x586D858: malloc (vg_replace_malloc.c:447)
==723598==    by 0x473E7EB: rboxc_gawk_r_getblock (in /root/rboxc/target/gawk-source-ownership-candidate/release/rboxc)
==723598==    by 0x474CEA7: init_the_tables (in /root/rboxc/target/gawk-source-ownership-candidate/release/rboxc)
==723598==    by 0x44999D0: single_binary_main_gawk (in /root/rboxc/target/gawk-source-ownership-candidate/release/rboxc)
==723598==    by 0x5A17600: (below main) (libc_start_call_main.h:59)
==723598== 
==723598== 88 bytes in 1 blocks are still reachable in loss record 134 of 274
==723598==    at 0x586D858: malloc (vg_replace_malloc.c:447)
==723598==    by 0x473E7EB: rboxc_gawk_r_getblock (in /root/rboxc/target/gawk-source-ownership-candidate/release/rboxc)
==723598==    by 0x474CEE8: init_the_tables (in /root/rboxc/target/gawk-source-ownership-candidate/release/rboxc)
==723598==    by 0x44999D0: single_binary_main_gawk (in /root/rboxc/target/gawk-source-ownership-candidate/release/rboxc)
==723598==    by 0x5A17600: (below main) (libc_start_call_main.h:59)
==723598== 
==723598== 88 bytes in 1 blocks are still reachable in loss record 135 of 274
==723598==    at 0x586D858: malloc (vg_replace_malloc.c:447)
==723598==    by 0x473E7EB: rboxc_gawk_r_getblock (in /root/rboxc/target/gawk-source-ownership-candidate/release/rboxc)
==723598==    by 0x473EBC1: rboxc_gawk_make_str_node (in /root/rboxc/target/gawk-source-ownership-candidate/release/rboxc)
==723598==    by 0x474CC35: install (in /root/rboxc/target/gawk-source-ownership-candidate/release/rboxc)
==723598==    by 0x474CF49: init_the_tables (in /root/rboxc/target/gawk-source-ownership-candidate/release/rboxc)
==723598==    by 0x44999D0: single_binary_main_gawk (in /root/rboxc/target/gawk-source-ownership-candidate/release/rboxc)
==723598==    by 0x5A17600: (below main) (libc_start_call_main.h:59)
==723598== 
==723598== 88 bytes in 1 blocks are still reachable in loss record 136 of 274
==723598==    at 0x586D858: malloc (vg_replace_malloc.c:447)
==723598==    by 0x473E7EB: rboxc_gawk_r_getblock (in /root/rboxc/target/gawk-source-ownership-candidate/release/rboxc)
==723598==    by 0x474CD13: install (in /root/rboxc/target/gawk-source-ownership-candidate/release/rboxc)
==723598==    by 0x474CF49: init_the_tables (in /root/rboxc/target/gawk-source-ownership-candidate/release/rboxc)
==723598==    by 0x44999D0: single_binary_main_gawk (in /root/rboxc/target/gawk-source-ownership-candidate/release/rboxc)
==723598==    by 0x5A17600: (below main) (libc_start_call_main.h:59)
==723598== 
==723598== 88 bytes in 1 blocks are still reachable in loss record 137 of 274
==723598==    at 0x586D858: malloc (vg_replace_malloc.c:447)
==723598==    by 0x473E7EB: rboxc_gawk_r_getblock (in /root/rboxc/target/gawk-source-ownership-candidate/release/rboxc)
==723598==    by 0x473EBC1: rboxc_gawk_make_str_node (in /root/rboxc/target/gawk-source-ownership-candidate/release/rboxc)
==723598==    by 0x474CC35: install (in /root/rboxc/target/gawk-source-ownership-candidate/release/rboxc)
==723598==    by 0x474CF70: init_the_tables (in /root/rboxc/target/gawk-source-ownership-candidate/release/rboxc)
==723598==    by 0x44999D0: single_binary_main_gawk (in /root/rboxc/target/gawk-source-ownership-candidate/release/rboxc)
==723598==    by 0x5A17600: (below main) (libc_start_call_main.h:59)
==723598== 
==723598== 88 bytes in 1 blocks are still reachable in loss record 138 of 274
==723598==    at 0x586D858: malloc (vg_replace_malloc.c:447)
==723598==    by 0x473E7EB: rboxc_gawk_r_getblock (in /root/rboxc/target/gawk-source-ownership-candidate/release/rboxc)
==723598==    by 0x474CD13: install (in /root/rboxc/target/gawk-source-ownership-candidate/release/rboxc)
==723598==    by 0x474CF70: init_the_tables (in /root/rboxc/target/gawk-source-ownership-candidate/release/rboxc)
==723598==    by 0x44999D0: single_binary_main_gawk (in /root/rboxc/target/gawk-source-ownership-candidate/release/rboxc)
==723598==    by 0x5A17600: (below main) (libc_start_call_main.h:59)
==723598== 
==723598== 88 bytes in 1 blocks are still reachable in loss record 139 of 274
==723598==    at 0x586D858: malloc (vg_replace_malloc.c:447)
==723598==    by 0x473E7EB: rboxc_gawk_r_getblock (in /root/rboxc/target/gawk-source-ownership-candidate/release/rboxc)
==723598==    by 0x473EBC1: rboxc_gawk_make_str_node (in /root/rboxc/target/gawk-source-ownership-candidate/release/rboxc)
==723598==    by 0x474CC35: install (in /root/rboxc/target/gawk-source-ownership-candidate/release/rboxc)
==723598==    by 0x449A921: single_binary_main_gawk (in /root/rboxc/target/gawk-source-ownership-candidate/release/rboxc)
==723598==    by 0x5A17600: (below main) (libc_start_call_main.h:59)
==723598== 
==723598== 88 bytes in 1 blocks are still reachable in loss record 140 of 274
==723598==    at 0x586D858: malloc (vg_replace_malloc.c:447)
==723598==    by 0x473E7EB: rboxc_gawk_r_getblock (in /root/rboxc/target/gawk-source-ownership-candidate/release/rboxc)
==723598==    by 0x474CD13: install (in /root/rboxc/target/gawk-source-ownership-candidate/release/rboxc)
==723598==    by 0x449A921: single_binary_main_gawk (in /root/rboxc/target/gawk-source-ownership-candidate/release/rboxc)
==723598==    by 0x5A17600: (below main) (libc_start_call_main.h:59)
==723598== 
==723598== 88 bytes in 1 blocks are still reachable in loss record 141 of 274
==723598==    at 0x586D858: malloc (vg_replace_malloc.c:447)
==723598==    by 0x473E7EB: rboxc_gawk_r_getblock (in /root/rboxc/target/gawk-source-ownership-candidate/release/rboxc)
==723598==    by 0x473EBC1: rboxc_gawk_make_str_node (in /root/rboxc/target/gawk-source-ownership-candidate/release/rboxc)
==723598==    by 0x472B2EF: update_PROCINFO_str.part.0 (in /root/rboxc/target/gawk-source-ownership-candidate/release/rboxc)
==723598==    by 0x449A942: single_binary_main_gawk (in /root/rboxc/target/gawk-source-ownership-candidate/release/rboxc)
==723598==    by 0x5A17600: (below main) (libc_start_call_main.h:59)
==723598== 
==723598== 88 bytes in 1 blocks are still reachable in loss record 142 of 274
==723598==    at 0x586D858: malloc (vg_replace_malloc.c:447)
==723598==    by 0x473E7EB: rboxc_gawk_r_getblock (in /root/rboxc/target/gawk-source-ownership-candidate/release/rboxc)
==723598==    by 0x473EBC1: rboxc_gawk_make_str_node (in /root/rboxc/target/gawk-source-ownership-candidate/release/rboxc)
==723598==    by 0x472B307: update_PROCINFO_str.part.0 (in /root/rboxc/target/gawk-source-ownership-candidate/release/rboxc)
==723598==    by 0x449A942: single_binary_main_gawk (in /root/rboxc/target/gawk-source-ownership-candidate/release/rboxc)
==723598==    by 0x5A17600: (below main) (libc_start_call_main.h:59)
==723598== 
==723598== 88 bytes in 1 blocks are still reachable in loss record 143 of 274
==723598==    at 0x586D858: malloc (vg_replace_malloc.c:447)
==723598==    by 0x473E7EB: rboxc_gawk_r_getblock (in /root/rboxc/target/gawk-source-ownership-candidate/release/rboxc)
==723598==    by 0x473EBC1: rboxc_gawk_make_str_node (in /root/rboxc/target/gawk-source-ownership-candidate/release/rboxc)
==723598==    by 0x472B2EF: update_PROCINFO_str.part.0 (in /root/rboxc/target/gawk-source-ownership-candidate/release/rboxc)
==723598==    by 0x449A952: single_binary_main_gawk (in /root/rboxc/target/gawk-source-ownership-candidate/release/rboxc)
==723598==    by 0x5A17600: (below main) (libc_start_call_main.h:59)
==723598== 
==723598== 88 bytes in 1 blocks are still reachable in loss record 144 of 274
==723598==    at 0x586D858: malloc (vg_replace_malloc.c:447)
==723598==    by 0x473E7EB: rboxc_gawk_r_getblock (in /root/rboxc/target/gawk-source-ownership-candidate/release/rboxc)
==723598==    by 0x473EBC1: rboxc_gawk_make_str_node (in /root/rboxc/target/gawk-source-ownership-candidate/release/rboxc)
==723598==    by 0x472B307: update_PROCINFO_str.part.0 (in /root/rboxc/target/gawk-source-ownership-candidate/release/rboxc)
==723598==    by 0x449A952: single_binary_main_gawk (in /root/rboxc/target/gawk-source-ownership-candidate/release/rboxc)
==723598==    by 0x5A17600: (below main) (libc_start_call_main.h:59)
==723598== 
==723598== 88 bytes in 1 blocks are still reachable in loss record 145 of 274
==723598==    at 0x586D858: malloc (vg_replace_malloc.c:447)
==723598==    by 0x473E7EB: rboxc_gawk_r_getblock (in /root/rboxc/target/gawk-source-ownership-candidate/release/rboxc)
==723598==    by 0x473EBC1: rboxc_gawk_make_str_node (in /root/rboxc/target/gawk-source-ownership-candidate/release/rboxc)
==723598==    by 0x472B2EF: update_PROCINFO_str.part.0 (in /root/rboxc/target/gawk-source-ownership-candidate/release/rboxc)
==723598==    by 0x449A962: single_binary_main_gawk (in /root/rboxc/target/gawk-source-ownership-candidate/release/rboxc)
==723598==    by 0x5A17600: (below main) (libc_start_call_main.h:59)
==723598== 
==723598== 88 bytes in 1 blocks are still reachable in loss record 146 of 274
==723598==    at 0x586D858: malloc (vg_replace_malloc.c:447)
==723598==    by 0x473E7EB: rboxc_gawk_r_getblock (in /root/rboxc/target/gawk-source-ownership-candidate/release/rboxc)
==723598==    by 0x473EBC1: rboxc_gawk_make_str_node (in /root/rboxc/target/gawk-source-ownership-candidate/release/rboxc)
==723598==    by 0x472B307: update_PROCINFO_str.part.0 (in /root/rboxc/target/gawk-source-ownership-candidate/release/rboxc)
==723598==    by 0x449A962: single_binary_main_gawk (in /root/rboxc/target/gawk-source-ownership-candidate/release/rboxc)
==723598==    by 0x5A17600: (below main) (libc_start_call_main.h:59)
==723598== 
==723598== 88 bytes in 1 blocks are still reachable in loss record 147 of 274
==723598==    at 0x586D858: malloc (vg_replace_malloc.c:447)
==723598==    by 0x473E7EB: rboxc_gawk_r_getblock (in /root/rboxc/target/gawk-source-ownership-candidate/release/rboxc)
==723598==    by 0x473EBC1: rboxc_gawk_make_str_node (in /root/rboxc/target/gawk-source-ownership-candidate/release/rboxc)
==723598==    by 0x472E784: rboxc_gawk_update_PROCINFO_num (in /root/rboxc/target/gawk-source-ownership-candidate/release/rboxc)
==723598==    by 0x449A97B: single_binary_main_gawk (in /root/rboxc/target/gawk-source-ownership-candidate/release/rboxc)
==723598==    by 0x5A17600: (below main) (libc_start_call_main.h:59)
==723598== 
==723598== 88 bytes in 1 blocks are still reachable in loss record 148 of 274
==723598==    at 0x586D858: malloc (vg_replace_malloc.c:447)
==723598==    by 0x473E7EB: rboxc_gawk_r_getblock (in /root/rboxc/target/gawk-source-ownership-candidate/release/rboxc)
==723598==    by 0x473F130: r_make_number (in /root/rboxc/target/gawk-source-ownership-candidate/release/rboxc)
==723598==    by 0x472E793: rboxc_gawk_update_PROCINFO_num (in /root/rboxc/target/gawk-source-ownership-candidate/release/rboxc)
==723598==    by 0x449A97B: single_binary_main_gawk (in /root/rboxc/target/gawk-source-ownership-candidate/release/rboxc)
==723598==    by 0x5A17600: (below main) (libc_start_call_main.h:59)
==723598== 
==723598== 88 bytes in 1 blocks are still reachable in loss record 149 of 274
==723598==    at 0x586D858: malloc (vg_replace_malloc.c:447)
==723598==    by 0x473E7EB: rboxc_gawk_r_getblock (in /root/rboxc/target/gawk-source-ownership-candidate/release/rboxc)
==723598==    by 0x473EBC1: rboxc_gawk_make_str_node (in /root/rboxc/target/gawk-source-ownership-candidate/release/rboxc)
==723598==    by 0x472E784: rboxc_gawk_update_PROCINFO_num (in /root/rboxc/target/gawk-source-ownership-candidate/release/rboxc)
==723598==    by 0x449A98D: single_binary_main_gawk (in /root/rboxc/target/gawk-source-ownership-candidate/release/rboxc)
==723598==    by 0x5A17600: (below main) (libc_start_call_main.h:59)
==723598== 
==723598== 88 bytes in 1 blocks are still reachable in loss record 150 of 274
==723598==    at 0x586D858: malloc (vg_replace_malloc.c:447)
==723598==    by 0x473E7EB: rboxc_gawk_r_getblock (in /root/rboxc/target/gawk-source-ownership-candidate/release/rboxc)
==723598==    by 0x473F130: r_make_number (in /root/rboxc/target/gawk-source-ownership-candidate/release/rboxc)
==723598==    by 0x472E793: rboxc_gawk_update_PROCINFO_num (in /root/rboxc/target/gawk-source-ownership-candidate/release/rboxc)
==723598==    by 0x449A98D: single_binary_main_gawk (in /root/rboxc/target/gawk-source-ownership-candidate/release/rboxc)
==723598==    by 0x5A17600: (below main) (libc_start_call_main.h:59)
==723598== 
==723598== 88 bytes in 1 blocks are still reachable in loss record 151 of 274
==723598==    at 0x586D858: malloc (vg_replace_malloc.c:447)
==723598==    by 0x473E7EB: rboxc_gawk_r_getblock (in /root/rboxc/target/gawk-source-ownership-candidate/release/rboxc)
==723598==    by 0x473EBC1: rboxc_gawk_make_str_node (in /root/rboxc/target/gawk-source-ownership-candidate/release/rboxc)
==723598==    by 0x472E784: rboxc_gawk_update_PROCINFO_num (in /root/rboxc/target/gawk-source-ownership-candidate/release/rboxc)
==723598==    by 0x449A9A4: single_binary_main_gawk (in /root/rboxc/target/gawk-source-ownership-candidate/release/rboxc)
==723598==    by 0x5A17600: (below main) (libc_start_call_main.h:59)
==723598== 
==723598== 88 bytes in 1 blocks are still reachable in loss record 152 of 274
==723598==    at 0x586D858: malloc (vg_replace_malloc.c:447)
==723598==    by 0x473E7EB: rboxc_gawk_r_getblock (in /root/rboxc/target/gawk-source-ownership-candidate/release/rboxc)
==723598==    by 0x473F130: r_make_number (in /root/rboxc/target/gawk-source-ownership-candidate/release/rboxc)
==723598==    by 0x472E793: rboxc_gawk_update_PROCINFO_num (in /root/rboxc/target/gawk-source-ownership-candidate/release/rboxc)
==723598==    by 0x449A9A4: single_binary_main_gawk (in /root/rboxc/target/gawk-source-ownership-candidate/release/rboxc)
==723598==    by 0x5A17600: (below main) (libc_start_call_main.h:59)
==723598== 
==723598== 88 bytes in 1 blocks are still reachable in loss record 153 of 274
==723598==    at 0x586D858: malloc (vg_replace_malloc.c:447)
==723598==    by 0x473E7EB: rboxc_gawk_r_getblock (in /root/rboxc/target/gawk-source-ownership-candidate/release/rboxc)
==723598==    by 0x473EBC1: rboxc_gawk_make_str_node (in /root/rboxc/target/gawk-source-ownership-candidate/release/rboxc)
==723598==    by 0x472E784: rboxc_gawk_update_PROCINFO_num (in /root/rboxc/target/gawk-source-ownership-candidate/release/rboxc)
==723598==    by 0x449A9BB: single_binary_main_gawk (in /root/rboxc/target/gawk-source-ownership-candidate/release/rboxc)
==723598==    by 0x5A17600: (below main) (libc_start_call_main.h:59)
==723598== 
==723598== 88 bytes in 1 blocks are still reachable in loss record 154 of 274
==723598==    at 0x586D858: malloc (vg_replace_malloc.c:447)
==723598==    by 0x473E7EB: rboxc_gawk_r_getblock (in /root/rboxc/target/gawk-source-ownership-candidate/release/rboxc)
==723598==    by 0x473F130: r_make_number (in /root/rboxc/target/gawk-source-ownership-candidate/release/rboxc)
==723598==    by 0x472E793: rboxc_gawk_update_PROCINFO_num (in /root/rboxc/target/gawk-source-ownership-candidate/release/rboxc)
==723598==    by 0x449A9BB: single_binary_main_gawk (in /root/rboxc/target/gawk-source-ownership-candidate/release/rboxc)
==723598==    by 0x5A17600: (below main) (libc_start_call_main.h:59)
==723598== 
==723598== 88 bytes in 1 blocks are still reachable in loss record 155 of 274
==723598==    at 0x586D858: malloc (vg_replace_malloc.c:447)
==723598==    by 0x473E7EB: rboxc_gawk_r_getblock (in /root/rboxc/target/gawk-source-ownership-candidate/release/rboxc)
==723598==    by 0x473EBC1: rboxc_gawk_make_str_node (in /root/rboxc/target/gawk-source-ownership-candidate/release/rboxc)
==723598==    by 0x472E784: rboxc_gawk_update_PROCINFO_num (in /root/rboxc/target/gawk-source-ownership-candidate/release/rboxc)
==723598==    by 0x449A9D2: single_binary_main_gawk (in /root/rboxc/target/gawk-source-ownership-candidate/release/rboxc)
==723598==    by 0x5A17600: (below main) (libc_start_call_main.h:59)
==723598== 
==723598== 88 bytes in 1 blocks are still reachable in loss record 156 of 274
==723598==    at 0x586D858: malloc (vg_replace_malloc.c:447)
==723598==    by 0x473E7EB: rboxc_gawk_r_getblock (in /root/rboxc/target/gawk-source-ownership-candidate/release/rboxc)
==723598==    by 0x473F130: r_make_number (in /root/rboxc/target/gawk-source-ownership-candidate/release/rboxc)
==723598==    by 0x472E793: rboxc_gawk_update_PROCINFO_num (in /root/rboxc/target/gawk-source-ownership-candidate/release/rboxc)
==723598==    by 0x449A9D2: single_binary_main_gawk (in /root/rboxc/target/gawk-source-ownership-candidate/release/rboxc)
==723598==    by 0x5A17600: (below main) (libc_start_call_main.h:59)
==723598== 
==723598== 88 bytes in 1 blocks are still reachable in loss record 157 of 274
==723598==    at 0x586D858: malloc (vg_replace_malloc.c:447)
==723598==    by 0x473E7EB: rboxc_gawk_r_getblock (in /root/rboxc/target/gawk-source-ownership-candidate/release/rboxc)
==723598==    by 0x473EBC1: rboxc_gawk_make_str_node (in /root/rboxc/target/gawk-source-ownership-candidate/release/rboxc)
==723598==    by 0x472E784: rboxc_gawk_update_PROCINFO_num (in /root/rboxc/target/gawk-source-ownership-candidate/release/rboxc)
==723598==    by 0x449A9EC: single_binary_main_gawk (in /root/rboxc/target/gawk-source-ownership-candidate/release/rboxc)
==723598==    by 0x5A17600: (below main) (libc_start_call_main.h:59)
==723598== 
==723598== 88 bytes in 1 blocks are still reachable in loss record 158 of 274
==723598==    at 0x586D858: malloc (vg_replace_malloc.c:447)
==723598==    by 0x473E7EB: rboxc_gawk_r_getblock (in /root/rboxc/target/gawk-source-ownership-candidate/release/rboxc)
==723598==    by 0x473F130: r_make_number (in /root/rboxc/target/gawk-source-ownership-candidate/release/rboxc)
==723598==    by 0x472E793: rboxc_gawk_update_PROCINFO_num (in /root/rboxc/target/gawk-source-ownership-candidate/release/rboxc)
==723598==    by 0x449A9EC: single_binary_main_gawk (in /root/rboxc/target/gawk-source-ownership-candidate/release/rboxc)
==723598==    by 0x5A17600: (below main) (libc_start_call_main.h:59)
==723598== 
==723598== 88 bytes in 1 blocks are still reachable in loss record 159 of 274
==723598==    at 0x586D858: malloc (vg_replace_malloc.c:447)
==723598==    by 0x473E7EB: rboxc_gawk_r_getblock (in /root/rboxc/target/gawk-source-ownership-candidate/release/rboxc)
==723598==    by 0x473EBC1: rboxc_gawk_make_str_node (in /root/rboxc/target/gawk-source-ownership-candidate/release/rboxc)
==723598==    by 0x472E784: rboxc_gawk_update_PROCINFO_num (in /root/rboxc/target/gawk-source-ownership-candidate/release/rboxc)
==723598==    by 0x449AA06: single_binary_main_gawk (in /root/rboxc/target/gawk-source-ownership-candidate/release/rboxc)
==723598==    by 0x5A17600: (below main) (libc_start_call_main.h:59)
==723598== 
==723598== 88 bytes in 1 blocks are still reachable in loss record 160 of 274
==723598==    at 0x586D858: malloc (vg_replace_malloc.c:447)
==723598==    by 0x473E7EB: rboxc_gawk_r_getblock (in /root/rboxc/target/gawk-source-ownership-candidate/release/rboxc)
==723598==    by 0x473F130: r_make_number (in /root/rboxc/target/gawk-source-ownership-candidate/release/rboxc)
==723598==    by 0x472E793: rboxc_gawk_update_PROCINFO_num (in /root/rboxc/target/gawk-source-ownership-candidate/release/rboxc)
==723598==    by 0x449AA06: single_binary_main_gawk (in /root/rboxc/target/gawk-source-ownership-candidate/release/rboxc)
==723598==    by 0x5A17600: (below main) (libc_start_call_main.h:59)
==723598== 
==723598== 88 bytes in 1 blocks are still reachable in loss record 161 of 274
==723598==    at 0x586D858: malloc (vg_replace_malloc.c:447)
==723598==    by 0x473E7EB: rboxc_gawk_r_getblock (in /root/rboxc/target/gawk-source-ownership-candidate/release/rboxc)
==723598==    by 0x473EBC1: rboxc_gawk_make_str_node (in /root/rboxc/target/gawk-source-ownership-candidate/release/rboxc)
==723598==    by 0x472E784: rboxc_gawk_update_PROCINFO_num (in /root/rboxc/target/gawk-source-ownership-candidate/release/rboxc)
==723598==    by 0x449AA20: single_binary_main_gawk (in /root/rboxc/target/gawk-source-ownership-candidate/release/rboxc)
==723598==    by 0x5A17600: (below main) (libc_start_call_main.h:59)
==723598== 
==723598== 88 bytes in 1 blocks are still reachable in loss record 162 of 274
==723598==    at 0x586D858: malloc (vg_replace_malloc.c:447)
==723598==    by 0x473E7EB: rboxc_gawk_r_getblock (in /root/rboxc/target/gawk-source-ownership-candidate/release/rboxc)
==723598==    by 0x473F130: r_make_number (in /root/rboxc/target/gawk-source-ownership-candidate/release/rboxc)
==723598==    by 0x472E793: rboxc_gawk_update_PROCINFO_num (in /root/rboxc/target/gawk-source-ownership-candidate/release/rboxc)
==723598==    by 0x449AA20: single_binary_main_gawk (in /root/rboxc/target/gawk-source-ownership-candidate/release/rboxc)
==723598==    by 0x5A17600: (below main) (libc_start_call_main.h:59)
==723598== 
==723598== 88 bytes in 1 blocks are still reachable in loss record 163 of 274
==723598==    at 0x586D858: malloc (vg_replace_malloc.c:447)
==723598==    by 0x473E7EB: rboxc_gawk_r_getblock (in /root/rboxc/target/gawk-source-ownership-candidate/release/rboxc)
==723598==    by 0x473EBC1: rboxc_gawk_make_str_node (in /root/rboxc/target/gawk-source-ownership-candidate/release/rboxc)
==723598==    by 0x472E784: rboxc_gawk_update_PROCINFO_num (in /root/rboxc/target/gawk-source-ownership-candidate/release/rboxc)
==723598==    by 0x449AA3A: single_binary_main_gawk (in /root/rboxc/target/gawk-source-ownership-candidate/release/rboxc)
==723598==    by 0x5A17600: (below main) (libc_start_call_main.h:59)
==723598== 
==723598== 88 bytes in 1 blocks are still reachable in loss record 164 of 274
==723598==    at 0x586D858: malloc (vg_replace_malloc.c:447)
==723598==    by 0x473E7EB: rboxc_gawk_r_getblock (in /root/rboxc/target/gawk-source-ownership-candidate/release/rboxc)
==723598==    by 0x473F130: r_make_number (in /root/rboxc/target/gawk-source-ownership-candidate/release/rboxc)
==723598==    by 0x472E793: rboxc_gawk_update_PROCINFO_num (in /root/rboxc/target/gawk-source-ownership-candidate/release/rboxc)
==723598==    by 0x449AA3A: single_binary_main_gawk (in /root/rboxc/target/gawk-source-ownership-candidate/release/rboxc)
==723598==    by 0x5A17600: (below main) (libc_start_call_main.h:59)
==723598== 
==723598== 88 bytes in 1 blocks are still reachable in loss record 165 of 274
==723598==    at 0x586D858: malloc (vg_replace_malloc.c:447)
==723598==    by 0x473E7EB: rboxc_gawk_r_getblock (in /root/rboxc/target/gawk-source-ownership-candidate/release/rboxc)
==723598==    by 0x473EBC1: rboxc_gawk_make_str_node (in /root/rboxc/target/gawk-source-ownership-candidate/release/rboxc)
==723598==    by 0x472B2EF: update_PROCINFO_str.part.0 (in /root/rboxc/target/gawk-source-ownership-candidate/release/rboxc)
==723598==    by 0x449AA4C: single_binary_main_gawk (in /root/rboxc/target/gawk-source-ownership-candidate/release/rboxc)
==723598==    by 0x5A17600: (below main) (libc_start_call_main.h:59)
==723598== 
==723598== 88 bytes in 1 blocks are still reachable in loss record 166 of 274
==723598==    at 0x586D858: malloc (vg_replace_malloc.c:447)
==723598==    by 0x473E7EB: rboxc_gawk_r_getblock (in /root/rboxc/target/gawk-source-ownership-candidate/release/rboxc)
==723598==    by 0x473EBC1: rboxc_gawk_make_str_node (in /root/rboxc/target/gawk-source-ownership-candidate/release/rboxc)
==723598==    by 0x472B307: update_PROCINFO_str.part.0 (in /root/rboxc/target/gawk-source-ownership-candidate/release/rboxc)
==723598==    by 0x449AA4C: single_binary_main_gawk (in /root/rboxc/target/gawk-source-ownership-candidate/release/rboxc)
==723598==    by 0x5A17600: (below main) (libc_start_call_main.h:59)
==723598== 
==723598== 88 bytes in 1 blocks are still reachable in loss record 167 of 274
==723598==    at 0x586D858: malloc (vg_replace_malloc.c:447)
==723598==    by 0x473E7EB: rboxc_gawk_r_getblock (in /root/rboxc/target/gawk-source-ownership-candidate/release/rboxc)
==723598==    by 0x473EBC1: rboxc_gawk_make_str_node (in /root/rboxc/target/gawk-source-ownership-candidate/release/rboxc)
==723598==    by 0x472B2EF: update_PROCINFO_str.part.0 (in /root/rboxc/target/gawk-source-ownership-candidate/release/rboxc)
==723598==    by 0x449ABD8: single_binary_main_gawk (in /root/rboxc/target/gawk-source-ownership-candidate/release/rboxc)
==723598==    by 0x5A17600: (below main) (libc_start_call_main.h:59)
==723598== 
==723598== 88 bytes in 1 blocks are still reachable in loss record 168 of 274
==723598==    at 0x586D858: malloc (vg_replace_malloc.c:447)
==723598==    by 0x473E7EB: rboxc_gawk_r_getblock (in /root/rboxc/target/gawk-source-ownership-candidate/release/rboxc)
==723598==    by 0x473EBC1: rboxc_gawk_make_str_node (in /root/rboxc/target/gawk-source-ownership-candidate/release/rboxc)
==723598==    by 0x472B307: update_PROCINFO_str.part.0 (in /root/rboxc/target/gawk-source-ownership-candidate/release/rboxc)
==723598==    by 0x449ABD8: single_binary_main_gawk (in /root/rboxc/target/gawk-source-ownership-candidate/release/rboxc)
==723598==    by 0x5A17600: (below main) (libc_start_call_main.h:59)
==723598== 
==723598== 88 bytes in 1 blocks are still reachable in loss record 169 of 274
==723598==    at 0x586D858: malloc (vg_replace_malloc.c:447)
==723598==    by 0x473E7EB: rboxc_gawk_r_getblock (in /root/rboxc/target/gawk-source-ownership-candidate/release/rboxc)
==723598==    by 0x449AC02: single_binary_main_gawk (in /root/rboxc/target/gawk-source-ownership-candidate/release/rboxc)
==723598==    by 0x5A17600: (below main) (libc_start_call_main.h:59)
==723598== 
==723598== 88 bytes in 1 blocks are still reachable in loss record 170 of 274
==723598==    at 0x586D858: malloc (vg_replace_malloc.c:447)
==723598==    by 0x473E7EB: rboxc_gawk_r_getblock (in /root/rboxc/target/gawk-source-ownership-candidate/release/rboxc)
==723598==    by 0x470A572: cint_lookup (in /root/rboxc/target/gawk-source-ownership-candidate/release/rboxc)
==723598==    by 0x44911A2: rboxc::applet_gawk::assoc_set (in /root/rboxc/target/gawk-source-ownership-candidate/release/rboxc)
==723598==    by 0x449B5E2: single_binary_main_gawk (in /root/rboxc/target/gawk-source-ownership-candidate/release/rboxc)
==723598==    by 0x5A17600: (below main) (libc_start_call_main.h:59)
==723598== 
==723598== 88 bytes in 1 blocks are still reachable in loss record 171 of 274
==723598==    at 0x586D858: malloc (vg_replace_malloc.c:447)
==723598==    by 0x473E7EB: rboxc_gawk_r_getblock (in /root/rboxc/target/gawk-source-ownership-candidate/release/rboxc)
==723598==    by 0x470A187: tree_lookup (in /root/rboxc/target/gawk-source-ownership-candidate/release/rboxc)
==723598==    by 0x44911A2: rboxc::applet_gawk::assoc_set (in /root/rboxc/target/gawk-source-ownership-candidate/release/rboxc)
==723598==    by 0x449B5E2: single_binary_main_gawk (in /root/rboxc/target/gawk-source-ownership-candidate/release/rboxc)
==723598==    by 0x5A17600: (below main) (libc_start_call_main.h:59)
==723598== 
==723598== 88 bytes in 1 blocks are still reachable in loss record 172 of 274
==723598==    at 0x586D858: malloc (vg_replace_malloc.c:447)
==723598==    by 0x473E7EB: rboxc_gawk_r_getblock (in /root/rboxc/target/gawk-source-ownership-candidate/release/rboxc)
==723598==    by 0x473EBC1: rboxc_gawk_make_str_node (in /root/rboxc/target/gawk-source-ownership-candidate/release/rboxc)
==723598==    by 0x449ACEB: single_binary_main_gawk (in /root/rboxc/target/gawk-source-ownership-candidate/release/rboxc)
==723598==    by 0x5A17600: (below main) (libc_start_call_main.h:59)
==723598== 
==723598== 88 bytes in 1 blocks are still reachable in loss record 173 of 274
==723598==    at 0x586D858: malloc (vg_replace_malloc.c:447)
==723598==    by 0x473E7EB: rboxc_gawk_r_getblock (in /root/rboxc/target/gawk-source-ownership-candidate/release/rboxc)
==723598==    by 0x473EBC1: rboxc_gawk_make_str_node (in /root/rboxc/target/gawk-source-ownership-candidate/release/rboxc)
==723598==    by 0x474CC35: install (in /root/rboxc/target/gawk-source-ownership-candidate/release/rboxc)
==723598==    by 0x449ADAD: single_binary_main_gawk (in /root/rboxc/target/gawk-source-ownership-candidate/release/rboxc)
==723598==    by 0x5A17600: (below main) (libc_start_call_main.h:59)
==723598== 
==723598== 88 bytes in 1 blocks are still reachable in loss record 174 of 274
==723598==    at 0x586D858: malloc (vg_replace_malloc.c:447)
==723598==    by 0x473E7EB: rboxc_gawk_r_getblock (in /root/rboxc/target/gawk-source-ownership-candidate/release/rboxc)
==723598==    by 0x474CD13: install (in /root/rboxc/target/gawk-source-ownership-candidate/release/rboxc)
==723598==    by 0x449ADAD: single_binary_main_gawk (in /root/rboxc/target/gawk-source-ownership-candidate/release/rboxc)
==723598==    by 0x5A17600: (below main) (libc_start_call_main.h:59)
==723598== 
==723598== 88 bytes in 1 blocks are still reachable in loss record 175 of 274
==723598==    at 0x586D858: malloc (vg_replace_malloc.c:447)
==723598==    by 0x473E7EB: rboxc_gawk_r_getblock (in /root/rboxc/target/gawk-source-ownership-candidate/release/rboxc)
==723598==    by 0x473EBC1: rboxc_gawk_make_str_node (in /root/rboxc/target/gawk-source-ownership-candidate/release/rboxc)
==723598==    by 0x472BB60: rboxc_gawk_init_fields (in /root/rboxc/target/gawk-source-ownership-candidate/release/rboxc)
==723598==    by 0x449AE20: single_binary_main_gawk (in /root/rboxc/target/gawk-source-ownership-candidate/release/rboxc)
==723598==    by 0x5A17600: (below main) (libc_start_call_main.h:59)
==723598== 
==723598== 88 bytes in 1 blocks are still reachable in loss record 176 of 274
==723598==    at 0x586D858: malloc (vg_replace_malloc.c:447)
==723598==    by 0x473E7EB: rboxc_gawk_r_getblock (in /root/rboxc/target/gawk-source-ownership-candidate/release/rboxc)
==723598==    by 0x473EBC1: rboxc_gawk_make_str_node (in /root/rboxc/target/gawk-source-ownership-candidate/release/rboxc)
==723598==    by 0x4497684: rboxc_gawk_arg_assign (in /root/rboxc/target/gawk-source-ownership-candidate/release/rboxc)
==723598==    by 0x449B00C: single_binary_main_gawk (in /root/rboxc/target/gawk-source-ownership-candidate/release/rboxc)
==723598==    by 0x5A17600: (below main) (libc_start_call_main.h:59)
==723598== 
==723598== 88 bytes in 1 blocks are still reachable in loss record 177 of 274
==723598==    at 0x586D858: malloc (vg_replace_malloc.c:447)
==723598==    by 0x473E7EB: rboxc_gawk_r_getblock (in /root/rboxc/target/gawk-source-ownership-candidate/release/rboxc)
==723598==    by 0x473EBC1: rboxc_gawk_make_str_node (in /root/rboxc/target/gawk-source-ownership-candidate/release/rboxc)
==723598==    by 0x474CC35: install (in /root/rboxc/target/gawk-source-ownership-candidate/release/rboxc)
==723598==    by 0x4497712: rboxc_gawk_arg_assign (in /root/rboxc/target/gawk-source-ownership-candidate/release/rboxc)
==723598==    by 0x449B00C: single_binary_main_gawk (in /root/rboxc/target/gawk-source-ownership-candidate/release/rboxc)
==723598==    by 0x5A17600: (below main) (libc_start_call_main.h:59)
==723598== 
==723598== 88 bytes in 1 blocks are still reachable in loss record 178 of 274
==723598==    at 0x586D858: malloc (vg_replace_malloc.c:447)
==723598==    by 0x473E7EB: rboxc_gawk_r_getblock (in /root/rboxc/target/gawk-source-ownership-candidate/release/rboxc)
==723598==    by 0x474CD13: install (in /root/rboxc/target/gawk-source-ownership-candidate/release/rboxc)
==723598==    by 0x4497712: rboxc_gawk_arg_assign (in /root/rboxc/target/gawk-source-ownership-candidate/release/rboxc)
==723598==    by 0x449B00C: single_binary_main_gawk (in /root/rboxc/target/gawk-source-ownership-candidate/release/rboxc)
==723598==    by 0x5A17600: (below main) (libc_start_call_main.h:59)
==723598== 
==723598== 88 bytes in 1 blocks are still reachable in loss record 179 of 274
==723598==    at 0x586D858: malloc (vg_replace_malloc.c:447)
==723598==    by 0x473E7EB: rboxc_gawk_r_getblock (in /root/rboxc/target/gawk-source-ownership-candidate/release/rboxc)
==723598==    by 0x473F130: r_make_number (in /root/rboxc/target/gawk-source-ownership-candidate/release/rboxc)
==723598==    by 0x471D93F: rboxc_gawk_update_NF (in /root/rboxc/target/gawk-source-ownership-candidate/release/rboxc)
==723598==    by 0x449835C: rboxc_gawk_update_global_values (in /root/rboxc/target/gawk-source-ownership-candidate/release/rboxc)
==723598==    by 0x4730E80: api_sym_lookup (in /root/rboxc/target/gawk-source-ownership-candidate/release/rboxc)
==723598==    by 0x5886F67: init_testext (testext.c:1176)
==723598==    by 0x58888C0: dl_load (testext.c:1223)
==723598==    by 0x4729302: rboxc_gawk_load_ext (in /root/rboxc/target/gawk-source-ownership-candidate/release/rboxc)
==723598==    by 0x449B29A: single_binary_main_gawk (in /root/rboxc/target/gawk-source-ownership-candidate/release/rboxc)
==723598==    by 0x5A17600: (below main) (libc_start_call_main.h:59)
==723598== 
==723598== 88 bytes in 1 blocks are still reachable in loss record 180 of 274
==723598==    at 0x586D858: malloc (vg_replace_malloc.c:447)
==723598==    by 0x473E7EB: rboxc_gawk_r_getblock (in /root/rboxc/target/gawk-source-ownership-candidate/release/rboxc)
==723598==    by 0x471ED91: rboxc_gawk_init_interpret (in /root/rboxc/target/gawk-source-ownership-candidate/release/rboxc)
==723598==    by 0x449B314: single_binary_main_gawk (in /root/rboxc/target/gawk-source-ownership-candidate/release/rboxc)
==723598==    by 0x5A17600: (below main) (libc_start_call_main.h:59)
==723598== 
==723598== 88 bytes in 1 blocks are still reachable in loss record 181 of 274
==723598==    at 0x586D858: malloc (vg_replace_malloc.c:447)
==723598==    by 0x473E7EB: rboxc_gawk_r_getblock (in /root/rboxc/target/gawk-source-ownership-candidate/release/rboxc)
==723598==    by 0x473F130: r_make_number (in /root/rboxc/target/gawk-source-ownership-candidate/release/rboxc)
==723598==    by 0x471EDE5: rboxc_gawk_init_interpret (in /root/rboxc/target/gawk-source-ownership-candidate/release/rboxc)
==723598==    by 0x449B314: single_binary_main_gawk (in /root/rboxc/target/gawk-source-ownership-candidate/release/rboxc)
==723598==    by 0x5A17600: (below main) (libc_start_call_main.h:59)
==723598== 
==723598== 88 bytes in 1 blocks are still reachable in loss record 182 of 274
==723598==    at 0x586D858: malloc (vg_replace_malloc.c:447)
==723598==    by 0x473E7EB: rboxc_gawk_r_getblock (in /root/rboxc/target/gawk-source-ownership-candidate/release/rboxc)
==723598==    by 0x473F130: r_make_number (in /root/rboxc/target/gawk-source-ownership-candidate/release/rboxc)
==723598==    by 0x471EDFA: rboxc_gawk_init_interpret (in /root/rboxc/target/gawk-source-ownership-candidate/release/rboxc)
==723598==    by 0x449B314: single_binary_main_gawk (in /root/rboxc/target/gawk-source-ownership-candidate/release/rboxc)
==723598==    by 0x5A17600: (below main) (libc_start_call_main.h:59)
==723598== 
==723598== 88 bytes in 1 blocks are still reachable in loss record 183 of 274
==723598==    at 0x586D858: malloc (vg_replace_malloc.c:447)
==723598==    by 0x473E7EB: rboxc_gawk_r_getblock (in /root/rboxc/target/gawk-source-ownership-candidate/release/rboxc)
==723598==    by 0x473EBC1: rboxc_gawk_make_str_node (in /root/rboxc/target/gawk-source-ownership-candidate/release/rboxc)
==723598==    by 0x474CC35: install (in /root/rboxc/target/gawk-source-ownership-candidate/release/rboxc)
==723598==    by 0x449B3D8: single_binary_main_gawk (in /root/rboxc/target/gawk-source-ownership-candidate/release/rboxc)
==723598==    by 0x5A17600: (below main) (libc_start_call_main.h:59)
==723598== 
==723598== 88 bytes in 1 blocks are still reachable in loss record 184 of 274
==723598==    at 0x586D858: malloc (vg_replace_malloc.c:447)
==723598==    by 0x473E7EB: rboxc_gawk_r_getblock (in /root/rboxc/target/gawk-source-ownership-candidate/release/rboxc)
==723598==    by 0x474CD13: install (in /root/rboxc/target/gawk-source-ownership-candidate/release/rboxc)
==723598==    by 0x449B3D8: single_binary_main_gawk (in /root/rboxc/target/gawk-source-ownership-candidate/release/rboxc)
==723598==    by 0x5A17600: (below main) (libc_start_call_main.h:59)
==723598== 
==723598== 88 bytes in 1 blocks are still reachable in loss record 185 of 274
==723598==    at 0x586D858: malloc (vg_replace_malloc.c:447)
==723598==    by 0x473E7EB: rboxc_gawk_r_getblock (in /root/rboxc/target/gawk-source-ownership-candidate/release/rboxc)
==723598==    by 0x473EBC1: rboxc_gawk_make_str_node (in /root/rboxc/target/gawk-source-ownership-candidate/release/rboxc)
==723598==    by 0x449B418: single_binary_main_gawk (in /root/rboxc/target/gawk-source-ownership-candidate/release/rboxc)
==723598==    by 0x5A17600: (below main) (libc_start_call_main.h:59)
==723598== 
==723598== 88 bytes in 1 blocks are still reachable in loss record 186 of 274
==723598==    at 0x586D858: malloc (vg_replace_malloc.c:447)
==723598==    by 0x473E7EB: rboxc_gawk_r_getblock (in /root/rboxc/target/gawk-source-ownership-candidate/release/rboxc)
==723598==    by 0x470A572: cint_lookup (in /root/rboxc/target/gawk-source-ownership-candidate/release/rboxc)
==723598==    by 0x44911A2: rboxc::applet_gawk::assoc_set (in /root/rboxc/target/gawk-source-ownership-candidate/release/rboxc)
==723598==    by 0x449B42B: single_binary_main_gawk (in /root/rboxc/target/gawk-source-ownership-candidate/release/rboxc)
==723598==    by 0x5A17600: (below main) (libc_start_call_main.h:59)
==723598== 
==723598== 88 bytes in 1 blocks are still reachable in loss record 187 of 274
==723598==    at 0x586D858: malloc (vg_replace_malloc.c:447)
==723598==    by 0x473E7EB: rboxc_gawk_r_getblock (in /root/rboxc/target/gawk-source-ownership-candidate/release/rboxc)
==723598==    by 0x470A187: tree_lookup (in /root/rboxc/target/gawk-source-ownership-candidate/release/rboxc)
==723598==    by 0x44911A2: rboxc::applet_gawk::assoc_set (in /root/rboxc/target/gawk-source-ownership-candidate/release/rboxc)
==723598==    by 0x449B42B: single_binary_main_gawk (in /root/rboxc/target/gawk-source-ownership-candidate/release/rboxc)
==723598==    by 0x5A17600: (below main) (libc_start_call_main.h:59)
==723598== 
==723598== 88 bytes in 1 blocks are still reachable in loss record 188 of 274
==723598==    at 0x586D858: malloc (vg_replace_malloc.c:447)
==723598==    by 0x473E7EB: rboxc_gawk_r_getblock (in /root/rboxc/target/gawk-source-ownership-candidate/release/rboxc)
==723598==    by 0x473EBC1: rboxc_gawk_make_str_node (in /root/rboxc/target/gawk-source-ownership-candidate/release/rboxc)
==723598==    by 0x474CC35: install (in /root/rboxc/target/gawk-source-ownership-candidate/release/rboxc)
==723598==    by 0x449B6B3: single_binary_main_gawk (in /root/rboxc/target/gawk-source-ownership-candidate/release/rboxc)
==723598==    by 0x5A17600: (below main) (libc_start_call_main.h:59)
==723598== 
==723598== 88 bytes in 1 blocks are still reachable in loss record 189 of 274
==723598==    at 0x586D858: malloc (vg_replace_malloc.c:447)
==723598==    by 0x473E7EB: rboxc_gawk_r_getblock (in /root/rboxc/target/gawk-source-ownership-candidate/release/rboxc)
==723598==    by 0x474CD13: install (in /root/rboxc/target/gawk-source-ownership-candidate/release/rboxc)
==723598==    by 0x449B6B3: single_binary_main_gawk (in /root/rboxc/target/gawk-source-ownership-candidate/release/rboxc)
==723598==    by 0x5A17600: (below main) (libc_start_call_main.h:59)
==723598== 
==723598== 88 bytes in 1 blocks are still reachable in loss record 190 of 274
==723598==    at 0x586D858: malloc (vg_replace_malloc.c:447)
==723598==    by 0x473E7EB: rboxc_gawk_r_getblock (in /root/rboxc/target/gawk-source-ownership-candidate/release/rboxc)
==723598==    by 0x473F130: r_make_number (in /root/rboxc/target/gawk-source-ownership-candidate/release/rboxc)
==723598==    by 0x449B6D8: single_binary_main_gawk (in /root/rboxc/target/gawk-source-ownership-candidate/release/rboxc)
==723598==    by 0x5A17600: (below main) (libc_start_call_main.h:59)
==723598== 
==723598== 88 bytes in 1 blocks are still reachable in loss record 191 of 274
==723598==    at 0x586D858: malloc (vg_replace_malloc.c:447)
==723598==    by 0x473E7EB: rboxc_gawk_r_getblock (in /root/rboxc/target/gawk-source-ownership-candidate/release/rboxc)
==723598==    by 0x473EBC1: rboxc_gawk_make_str_node (in /root/rboxc/target/gawk-source-ownership-candidate/release/rboxc)
==723598==    by 0x474CC35: install (in /root/rboxc/target/gawk-source-ownership-candidate/release/rboxc)
==723598==    by 0x46F3B14: rboxc_gawk_yyparse (in /root/rboxc/target/gawk-source-ownership-candidate/release/rboxc)
==723598==    by 0x46F5FDA: rboxc_gawk_parse_program (in /root/rboxc/target/gawk-source-ownership-candidate/release/rboxc)
==723598==    by 0x449B724: single_binary_main_gawk (in /root/rboxc/target/gawk-source-ownership-candidate/release/rboxc)
==723598==    by 0x5A17600: (below main) (libc_start_call_main.h:59)
==723598== 
==723598== 88 bytes in 1 blocks are still reachable in loss record 192 of 274
==723598==    at 0x586D858: malloc (vg_replace_malloc.c:447)
==723598==    by 0x473E7EB: rboxc_gawk_r_getblock (in /root/rboxc/target/gawk-source-ownership-candidate/release/rboxc)
==723598==    by 0x474CDFE: install (in /root/rboxc/target/gawk-source-ownership-candidate/release/rboxc)
==723598==    by 0x46F3B14: rboxc_gawk_yyparse (in /root/rboxc/target/gawk-source-ownership-candidate/release/rboxc)
==723598==    by 0x46F5FDA: rboxc_gawk_parse_program (in /root/rboxc/target/gawk-source-ownership-candidate/release/rboxc)
==723598==    by 0x449B724: single_binary_main_gawk (in /root/rboxc/target/gawk-source-ownership-candidate/release/rboxc)
==723598==    by 0x5A17600: (below main) (libc_start_call_main.h:59)
==723598== 
==723598== 88 bytes in 1 blocks are still reachable in loss record 193 of 274
==723598==    at 0x5874E43: calloc (vg_replace_malloc.c:1678)
==723598==    by 0x474D49B: rboxc_gawk_make_params (in /root/rboxc/target/gawk-source-ownership-candidate/release/rboxc)
==723598==    by 0x46F3B55: rboxc_gawk_yyparse (in /root/rboxc/target/gawk-source-ownership-candidate/release/rboxc)
==723598==    by 0x46F5FDA: rboxc_gawk_parse_program (in /root/rboxc/target/gawk-source-ownership-candidate/release/rboxc)
==723598==    by 0x449B724: single_binary_main_gawk (in /root/rboxc/target/gawk-source-ownership-candidate/release/rboxc)
==723598==    by 0x5A17600: (below main) (libc_start_call_main.h:59)
==723598== 
==723598== 88 bytes in 1 blocks are still reachable in loss record 194 of 274
==723598==    at 0x586D858: malloc (vg_replace_malloc.c:447)
==723598==    by 0x473E7EB: rboxc_gawk_r_getblock (in /root/rboxc/target/gawk-source-ownership-candidate/release/rboxc)
==723598==    by 0x473EBC1: rboxc_gawk_make_str_node (in /root/rboxc/target/gawk-source-ownership-candidate/release/rboxc)
==723598==    by 0x46F3226: rboxc_gawk_yyparse (in /root/rboxc/target/gawk-source-ownership-candidate/release/rboxc)
==723598==    by 0x46F5FDA: rboxc_gawk_parse_program (in /root/rboxc/target/gawk-source-ownership-candidate/release/rboxc)
==723598==    by 0x449B724: single_binary_main_gawk (in /root/rboxc/target/gawk-source-ownership-candidate/release/rboxc)
==723598==    by 0x5A17600: (below main) (libc_start_call_main.h:59)
==723598== 
==723598== 88 bytes in 1 blocks are still reachable in loss record 195 of 274
==723598==    at 0x586D858: malloc (vg_replace_malloc.c:447)
==723598==    by 0x473E7EB: rboxc_gawk_r_getblock (in /root/rboxc/target/gawk-source-ownership-candidate/release/rboxc)
==723598==    by 0x46EEE28: rboxc_gawk_make_regnode (in /root/rboxc/target/gawk-source-ownership-candidate/release/rboxc)
==723598==    by 0x46F3236: rboxc_gawk_yyparse (in /root/rboxc/target/gawk-source-ownership-candidate/release/rboxc)
==723598==    by 0x46F5FDA: rboxc_gawk_parse_program (in /root/rboxc/target/gawk-source-ownership-candidate/release/rboxc)
==723598==    by 0x449B724: single_binary_main_gawk (in /root/rboxc/target/gawk-source-ownership-candidate/release/rboxc)
==723598==    by 0x5A17600: (below main) (libc_start_call_main.h:59)
==723598== 
==723598== 88 bytes in 1 blocks are still reachable in loss record 196 of 274
==723598==    at 0x586D858: malloc (vg_replace_malloc.c:447)
==723598==    by 0x473E7EB: rboxc_gawk_r_getblock (in /root/rboxc/target/gawk-source-ownership-candidate/release/rboxc)
==723598==    by 0x473EBC1: rboxc_gawk_make_str_node (in /root/rboxc/target/gawk-source-ownership-candidate/release/rboxc)
==723598==    by 0x474DBB7: rboxc_gawk_load_symbols (in /root/rboxc/target/gawk-source-ownership-candidate/release/rboxc)
==723598==    by 0x449B7FC: single_binary_main_gawk (in /root/rboxc/target/gawk-source-ownership-candidate/release/rboxc)
==723598==    by 0x5A17600: (below main) (libc_start_call_main.h:59)
==723598== 
==723598== 88 bytes in 1 blocks are still reachable in loss record 197 of 274
==723598==    at 0x586D858: malloc (vg_replace_malloc.c:447)
==723598==    by 0x473E7EB: rboxc_gawk_r_getblock (in /root/rboxc/target/gawk-source-ownership-candidate/release/rboxc)
==723598==    by 0x474DBD4: rboxc_gawk_load_symbols (in /root/rboxc/target/gawk-source-ownership-candidate/release/rboxc)
==723598==    by 0x449B7FC: single_binary_main_gawk (in /root/rboxc/target/gawk-source-ownership-candidate/release/rboxc)
==723598==    by 0x5A17600: (below main) (libc_start_call_main.h:59)
==723598== 
==723598== 88 bytes in 1 blocks are still reachable in loss record 198 of 274
==723598==    at 0x586D858: malloc (vg_replace_malloc.c:447)
==723598==    by 0x473E7EB: rboxc_gawk_r_getblock (in /root/rboxc/target/gawk-source-ownership-candidate/release/rboxc)
==723598==    by 0x473EBC1: rboxc_gawk_make_str_node (in /root/rboxc/target/gawk-source-ownership-candidate/release/rboxc)
==723598==    by 0x474DC8A: rboxc_gawk_load_symbols (in /root/rboxc/target/gawk-source-ownership-candidate/release/rboxc)
==723598==    by 0x449B7FC: single_binary_main_gawk (in /root/rboxc/target/gawk-source-ownership-candidate/release/rboxc)
==723598==    by 0x5A17600: (below main) (libc_start_call_main.h:59)
==723598== 
==723598== 88 bytes in 1 blocks are still reachable in loss record 199 of 274
==723598==    at 0x586D858: malloc (vg_replace_malloc.c:447)
==723598==    by 0x473E7EB: rboxc_gawk_r_getblock (in /root/rboxc/target/gawk-source-ownership-candidate/release/rboxc)
==723598==    by 0x473EBC1: rboxc_gawk_make_str_node (in /root/rboxc/target/gawk-source-ownership-candidate/release/rboxc)
==723598==    by 0x474DCA2: rboxc_gawk_load_symbols (in /root/rboxc/target/gawk-source-ownership-candidate/release/rboxc)
==723598==    by 0x449B7FC: single_binary_main_gawk (in /root/rboxc/target/gawk-source-ownership-candidate/release/rboxc)
==723598==    by 0x5A17600: (below main) (libc_start_call_main.h:59)
==723598== 
==723598== 88 bytes in 1 blocks are still reachable in loss record 200 of 274
==723598==    at 0x586D858: malloc (vg_replace_malloc.c:447)
==723598==    by 0x473E7EB: rboxc_gawk_r_getblock (in /root/rboxc/target/gawk-source-ownership-candidate/release/rboxc)
==723598==    by 0x473EBC1: rboxc_gawk_make_str_node (in /root/rboxc/target/gawk-source-ownership-candidate/release/rboxc)
==723598==    by 0x474DCBA: rboxc_gawk_load_symbols (in /root/rboxc/target/gawk-source-ownership-candidate/release/rboxc)
==723598==    by 0x449B7FC: single_binary_main_gawk (in /root/rboxc/target/gawk-source-ownership-candidate/release/rboxc)
==723598==    by 0x5A17600: (below main) (libc_start_call_main.h:59)
==723598== 
==723598== 88 bytes in 1 blocks are still reachable in loss record 201 of 274
==723598==    at 0x586D858: malloc (vg_replace_malloc.c:447)
==723598==    by 0x473E7EB: rboxc_gawk_r_getblock (in /root/rboxc/target/gawk-source-ownership-candidate/release/rboxc)
==723598==    by 0x473EBC1: rboxc_gawk_make_str_node (in /root/rboxc/target/gawk-source-ownership-candidate/release/rboxc)
==723598==    by 0x474DCD2: rboxc_gawk_load_symbols (in /root/rboxc/target/gawk-source-ownership-candidate/release/rboxc)
==723598==    by 0x449B7FC: single_binary_main_gawk (in /root/rboxc/target/gawk-source-ownership-candidate/release/rboxc)
==723598==    by 0x5A17600: (below main) (libc_start_call_main.h:59)
==723598== 
==723598== 88 bytes in 1 blocks are still reachable in loss record 202 of 274
==723598==    at 0x586D858: malloc (vg_replace_malloc.c:447)
==723598==    by 0x473E7EB: rboxc_gawk_r_getblock (in /root/rboxc/target/gawk-source-ownership-candidate/release/rboxc)
==723598==    by 0x473EBC1: rboxc_gawk_make_str_node (in /root/rboxc/target/gawk-source-ownership-candidate/release/rboxc)
==723598==    by 0x474DCEA: rboxc_gawk_load_symbols (in /root/rboxc/target/gawk-source-ownership-candidate/release/rboxc)
==723598==    by 0x449B7FC: single_binary_main_gawk (in /root/rboxc/target/gawk-source-ownership-candidate/release/rboxc)
==723598==    by 0x5A17600: (below main) (libc_start_call_main.h:59)
==723598== 
==723598== 88 bytes in 1 blocks are still reachable in loss record 203 of 274
==723598==    at 0x586D858: malloc (vg_replace_malloc.c:447)
==723598==    by 0x473E7EB: rboxc_gawk_r_getblock (in /root/rboxc/target/gawk-source-ownership-candidate/release/rboxc)
==723598==    by 0x473EBC1: rboxc_gawk_make_str_node (in /root/rboxc/target/gawk-source-ownership-candidate/release/rboxc)
==723598==    by 0x474DD02: rboxc_gawk_load_symbols (in /root/rboxc/target/gawk-source-ownership-candidate/release/rboxc)
==723598==    by 0x449B7FC: single_binary_main_gawk (in /root/rboxc/target/gawk-source-ownership-candidate/release/rboxc)
==723598==    by 0x5A17600: (below main) (libc_start_call_main.h:59)
==723598== 
==723598== 88 bytes in 1 blocks are still reachable in loss record 204 of 274
==723598==    at 0x586D858: malloc (vg_replace_malloc.c:447)
==723598==    by 0x473E7EB: rboxc_gawk_r_getblock (in /root/rboxc/target/gawk-source-ownership-candidate/release/rboxc)
==723598==    by 0x473F130: r_make_number (in /root/rboxc/target/gawk-source-ownership-candidate/release/rboxc)
==723598==    by 0x4725576: rboxc_gawk_r_interpret (in /root/rboxc/target/gawk-source-ownership-candidate/release/rboxc)
==723598==    by 0x449B883: single_binary_main_gawk (in /root/rboxc/target/gawk-source-ownership-candidate/release/rboxc)
==723598==    by 0x5A17600: (below main) (libc_start_call_main.h:59)
==723598== 
==723598== 88 bytes in 1 blocks are still reachable in loss record 205 of 274
==723598==    at 0x586D858: malloc (vg_replace_malloc.c:447)
==723598==    by 0x473E7EB: rboxc_gawk_r_getblock (in /root/rboxc/target/gawk-source-ownership-candidate/release/rboxc)
==723598==    by 0x473EBC1: rboxc_gawk_make_str_node (in /root/rboxc/target/gawk-source-ownership-candidate/release/rboxc)
==723598==    by 0x4731301: api_set_array_element (in /root/rboxc/target/gawk-source-ownership-candidate/release/rboxc)
==723598==    by 0x5888208: do_get_file.part.0 (testext.c:1017)
==723598==    by 0x58887E4: do_get_file (testext.c:987)
==723598==    by 0x472556E: rboxc_gawk_r_interpret (in /root/rboxc/target/gawk-source-ownership-candidate/release/rboxc)
==723598==    by 0x449B883: single_binary_main_gawk (in /root/rboxc/target/gawk-source-ownership-candidate/release/rboxc)
==723598==    by 0x5A17600: (below main) (libc_start_call_main.h:59)
==723598== 
==723598== 88 bytes in 1 blocks are still reachable in loss record 206 of 274
==723598==    at 0x586D858: malloc (vg_replace_malloc.c:447)
==723598==    by 0x473E7EB: rboxc_gawk_r_getblock (in /root/rboxc/target/gawk-source-ownership-candidate/release/rboxc)
==723598==    by 0x473F130: r_make_number (in /root/rboxc/target/gawk-source-ownership-candidate/release/rboxc)
==723598==    by 0x473130C: api_set_array_element (in /root/rboxc/target/gawk-source-ownership-candidate/release/rboxc)
==723598==    by 0x5888208: do_get_file.part.0 (testext.c:1017)
==723598==    by 0x58887E4: do_get_file (testext.c:987)
==723598==    by 0x472556E: rboxc_gawk_r_interpret (in /root/rboxc/target/gawk-source-ownership-candidate/release/rboxc)
==723598==    by 0x449B883: single_binary_main_gawk (in /root/rboxc/target/gawk-source-ownership-candidate/release/rboxc)
==723598==    by 0x5A17600: (below main) (libc_start_call_main.h:59)
==723598== 
==723598== 88 bytes in 1 blocks are still reachable in loss record 207 of 274
==723598==    at 0x586D858: malloc (vg_replace_malloc.c:447)
==723598==    by 0x473E7EB: rboxc_gawk_r_getblock (in /root/rboxc/target/gawk-source-ownership-candidate/release/rboxc)
==723598==    by 0x473EBC1: rboxc_gawk_make_str_node (in /root/rboxc/target/gawk-source-ownership-candidate/release/rboxc)
==723598==    by 0x4731301: api_set_array_element (in /root/rboxc/target/gawk-source-ownership-candidate/release/rboxc)
==723598==    by 0x5888345: do_get_file.part.0 (testext.c:1021)
==723598==    by 0x58887E4: do_get_file (testext.c:987)
==723598==    by 0x472556E: rboxc_gawk_r_interpret (in /root/rboxc/target/gawk-source-ownership-candidate/release/rboxc)
==723598==    by 0x449B883: single_binary_main_gawk (in /root/rboxc/target/gawk-source-ownership-candidate/release/rboxc)
==723598==    by 0x5A17600: (below main) (libc_start_call_main.h:59)
==723598== 
==723598== 88 bytes in 1 blocks are still reachable in loss record 208 of 274
==723598==    at 0x586D858: malloc (vg_replace_malloc.c:447)
==723598==    by 0x473E7EB: rboxc_gawk_r_getblock (in /root/rboxc/target/gawk-source-ownership-candidate/release/rboxc)
==723598==    by 0x473EBC1: rboxc_gawk_make_str_node (in /root/rboxc/target/gawk-source-ownership-candidate/release/rboxc)
==723598==    by 0x473130C: api_set_array_element (in /root/rboxc/target/gawk-source-ownership-candidate/release/rboxc)
==723598==    by 0x5888345: do_get_file.part.0 (testext.c:1021)
==723598==    by 0x58887E4: do_get_file (testext.c:987)
==723598==    by 0x472556E: rboxc_gawk_r_interpret (in /root/rboxc/target/gawk-source-ownership-candidate/release/rboxc)
==723598==    by 0x449B883: single_binary_main_gawk (in /root/rboxc/target/gawk-source-ownership-candidate/release/rboxc)
==723598==    by 0x5A17600: (below main) (libc_start_call_main.h:59)
==723598== 
==723598== 88 bytes in 1 blocks are still reachable in loss record 209 of 274
==723598==    at 0x586D858: malloc (vg_replace_malloc.c:447)
==723598==    by 0x473E7EB: rboxc_gawk_r_getblock (in /root/rboxc/target/gawk-source-ownership-candidate/release/rboxc)
==723598==    by 0x473EBC1: rboxc_gawk_make_str_node (in /root/rboxc/target/gawk-source-ownership-candidate/release/rboxc)
==723598==    by 0x4735AAF: in_PROCINFO (in /root/rboxc/target/gawk-source-ownership-candidate/release/rboxc)
==723598==    by 0x473699F: get_a_record (in /root/rboxc/target/gawk-source-ownership-candidate/release/rboxc)
==723598==    by 0x473B866: rboxc_gawk_do_getline_redir (in /root/rboxc/target/gawk-source-ownership-candidate/release/rboxc)
==723598==    by 0x4726086: rboxc_gawk_r_interpret (in /root/rboxc/target/gawk-source-ownership-candidate/release/rboxc)
==723598==    by 0x449B883: single_binary_main_gawk (in /root/rboxc/target/gawk-source-ownership-candidate/release/rboxc)
==723598==    by 0x5A17600: (below main) (libc_start_call_main.h:59)
==723598== 
==723598== 88 bytes in 1 blocks are still reachable in loss record 210 of 274
==723598==    at 0x586D858: malloc (vg_replace_malloc.c:447)
==723598==    by 0x473E7EB: rboxc_gawk_r_getblock (in /root/rboxc/target/gawk-source-ownership-candidate/release/rboxc)
==723598==    by 0x473EBC1: rboxc_gawk_make_str_node (in /root/rboxc/target/gawk-source-ownership-candidate/release/rboxc)
==723598==    by 0x4737168: get_a_record (in /root/rboxc/target/gawk-source-ownership-candidate/release/rboxc)
==723598==    by 0x473B866: rboxc_gawk_do_getline_redir (in /root/rboxc/target/gawk-source-ownership-candidate/release/rboxc)
==723598==    by 0x4726086: rboxc_gawk_r_interpret (in /root/rboxc/target/gawk-source-ownership-candidate/release/rboxc)
==723598==    by 0x449B883: single_binary_main_gawk (in /root/rboxc/target/gawk-source-ownership-candidate/release/rboxc)
==723598==    by 0x5A17600: (below main) (libc_start_call_main.h:59)
==723598== 
==723598== 88 bytes in 1 blocks are still reachable in loss record 211 of 274
==723598==    at 0x586D858: malloc (vg_replace_malloc.c:447)
==723598==    by 0x473E7EB: rboxc_gawk_r_getblock (in /root/rboxc/target/gawk-source-ownership-candidate/release/rboxc)
==723598==    by 0x473EBC1: rboxc_gawk_make_str_node (in /root/rboxc/target/gawk-source-ownership-candidate/release/rboxc)
==723598==    by 0x473B8C8: rboxc_gawk_do_getline_redir (in /root/rboxc/target/gawk-source-ownership-candidate/release/rboxc)
==723598==    by 0x4726086: rboxc_gawk_r_interpret (in /root/rboxc/target/gawk-source-ownership-candidate/release/rboxc)
==723598==    by 0x449B883: single_binary_main_gawk (in /root/rboxc/target/gawk-source-ownership-candidate/release/rboxc)
==723598==    by 0x5A17600: (below main) (libc_start_call_main.h:59)
==723598== 
==723598== 88 bytes in 1 blocks are still reachable in loss record 212 of 274
==723598==    at 0x586D858: malloc (vg_replace_malloc.c:447)
==723598==    by 0x473E7EB: rboxc_gawk_r_getblock (in /root/rboxc/target/gawk-source-ownership-candidate/release/rboxc)
==723598==    by 0x473EBC1: rboxc_gawk_make_str_node (in /root/rboxc/target/gawk-source-ownership-candidate/release/rboxc)
==723598==    by 0x472E784: rboxc_gawk_update_PROCINFO_num (in /root/rboxc/target/gawk-source-ownership-candidate/release/rboxc)
==723598==    by 0x471D6B3: rboxc_gawk_update_ERRNO_int (in /root/rboxc/target/gawk-source-ownership-candidate/release/rboxc)
==723598==    by 0x4738028: rboxc_gawk_nextfile (in /root/rboxc/target/gawk-source-ownership-candidate/release/rboxc)
==723598==    by 0x472EEF1: api_get_file (in /root/rboxc/target/gawk-source-ownership-candidate/release/rboxc)
==723598==    by 0x5888120: do_get_file.part.0 (testext.c:1010)
==723598==    by 0x58887E4: do_get_file (testext.c:987)
==723598==    by 0x472556E: rboxc_gawk_r_interpret (in /root/rboxc/target/gawk-source-ownership-candidate/release/rboxc)
==723598==    by 0x449B883: single_binary_main_gawk (in /root/rboxc/target/gawk-source-ownership-candidate/release/rboxc)
==723598==    by 0x5A17600: (below main) (libc_start_call_main.h:59)
==723598== 
==723598== 88 bytes in 1 blocks are still reachable in loss record 213 of 274
==723598==    at 0x586D858: malloc (vg_replace_malloc.c:447)
==723598==    by 0x473E7EB: rboxc_gawk_r_getblock (in /root/rboxc/target/gawk-source-ownership-candidate/release/rboxc)
==723598==    by 0x473F130: r_make_number (in /root/rboxc/target/gawk-source-ownership-candidate/release/rboxc)
==723598==    by 0x472E793: rboxc_gawk_update_PROCINFO_num (in /root/rboxc/target/gawk-source-ownership-candidate/release/rboxc)
==723598==    by 0x471D6B3: rboxc_gawk_update_ERRNO_int (in /root/rboxc/target/gawk-source-ownership-candidate/release/rboxc)
==723598==    by 0x4738028: rboxc_gawk_nextfile (in /root/rboxc/target/gawk-source-ownership-candidate/release/rboxc)
==723598==    by 0x472EEF1: api_get_file (in /root/rboxc/target/gawk-source-ownership-candidate/release/rboxc)
==723598==    by 0x5888120: do_get_file.part.0 (testext.c:1010)
==723598==    by 0x58887E4: do_get_file (testext.c:987)
==723598==    by 0x472556E: rboxc_gawk_r_interpret (in /root/rboxc/target/gawk-source-ownership-candidate/release/rboxc)
==723598==    by 0x449B883: single_binary_main_gawk (in /root/rboxc/target/gawk-source-ownership-candidate/release/rboxc)
==723598==    by 0x5A17600: (below main) (libc_start_call_main.h:59)
==723598== 
==723598== 88 bytes in 1 blocks are still reachable in loss record 214 of 274
==723598==    at 0x586D858: malloc (vg_replace_malloc.c:447)
==723598==    by 0x473E7EB: rboxc_gawk_r_getblock (in /root/rboxc/target/gawk-source-ownership-candidate/release/rboxc)
==723598==    by 0x473EBC1: rboxc_gawk_make_str_node (in /root/rboxc/target/gawk-source-ownership-candidate/release/rboxc)
==723598==    by 0x471D6FB: rboxc_gawk_update_ERRNO_int (in /root/rboxc/target/gawk-source-ownership-candidate/release/rboxc)
==723598==    by 0x4738028: rboxc_gawk_nextfile (in /root/rboxc/target/gawk-source-ownership-candidate/release/rboxc)
==723598==    by 0x472EEF1: api_get_file (in /root/rboxc/target/gawk-source-ownership-candidate/release/rboxc)
==723598==    by 0x5888120: do_get_file.part.0 (testext.c:1010)
==723598==    by 0x58887E4: do_get_file (testext.c:987)
==723598==    by 0x472556E: rboxc_gawk_r_interpret (in /root/rboxc/target/gawk-source-ownership-candidate/release/rboxc)
==723598==    by 0x449B883: single_binary_main_gawk (in /root/rboxc/target/gawk-source-ownership-candidate/release/rboxc)
==723598==    by 0x5A17600: (below main) (libc_start_call_main.h:59)
==723598== 
==723598== 88 bytes in 1 blocks are still reachable in loss record 215 of 274
==723598==    at 0x586D858: malloc (vg_replace_malloc.c:447)
==723598==    by 0x473E7EB: rboxc_gawk_r_getblock (in /root/rboxc/target/gawk-source-ownership-candidate/release/rboxc)
==723598==    by 0x473EBC1: rboxc_gawk_make_str_node (in /root/rboxc/target/gawk-source-ownership-candidate/release/rboxc)
==723598==    by 0x4738065: rboxc_gawk_nextfile (in /root/rboxc/target/gawk-source-ownership-candidate/release/rboxc)
==723598==    by 0x472EEF1: api_get_file (in /root/rboxc/target/gawk-source-ownership-candidate/release/rboxc)
==723598==    by 0x5888120: do_get_file.part.0 (testext.c:1010)
==723598==    by 0x58887E4: do_get_file (testext.c:987)
==723598==    by 0x472556E: rboxc_gawk_r_interpret (in /root/rboxc/target/gawk-source-ownership-candidate/release/rboxc)
==723598==    by 0x449B883: single_binary_main_gawk (in /root/rboxc/target/gawk-source-ownership-candidate/release/rboxc)
==723598==    by 0x5A17600: (below main) (libc_start_call_main.h:59)
==723598== 
==723598== 88 bytes in 1 blocks are still reachable in loss record 216 of 274
==723598==    at 0x586D858: malloc (vg_replace_malloc.c:447)
==723598==    by 0x473E7EB: rboxc_gawk_r_getblock (in /root/rboxc/target/gawk-source-ownership-candidate/release/rboxc)
==723598==    by 0x472C1CF: rboxc_gawk_set_record (in /root/rboxc/target/gawk-source-ownership-candidate/release/rboxc)
==723598==    by 0x47375DF: rboxc_gawk_inrec (in /root/rboxc/target/gawk-source-ownership-candidate/release/rboxc)
==723598==    by 0x4724FFC: rboxc_gawk_r_interpret (in /root/rboxc/target/gawk-source-ownership-candidate/release/rboxc)
==723598==    by 0x449B883: single_binary_main_gawk (in /root/rboxc/target/gawk-source-ownership-candidate/release/rboxc)
==723598==    by 0x5A17600: (below main) (libc_start_call_main.h:59)
==723598== 
==723598== 104 bytes in 1 blocks are still reachable in loss record 217 of 274
==723598==    at 0x5874E43: calloc (vg_replace_malloc.c:1678)
==723598==    by 0x474B8D4: grow_table (in /root/rboxc/target/gawk-source-ownership-candidate/release/rboxc)
==723598==    by 0x474C4BC: str_lookup (in /root/rboxc/target/gawk-source-ownership-candidate/release/rboxc)
==723598==    by 0x474CC6C: install (in /root/rboxc/target/gawk-source-ownership-candidate/release/rboxc)
==723598==    by 0x474CF49: init_the_tables (in /root/rboxc/target/gawk-source-ownership-candidate/release/rboxc)
==723598==    by 0x44999D0: single_binary_main_gawk (in /root/rboxc/target/gawk-source-ownership-candidate/release/rboxc)
==723598==    by 0x5A17600: (below main) (libc_start_call_main.h:59)
==723598== 
==723598== 104 bytes in 1 blocks are still reachable in loss record 218 of 274
==723598==    at 0x5874E43: calloc (vg_replace_malloc.c:1678)
==723598==    by 0x474B8D4: grow_table (in /root/rboxc/target/gawk-source-ownership-candidate/release/rboxc)
==723598==    by 0x474C4BC: str_lookup (in /root/rboxc/target/gawk-source-ownership-candidate/release/rboxc)
==723598==    by 0x474CC6C: install (in /root/rboxc/target/gawk-source-ownership-candidate/release/rboxc)
==723598==    by 0x449A700: single_binary_main_gawk (in /root/rboxc/target/gawk-source-ownership-candidate/release/rboxc)
==723598==    by 0x5A17600: (below main) (libc_start_call_main.h:59)
==723598== 
==723598== 104 bytes in 1 blocks are still reachable in loss record 219 of 274
==723598==    at 0x5874E43: calloc (vg_replace_malloc.c:1678)
==723598==    by 0x474B8D4: grow_table (in /root/rboxc/target/gawk-source-ownership-candidate/release/rboxc)
==723598==    by 0x474C4BC: str_lookup (in /root/rboxc/target/gawk-source-ownership-candidate/release/rboxc)
==723598==    by 0x472B31E: update_PROCINFO_str.part.0 (in /root/rboxc/target/gawk-source-ownership-candidate/release/rboxc)
==723598==    by 0x449A942: single_binary_main_gawk (in /root/rboxc/target/gawk-source-ownership-candidate/release/rboxc)
==723598==    by 0x5A17600: (below main) (libc_start_call_main.h:59)
==723598== 
==723598== 104 bytes in 1 blocks are still reachable in loss record 220 of 274
==723598==    at 0x5874E43: calloc (vg_replace_malloc.c:1678)
==723598==    by 0x474B8D4: grow_table (in /root/rboxc/target/gawk-source-ownership-candidate/release/rboxc)
==723598==    by 0x474C4BC: str_lookup (in /root/rboxc/target/gawk-source-ownership-candidate/release/rboxc)
==723598==    by 0x449B1C6: single_binary_main_gawk (in /root/rboxc/target/gawk-source-ownership-candidate/release/rboxc)
==723598==    by 0x5A17600: (below main) (libc_start_call_main.h:59)
==723598== 
==723598== 104 bytes in 1 blocks are still reachable in loss record 221 of 274
==723598==    at 0x5874E43: calloc (vg_replace_malloc.c:1678)
==723598==    by 0x474B8D4: grow_table (in /root/rboxc/target/gawk-source-ownership-candidate/release/rboxc)
==723598==    by 0x474C4BC: str_lookup (in /root/rboxc/target/gawk-source-ownership-candidate/release/rboxc)
==723598==    by 0x474CC6C: install (in /root/rboxc/target/gawk-source-ownership-candidate/release/rboxc)
==723598==    by 0x4729857: rboxc_gawk_make_builtin (in /root/rboxc/target/gawk-source-ownership-candidate/release/rboxc)
==723598==    by 0x5888890: dl_load (testext.c:1223)
==723598==    by 0x4729302: rboxc_gawk_load_ext (in /root/rboxc/target/gawk-source-ownership-candidate/release/rboxc)
==723598==    by 0x449B29A: single_binary_main_gawk (in /root/rboxc/target/gawk-source-ownership-candidate/release/rboxc)
==723598==    by 0x5A17600: (below main) (libc_start_call_main.h:59)
==723598== 
==723598== 104 bytes in 1 blocks are still reachable in loss record 222 of 274
==723598==    at 0x5874E43: calloc (vg_replace_malloc.c:1678)
==723598==    by 0x474B8D4: grow_table (in /root/rboxc/target/gawk-source-ownership-candidate/release/rboxc)
==723598==    by 0x474C4BC: str_lookup (in /root/rboxc/target/gawk-source-ownership-candidate/release/rboxc)
==723598==    by 0x474DEC9: rboxc_gawk_load_symbols (in /root/rboxc/target/gawk-source-ownership-candidate/release/rboxc)
==723598==    by 0x449B7FC: single_binary_main_gawk (in /root/rboxc/target/gawk-source-ownership-candidate/release/rboxc)
==723598==    by 0x5A17600: (below main) (libc_start_call_main.h:59)
==723598== 
==723598== 104 bytes in 1 blocks are still reachable in loss record 223 of 274
==723598==    at 0x5874E43: calloc (vg_replace_malloc.c:1678)
==723598==    by 0x474B8D4: grow_table (in /root/rboxc/target/gawk-source-ownership-candidate/release/rboxc)
==723598==    by 0x474C4BC: str_lookup (in /root/rboxc/target/gawk-source-ownership-candidate/release/rboxc)
==723598==    by 0x473132D: api_set_array_element (in /root/rboxc/target/gawk-source-ownership-candidate/release/rboxc)
==723598==    by 0x5888208: do_get_file.part.0 (testext.c:1017)
==723598==    by 0x58887E4: do_get_file (testext.c:987)
==723598==    by 0x472556E: rboxc_gawk_r_interpret (in /root/rboxc/target/gawk-source-ownership-candidate/release/rboxc)
==723598==    by 0x449B883: single_binary_main_gawk (in /root/rboxc/target/gawk-source-ownership-candidate/release/rboxc)
==723598==    by 0x5A17600: (below main) (libc_start_call_main.h:59)
==723598== 
==723598== 136 bytes in 1 blocks are still reachable in loss record 224 of 274
==723598==    at 0x5874E43: calloc (vg_replace_malloc.c:1678)
==723598==    by 0x4749D5C: rboxc_gawk_make_regexp (in /root/rboxc/target/gawk-source-ownership-candidate/release/rboxc)
==723598==    by 0x46EEE8B: rboxc_gawk_make_regnode (in /root/rboxc/target/gawk-source-ownership-candidate/release/rboxc)
==723598==    by 0x46F3236: rboxc_gawk_yyparse (in /root/rboxc/target/gawk-source-ownership-candidate/release/rboxc)
==723598==    by 0x46F5FDA: rboxc_gawk_parse_program (in /root/rboxc/target/gawk-source-ownership-candidate/release/rboxc)
==723598==    by 0x449B724: single_binary_main_gawk (in /root/rboxc/target/gawk-source-ownership-candidate/release/rboxc)
==723598==    by 0x5A17600: (below main) (libc_start_call_main.h:59)
==723598== 
==723598== 144 bytes in 1 blocks are still reachable in loss record 225 of 274
==723598==    at 0x5874E43: calloc (vg_replace_malloc.c:1678)
==723598==    by 0x503A2BD: calloc (rtld-malloc.h:44)
==723598==    by 0x503A2BD: _dl_check_map_versions (dl-version.c:280)
==723598==    by 0x503110C: dl_open_worker_begin (dl-open.c:617)
==723598==    by 0x5024512: _dl_catch_exception (dl-catch.c:241)
==723598==    by 0x503020B: dl_open_worker (dl-open.c:762)
==723598==    by 0x5024512: _dl_catch_exception (dl-catch.c:241)
==723598==    by 0x5030749: _dl_open (dl-open.c:900)
==723598==    by 0x5A8CEA3: dlopen_doit (dlopen.c:56)
==723598==    by 0x5024512: _dl_catch_exception (dl-catch.c:241)
==723598==    by 0x5024658: _dl_catch_error (dl-catch.c:260)
==723598==    by 0x5A8C992: _dlerror_run (dlerror.c:138)
==723598==    by 0x5A8CF5A: dlopen_implementation (dlopen.c:71)
==723598==    by 0x5A8CF5A: dlopen@@GLIBC_2.34 (dlopen.c:81)
==723598== 
==723598== 151 bytes in 24 blocks are still reachable in loss record 226 of 274
==723598==    at 0x586D858: malloc (vg_replace_malloc.c:447)
==723598==    by 0x449A66C: single_binary_main_gawk (in /root/rboxc/target/gawk-source-ownership-candidate/release/rboxc)
==723598==    by 0x5A17600: (below main) (libc_start_call_main.h:59)
==723598== 
==723598== 151 bytes in 24 blocks are still reachable in loss record 227 of 274
==723598==    at 0x586D858: malloc (vg_replace_malloc.c:447)
==723598==    by 0x473EC57: rboxc_gawk_make_str_node (in /root/rboxc/target/gawk-source-ownership-candidate/release/rboxc)
==723598==    by 0x474CC35: install (in /root/rboxc/target/gawk-source-ownership-candidate/release/rboxc)
==723598==    by 0x449A700: single_binary_main_gawk (in /root/rboxc/target/gawk-source-ownership-candidate/release/rboxc)
==723598==    by 0x5A17600: (below main) (libc_start_call_main.h:59)
==723598== 
==723598== 156 bytes in 16 blocks are still reachable in loss record 228 of 274
==723598==    at 0x586D858: malloc (vg_replace_malloc.c:447)
==723598==    by 0x473EC57: rboxc_gawk_make_str_node (in /root/rboxc/target/gawk-source-ownership-candidate/release/rboxc)
==723598==    by 0x46F0A34: yylex (in /root/rboxc/target/gawk-source-ownership-candidate/release/rboxc)
==723598==    by 0x46F20DC: rboxc_gawk_yyparse (in /root/rboxc/target/gawk-source-ownership-candidate/release/rboxc)
==723598==    by 0x46F5FDA: rboxc_gawk_parse_program (in /root/rboxc/target/gawk-source-ownership-candidate/release/rboxc)
==723598==    by 0x449B724: single_binary_main_gawk (in /root/rboxc/target/gawk-source-ownership-candidate/release/rboxc)
==723598==    by 0x5A17600: (below main) (libc_start_call_main.h:59)
==723598== 
==723598== 158 bytes in 1 blocks are still reachable in loss record 229 of 274
==723598==    at 0x587507F: realloc (vg_replace_malloc.c:1804)
==723598==    by 0x502FE8E: realloc (rtld-malloc.h:62)
==723598==    by 0x502FE8E: _dl_new_object (dl-object.c:218)
==723598==    by 0x502AEA0: _dl_map_object_from_fd (dl-load.c:1065)
==723598==    by 0x502C989: _dl_map_new_object (dl-load.c:2206)
==723598==    by 0x5031460: dl_open_worker_begin (dl-open.c:535)
==723598==    by 0x5024512: _dl_catch_exception (dl-catch.c:241)
==723598==    by 0x503020B: dl_open_worker (dl-open.c:762)
==723598==    by 0x5024512: _dl_catch_exception (dl-catch.c:241)
==723598==    by 0x5030749: _dl_open (dl-open.c:900)
==723598==    by 0x5A8CEA3: dlopen_doit (dlopen.c:56)
==723598==    by 0x5024512: _dl_catch_exception (dl-catch.c:241)
==723598==    by 0x5024658: _dl_catch_error (dl-catch.c:260)
==723598== 
==723598== 192 bytes in 1 blocks are still reachable in loss record 230 of 274
==723598==    at 0x586D858: malloc (vg_replace_malloc.c:447)
==723598==    by 0x475C9DE: compile.constprop.0 (in /root/rboxc/target/gawk-source-ownership-candidate/release/rboxc)
==723598==    by 0x475F938: rboxc_gawk_minrx_regncomp (in /root/rboxc/target/gawk-source-ownership-candidate/release/rboxc)
==723598==    by 0x4749DBD: rboxc_gawk_make_regexp (in /root/rboxc/target/gawk-source-ownership-candidate/release/rboxc)
==723598==    by 0x46EEE8B: rboxc_gawk_make_regnode (in /root/rboxc/target/gawk-source-ownership-candidate/release/rboxc)
==723598==    by 0x46F3236: rboxc_gawk_yyparse (in /root/rboxc/target/gawk-source-ownership-candidate/release/rboxc)
==723598==    by 0x46F5FDA: rboxc_gawk_parse_program (in /root/rboxc/target/gawk-source-ownership-candidate/release/rboxc)
==723598==    by 0x449B724: single_binary_main_gawk (in /root/rboxc/target/gawk-source-ownership-candidate/release/rboxc)
==723598==    by 0x5A17600: (below main) (libc_start_call_main.h:59)
==723598== 
==723598== 192 bytes in 4 blocks are still reachable in loss record 231 of 274
==723598==    at 0x586D858: malloc (vg_replace_malloc.c:447)
==723598==    by 0x473E7EB: rboxc_gawk_r_getblock (in /root/rboxc/target/gawk-source-ownership-candidate/release/rboxc)
==723598==    by 0x474C459: str_lookup (in /root/rboxc/target/gawk-source-ownership-candidate/release/rboxc)
==723598==    by 0x474CC6C: install (in /root/rboxc/target/gawk-source-ownership-candidate/release/rboxc)
==723598==    by 0x46F2303: rboxc_gawk_yyparse (in /root/rboxc/target/gawk-source-ownership-candidate/release/rboxc)
==723598==    by 0x46F5FDA: rboxc_gawk_parse_program (in /root/rboxc/target/gawk-source-ownership-candidate/release/rboxc)
==723598==    by 0x449B724: single_binary_main_gawk (in /root/rboxc/target/gawk-source-ownership-candidate/release/rboxc)
==723598==    by 0x5A17600: (below main) (libc_start_call_main.h:59)
==723598== 
==723598== 205 bytes in 24 blocks are still reachable in loss record 232 of 274
==723598==    at 0x586D858: malloc (vg_replace_malloc.c:447)
==723598==    by 0x473EC57: rboxc_gawk_make_str_node (in /root/rboxc/target/gawk-source-ownership-candidate/release/rboxc)
==723598==    by 0x449B18C: single_binary_main_gawk (in /root/rboxc/target/gawk-source-ownership-candidate/release/rboxc)
==723598==    by 0x5A17600: (below main) (libc_start_call_main.h:59)
==723598== 
==723598== 231 bytes in 15 blocks are still reachable in loss record 233 of 274
==723598==    at 0x586D858: malloc (vg_replace_malloc.c:447)
==723598==    by 0x4497860: rboxc_gawk_estrdup (in /root/rboxc/target/gawk-source-ownership-candidate/release/rboxc)
==723598==    by 0x47296FE: rboxc_gawk_make_builtin (in /root/rboxc/target/gawk-source-ownership-candidate/release/rboxc)
==723598==    by 0x5888890: dl_load (testext.c:1223)
==723598==    by 0x4729302: rboxc_gawk_load_ext (in /root/rboxc/target/gawk-source-ownership-candidate/release/rboxc)
==723598==    by 0x449B29A: single_binary_main_gawk (in /root/rboxc/target/gawk-source-ownership-candidate/release/rboxc)
==723598==    by 0x5A17600: (below main) (libc_start_call_main.h:59)
==723598== 
==723598== 231 bytes in 15 blocks are still reachable in loss record 234 of 274
==723598==    at 0x586D858: malloc (vg_replace_malloc.c:447)
==723598==    by 0x473EC57: rboxc_gawk_make_str_node (in /root/rboxc/target/gawk-source-ownership-candidate/release/rboxc)
==723598==    by 0x474CC35: install (in /root/rboxc/target/gawk-source-ownership-candidate/release/rboxc)
==723598==    by 0x4729857: rboxc_gawk_make_builtin (in /root/rboxc/target/gawk-source-ownership-candidate/release/rboxc)
==723598==    by 0x5888890: dl_load (testext.c:1223)
==723598==    by 0x4729302: rboxc_gawk_load_ext (in /root/rboxc/target/gawk-source-ownership-candidate/release/rboxc)
==723598==    by 0x449B29A: single_binary_main_gawk (in /root/rboxc/target/gawk-source-ownership-candidate/release/rboxc)
==723598==    by 0x5A17600: (below main) (libc_start_call_main.h:59)
==723598== 
==723598== 256 bytes in 1 blocks are still reachable in loss record 235 of 274
==723598==    at 0x5874E43: calloc (vg_replace_malloc.c:1678)
==723598==    by 0x470A532: cint_lookup (in /root/rboxc/target/gawk-source-ownership-candidate/release/rboxc)
==723598==    by 0x44911A2: rboxc::applet_gawk::assoc_set (in /root/rboxc/target/gawk-source-ownership-candidate/release/rboxc)
==723598==    by 0x449B5E2: single_binary_main_gawk (in /root/rboxc/target/gawk-source-ownership-candidate/release/rboxc)
==723598==    by 0x5A17600: (below main) (libc_start_call_main.h:59)
==723598== 
==723598== 256 bytes in 1 blocks are still reachable in loss record 236 of 274
==723598==    at 0x5874E43: calloc (vg_replace_malloc.c:1678)
==723598==    by 0x4709F37: tree_lookup (in /root/rboxc/target/gawk-source-ownership-candidate/release/rboxc)
==723598==    by 0x44911A2: rboxc::applet_gawk::assoc_set (in /root/rboxc/target/gawk-source-ownership-candidate/release/rboxc)
==723598==    by 0x449B5E2: single_binary_main_gawk (in /root/rboxc/target/gawk-source-ownership-candidate/release/rboxc)
==723598==    by 0x5A17600: (below main) (libc_start_call_main.h:59)
==723598== 
==723598== 256 bytes in 1 blocks are still reachable in loss record 237 of 274
==723598==    at 0x5874E43: calloc (vg_replace_malloc.c:1678)
==723598==    by 0x470A160: tree_lookup (in /root/rboxc/target/gawk-source-ownership-candidate/release/rboxc)
==723598==    by 0x44911A2: rboxc::applet_gawk::assoc_set (in /root/rboxc/target/gawk-source-ownership-candidate/release/rboxc)
==723598==    by 0x449B5E2: single_binary_main_gawk (in /root/rboxc/target/gawk-source-ownership-candidate/release/rboxc)
==723598==    by 0x5A17600: (below main) (libc_start_call_main.h:59)
==723598== 
==723598== 256 bytes in 1 blocks are still reachable in loss record 238 of 274
==723598==    at 0x5874E43: calloc (vg_replace_malloc.c:1678)
==723598==    by 0x470A532: cint_lookup (in /root/rboxc/target/gawk-source-ownership-candidate/release/rboxc)
==723598==    by 0x44911A2: rboxc::applet_gawk::assoc_set (in /root/rboxc/target/gawk-source-ownership-candidate/release/rboxc)
==723598==    by 0x449B42B: single_binary_main_gawk (in /root/rboxc/target/gawk-source-ownership-candidate/release/rboxc)
==723598==    by 0x5A17600: (below main) (libc_start_call_main.h:59)
==723598== 
==723598== 256 bytes in 1 blocks are still reachable in loss record 239 of 274
==723598==    at 0x5874E43: calloc (vg_replace_malloc.c:1678)
==723598==    by 0x4709F37: tree_lookup (in /root/rboxc/target/gawk-source-ownership-candidate/release/rboxc)
==723598==    by 0x44911A2: rboxc::applet_gawk::assoc_set (in /root/rboxc/target/gawk-source-ownership-candidate/release/rboxc)
==723598==    by 0x449B42B: single_binary_main_gawk (in /root/rboxc/target/gawk-source-ownership-candidate/release/rboxc)
==723598==    by 0x5A17600: (below main) (libc_start_call_main.h:59)
==723598== 
==723598== 256 bytes in 1 blocks are still reachable in loss record 240 of 274
==723598==    at 0x5874E43: calloc (vg_replace_malloc.c:1678)
==723598==    by 0x470A160: tree_lookup (in /root/rboxc/target/gawk-source-ownership-candidate/release/rboxc)
==723598==    by 0x44911A2: rboxc::applet_gawk::assoc_set (in /root/rboxc/target/gawk-source-ownership-candidate/release/rboxc)
==723598==    by 0x449B42B: single_binary_main_gawk (in /root/rboxc/target/gawk-source-ownership-candidate/release/rboxc)
==723598==    by 0x5A17600: (below main) (libc_start_call_main.h:59)
==723598== 
==723598== 278 bytes in 42 blocks are still reachable in loss record 241 of 274
==723598==    at 0x586D858: malloc (vg_replace_malloc.c:447)
==723598==    by 0x473EC57: rboxc_gawk_make_str_node (in /root/rboxc/target/gawk-source-ownership-candidate/release/rboxc)
==723598==    by 0x474CC35: install (in /root/rboxc/target/gawk-source-ownership-candidate/release/rboxc)
==723598==    by 0x46EF0CE: rboxc_gawk_install_builtins (in /root/rboxc/target/gawk-source-ownership-candidate/release/rboxc)
==723598==    by 0x449B78E: single_binary_main_gawk (in /root/rboxc/target/gawk-source-ownership-candidate/release/rboxc)
==723598==    by 0x5A17600: (below main) (libc_start_call_main.h:59)
==723598== 
==723598== 296 bytes in 1 blocks are still reachable in loss record 242 of 274
==723598==    at 0x5874E43: calloc (vg_replace_malloc.c:1678)
==723598==    by 0x46EA286: do_add_srcfile (in /root/rboxc/target/gawk-source-ownership-candidate/release/rboxc)
==723598==    by 0x46EE310: rboxc_gawk_add_srcfile (in /root/rboxc/target/gawk-source-ownership-candidate/release/rboxc)
==723598==    by 0x4499F08: single_binary_main_gawk (in /root/rboxc/target/gawk-source-ownership-candidate/release/rboxc)
==723598==    by 0x5A17600: (below main) (libc_start_call_main.h:59)
==723598== 
==723598== 296 bytes in 1 blocks are still reachable in loss record 243 of 274
==723598==    at 0x5874E43: calloc (vg_replace_malloc.c:1678)
==723598==    by 0x46EA286: do_add_srcfile (in /root/rboxc/target/gawk-source-ownership-candidate/release/rboxc)
==723598==    by 0x46EE310: rboxc_gawk_add_srcfile (in /root/rboxc/target/gawk-source-ownership-candidate/release/rboxc)
==723598==    by 0x4499DB9: single_binary_main_gawk (in /root/rboxc/target/gawk-source-ownership-candidate/release/rboxc)
==723598==    by 0x5A17600: (below main) (libc_start_call_main.h:59)
==723598== 
==723598== 352 bytes in 1 blocks are still reachable in loss record 244 of 274
==723598==    at 0x586D858: malloc (vg_replace_malloc.c:447)
==723598==    by 0x475C7ED: compile.constprop.0 (in /root/rboxc/target/gawk-source-ownership-candidate/release/rboxc)
==723598==    by 0x475F938: rboxc_gawk_minrx_regncomp (in /root/rboxc/target/gawk-source-ownership-candidate/release/rboxc)
==723598==    by 0x4749DBD: rboxc_gawk_make_regexp (in /root/rboxc/target/gawk-source-ownership-candidate/release/rboxc)
==723598==    by 0x46EEE8B: rboxc_gawk_make_regnode (in /root/rboxc/target/gawk-source-ownership-candidate/release/rboxc)
==723598==    by 0x46F3236: rboxc_gawk_yyparse (in /root/rboxc/target/gawk-source-ownership-candidate/release/rboxc)
==723598==    by 0x46F5FDA: rboxc_gawk_parse_program (in /root/rboxc/target/gawk-source-ownership-candidate/release/rboxc)
==723598==    by 0x449B724: single_binary_main_gawk (in /root/rboxc/target/gawk-source-ownership-candidate/release/rboxc)
==723598==    by 0x5A17600: (below main) (libc_start_call_main.h:59)
==723598== 
==723598== 352 bytes in 4 blocks are still reachable in loss record 245 of 274
==723598==    at 0x586D858: malloc (vg_replace_malloc.c:447)
==723598==    by 0x473E7EB: rboxc_gawk_r_getblock (in /root/rboxc/target/gawk-source-ownership-candidate/release/rboxc)
==723598==    by 0x473F130: r_make_number (in /root/rboxc/target/gawk-source-ownership-candidate/release/rboxc)
==723598==    by 0x46EFB0C: yylex (in /root/rboxc/target/gawk-source-ownership-candidate/release/rboxc)
==723598==    by 0x46F20DC: rboxc_gawk_yyparse (in /root/rboxc/target/gawk-source-ownership-candidate/release/rboxc)
==723598==    by 0x46F5FDA: rboxc_gawk_parse_program (in /root/rboxc/target/gawk-source-ownership-candidate/release/rboxc)
==723598==    by 0x449B724: single_binary_main_gawk (in /root/rboxc/target/gawk-source-ownership-candidate/release/rboxc)
==723598==    by 0x5A17600: (below main) (libc_start_call_main.h:59)
==723598== 
==723598== 352 bytes in 4 blocks are still reachable in loss record 246 of 274
==723598==    at 0x586D858: malloc (vg_replace_malloc.c:447)
==723598==    by 0x473E7EB: rboxc_gawk_r_getblock (in /root/rboxc/target/gawk-source-ownership-candidate/release/rboxc)
==723598==    by 0x473EBC1: rboxc_gawk_make_str_node (in /root/rboxc/target/gawk-source-ownership-candidate/release/rboxc)
==723598==    by 0x474CC35: install (in /root/rboxc/target/gawk-source-ownership-candidate/release/rboxc)
==723598==    by 0x46F2303: rboxc_gawk_yyparse (in /root/rboxc/target/gawk-source-ownership-candidate/release/rboxc)
==723598==    by 0x46F5FDA: rboxc_gawk_parse_program (in /root/rboxc/target/gawk-source-ownership-candidate/release/rboxc)
==723598==    by 0x449B724: single_binary_main_gawk (in /root/rboxc/target/gawk-source-ownership-candidate/release/rboxc)
==723598==    by 0x5A17600: (below main) (libc_start_call_main.h:59)
==723598== 
==723598== 352 bytes in 4 blocks are still reachable in loss record 247 of 274
==723598==    at 0x586D858: malloc (vg_replace_malloc.c:447)
==723598==    by 0x473E7EB: rboxc_gawk_r_getblock (in /root/rboxc/target/gawk-source-ownership-candidate/release/rboxc)
==723598==    by 0x474CD13: install (in /root/rboxc/target/gawk-source-ownership-candidate/release/rboxc)
==723598==    by 0x46F2303: rboxc_gawk_yyparse (in /root/rboxc/target/gawk-source-ownership-candidate/release/rboxc)
==723598==    by 0x46F5FDA: rboxc_gawk_parse_program (in /root/rboxc/target/gawk-source-ownership-candidate/release/rboxc)
==723598==    by 0x449B724: single_binary_main_gawk (in /root/rboxc/target/gawk-source-ownership-candidate/release/rboxc)
==723598==    by 0x5A17600: (below main) (libc_start_call_main.h:59)
==723598== 
==723598== 512 bytes in 1 blocks are still reachable in loss record 248 of 274
==723598==    at 0x5874E43: calloc (vg_replace_malloc.c:1678)
==723598==    by 0x472C36E: rboxc_gawk_set_record (in /root/rboxc/target/gawk-source-ownership-candidate/release/rboxc)
==723598==    by 0x4726CA4: rboxc_gawk_r_interpret (in /root/rboxc/target/gawk-source-ownership-candidate/release/rboxc)
==723598==    by 0x472EFBC: api_get_file (in /root/rboxc/target/gawk-source-ownership-candidate/release/rboxc)
==723598==    by 0x5888120: do_get_file.part.0 (testext.c:1010)
==723598==    by 0x58887E4: do_get_file (testext.c:987)
==723598==    by 0x472556E: rboxc_gawk_r_interpret (in /root/rboxc/target/gawk-source-ownership-candidate/release/rboxc)
==723598==    by 0x449B883: single_binary_main_gawk (in /root/rboxc/target/gawk-source-ownership-candidate/release/rboxc)
==723598==    by 0x5A17600: (below main) (libc_start_call_main.h:59)
==723598== 
==723598== 528 bytes in 6 blocks are still reachable in loss record 249 of 274
==723598==    at 0x586D858: malloc (vg_replace_malloc.c:447)
==723598==    by 0x473E7EB: rboxc_gawk_r_getblock (in /root/rboxc/target/gawk-source-ownership-candidate/release/rboxc)
==723598==    by 0x473EBC1: rboxc_gawk_make_str_node (in /root/rboxc/target/gawk-source-ownership-candidate/release/rboxc)
==723598==    by 0x449B5D4: single_binary_main_gawk (in /root/rboxc/target/gawk-source-ownership-candidate/release/rboxc)
==723598==    by 0x5A17600: (below main) (libc_start_call_main.h:59)
==723598== 
==723598== 552 bytes in 1 blocks are still reachable in loss record 250 of 274
==723598==    at 0x5874E43: calloc (vg_replace_malloc.c:1678)
==723598==    by 0x474E556: rboxc_gawk_new_context (in /root/rboxc/target/gawk-source-ownership-candidate/release/rboxc)
==723598==    by 0x44999EA: single_binary_main_gawk (in /root/rboxc/target/gawk-source-ownership-candidate/release/rboxc)
==723598==    by 0x5A17600: (below main) (libc_start_call_main.h:59)
==723598== 
==723598== 720 bytes in 15 blocks are still reachable in loss record 251 of 274
==723598==    at 0x586D858: malloc (vg_replace_malloc.c:447)
==723598==    by 0x473E7EB: rboxc_gawk_r_getblock (in /root/rboxc/target/gawk-source-ownership-candidate/release/rboxc)
==723598==    by 0x474C459: str_lookup (in /root/rboxc/target/gawk-source-ownership-candidate/release/rboxc)
==723598==    by 0x474CC6C: install (in /root/rboxc/target/gawk-source-ownership-candidate/release/rboxc)
==723598==    by 0x4729857: rboxc_gawk_make_builtin (in /root/rboxc/target/gawk-source-ownership-candidate/release/rboxc)
==723598==    by 0x5888890: dl_load (testext.c:1223)
==723598==    by 0x4729302: rboxc_gawk_load_ext (in /root/rboxc/target/gawk-source-ownership-candidate/release/rboxc)
==723598==    by 0x449B29A: single_binary_main_gawk (in /root/rboxc/target/gawk-source-ownership-candidate/release/rboxc)
==723598==    by 0x5A17600: (below main) (libc_start_call_main.h:59)
==723598== 
==723598== 738 bytes in 93 blocks are still reachable in loss record 252 of 274
==723598==    at 0x586D858: malloc (vg_replace_malloc.c:447)
==723598==    by 0x473EC57: rboxc_gawk_make_str_node (in /root/rboxc/target/gawk-source-ownership-candidate/release/rboxc)
==723598==    by 0x474E074: rboxc_gawk_load_symbols (in /root/rboxc/target/gawk-source-ownership-candidate/release/rboxc)
==723598==    by 0x449B7FC: single_binary_main_gawk (in /root/rboxc/target/gawk-source-ownership-candidate/release/rboxc)
==723598==    by 0x5A17600: (below main) (libc_start_call_main.h:59)
==723598== 
==723598== 792 bytes in 9 blocks are still reachable in loss record 253 of 274
==723598==    at 0x586D858: malloc (vg_replace_malloc.c:447)
==723598==    by 0x473E7EB: rboxc_gawk_r_getblock (in /root/rboxc/target/gawk-source-ownership-candidate/release/rboxc)
==723598==    by 0x473F130: r_make_number (in /root/rboxc/target/gawk-source-ownership-candidate/release/rboxc)
==723598==    by 0x449A743: single_binary_main_gawk (in /root/rboxc/target/gawk-source-ownership-candidate/release/rboxc)
==723598==    by 0x5A17600: (below main) (libc_start_call_main.h:59)
==723598== 
==723598== 860 bytes in 24 blocks are still reachable in loss record 254 of 274
==723598==    at 0x586D858: malloc (vg_replace_malloc.c:447)
==723598==    by 0x473EC57: rboxc_gawk_make_str_node (in /root/rboxc/target/gawk-source-ownership-candidate/release/rboxc)
==723598==    by 0x449B1A0: single_binary_main_gawk (in /root/rboxc/target/gawk-source-ownership-candidate/release/rboxc)
==723598==    by 0x5A17600: (below main) (libc_start_call_main.h:59)
==723598== 
==723598== 968 bytes in 11 blocks are still reachable in loss record 255 of 274
==723598==    at 0x586D858: malloc (vg_replace_malloc.c:447)
==723598==    by 0x473E7EB: rboxc_gawk_r_getblock (in /root/rboxc/target/gawk-source-ownership-candidate/release/rboxc)
==723598==    by 0x473EBC1: rboxc_gawk_make_str_node (in /root/rboxc/target/gawk-source-ownership-candidate/release/rboxc)
==723598==    by 0x449A72A: single_binary_main_gawk (in /root/rboxc/target/gawk-source-ownership-candidate/release/rboxc)
==723598==    by 0x5A17600: (below main) (libc_start_call_main.h:59)
==723598== 
==723598== 1,152 bytes in 24 blocks are still reachable in loss record 256 of 274
==723598==    at 0x586D858: malloc (vg_replace_malloc.c:447)
==723598==    by 0x473E7EB: rboxc_gawk_r_getblock (in /root/rboxc/target/gawk-source-ownership-candidate/release/rboxc)
==723598==    by 0x474C459: str_lookup (in /root/rboxc/target/gawk-source-ownership-candidate/release/rboxc)
==723598==    by 0x474CC6C: install (in /root/rboxc/target/gawk-source-ownership-candidate/release/rboxc)
==723598==    by 0x449A700: single_binary_main_gawk (in /root/rboxc/target/gawk-source-ownership-candidate/release/rboxc)
==723598==    by 0x5A17600: (below main) (libc_start_call_main.h:59)
==723598== 
==723598== 1,152 bytes in 24 blocks are still reachable in loss record 257 of 274
==723598==    at 0x586D858: malloc (vg_replace_malloc.c:447)
==723598==    by 0x473E7EB: rboxc_gawk_r_getblock (in /root/rboxc/target/gawk-source-ownership-candidate/release/rboxc)
==723598==    by 0x474C459: str_lookup (in /root/rboxc/target/gawk-source-ownership-candidate/release/rboxc)
==723598==    by 0x449B1C6: single_binary_main_gawk (in /root/rboxc/target/gawk-source-ownership-candidate/release/rboxc)
==723598==    by 0x5A17600: (below main) (libc_start_call_main.h:59)
==723598== 
==723598== 1,270 bytes in 1 blocks are still reachable in loss record 258 of 274
==723598==    at 0x5874E43: calloc (vg_replace_malloc.c:1678)
==723598==    by 0x502FCAC: calloc (rtld-malloc.h:44)
==723598==    by 0x502FCAC: _dl_new_object (dl-object.c:92)
==723598==    by 0x502AEA0: _dl_map_object_from_fd (dl-load.c:1065)
==723598==    by 0x502C989: _dl_map_new_object (dl-load.c:2206)
==723598==    by 0x5031460: dl_open_worker_begin (dl-open.c:535)
==723598==    by 0x5024512: _dl_catch_exception (dl-catch.c:241)
==723598==    by 0x503020B: dl_open_worker (dl-open.c:762)
==723598==    by 0x5024512: _dl_catch_exception (dl-catch.c:241)
==723598==    by 0x5030749: _dl_open (dl-open.c:900)
==723598==    by 0x5A8CEA3: dlopen_doit (dlopen.c:56)
==723598==    by 0x5024512: _dl_catch_exception (dl-catch.c:241)
==723598==    by 0x5024658: _dl_catch_error (dl-catch.c:260)
==723598== 
==723598== 1,320 bytes in 15 blocks are still reachable in loss record 259 of 274
==723598==    at 0x586D858: malloc (vg_replace_malloc.c:447)
==723598==    by 0x473E7EB: rboxc_gawk_r_getblock (in /root/rboxc/target/gawk-source-ownership-candidate/release/rboxc)
==723598==    by 0x473EBC1: rboxc_gawk_make_str_node (in /root/rboxc/target/gawk-source-ownership-candidate/release/rboxc)
==723598==    by 0x474CC35: install (in /root/rboxc/target/gawk-source-ownership-candidate/release/rboxc)
==723598==    by 0x4729857: rboxc_gawk_make_builtin (in /root/rboxc/target/gawk-source-ownership-candidate/release/rboxc)
==723598==    by 0x5888890: dl_load (testext.c:1223)
==723598==    by 0x4729302: rboxc_gawk_load_ext (in /root/rboxc/target/gawk-source-ownership-candidate/release/rboxc)
==723598==    by 0x449B29A: single_binary_main_gawk (in /root/rboxc/target/gawk-source-ownership-candidate/release/rboxc)
==723598==    by 0x5A17600: (below main) (libc_start_call_main.h:59)
==723598== 
==723598== 1,320 bytes in 15 blocks are still reachable in loss record 260 of 274
==723598==    at 0x586D858: malloc (vg_replace_malloc.c:447)
==723598==    by 0x473E7EB: rboxc_gawk_r_getblock (in /root/rboxc/target/gawk-source-ownership-candidate/release/rboxc)
==723598==    by 0x474CDFE: install (in /root/rboxc/target/gawk-source-ownership-candidate/release/rboxc)
==723598==    by 0x4729857: rboxc_gawk_make_builtin (in /root/rboxc/target/gawk-source-ownership-candidate/release/rboxc)
==723598==    by 0x5888890: dl_load (testext.c:1223)
==723598==    by 0x4729302: rboxc_gawk_load_ext (in /root/rboxc/target/gawk-source-ownership-candidate/release/rboxc)
==723598==    by 0x449B29A: single_binary_main_gawk (in /root/rboxc/target/gawk-source-ownership-candidate/release/rboxc)
==723598==    by 0x5A17600: (below main) (libc_start_call_main.h:59)
==723598== 
==723598== 1,584 bytes in 18 blocks are still reachable in loss record 261 of 274
==723598==    at 0x586D858: malloc (vg_replace_malloc.c:447)
==723598==    by 0x473E7EB: rboxc_gawk_r_getblock (in /root/rboxc/target/gawk-source-ownership-candidate/release/rboxc)
==723598==    by 0x473EBC1: rboxc_gawk_make_str_node (in /root/rboxc/target/gawk-source-ownership-candidate/release/rboxc)
==723598==    by 0x46F0A34: yylex (in /root/rboxc/target/gawk-source-ownership-candidate/release/rboxc)
==723598==    by 0x46F20DC: rboxc_gawk_yyparse (in /root/rboxc/target/gawk-source-ownership-candidate/release/rboxc)
==723598==    by 0x46F5FDA: rboxc_gawk_parse_program (in /root/rboxc/target/gawk-source-ownership-candidate/release/rboxc)
==723598==    by 0x449B724: single_binary_main_gawk (in /root/rboxc/target/gawk-source-ownership-candidate/release/rboxc)
==723598==    by 0x5A17600: (below main) (libc_start_call_main.h:59)
==723598== 
==723598== 2,016 bytes in 42 blocks are still reachable in loss record 262 of 274
==723598==    at 0x586D858: malloc (vg_replace_malloc.c:447)
==723598==    by 0x473E7EB: rboxc_gawk_r_getblock (in /root/rboxc/target/gawk-source-ownership-candidate/release/rboxc)
==723598==    by 0x474C459: str_lookup (in /root/rboxc/target/gawk-source-ownership-candidate/release/rboxc)
==723598==    by 0x474CC6C: install (in /root/rboxc/target/gawk-source-ownership-candidate/release/rboxc)
==723598==    by 0x46EF0CE: rboxc_gawk_install_builtins (in /root/rboxc/target/gawk-source-ownership-candidate/release/rboxc)
==723598==    by 0x449B78E: single_binary_main_gawk (in /root/rboxc/target/gawk-source-ownership-candidate/release/rboxc)
==723598==    by 0x5A17600: (below main) (libc_start_call_main.h:59)
==723598== 
==723598== 2,048 bytes in 1 blocks are still reachable in loss record 263 of 274
==723598==    at 0x586D858: malloc (vg_replace_malloc.c:447)
==723598==    by 0x471ED59: rboxc_gawk_init_interpret (in /root/rboxc/target/gawk-source-ownership-candidate/release/rboxc)
==723598==    by 0x449B314: single_binary_main_gawk (in /root/rboxc/target/gawk-source-ownership-candidate/release/rboxc)
==723598==    by 0x5A17600: (below main) (libc_start_call_main.h:59)
==723598== 
==723598== 2,112 bytes in 24 blocks are still reachable in loss record 264 of 274
==723598==    at 0x586D858: malloc (vg_replace_malloc.c:447)
==723598==    by 0x473E7EB: rboxc_gawk_r_getblock (in /root/rboxc/target/gawk-source-ownership-candidate/release/rboxc)
==723598==    by 0x473EBC1: rboxc_gawk_make_str_node (in /root/rboxc/target/gawk-source-ownership-candidate/release/rboxc)
==723598==    by 0x474CC35: install (in /root/rboxc/target/gawk-source-ownership-candidate/release/rboxc)
==723598==    by 0x449A700: single_binary_main_gawk (in /root/rboxc/target/gawk-source-ownership-candidate/release/rboxc)
==723598==    by 0x5A17600: (below main) (libc_start_call_main.h:59)
==723598== 
==723598== 2,112 bytes in 24 blocks are still reachable in loss record 265 of 274
==723598==    at 0x586D858: malloc (vg_replace_malloc.c:447)
==723598==    by 0x473E7EB: rboxc_gawk_r_getblock (in /root/rboxc/target/gawk-source-ownership-candidate/release/rboxc)
==723598==    by 0x474CD13: install (in /root/rboxc/target/gawk-source-ownership-candidate/release/rboxc)
==723598==    by 0x449A700: single_binary_main_gawk (in /root/rboxc/target/gawk-source-ownership-candidate/release/rboxc)
==723598==    by 0x5A17600: (below main) (libc_start_call_main.h:59)
==723598== 
==723598== 2,112 bytes in 24 blocks are still reachable in loss record 266 of 274
==723598==    at 0x586D858: malloc (vg_replace_malloc.c:447)
==723598==    by 0x473E7EB: rboxc_gawk_r_getblock (in /root/rboxc/target/gawk-source-ownership-candidate/release/rboxc)
==723598==    by 0x473EBC1: rboxc_gawk_make_str_node (in /root/rboxc/target/gawk-source-ownership-candidate/release/rboxc)
==723598==    by 0x449B18C: single_binary_main_gawk (in /root/rboxc/target/gawk-source-ownership-candidate/release/rboxc)
==723598==    by 0x5A17600: (below main) (libc_start_call_main.h:59)
==723598== 
==723598== 2,112 bytes in 24 blocks are still reachable in loss record 267 of 274
==723598==    at 0x586D858: malloc (vg_replace_malloc.c:447)
==723598==    by 0x473E7EB: rboxc_gawk_r_getblock (in /root/rboxc/target/gawk-source-ownership-candidate/release/rboxc)
==723598==    by 0x473EBC1: rboxc_gawk_make_str_node (in /root/rboxc/target/gawk-source-ownership-candidate/release/rboxc)
==723598==    by 0x449B1A0: single_binary_main_gawk (in /root/rboxc/target/gawk-source-ownership-candidate/release/rboxc)
==723598==    by 0x5A17600: (below main) (libc_start_call_main.h:59)
==723598== 
==723598== 3,696 bytes in 42 blocks are still reachable in loss record 268 of 274
==723598==    at 0x586D858: malloc (vg_replace_malloc.c:447)
==723598==    by 0x473E7EB: rboxc_gawk_r_getblock (in /root/rboxc/target/gawk-source-ownership-candidate/release/rboxc)
==723598==    by 0x473EBC1: rboxc_gawk_make_str_node (in /root/rboxc/target/gawk-source-ownership-candidate/release/rboxc)
==723598==    by 0x474CC35: install (in /root/rboxc/target/gawk-source-ownership-candidate/release/rboxc)
==723598==    by 0x46EF0CE: rboxc_gawk_install_builtins (in /root/rboxc/target/gawk-source-ownership-candidate/release/rboxc)
==723598==    by 0x449B78E: single_binary_main_gawk (in /root/rboxc/target/gawk-source-ownership-candidate/release/rboxc)
==723598==    by 0x5A17600: (below main) (libc_start_call_main.h:59)
==723598== 
==723598== 3,696 bytes in 42 blocks are still reachable in loss record 269 of 274
==723598==    at 0x586D858: malloc (vg_replace_malloc.c:447)
==723598==    by 0x473E7EB: rboxc_gawk_r_getblock (in /root/rboxc/target/gawk-source-ownership-candidate/release/rboxc)
==723598==    by 0x474CDFE: install (in /root/rboxc/target/gawk-source-ownership-candidate/release/rboxc)
==723598==    by 0x46EF0CE: rboxc_gawk_install_builtins (in /root/rboxc/target/gawk-source-ownership-candidate/release/rboxc)
==723598==    by 0x449B78E: single_binary_main_gawk (in /root/rboxc/target/gawk-source-ownership-candidate/release/rboxc)
==723598==    by 0x5A17600: (below main) (libc_start_call_main.h:59)
==723598== 
==723598== 4,464 bytes in 93 blocks are still reachable in loss record 270 of 274
==723598==    at 0x586D858: malloc (vg_replace_malloc.c:447)
==723598==    by 0x473E7EB: rboxc_gawk_r_getblock (in /root/rboxc/target/gawk-source-ownership-candidate/release/rboxc)
==723598==    by 0x474C459: str_lookup (in /root/rboxc/target/gawk-source-ownership-candidate/release/rboxc)
==723598==    by 0x474DEC9: rboxc_gawk_load_symbols (in /root/rboxc/target/gawk-source-ownership-candidate/release/rboxc)
==723598==    by 0x449B7FC: single_binary_main_gawk (in /root/rboxc/target/gawk-source-ownership-candidate/release/rboxc)
==723598==    by 0x5A17600: (below main) (libc_start_call_main.h:59)
==723598== 
==723598== 5,048 bytes in 1 blocks are still reachable in loss record 271 of 274
==723598==    at 0x586D858: malloc (vg_replace_malloc.c:447)
==723598==    by 0x474E471: rboxc_gawk_bcalloc (in /root/rboxc/target/gawk-source-ownership-candidate/release/rboxc)
==723598==    by 0x472983A: rboxc_gawk_make_builtin (in /root/rboxc/target/gawk-source-ownership-candidate/release/rboxc)
==723598==    by 0x5888890: dl_load (testext.c:1223)
==723598==    by 0x4729302: rboxc_gawk_load_ext (in /root/rboxc/target/gawk-source-ownership-candidate/release/rboxc)
==723598==    by 0x449B29A: single_binary_main_gawk (in /root/rboxc/target/gawk-source-ownership-candidate/release/rboxc)
==723598==    by 0x5A17600: (below main) (libc_start_call_main.h:59)
==723598== 
==723598== 5,048 bytes in 1 blocks are still reachable in loss record 272 of 274
==723598==    at 0x586D858: malloc (vg_replace_malloc.c:447)
==723598==    by 0x474E471: rboxc_gawk_bcalloc (in /root/rboxc/target/gawk-source-ownership-candidate/release/rboxc)
==723598==    by 0x46F63F8: rboxc_gawk_parse_program (in /root/rboxc/target/gawk-source-ownership-candidate/release/rboxc)
==723598==    by 0x449B724: single_binary_main_gawk (in /root/rboxc/target/gawk-source-ownership-candidate/release/rboxc)
==723598==    by 0x5A17600: (below main) (libc_start_call_main.h:59)
==723598== 
==723598== 5,048 bytes in 1 blocks are still reachable in loss record 273 of 274
==723598==    at 0x586D858: malloc (vg_replace_malloc.c:447)
==723598==    by 0x474E471: rboxc_gawk_bcalloc (in /root/rboxc/target/gawk-source-ownership-candidate/release/rboxc)
==723598==    by 0x46F1B8A: yylex (in /root/rboxc/target/gawk-source-ownership-candidate/release/rboxc)
==723598==    by 0x46F20DC: rboxc_gawk_yyparse (in /root/rboxc/target/gawk-source-ownership-candidate/release/rboxc)
==723598==    by 0x46F5FDA: rboxc_gawk_parse_program (in /root/rboxc/target/gawk-source-ownership-candidate/release/rboxc)
==723598==    by 0x449B724: single_binary_main_gawk (in /root/rboxc/target/gawk-source-ownership-candidate/release/rboxc)
==723598==    by 0x5A17600: (below main) (libc_start_call_main.h:59)
==723598== 
==723598== 8,184 bytes in 93 blocks are still reachable in loss record 274 of 274
==723598==    at 0x586D858: malloc (vg_replace_malloc.c:447)
==723598==    by 0x473E7EB: rboxc_gawk_r_getblock (in /root/rboxc/target/gawk-source-ownership-candidate/release/rboxc)
==723598==    by 0x473EBC1: rboxc_gawk_make_str_node (in /root/rboxc/target/gawk-source-ownership-candidate/release/rboxc)
==723598==    by 0x474E074: rboxc_gawk_load_symbols (in /root/rboxc/target/gawk-source-ownership-candidate/release/rboxc)
==723598==    by 0x449B7FC: single_binary_main_gawk (in /root/rboxc/target/gawk-source-ownership-candidate/release/rboxc)
==723598==    by 0x5A17600: (below main) (libc_start_call_main.h:59)
==723598== 
==723598== LEAK SUMMARY:
==723598==    definitely lost: 0 bytes in 0 blocks
==723598==    indirectly lost: 0 bytes in 0 blocks
==723598==      possibly lost: 0 bytes in 0 blocks
==723598==    still reachable: 77,893 bytes in 1,114 blocks
==723598==         suppressed: 0 bytes in 0 blocks
==723598== 
==723598== For lists of detected and suppressed errors, rerun with: -s
==723598== ERROR SUMMARY: 0 errors from 0 contexts (suppressed: 0 from 0)
