==731128== Memcheck, a memory error detector
==731128== Copyright (C) 2002-2024, and GNU GPL'd, by Julian Seward et al.
==731128== Using Valgrind-3.26.0 and LibVEX; rerun with -h for copyright info
==731128== Command: gawk -f mdim8.awk
==731128== Parent PID: 731127
==731128== 
==731128== 
==731128== FILE DESCRIPTORS: 3 open (2 inherited) at exit.
==731128== Open file descriptor 0: /dev/null
==731128==    at 0x4C4BE8B: dup2 (dup2.c:29)
==731128==    by 0x405EDA8: remap_std_file (io.c:615)
==731128==    by 0x405EDA8: iop_close (io.c:651)
==731128==    by 0x4061153: nextfile (io.c:453)
==731128==    by 0x404ECBF: r_interpret (interpret.h:1421)
==731128==    by 0x400EDDE: main (main.c:532)
==731128== 
==731128== 
==731128== HEAP SUMMARY:
==731128==     in use at exit: 257,301 bytes in 3,237 blocks
==731128==   total heap usage: 519,346 allocs, 516,109 frees, 41,044,169 bytes allocated
==731128== 
==731128== 1 bytes in 1 blocks are still reachable in loss record 1 of 317
==731128==    at 0x497D858: malloc (vg_replace_malloc.c:447)
==731128==    by 0x4066564: emalloc_real (awk.h:2156)
==731128==    by 0x4066564: estrdup (main.c:1451)
==731128==    by 0x400D434: init_locale (main.c:1476)
==731128==    by 0x400D434: set_locale_stuff (main.c:1849)
==731128==    by 0x400D434: main (main.c:254)
==731128== 
==731128== 1 bytes in 1 blocks are still reachable in loss record 2 of 317
==731128==    at 0x497D858: malloc (vg_replace_malloc.c:447)
==731128==    by 0x4066564: emalloc_real (awk.h:2156)
==731128==    by 0x4066564: estrdup (main.c:1451)
==731128==    by 0x400D469: init_locale (main.c:1478)
==731128==    by 0x400D469: set_locale_stuff (main.c:1849)
==731128==    by 0x400D469: main (main.c:254)
==731128== 
==731128== 1 bytes in 1 blocks are still reachable in loss record 3 of 317
==731128==    at 0x497D858: malloc (vg_replace_malloc.c:447)
==731128==    by 0x4066564: emalloc_real (awk.h:2156)
==731128==    by 0x4066564: estrdup (main.c:1451)
==731128==    by 0x400D485: init_locale (main.c:1479)
==731128==    by 0x400D485: set_locale_stuff (main.c:1849)
==731128==    by 0x400D485: main (main.c:254)
==731128== 
==731128== 1 bytes in 1 blocks are still reachable in loss record 4 of 317
==731128==    at 0x497D858: malloc (vg_replace_malloc.c:447)
==731128==    by 0x4066564: emalloc_real (awk.h:2156)
==731128==    by 0x4066564: estrdup (main.c:1451)
==731128==    by 0x400D4A1: init_locale (main.c:1480)
==731128==    by 0x400D4A1: set_locale_stuff (main.c:1849)
==731128==    by 0x400D4A1: main (main.c:254)
==731128== 
==731128== 1 bytes in 1 blocks are still reachable in loss record 5 of 317
==731128==    at 0x497D858: malloc (vg_replace_malloc.c:447)
==731128==    by 0x4066564: emalloc_real (awk.h:2156)
==731128==    by 0x4066564: estrdup (main.c:1451)
==731128==    by 0x400D4BD: init_locale (main.c:1481)
==731128==    by 0x400D4BD: set_locale_stuff (main.c:1849)
==731128==    by 0x400D4BD: main (main.c:254)
==731128== 
==731128== 1 bytes in 1 blocks are still reachable in loss record 6 of 317
==731128==    at 0x497D858: malloc (vg_replace_malloc.c:447)
==731128==    by 0x4066564: emalloc_real (awk.h:2156)
==731128==    by 0x4066564: estrdup (main.c:1451)
==731128==    by 0x400D4D9: init_locale (main.c:1482)
==731128==    by 0x400D4D9: set_locale_stuff (main.c:1849)
==731128==    by 0x400D4D9: main (main.c:254)
==731128== 
==731128== 1 bytes in 1 blocks are still reachable in loss record 7 of 317
==731128==    at 0x497D858: malloc (vg_replace_malloc.c:447)
==731128==    by 0x4066564: emalloc_real (awk.h:2156)
==731128==    by 0x4066564: estrdup (main.c:1451)
==731128==    by 0x400D4F5: init_locale (main.c:1483)
==731128==    by 0x400D4F5: set_locale_stuff (main.c:1849)
==731128==    by 0x400D4F5: main (main.c:254)
==731128== 
==731128== 1 bytes in 1 blocks are still reachable in loss record 8 of 317
==731128==    at 0x497D858: malloc (vg_replace_malloc.c:447)
==731128==    by 0x4066564: emalloc_real (awk.h:2156)
==731128==    by 0x4066564: estrdup (main.c:1451)
==731128==    by 0x400D511: init_locale (main.c:1484)
==731128==    by 0x400D511: set_locale_stuff (main.c:1849)
==731128==    by 0x400D511: main (main.c:254)
==731128== 
==731128== 1 bytes in 1 blocks are still reachable in loss record 9 of 317
==731128==    at 0x497D858: malloc (vg_replace_malloc.c:447)
==731128==    by 0x4066564: emalloc_real (awk.h:2156)
==731128==    by 0x4066564: estrdup (main.c:1451)
==731128==    by 0x400D52D: init_locale (main.c:1485)
==731128==    by 0x400D52D: set_locale_stuff (main.c:1849)
==731128==    by 0x400D52D: main (main.c:254)
==731128== 
==731128== 1 bytes in 1 blocks are still reachable in loss record 10 of 317
==731128==    at 0x497D858: malloc (vg_replace_malloc.c:447)
==731128==    by 0x4069457: emalloc_real (awk.h:2156)
==731128==    by 0x4069457: make_str_node (node.c:422)
==731128==    by 0x400D5C7: main (main.c:278)
==731128== 
==731128== 1 bytes in 1 blocks are still reachable in loss record 11 of 317
==731128==    at 0x497D858: malloc (vg_replace_malloc.c:447)
==731128==    by 0x4069457: emalloc_real (awk.h:2156)
==731128==    by 0x4069457: make_str_node (node.c:422)
==731128==    by 0x40553E0: init_fields (field.c:111)
==731128==    by 0x400E1A4: main (main.c:410)
==731128== 
==731128== 1 bytes in 1 blocks are still reachable in loss record 12 of 317
==731128==    at 0x497D858: malloc (vg_replace_malloc.c:447)
==731128==    by 0x4069457: emalloc_real (awk.h:2156)
==731128==    by 0x4069457: make_str_node (node.c:422)
==731128==    by 0x40473FB: update_ERRNO_int (eval.c:1036)
==731128==    by 0x40473FB: update_ERRNO_int (eval.c:1022)
==731128==    by 0x40613B8: nextfile (io.c:515)
==731128==    by 0x404ECBF: r_interpret (interpret.h:1421)
==731128==    by 0x400EDDE: main (main.c:532)
==731128== 
==731128== 2 bytes in 1 blocks are still reachable in loss record 13 of 317
==731128==    at 0x497D858: malloc (vg_replace_malloc.c:447)
==731128==    by 0x4066564: emalloc_real (awk.h:2156)
==731128==    by 0x4066564: estrdup (main.c:1451)
==731128==    by 0x400D44E: init_locale (main.c:1477)
==731128==    by 0x400D44E: set_locale_stuff (main.c:1849)
==731128==    by 0x400D44E: main (main.c:254)
==731128== 
==731128== 2 bytes in 1 blocks are still reachable in loss record 14 of 317
==731128==    at 0x497D858: malloc (vg_replace_malloc.c:447)
==731128==    by 0x4046CFF: emalloc_real (awk.h:2156)
==731128==    by 0x4046CFF: set_OFS (eval.c:839)
==731128==    by 0x400D9A3: init_vars (main.c:873)
==731128==    by 0x400D9A3: main (main.c:403)
==731128== 
==731128== 2 bytes in 1 blocks are still reachable in loss record 15 of 317
==731128==    at 0x497D858: malloc (vg_replace_malloc.c:447)
==731128==    by 0x4069457: emalloc_real (awk.h:2156)
==731128==    by 0x4069457: make_str_node (node.c:422)
==731128==    by 0x40613F5: nextfile (io.c:518)
==731128==    by 0x404ECBF: r_interpret (interpret.h:1421)
==731128==    by 0x400EDDE: main (main.c:532)
==731128== 
==731128== 2 bytes in 1 blocks are still reachable in loss record 16 of 317
==731128==    at 0x497D858: malloc (vg_replace_malloc.c:447)
==731128==    by 0x4069457: emalloc_real (awk.h:2156)
==731128==    by 0x4069457: make_str_node (node.c:422)
==731128==    by 0x40604F8: get_a_record (io.c:4164)
==731128==    by 0x4060947: inrec (io.c:585)
==731128==    by 0x404ECFC: r_interpret (interpret.h:1457)
==731128==    by 0x400EDDE: main (main.c:532)
==731128== 
==731128== 3 bytes in 1 blocks are still reachable in loss record 17 of 317
==731128==    at 0x497D858: malloc (vg_replace_malloc.c:447)
==731128==    by 0x4069457: emalloc_real (awk.h:2156)
==731128==    by 0x4069457: make_str_node (node.c:422)
==731128==    by 0x4054B6F: update_PROCINFO_str.part.0 (field.c:1661)
==731128==    by 0x400E83A: load_procinfo (main.c:1072)
==731128==    by 0x400E83A: init_vars (main.c:878)
==731128==    by 0x400E83A: main (main.c:403)
==731128== 
==731128== 3 bytes in 1 blocks are still reachable in loss record 18 of 317
==731128==    at 0x497D858: malloc (vg_replace_malloc.c:447)
==731128==    by 0x4069457: emalloc_real (awk.h:2156)
==731128==    by 0x4069457: make_str_node (node.c:422)
==731128==    by 0x4054B87: update_PROCINFO_str.part.0 (field.c:1662)
==731128==    by 0x400E83A: load_procinfo (main.c:1072)
==731128==    by 0x400E83A: init_vars (main.c:878)
==731128==    by 0x400E83A: main (main.c:403)
==731128== 
==731128== 4 bytes in 1 blocks are still reachable in loss record 19 of 317
==731128==    at 0x497D858: malloc (vg_replace_malloc.c:447)
==731128==    by 0x4069457: emalloc_real (awk.h:2156)
==731128==    by 0x4069457: make_str_node (node.c:422)
==731128==    by 0x4058004: update_PROCINFO_num (field.c:1674)
==731128==    by 0x400E79D: load_procinfo (main.c:1055)
==731128==    by 0x400E79D: init_vars (main.c:878)
==731128==    by 0x400E79D: main (main.c:403)
==731128== 
==731128== 4 bytes in 1 blocks are still reachable in loss record 20 of 317
==731128==    at 0x497D858: malloc (vg_replace_malloc.c:447)
==731128==    by 0x4069457: emalloc_real (awk.h:2156)
==731128==    by 0x4069457: make_str_node (node.c:422)
==731128==    by 0x4058004: update_PROCINFO_num (field.c:1674)
==731128==    by 0x400E7D2: load_procinfo (main.c:1061)
==731128==    by 0x400E7D2: init_vars (main.c:878)
==731128==    by 0x400E7D2: main (main.c:403)
==731128== 
==731128== 4 bytes in 1 blocks are still reachable in loss record 21 of 317
==731128==    at 0x497D858: malloc (vg_replace_malloc.c:447)
==731128==    by 0x4069457: emalloc_real (awk.h:2156)
==731128==    by 0x4069457: make_str_node (node.c:422)
==731128==    by 0x4058004: update_PROCINFO_num (field.c:1674)
==731128==    by 0x400E80A: load_procinfo (main.c:1067)
==731128==    by 0x400E80A: init_vars (main.c:878)
==731128==    by 0x400E80A: main (main.c:403)
==731128== 
==731128== 4 bytes in 1 blocks are still reachable in loss record 22 of 317
==731128==    at 0x497D858: malloc (vg_replace_malloc.c:447)
==731128==    by 0x4069457: emalloc_real (awk.h:2156)
==731128==    by 0x4069457: make_str_node (node.c:422)
==731128==    by 0x4054B6F: update_PROCINFO_str.part.0 (field.c:1661)
==731128==    by 0x400E8D2: load_procinfo (main.c:1087)
==731128==    by 0x400E8D2: init_vars (main.c:878)
==731128==    by 0x400E8D2: main (main.c:403)
==731128== 
==731128== 4 bytes in 1 blocks are still reachable in loss record 23 of 317
==731128==    at 0x497D858: malloc (vg_replace_malloc.c:447)
==731128==    by 0x4082ACF: charset_merge.part.0 (charset.c:9371)
==731128==    by 0x4086FDE: charset_merge (charset.c:9361)
==731128==    by 0x4086FDE: cset_merge (minrx.c:901)
==731128==    by 0x4086FDE: firstclosure (minrx.c:1843)
==731128==    by 0x4086FDE: compile.constprop.0 (minrx.c:1923)
==731128==    by 0x4089B38: minrx_regncomp (minrx.c:2490)
==731128==    by 0x407427D: make_regexp (re.c:355)
==731128==    by 0x40195EB: make_regnode (awkgram.y:5306)
==731128==    by 0x401D996: yyparse (awkgram.y:584)
==731128==    by 0x402073A: parse_program (awkgram.y:2797)
==731128==    by 0x400EAD8: main (main.c:483)
==731128== 
==731128== 5 bytes in 1 blocks are still reachable in loss record 24 of 317
==731128==    at 0x497D858: malloc (vg_replace_malloc.c:447)
==731128==    by 0x4069457: emalloc_real (awk.h:2156)
==731128==    by 0x4069457: make_str_node (node.c:422)
==731128==    by 0x4058004: update_PROCINFO_num (field.c:1674)
==731128==    by 0x400E7B6: load_procinfo (main.c:1058)
==731128==    by 0x400E7B6: init_vars (main.c:878)
==731128==    by 0x400E7B6: main (main.c:403)
==731128== 
==731128== 5 bytes in 1 blocks are still reachable in loss record 25 of 317
==731128==    at 0x497D858: malloc (vg_replace_malloc.c:447)
==731128==    by 0x4069457: emalloc_real (awk.h:2156)
==731128==    by 0x4069457: make_str_node (node.c:422)
==731128==    by 0x4058004: update_PROCINFO_num (field.c:1674)
==731128==    by 0x400E7EE: load_procinfo (main.c:1064)
==731128==    by 0x400E7EE: init_vars (main.c:878)
==731128==    by 0x400E7EE: main (main.c:403)
==731128== 
==731128== 5 bytes in 1 blocks are still reachable in loss record 26 of 317
==731128==    at 0x497D858: malloc (vg_replace_malloc.c:447)
==731128==    by 0x4069457: emalloc_real (awk.h:2156)
==731128==    by 0x4069457: make_str_node (node.c:422)
==731128==    by 0x4058004: update_PROCINFO_num (field.c:1674)
==731128==    by 0x400E826: load_procinfo (main.c:1070)
==731128==    by 0x400E826: init_vars (main.c:878)
==731128==    by 0x400E826: main (main.c:403)
==731128== 
==731128== 5 bytes in 1 blocks are still reachable in loss record 27 of 317
==731128==    at 0x497D858: malloc (vg_replace_malloc.c:447)
==731128==    by 0x4066564: emalloc_real (awk.h:2156)
==731128==    by 0x4066564: estrdup (main.c:1451)
==731128==    by 0x400E91C: load_procinfo_argv (main.c:988)
==731128==    by 0x400E91C: load_procinfo (main.c:1093)
==731128==    by 0x400E91C: init_vars (main.c:878)
==731128==    by 0x400E91C: main (main.c:403)
==731128== 
==731128== 5 bytes in 1 blocks are still reachable in loss record 28 of 317
==731128==    at 0x497D858: malloc (vg_replace_malloc.c:447)
==731128==    by 0x4069457: emalloc_real (awk.h:2156)
==731128==    by 0x4069457: make_str_node (node.c:422)
==731128==    by 0x400EC1B: load_procinfo_argv (main.c:996)
==731128==    by 0x400EC1B: load_procinfo (main.c:1093)
==731128==    by 0x400EC1B: init_vars (main.c:878)
==731128==    by 0x400EC1B: main (main.c:403)
==731128== 
==731128== 5 bytes in 1 blocks are still reachable in loss record 29 of 317
==731128==    at 0x497D858: malloc (vg_replace_malloc.c:447)
==731128==    by 0x4066564: emalloc_real (awk.h:2156)
==731128==    by 0x4066564: estrdup (main.c:1451)
==731128==    by 0x400E407: init_args (main.c:764)
==731128==    by 0x400E407: main (main.c:470)
==731128== 
==731128== 5 bytes in 1 blocks are still reachable in loss record 30 of 317
==731128==    at 0x497D858: malloc (vg_replace_malloc.c:447)
==731128==    by 0x4069457: emalloc_real (awk.h:2156)
==731128==    by 0x4069457: make_str_node (node.c:422)
==731128==    by 0x4077055: install (symbol.c:399)
==731128==    by 0x400E414: init_args (main.c:764)
==731128==    by 0x400E414: main (main.c:470)
==731128== 
==731128== 5 bytes in 1 blocks are still reachable in loss record 31 of 317
==731128==    at 0x497D858: malloc (vg_replace_malloc.c:447)
==731128==    by 0x4069457: emalloc_real (awk.h:2156)
==731128==    by 0x4069457: make_str_node (node.c:422)
==731128==    by 0x400E43D: init_args (main.c:766)
==731128==    by 0x400E43D: main (main.c:470)
==731128== 
==731128== 5 bytes in 1 blocks are still reachable in loss record 32 of 317
==731128==    at 0x497D858: malloc (vg_replace_malloc.c:447)
==731128==    by 0x4066564: emalloc_real (awk.h:2156)
==731128==    by 0x4066564: estrdup (main.c:1451)
==731128==    by 0x400EA83: init_args (main.c:791)
==731128==    by 0x400EA83: main (main.c:470)
==731128== 
==731128== 5 bytes in 1 blocks are still reachable in loss record 33 of 317
==731128==    at 0x497D858: malloc (vg_replace_malloc.c:447)
==731128==    by 0x4069457: emalloc_real (awk.h:2156)
==731128==    by 0x4069457: make_str_node (node.c:422)
==731128==    by 0x4077055: install (symbol.c:399)
==731128==    by 0x400EA90: init_args (main.c:791)
==731128==    by 0x400EA90: main (main.c:470)
==731128== 
==731128== 5 bytes in 1 blocks are still reachable in loss record 34 of 317
==731128==    at 0x497D858: malloc (vg_replace_malloc.c:447)
==731128==    by 0x4069457: emalloc_real (awk.h:2156)
==731128==    by 0x4069457: make_str_node (node.c:422)
==731128==    by 0x40780AA: load_symbols (symbol.c:677)
==731128==    by 0x400ED85: main (main.c:499)
==731128== 
==731128== 6 bytes in 1 blocks are still reachable in loss record 35 of 317
==731128==    at 0x497D858: malloc (vg_replace_malloc.c:447)
==731128==    by 0x4069457: emalloc_real (awk.h:2156)
==731128==    by 0x4069457: make_str_node (node.c:422)
==731128==    by 0x4054B87: update_PROCINFO_str.part.0 (field.c:1662)
==731128==    by 0x400E71D: load_procinfo (main.c:1021)
==731128==    by 0x400E71D: init_vars (main.c:878)
==731128==    by 0x400E71D: main (main.c:403)
==731128== 
==731128== 6 bytes in 1 blocks are still reachable in loss record 36 of 317
==731128==    at 0x497D858: malloc (vg_replace_malloc.c:447)
==731128==    by 0x4069457: emalloc_real (awk.h:2156)
==731128==    by 0x4069457: make_str_node (node.c:422)
==731128==    by 0x4054B87: update_PROCINFO_str.part.0 (field.c:1662)
==731128==    by 0x400E743: load_procinfo (main.c:1023)
==731128==    by 0x400E743: init_vars (main.c:878)
==731128==    by 0x400E743: main (main.c:403)
==731128== 
==731128== 6 bytes in 1 blocks are still reachable in loss record 37 of 317
==731128==    at 0x497D858: malloc (vg_replace_malloc.c:447)
==731128==    by 0x4069457: emalloc_real (awk.h:2156)
==731128==    by 0x4069457: make_str_node (node.c:422)
==731128==    by 0x407810A: load_symbols (symbol.c:681)
==731128==    by 0x400ED85: main (main.c:499)
==731128== 
==731128== 6 bytes in 1 blocks are still reachable in loss record 38 of 317
==731128==    at 0x497D858: malloc (vg_replace_malloc.c:447)
==731128==    by 0x4069457: emalloc_real (awk.h:2156)
==731128==    by 0x4069457: make_str_node (node.c:422)
==731128==    by 0x4058004: update_PROCINFO_num (field.c:1674)
==731128==    by 0x40473B3: update_ERRNO_int (eval.c:1029)
==731128==    by 0x40473B3: update_ERRNO_int (eval.c:1022)
==731128==    by 0x40613B8: nextfile (io.c:515)
==731128==    by 0x404ECBF: r_interpret (interpret.h:1421)
==731128==    by 0x400EDDE: main (main.c:532)
==731128== 
==731128== 7 bytes in 1 blocks are still reachable in loss record 39 of 317
==731128==    at 0x497D858: malloc (vg_replace_malloc.c:447)
==731128==    by 0x4066564: emalloc_real (awk.h:2156)
==731128==    by 0x4066564: estrdup (main.c:1451)
==731128==    by 0x4077381: init_the_tables (symbol.c:78)
==731128==    by 0x400D60A: main (main.c:287)
==731128== 
==731128== 7 bytes in 1 blocks are still reachable in loss record 40 of 317
==731128==    at 0x497D858: malloc (vg_replace_malloc.c:447)
==731128==    by 0x4069457: emalloc_real (awk.h:2156)
==731128==    by 0x4069457: make_str_node (node.c:422)
==731128==    by 0x4077055: install (symbol.c:399)
==731128==    by 0x4077390: install_symbol (symbol.c:173)
==731128==    by 0x4077390: init_the_tables (symbol.c:78)
==731128==    by 0x400D60A: main (main.c:287)
==731128== 
==731128== 7 bytes in 1 blocks are still reachable in loss record 41 of 317
==731128==    at 0x497D858: malloc (vg_replace_malloc.c:447)
==731128==    by 0x4069457: emalloc_real (awk.h:2156)
==731128==    by 0x4069457: make_str_node (node.c:422)
==731128==    by 0x4058004: update_PROCINFO_num (field.c:1674)
==731128==    by 0x400E784: load_procinfo (main.c:1046)
==731128==    by 0x400E784: init_vars (main.c:878)
==731128==    by 0x400E784: main (main.c:403)
==731128== 
==731128== 7 bytes in 1 blocks are still reachable in loss record 42 of 317
==731128==    at 0x497D858: malloc (vg_replace_malloc.c:447)
==731128==    by 0x4069457: emalloc_real (awk.h:2156)
==731128==    by 0x4069457: make_str_node (node.c:422)
==731128==    by 0x40780DA: load_symbols (symbol.c:679)
==731128==    by 0x400ED85: main (main.c:499)
==731128== 
==731128== 8 bytes in 1 blocks are still reachable in loss record 43 of 317
==731128==    at 0x497D858: malloc (vg_replace_malloc.c:447)
==731128==    by 0x4066564: emalloc_real (awk.h:2156)
==731128==    by 0x4066564: estrdup (main.c:1451)
==731128==    by 0x407735A: init_the_tables (symbol.c:77)
==731128==    by 0x400D60A: main (main.c:287)
==731128== 
==731128== 8 bytes in 1 blocks are still reachable in loss record 44 of 317
==731128==    at 0x497D858: malloc (vg_replace_malloc.c:447)
==731128==    by 0x4069457: emalloc_real (awk.h:2156)
==731128==    by 0x4069457: make_str_node (node.c:422)
==731128==    by 0x4077055: install (symbol.c:399)
==731128==    by 0x4077369: install_symbol (symbol.c:173)
==731128==    by 0x4077369: init_the_tables (symbol.c:77)
==731128==    by 0x400D60A: main (main.c:287)
==731128== 
==731128== 8 bytes in 1 blocks are still reachable in loss record 45 of 317
==731128==    at 0x497D858: malloc (vg_replace_malloc.c:447)
==731128==    by 0x4069457: emalloc_real (awk.h:2156)
==731128==    by 0x4069457: make_str_node (node.c:422)
==731128==    by 0x4054B6F: update_PROCINFO_str.part.0 (field.c:1661)
==731128==    by 0x400E71D: load_procinfo (main.c:1021)
==731128==    by 0x400E71D: init_vars (main.c:878)
==731128==    by 0x400E71D: main (main.c:403)
==731128== 
==731128== 8 bytes in 1 blocks are still reachable in loss record 46 of 317
==731128==    at 0x497D858: malloc (vg_replace_malloc.c:447)
==731128==    by 0x4066564: emalloc_real (awk.h:2156)
==731128==    by 0x4066564: estrdup (main.c:1451)
==731128==    by 0x400E02B: load_environ (main.c:930)
==731128==    by 0x400E02B: init_vars (main.c:879)
==731128==    by 0x400E02B: main (main.c:403)
==731128== 
==731128== 8 bytes in 1 blocks are still reachable in loss record 47 of 317
==731128==    at 0x497D858: malloc (vg_replace_malloc.c:447)
==731128==    by 0x4069457: emalloc_real (awk.h:2156)
==731128==    by 0x4069457: make_str_node (node.c:422)
==731128==    by 0x4077055: install (symbol.c:399)
==731128==    by 0x400E038: load_environ (main.c:930)
==731128==    by 0x400E038: init_vars (main.c:879)
==731128==    by 0x400E038: main (main.c:403)
==731128== 
==731128== 8 bytes in 1 blocks are still reachable in loss record 48 of 317
==731128==    at 0x497D858: malloc (vg_replace_malloc.c:447)
==731128==    by 0x4083389: csets_emplace_back (minrx.c:1122)
==731128==    by 0x40852DA: chr (minrx.c:1621)
==731128==    by 0x40852DA: rep (minrx.c:1514)
==731128==    by 0x4086191: cat (minrx.c:1408)
==731128==    by 0x4086268: alt (minrx.c:1333)
==731128==    by 0x4086BB0: compile.constprop.0 (minrx.c:1903)
==731128==    by 0x4089B38: minrx_regncomp (minrx.c:2490)
==731128==    by 0x407427D: make_regexp (re.c:355)
==731128==    by 0x40195EB: make_regnode (awkgram.y:5306)
==731128==    by 0x401D996: yyparse (awkgram.y:584)
==731128==    by 0x402073A: parse_program (awkgram.y:2797)
==731128==    by 0x400EAD8: main (main.c:483)
==731128== 
==731128== 8 bytes in 1 blocks are still reachable in loss record 49 of 317
==731128==    at 0x497D858: malloc (vg_replace_malloc.c:447)
==731128==    by 0x4069457: emalloc_real (awk.h:2156)
==731128==    by 0x4069457: make_str_node (node.c:422)
==731128==    by 0x40780F2: load_symbols (symbol.c:680)
==731128==    by 0x400ED85: main (main.c:499)
==731128== 
==731128== 8 bytes in 1 blocks are still reachable in loss record 50 of 317
==731128==    at 0x497D858: malloc (vg_replace_malloc.c:447)
==731128==    by 0x4069457: emalloc_real (awk.h:2156)
==731128==    by 0x4069457: make_str_node (node.c:422)
==731128==    by 0x4078122: load_symbols (symbol.c:682)
==731128==    by 0x400ED85: main (main.c:499)
==731128== 
==731128== 8 bytes in 1 blocks are still reachable in loss record 51 of 317
==731128==    at 0x497D858: malloc (vg_replace_malloc.c:447)
==731128==    by 0x4083389: csets_emplace_back (minrx.c:1122)
==731128==    by 0x40852DA: chr (minrx.c:1621)
==731128==    by 0x40852DA: rep (minrx.c:1514)
==731128==    by 0x4086191: cat (minrx.c:1408)
==731128==    by 0x4086268: alt (minrx.c:1333)
==731128==    by 0x40851A5: chr (minrx.c:1741)
==731128==    by 0x40851A5: rep (minrx.c:1514)
==731128==    by 0x4086191: cat (minrx.c:1408)
==731128==    by 0x4086268: alt (minrx.c:1333)
==731128==    by 0x4086BB0: compile.constprop.0 (minrx.c:1903)
==731128==    by 0x4089B38: minrx_regncomp (minrx.c:2490)
==731128==    by 0x407427D: make_regexp (re.c:355)
==731128==    by 0x40753B5: re_cache_get (re.c:556)
==731128==    by 0x40753B5: re_update (re.c:610)
==731128== 
==731128== 9 bytes in 1 blocks are still reachable in loss record 52 of 317
==731128==    at 0x497D858: malloc (vg_replace_malloc.c:447)
==731128==    by 0x4066564: emalloc_real (awk.h:2156)
==731128==    by 0x4066564: estrdup (main.c:1451)
==731128==    by 0x400E6F6: load_procinfo (main.c:1019)
==731128==    by 0x400E6F6: init_vars (main.c:878)
==731128==    by 0x400E6F6: main (main.c:403)
==731128== 
==731128== 9 bytes in 1 blocks are still reachable in loss record 53 of 317
==731128==    at 0x497D858: malloc (vg_replace_malloc.c:447)
==731128==    by 0x4069457: emalloc_real (awk.h:2156)
==731128==    by 0x4069457: make_str_node (node.c:422)
==731128==    by 0x4077055: install (symbol.c:399)
==731128==    by 0x400E703: load_procinfo (main.c:1019)
==731128==    by 0x400E703: init_vars (main.c:878)
==731128==    by 0x400E703: main (main.c:403)
==731128== 
==731128== 9 bytes in 1 blocks are still reachable in loss record 54 of 317
==731128==    at 0x497D858: malloc (vg_replace_malloc.c:447)
==731128==    by 0x4069457: emalloc_real (awk.h:2156)
==731128==    by 0x4069457: make_str_node (node.c:422)
==731128==    by 0x4054B6F: update_PROCINFO_str.part.0 (field.c:1661)
==731128==    by 0x400E730: load_procinfo (main.c:1022)
==731128==    by 0x400E730: init_vars (main.c:878)
==731128==    by 0x400E730: main (main.c:403)
==731128== 
==731128== 9 bytes in 1 blocks are still reachable in loss record 55 of 317
==731128==    at 0x497D858: malloc (vg_replace_malloc.c:447)
==731128==    by 0x4069457: emalloc_real (awk.h:2156)
==731128==    by 0x4069457: make_str_node (node.c:422)
==731128==    by 0x4054B6F: update_PROCINFO_str.part.0 (field.c:1661)
==731128==    by 0x400E743: load_procinfo (main.c:1023)
==731128==    by 0x400E743: init_vars (main.c:878)
==731128==    by 0x400E743: main (main.c:403)
==731128== 
==731128== 10 bytes in 1 blocks are still reachable in loss record 56 of 317
==731128==    at 0x497D858: malloc (vg_replace_malloc.c:447)
==731128==    by 0x4066564: emalloc_real (awk.h:2156)
==731128==    by 0x4066564: estrdup (main.c:1451)
==731128==    by 0x4014A21: do_add_srcfile (awkgram.y:2834)
==731128==    by 0x4018A70: add_srcfile (awkgram.y:2916)
==731128==    by 0x400D7E5: parse_args (main.c:1585)
==731128==    by 0x400D7E5: main (main.c:294)
==731128== 
==731128== 10 bytes in 1 blocks are still reachable in loss record 57 of 317
==731128==    at 0x497D858: malloc (vg_replace_malloc.c:447)
==731128==    by 0x4069457: emalloc_real (awk.h:2156)
==731128==    by 0x4069457: make_str_node (node.c:422)
==731128==    by 0x4058004: update_PROCINFO_num (field.c:1674)
==731128==    by 0x400E757: load_procinfo (main.c:1035)
==731128==    by 0x400E757: init_vars (main.c:878)
==731128==    by 0x400E757: main (main.c:403)
==731128== 
==731128== 10 bytes in 1 blocks are still reachable in loss record 58 of 317
==731128==    at 0x497D858: malloc (vg_replace_malloc.c:447)
==731128==    by 0x4069457: emalloc_real (awk.h:2156)
==731128==    by 0x4069457: make_str_node (node.c:422)
==731128==    by 0x4058004: update_PROCINFO_num (field.c:1674)
==731128==    by 0x400E76B: load_procinfo (main.c:1036)
==731128==    by 0x400E76B: init_vars (main.c:878)
==731128==    by 0x400E76B: main (main.c:403)
==731128== 
==731128== 10 bytes in 1 blocks are still reachable in loss record 59 of 317
==731128==    at 0x497D858: malloc (vg_replace_malloc.c:447)
==731128==    by 0x4069457: emalloc_real (awk.h:2156)
==731128==    by 0x4069457: make_str_node (node.c:422)
==731128==    by 0x4054B87: update_PROCINFO_str.part.0 (field.c:1662)
==731128==    by 0x400E8D2: load_procinfo (main.c:1087)
==731128==    by 0x400E8D2: init_vars (main.c:878)
==731128==    by 0x400E8D2: main (main.c:403)
==731128== 
==731128== 10 bytes in 1 blocks are still reachable in loss record 60 of 317
==731128==    at 0x497D858: malloc (vg_replace_malloc.c:447)
==731128==    by 0x4069457: emalloc_real (awk.h:2156)
==731128==    by 0x4069457: make_str_node (node.c:422)
==731128==    by 0x4052611: r_interpret (interpret.h:1052)
==731128==    by 0x400EDDE: main (main.c:532)
==731128== 
==731128== 11 bytes in 1 blocks are still reachable in loss record 61 of 317
==731128==    at 0x497D858: malloc (vg_replace_malloc.c:447)
==731128==    by 0x4069178: emalloc_real (awk.h:2156)
==731128==    by 0x4069178: r_dupnode (node.c:348)
==731128==    by 0x4050AD6: dupnode (awk.h:2024)
==731128==    by 0x4050AD6: r_interpret (interpret.h:486)
==731128==    by 0x400EDDE: main (main.c:532)
==731128== 
==731128== 12 bytes in 1 blocks are still reachable in loss record 62 of 317
==731128==    at 0x497D858: malloc (vg_replace_malloc.c:447)
==731128==    by 0x4069457: emalloc_real (awk.h:2156)
==731128==    by 0x4069457: make_str_node (node.c:422)
==731128==    by 0x4077FD7: load_symbols (symbol.c:663)
==731128==    by 0x400ED85: main (main.c:499)
==731128== 
==731128== 12 bytes in 1 blocks are still reachable in loss record 63 of 317
==731128==    at 0x497D858: malloc (vg_replace_malloc.c:447)
==731128==    by 0x4066564: emalloc_real (awk.h:2156)
==731128==    by 0x4066564: estrdup (main.c:1451)
==731128==    by 0x4078093: load_symbols (symbol.c:675)
==731128==    by 0x400ED85: main (main.c:499)
==731128== 
==731128== 12 bytes in 3 blocks are still reachable in loss record 64 of 317
==731128==    at 0x497D858: malloc (vg_replace_malloc.c:447)
==731128==    by 0x4082ACF: charset_merge.part.0 (charset.c:9371)
==731128==    by 0x4086FDE: charset_merge (charset.c:9361)
==731128==    by 0x4086FDE: cset_merge (minrx.c:901)
==731128==    by 0x4086FDE: firstclosure (minrx.c:1843)
==731128==    by 0x4086FDE: compile.constprop.0 (minrx.c:1923)
==731128==    by 0x4089B38: minrx_regncomp (minrx.c:2490)
==731128==    by 0x407427D: make_regexp (re.c:355)
==731128==    by 0x40753B5: re_cache_get (re.c:556)
==731128==    by 0x40753B5: re_update (re.c:610)
==731128==    by 0x4030F2C: do_match (builtin.c:1596)
==731128==    by 0x404FC3C: r_interpret (interpret.h:1114)
==731128==    by 0x400EDDE: main (main.c:532)
==731128== 
==731128== 16 bytes in 1 blocks are still reachable in loss record 65 of 317
==731128==    at 0x497D858: malloc (vg_replace_malloc.c:447)
==731128==    by 0x4082B5F: charset_merge.part.0 (charset.c:9394)
==731128==    by 0x4086FDE: charset_merge (charset.c:9361)
==731128==    by 0x4086FDE: cset_merge (minrx.c:901)
==731128==    by 0x4086FDE: firstclosure (minrx.c:1843)
==731128==    by 0x4086FDE: compile.constprop.0 (minrx.c:1923)
==731128==    by 0x4089B38: minrx_regncomp (minrx.c:2490)
==731128==    by 0x407427D: make_regexp (re.c:355)
==731128==    by 0x40195EB: make_regnode (awkgram.y:5306)
==731128==    by 0x401D996: yyparse (awkgram.y:584)
==731128==    by 0x402073A: parse_program (awkgram.y:2797)
==731128==    by 0x400EAD8: main (main.c:483)
==731128== 
==731128== 16 bytes in 1 blocks are still reachable in loss record 66 of 317
==731128==    at 0x498507F: realloc (vg_replace_malloc.c:1804)
==731128==    by 0x40833D3: csets_emplace_back (minrx.c:1130)
==731128==    by 0x40852DA: chr (minrx.c:1621)
==731128==    by 0x40852DA: rep (minrx.c:1514)
==731128==    by 0x4086191: cat (minrx.c:1408)
==731128==    by 0x4086268: alt (minrx.c:1333)
==731128==    by 0x4086BB0: compile.constprop.0 (minrx.c:1903)
==731128==    by 0x4089B38: minrx_regncomp (minrx.c:2490)
==731128==    by 0x407427D: make_regexp (re.c:355)
==731128==    by 0x40753B5: re_cache_get (re.c:556)
==731128==    by 0x40753B5: re_update (re.c:610)
==731128==    by 0x4030F2C: do_match (builtin.c:1596)
==731128==    by 0x404FC3C: r_interpret (interpret.h:1114)
==731128==    by 0x400EDDE: main (main.c:532)
==731128== 
==731128== 16 bytes in 1 blocks are still reachable in loss record 67 of 317
==731128==    at 0x498507F: realloc (vg_replace_malloc.c:1804)
==731128==    by 0x4082014: add_char_to_set (charset.c:3415)
==731128==    by 0x4082C22: charset_add_char.part.0 (charset.c:9054)
==731128==    by 0x4086F77: charset_add_char (charset.c:9051)
==731128==    by 0x4086F77: cset_set (minrx.c:928)
==731128==    by 0x4086F77: firstclosure (minrx.c:1841)
==731128==    by 0x4086F77: compile.constprop.0 (minrx.c:1923)
==731128==    by 0x4089B38: minrx_regncomp (minrx.c:2490)
==731128==    by 0x407427D: make_regexp (re.c:355)
==731128==    by 0x40753B5: re_cache_get (re.c:556)
==731128==    by 0x40753B5: re_update (re.c:610)
==731128==    by 0x4030F2C: do_match (builtin.c:1596)
==731128==    by 0x404FC3C: r_interpret (interpret.h:1114)
==731128==    by 0x400EDDE: main (main.c:532)
==731128== 
==731128== 16 bytes in 1 blocks are still reachable in loss record 68 of 317
==731128==    at 0x498507F: realloc (vg_replace_malloc.c:1804)
==731128==    by 0x40833D3: csets_emplace_back (minrx.c:1130)
==731128==    by 0x4085EF9: chr (minrx.c:1628)
==731128==    by 0x4085EF9: rep (minrx.c:1514)
==731128==    by 0x4086191: cat (minrx.c:1408)
==731128==    by 0x4086268: alt (minrx.c:1333)
==731128==    by 0x4086BB0: compile.constprop.0 (minrx.c:1903)
==731128==    by 0x4089B38: minrx_regncomp (minrx.c:2490)
==731128==    by 0x407427D: make_regexp (re.c:355)
==731128==    by 0x40753B5: re_cache_get (re.c:556)
==731128==    by 0x40753B5: re_update (re.c:610)
==731128==    by 0x4030F2C: do_match (builtin.c:1596)
==731128==    by 0x404FC3C: r_interpret (interpret.h:1114)
==731128==    by 0x400EDDE: main (main.c:532)
==731128== 
==731128== 18 bytes in 3 blocks are still reachable in loss record 69 of 317
==731128==    at 0x497D858: malloc (vg_replace_malloc.c:447)
==731128==    by 0x4066564: emalloc_real (awk.h:2156)
==731128==    by 0x4066564: estrdup (main.c:1451)
==731128==    by 0x400D69D: save_argv (main.c:1498)
==731128==    by 0x400D69D: parse_args (main.c:1554)
==731128==    by 0x400D69D: main (main.c:294)
==731128== 
==731128== 18 bytes in 3 blocks are still reachable in loss record 70 of 317
==731128==    at 0x497D858: malloc (vg_replace_malloc.c:447)
==731128==    by 0x4069457: emalloc_real (awk.h:2156)
==731128==    by 0x4069457: make_str_node (node.c:422)
==731128==    by 0x400E9C6: load_procinfo_argv (main.c:991)
==731128==    by 0x400E9C6: load_procinfo (main.c:1093)
==731128==    by 0x400E9C6: init_vars (main.c:878)
==731128==    by 0x400E9C6: main (main.c:403)
==731128== 
==731128== 24 bytes in 1 blocks are still reachable in loss record 71 of 317
==731128==    at 0x4984E43: calloc (vg_replace_malloc.c:1678)
==731128==    by 0x405E8B2: ezalloc_real (awk.h:2174)
==731128==    by 0x405E8B2: init_awkpath (io.c:2996)
==731128==    by 0x405E8B2: do_find_source (io.c:3068)
==731128==    by 0x4065061: find_source (io.c:3098)
==731128==    by 0x40189F8: add_srcfile (awkgram.y:2864)
==731128==    by 0x400D7E5: parse_args (main.c:1585)
==731128==    by 0x400D7E5: main (main.c:294)
==731128== 
==731128== 24 bytes in 1 blocks are still reachable in loss record 72 of 317
==731128==    at 0x497D858: malloc (vg_replace_malloc.c:447)
==731128==    by 0x4069457: emalloc_real (awk.h:2156)
==731128==    by 0x4069457: make_str_node (node.c:422)
==731128==    by 0x4054B87: update_PROCINFO_str.part.0 (field.c:1662)
==731128==    by 0x400E730: load_procinfo (main.c:1022)
==731128==    by 0x400E730: init_vars (main.c:878)
==731128==    by 0x400E730: main (main.c:403)
==731128== 
==731128== 24 bytes in 3 blocks are still reachable in loss record 73 of 317
==731128==    at 0x497D858: malloc (vg_replace_malloc.c:447)
==731128==    by 0x4083389: csets_emplace_back (minrx.c:1122)
==731128==    by 0x40852DA: chr (minrx.c:1621)
==731128==    by 0x40852DA: rep (minrx.c:1514)
==731128==    by 0x4086191: cat (minrx.c:1408)
==731128==    by 0x4086268: alt (minrx.c:1333)
==731128==    by 0x4086BB0: compile.constprop.0 (minrx.c:1903)
==731128==    by 0x4089B38: minrx_regncomp (minrx.c:2490)
==731128==    by 0x407427D: make_regexp (re.c:355)
==731128==    by 0x40753B5: re_cache_get (re.c:556)
==731128==    by 0x40753B5: re_update (re.c:610)
==731128==    by 0x4030F2C: do_match (builtin.c:1596)
==731128==    by 0x404FC3C: r_interpret (interpret.h:1114)
==731128==    by 0x400EDDE: main (main.c:532)
==731128== 
==731128== 24 bytes in 12 blocks are still reachable in loss record 74 of 317
==731128==    at 0x497D858: malloc (vg_replace_malloc.c:447)
==731128==    by 0x40686AD: emalloc_real (awk.h:2156)
==731128==    by 0x40686AD: r_format_val.part.0 (node.c:299)
==731128==    by 0x4010E64: force_string_fmt (awk.h:2058)
==731128==    by 0x4010E64: concat_exp (array.c:419)
==731128==    by 0x404F639: r_interpret (interpret.h:291)
==731128==    by 0x400EDDE: main (main.c:532)
==731128== 
==731128== 26 bytes in 1 blocks are still reachable in loss record 75 of 317
==731128==    at 0x497D858: malloc (vg_replace_malloc.c:447)
==731128==    by 0x405E9A7: emalloc_real (awk.h:2156)
==731128==    by 0x405E9A7: init_awkpath (io.c:3026)
==731128==    by 0x405E9A7: do_find_source (io.c:3068)
==731128==    by 0x4065061: find_source (io.c:3098)
==731128==    by 0x40189F8: add_srcfile (awkgram.y:2864)
==731128==    by 0x400D7E5: parse_args (main.c:1585)
==731128==    by 0x400D7E5: main (main.c:294)
==731128== 
==731128== 27 bytes in 3 blocks are still reachable in loss record 76 of 317
==731128==    at 0x497D858: malloc (vg_replace_malloc.c:447)
==731128==    by 0x4069457: emalloc_real (awk.h:2156)
==731128==    by 0x4069457: make_str_node (node.c:422)
==731128==    by 0x4077055: install (symbol.c:399)
==731128==    by 0x401CA25: yyparse (awkgram.y:2156)
==731128==    by 0x402073A: parse_program (awkgram.y:2797)
==731128==    by 0x400EAD8: main (main.c:483)
==731128== 
==731128== 27 bytes in 13 blocks are still reachable in loss record 77 of 317
==731128==    at 0x497D858: malloc (vg_replace_malloc.c:447)
==731128==    by 0x40686AD: emalloc_real (awk.h:2156)
==731128==    by 0x40686AD: r_format_val.part.0 (node.c:299)
==731128==    by 0x4010E64: force_string_fmt (awk.h:2058)
==731128==    by 0x4010E64: concat_exp (array.c:419)
==731128==    by 0x404EEC8: r_interpret (interpret.h:416)
==731128==    by 0x400EDDE: main (main.c:532)
==731128== 
==731128== 31 bytes in 2 blocks are still reachable in loss record 78 of 317
==731128==    at 0x497D858: malloc (vg_replace_malloc.c:447)
==731128==    by 0x4069457: emalloc_real (awk.h:2156)
==731128==    by 0x4069457: make_str_node (node.c:422)
==731128==    by 0x4077055: install (symbol.c:399)
==731128==    by 0x4020040: install_function (awkgram.y:5083)
==731128==    by 0x4020040: yyparse (awkgram.y:546)
==731128==    by 0x402073A: parse_program (awkgram.y:2797)
==731128==    by 0x400EAD8: main (main.c:483)
==731128== 
==731128== 32 bytes in 1 blocks are still reachable in loss record 79 of 317
==731128==    at 0x497D858: malloc (vg_replace_malloc.c:447)
==731128==    by 0x4066202: emalloc_real.constprop.0 (awk.h:2156)
==731128==    by 0x400D66C: save_argv (main.c:1496)
==731128==    by 0x400D66C: parse_args (main.c:1554)
==731128==    by 0x400D66C: main (main.c:294)
==731128== 
==731128== 32 bytes in 1 blocks are still reachable in loss record 80 of 317
==731128==    at 0x497D858: malloc (vg_replace_malloc.c:447)
==731128==    by 0x4045E57: emalloc_real (awk.h:2156)
==731128==    by 0x4045E57: fmt_index (eval.c:913)
==731128==    by 0x4046F46: set_CONVFMT (eval.c:956)
==731128==    by 0x400D9A3: init_vars (main.c:873)
==731128==    by 0x400D9A3: main (main.c:403)
==731128== 
==731128== 32 bytes in 1 blocks are still reachable in loss record 81 of 317
==731128==    at 0x498507F: realloc (vg_replace_malloc.c:1804)
==731128==    by 0x40833D3: csets_emplace_back (minrx.c:1130)
==731128==    by 0x40852DA: chr (minrx.c:1621)
==731128==    by 0x40852DA: rep (minrx.c:1514)
==731128==    by 0x4086191: cat (minrx.c:1408)
==731128==    by 0x4086345: alt (minrx.c:1377)
==731128==    by 0x40851A5: chr (minrx.c:1741)
==731128==    by 0x40851A5: rep (minrx.c:1514)
==731128==    by 0x4086191: cat (minrx.c:1408)
==731128==    by 0x4086268: alt (minrx.c:1333)
==731128==    by 0x4086BB0: compile.constprop.0 (minrx.c:1903)
==731128==    by 0x4089B38: minrx_regncomp (minrx.c:2490)
==731128==    by 0x407427D: make_regexp (re.c:355)
==731128==    by 0x40753B5: re_cache_get (re.c:556)
==731128==    by 0x40753B5: re_update (re.c:610)
==731128== 
==731128== 35 bytes in 1 blocks are still reachable in loss record 82 of 317
==731128==    at 0x497D858: malloc (vg_replace_malloc.c:447)
==731128==    by 0x405E673: emalloc_real (awk.h:2156)
==731128==    by 0x405E673: do_find_source (io.c:3070)
==731128==    by 0x4065061: find_source (io.c:3098)
==731128==    by 0x40189F8: add_srcfile (awkgram.y:2864)
==731128==    by 0x400D7E5: parse_args (main.c:1585)
==731128==    by 0x400D7E5: main (main.c:294)
==731128== 
==731128== 37 bytes in 1 blocks are still reachable in loss record 83 of 317
==731128==    at 0x498507F: realloc (vg_replace_malloc.c:1804)
==731128==    by 0x4074630: erealloc_real (awk.h:2192)
==731128==    by 0x4074630: make_regexp (re.c:101)
==731128==    by 0x40753B5: re_cache_get (re.c:556)
==731128==    by 0x40753B5: re_update (re.c:610)
==731128==    by 0x4030F2C: do_match (builtin.c:1596)
==731128==    by 0x404FC3C: r_interpret (interpret.h:1114)
==731128==    by 0x400EDDE: main (main.c:532)
==731128== 
==731128== 46 bytes in 11 blocks are still reachable in loss record 84 of 317
==731128==    at 0x497D858: malloc (vg_replace_malloc.c:447)
==731128==    by 0x4069457: emalloc_real (awk.h:2156)
==731128==    by 0x4069457: make_str_node (node.c:422)
==731128==    by 0x400D984: init_vars (main.c:867)
==731128==    by 0x400D984: main (main.c:403)
==731128== 
==731128== 48 bytes in 1 blocks are still reachable in loss record 85 of 317
==731128==    at 0x497D858: malloc (vg_replace_malloc.c:447)
==731128==    by 0x4068FEB: emalloc_real (awk.h:2156)
==731128==    by 0x4068FEB: r_getblock (node.c:1164)
==731128==    by 0x40768D9: str_lookup (str_array.c:214)
==731128==    by 0x407708C: assoc_set (awk.h:2220)
==731128==    by 0x407708C: install (symbol.c:430)
==731128==    by 0x4077369: install_symbol (symbol.c:173)
==731128==    by 0x4077369: init_the_tables (symbol.c:77)
==731128==    by 0x400D60A: main (main.c:287)
==731128== 
==731128== 48 bytes in 1 blocks are still reachable in loss record 86 of 317
==731128==    at 0x497D858: malloc (vg_replace_malloc.c:447)
==731128==    by 0x4068FEB: emalloc_real (awk.h:2156)
==731128==    by 0x4068FEB: r_getblock (node.c:1164)
==731128==    by 0x40768D9: str_lookup (str_array.c:214)
==731128==    by 0x407708C: assoc_set (awk.h:2220)
==731128==    by 0x407708C: install (symbol.c:430)
==731128==    by 0x4077390: install_symbol (symbol.c:173)
==731128==    by 0x4077390: init_the_tables (symbol.c:78)
==731128==    by 0x400D60A: main (main.c:287)
==731128== 
==731128== 48 bytes in 1 blocks are still reachable in loss record 87 of 317
==731128==    at 0x497D858: malloc (vg_replace_malloc.c:447)
==731128==    by 0x4068FEB: emalloc_real (awk.h:2156)
==731128==    by 0x4068FEB: r_getblock (node.c:1164)
==731128==    by 0x40768D9: str_lookup (str_array.c:214)
==731128==    by 0x407708C: assoc_set (awk.h:2220)
==731128==    by 0x407708C: install (symbol.c:430)
==731128==    by 0x400E703: load_procinfo (main.c:1019)
==731128==    by 0x400E703: init_vars (main.c:878)
==731128==    by 0x400E703: main (main.c:403)
==731128== 
==731128== 48 bytes in 1 blocks are still reachable in loss record 88 of 317
==731128==    at 0x497D858: malloc (vg_replace_malloc.c:447)
==731128==    by 0x4068FEB: emalloc_real (awk.h:2156)
==731128==    by 0x4068FEB: r_getblock (node.c:1164)
==731128==    by 0x40768D9: str_lookup (str_array.c:214)
==731128==    by 0x4054B9E: assoc_set (awk.h:2220)
==731128==    by 0x4054B9E: update_PROCINFO_str.part.0 (field.c:1662)
==731128==    by 0x400E71D: load_procinfo (main.c:1021)
==731128==    by 0x400E71D: init_vars (main.c:878)
==731128==    by 0x400E71D: main (main.c:403)
==731128== 
==731128== 48 bytes in 1 blocks are still reachable in loss record 89 of 317
==731128==    at 0x497D858: malloc (vg_replace_malloc.c:447)
==731128==    by 0x4068FEB: emalloc_real (awk.h:2156)
==731128==    by 0x4068FEB: r_getblock (node.c:1164)
==731128==    by 0x40768D9: str_lookup (str_array.c:214)
==731128==    by 0x4054B9E: assoc_set (awk.h:2220)
==731128==    by 0x4054B9E: update_PROCINFO_str.part.0 (field.c:1662)
==731128==    by 0x400E730: load_procinfo (main.c:1022)
==731128==    by 0x400E730: init_vars (main.c:878)
==731128==    by 0x400E730: main (main.c:403)
==731128== 
==731128== 48 bytes in 1 blocks are still reachable in loss record 90 of 317
==731128==    at 0x497D858: malloc (vg_replace_malloc.c:447)
==731128==    by 0x4068FEB: emalloc_real (awk.h:2156)
==731128==    by 0x4068FEB: r_getblock (node.c:1164)
==731128==    by 0x40768D9: str_lookup (str_array.c:214)
==731128==    by 0x4054B9E: assoc_set (awk.h:2220)
==731128==    by 0x4054B9E: update_PROCINFO_str.part.0 (field.c:1662)
==731128==    by 0x400E743: load_procinfo (main.c:1023)
==731128==    by 0x400E743: init_vars (main.c:878)
==731128==    by 0x400E743: main (main.c:403)
==731128== 
==731128== 48 bytes in 1 blocks are still reachable in loss record 91 of 317
==731128==    at 0x497D858: malloc (vg_replace_malloc.c:447)
==731128==    by 0x4068FEB: emalloc_real (awk.h:2156)
==731128==    by 0x4068FEB: r_getblock (node.c:1164)
==731128==    by 0x40768D9: str_lookup (str_array.c:214)
==731128==    by 0x405802A: assoc_set (awk.h:2220)
==731128==    by 0x405802A: update_PROCINFO_num (field.c:1675)
==731128==    by 0x400E757: load_procinfo (main.c:1035)
==731128==    by 0x400E757: init_vars (main.c:878)
==731128==    by 0x400E757: main (main.c:403)
==731128== 
==731128== 48 bytes in 1 blocks are still reachable in loss record 92 of 317
==731128==    at 0x497D858: malloc (vg_replace_malloc.c:447)
==731128==    by 0x4068FEB: emalloc_real (awk.h:2156)
==731128==    by 0x4068FEB: r_getblock (node.c:1164)
==731128==    by 0x40768D9: str_lookup (str_array.c:214)
==731128==    by 0x405802A: assoc_set (awk.h:2220)
==731128==    by 0x405802A: update_PROCINFO_num (field.c:1675)
==731128==    by 0x400E76B: load_procinfo (main.c:1036)
==731128==    by 0x400E76B: init_vars (main.c:878)
==731128==    by 0x400E76B: main (main.c:403)
==731128== 
==731128== 48 bytes in 1 blocks are still reachable in loss record 93 of 317
==731128==    at 0x497D858: malloc (vg_replace_malloc.c:447)
==731128==    by 0x4068FEB: emalloc_real (awk.h:2156)
==731128==    by 0x4068FEB: r_getblock (node.c:1164)
==731128==    by 0x40768D9: str_lookup (str_array.c:214)
==731128==    by 0x405802A: assoc_set (awk.h:2220)
==731128==    by 0x405802A: update_PROCINFO_num (field.c:1675)
==731128==    by 0x400E784: load_procinfo (main.c:1046)
==731128==    by 0x400E784: init_vars (main.c:878)
==731128==    by 0x400E784: main (main.c:403)
==731128== 
==731128== 48 bytes in 1 blocks are still reachable in loss record 94 of 317
==731128==    at 0x497D858: malloc (vg_replace_malloc.c:447)
==731128==    by 0x4068FEB: emalloc_real (awk.h:2156)
==731128==    by 0x4068FEB: r_getblock (node.c:1164)
==731128==    by 0x40768D9: str_lookup (str_array.c:214)
==731128==    by 0x405802A: assoc_set (awk.h:2220)
==731128==    by 0x405802A: update_PROCINFO_num (field.c:1675)
==731128==    by 0x400E79D: load_procinfo (main.c:1055)
==731128==    by 0x400E79D: init_vars (main.c:878)
==731128==    by 0x400E79D: main (main.c:403)
==731128== 
==731128== 48 bytes in 1 blocks are still reachable in loss record 95 of 317
==731128==    at 0x497D858: malloc (vg_replace_malloc.c:447)
==731128==    by 0x4068FEB: emalloc_real (awk.h:2156)
==731128==    by 0x4068FEB: r_getblock (node.c:1164)
==731128==    by 0x40768D9: str_lookup (str_array.c:214)
==731128==    by 0x405802A: assoc_set (awk.h:2220)
==731128==    by 0x405802A: update_PROCINFO_num (field.c:1675)
==731128==    by 0x400E7B6: load_procinfo (main.c:1058)
==731128==    by 0x400E7B6: init_vars (main.c:878)
==731128==    by 0x400E7B6: main (main.c:403)
==731128== 
==731128== 48 bytes in 1 blocks are still reachable in loss record 96 of 317
==731128==    at 0x497D858: malloc (vg_replace_malloc.c:447)
==731128==    by 0x4068FEB: emalloc_real (awk.h:2156)
==731128==    by 0x4068FEB: r_getblock (node.c:1164)
==731128==    by 0x40768D9: str_lookup (str_array.c:214)
==731128==    by 0x405802A: assoc_set (awk.h:2220)
==731128==    by 0x405802A: update_PROCINFO_num (field.c:1675)
==731128==    by 0x400E7D2: load_procinfo (main.c:1061)
==731128==    by 0x400E7D2: init_vars (main.c:878)
==731128==    by 0x400E7D2: main (main.c:403)
==731128== 
==731128== 48 bytes in 1 blocks are still reachable in loss record 97 of 317
==731128==    at 0x497D858: malloc (vg_replace_malloc.c:447)
==731128==    by 0x4068FEB: emalloc_real (awk.h:2156)
==731128==    by 0x4068FEB: r_getblock (node.c:1164)
==731128==    by 0x40768D9: str_lookup (str_array.c:214)
==731128==    by 0x405802A: assoc_set (awk.h:2220)
==731128==    by 0x405802A: update_PROCINFO_num (field.c:1675)
==731128==    by 0x400E7EE: load_procinfo (main.c:1064)
==731128==    by 0x400E7EE: init_vars (main.c:878)
==731128==    by 0x400E7EE: main (main.c:403)
==731128== 
==731128== 48 bytes in 1 blocks are still reachable in loss record 98 of 317
==731128==    at 0x497D858: malloc (vg_replace_malloc.c:447)
==731128==    by 0x4068FEB: emalloc_real (awk.h:2156)
==731128==    by 0x4068FEB: r_getblock (node.c:1164)
==731128==    by 0x40768D9: str_lookup (str_array.c:214)
==731128==    by 0x405802A: assoc_set (awk.h:2220)
==731128==    by 0x405802A: update_PROCINFO_num (field.c:1675)
==731128==    by 0x400E80A: load_procinfo (main.c:1067)
==731128==    by 0x400E80A: init_vars (main.c:878)
==731128==    by 0x400E80A: main (main.c:403)
==731128== 
==731128== 48 bytes in 1 blocks are still reachable in loss record 99 of 317
==731128==    at 0x497D858: malloc (vg_replace_malloc.c:447)
==731128==    by 0x4068FEB: emalloc_real (awk.h:2156)
==731128==    by 0x4068FEB: r_getblock (node.c:1164)
==731128==    by 0x40768D9: str_lookup (str_array.c:214)
==731128==    by 0x405802A: assoc_set (awk.h:2220)
==731128==    by 0x405802A: update_PROCINFO_num (field.c:1675)
==731128==    by 0x400E826: load_procinfo (main.c:1070)
==731128==    by 0x400E826: init_vars (main.c:878)
==731128==    by 0x400E826: main (main.c:403)
==731128== 
==731128== 48 bytes in 1 blocks are still reachable in loss record 100 of 317
==731128==    at 0x497D858: malloc (vg_replace_malloc.c:447)
==731128==    by 0x4068FEB: emalloc_real (awk.h:2156)
==731128==    by 0x4068FEB: r_getblock (node.c:1164)
==731128==    by 0x40768D9: str_lookup (str_array.c:214)
==731128==    by 0x4054B9E: assoc_set (awk.h:2220)
==731128==    by 0x4054B9E: update_PROCINFO_str.part.0 (field.c:1662)
==731128==    by 0x400E83A: load_procinfo (main.c:1072)
==731128==    by 0x400E83A: init_vars (main.c:878)
==731128==    by 0x400E83A: main (main.c:403)
==731128== 
==731128== 48 bytes in 1 blocks are still reachable in loss record 101 of 317
==731128==    at 0x497D858: malloc (vg_replace_malloc.c:447)
==731128==    by 0x4068FEB: emalloc_real (awk.h:2156)
==731128==    by 0x4068FEB: r_getblock (node.c:1164)
==731128==    by 0x40768D9: str_lookup (str_array.c:214)
==731128==    by 0x4054B9E: assoc_set (awk.h:2220)
==731128==    by 0x4054B9E: update_PROCINFO_str.part.0 (field.c:1662)
==731128==    by 0x400E8D2: load_procinfo (main.c:1087)
==731128==    by 0x400E8D2: init_vars (main.c:878)
==731128==    by 0x400E8D2: main (main.c:403)
==731128== 
==731128== 48 bytes in 1 blocks are still reachable in loss record 102 of 317
==731128==    at 0x497D858: malloc (vg_replace_malloc.c:447)
==731128==    by 0x4068FEB: emalloc_real (awk.h:2156)
==731128==    by 0x4068FEB: r_getblock (node.c:1164)
==731128==    by 0x40768D9: str_lookup (str_array.c:214)
==731128==    by 0x40662E6: assoc_set (awk.h:2220)
==731128==    by 0x400EC2D: load_procinfo_argv (main.c:997)
==731128==    by 0x400EC2D: load_procinfo (main.c:1093)
==731128==    by 0x400EC2D: init_vars (main.c:878)
==731128==    by 0x400EC2D: main (main.c:403)
==731128== 
==731128== 48 bytes in 1 blocks are still reachable in loss record 103 of 317
==731128==    at 0x497D858: malloc (vg_replace_malloc.c:447)
==731128==    by 0x4068FEB: emalloc_real (awk.h:2156)
==731128==    by 0x4068FEB: r_getblock (node.c:1164)
==731128==    by 0x40768D9: str_lookup (str_array.c:214)
==731128==    by 0x407708C: assoc_set (awk.h:2220)
==731128==    by 0x407708C: install (symbol.c:430)
==731128==    by 0x400E038: load_environ (main.c:930)
==731128==    by 0x400E038: init_vars (main.c:879)
==731128==    by 0x400E038: main (main.c:403)
==731128== 
==731128== 48 bytes in 1 blocks are still reachable in loss record 104 of 317
==731128==    at 0x497D858: malloc (vg_replace_malloc.c:447)
==731128==    by 0x4068FEB: emalloc_real (awk.h:2156)
==731128==    by 0x4068FEB: r_getblock (node.c:1164)
==731128==    by 0x40768D9: str_lookup (str_array.c:214)
==731128==    by 0x407708C: assoc_set (awk.h:2220)
==731128==    by 0x407708C: install (symbol.c:430)
==731128==    by 0x400E414: init_args (main.c:764)
==731128==    by 0x400E414: main (main.c:470)
==731128== 
==731128== 48 bytes in 1 blocks are still reachable in loss record 105 of 317
==731128==    at 0x497D858: malloc (vg_replace_malloc.c:447)
==731128==    by 0x4068FEB: emalloc_real (awk.h:2156)
==731128==    by 0x4068FEB: r_getblock (node.c:1164)
==731128==    by 0x40768D9: str_lookup (str_array.c:214)
==731128==    by 0x407708C: assoc_set (awk.h:2220)
==731128==    by 0x407708C: install (symbol.c:430)
==731128==    by 0x400EA90: init_args (main.c:791)
==731128==    by 0x400EA90: main (main.c:470)
==731128== 
==731128== 48 bytes in 1 blocks are still reachable in loss record 106 of 317
==731128==    at 0x497D858: malloc (vg_replace_malloc.c:447)
==731128==    by 0x4068FEB: emalloc_real (awk.h:2156)
==731128==    by 0x4068FEB: r_getblock (node.c:1164)
==731128==    by 0x40768D9: str_lookup (str_array.c:214)
==731128==    by 0x4077FEA: load_symbols (symbol.c:664)
==731128==    by 0x400ED85: main (main.c:499)
==731128== 
==731128== 48 bytes in 1 blocks are still reachable in loss record 107 of 317
==731128==    at 0x497D858: malloc (vg_replace_malloc.c:447)
==731128==    by 0x4068FEB: emalloc_real (awk.h:2156)
==731128==    by 0x4068FEB: r_getblock (node.c:1164)
==731128==    by 0x40768D9: str_lookup (str_array.c:214)
==731128==    by 0x405802A: assoc_set (awk.h:2220)
==731128==    by 0x405802A: update_PROCINFO_num (field.c:1675)
==731128==    by 0x40473B3: update_ERRNO_int (eval.c:1029)
==731128==    by 0x40473B3: update_ERRNO_int (eval.c:1022)
==731128==    by 0x40613B8: nextfile (io.c:515)
==731128==    by 0x404ECBF: r_interpret (interpret.h:1421)
==731128==    by 0x400EDDE: main (main.c:532)
==731128== 
==731128== 48 bytes in 6 blocks are still reachable in loss record 108 of 317
==731128==    at 0x497D858: malloc (vg_replace_malloc.c:447)
==731128==    by 0x4086EBA: firstclosure (minrx.c:1834)
==731128==    by 0x4086EBA: compile.constprop.0 (minrx.c:1923)
==731128==    by 0x4089B38: minrx_regncomp (minrx.c:2490)
==731128==    by 0x407427D: make_regexp (re.c:355)
==731128==    by 0x40195EB: make_regnode (awkgram.y:5306)
==731128==    by 0x401D996: yyparse (awkgram.y:584)
==731128==    by 0x402073A: parse_program (awkgram.y:2797)
==731128==    by 0x400EAD8: main (main.c:483)
==731128== 
==731128== 55 bytes in 4 blocks are still reachable in loss record 109 of 317
==731128==    at 0x498507F: realloc (vg_replace_malloc.c:1804)
==731128==    by 0x4044FDD: erealloc_real (awk.h:2192)
==731128==    by 0x4050097: r_interpret (interpret.h:869)
==731128==    by 0x400EDDE: main (main.c:532)
==731128== 
==731128== 60 bytes in 8 blocks are still reachable in loss record 110 of 317
==731128==    at 0x497D858: malloc (vg_replace_malloc.c:447)
==731128==    by 0x4069457: emalloc_real (awk.h:2156)
==731128==    by 0x4069457: make_str_node (node.c:422)
==731128==    by 0x4077055: install (symbol.c:399)
==731128==    by 0x401CBA7: yyparse (awkgram.y:1270)
==731128==    by 0x402073A: parse_program (awkgram.y:2797)
==731128==    by 0x400EAD8: main (main.c:483)
==731128== 
==731128== 62 bytes in 6 blocks are still reachable in loss record 111 of 317
==731128==    at 0x497D858: malloc (vg_replace_malloc.c:447)
==731128==    by 0x4066564: emalloc_real (awk.h:2156)
==731128==    by 0x4066564: estrdup (main.c:1451)
==731128==    by 0x4019CDE: yylex (awkgram.y:3684)
==731128==    by 0x401C83C: yyparse (awkgram.c:1879)
==731128==    by 0x402073A: parse_program (awkgram.y:2797)
==731128==    by 0x400EAD8: main (main.c:483)
==731128== 
==731128== 62 bytes in 17 blocks are still reachable in loss record 112 of 317
==731128==    at 0x497D858: malloc (vg_replace_malloc.c:447)
==731128==    by 0x4066564: emalloc_real (awk.h:2156)
==731128==    by 0x4066564: estrdup (main.c:1451)
==731128==    by 0x401B5EC: yylex (awkgram.y:4493)
==731128==    by 0x401C83C: yyparse (awkgram.c:1879)
==731128==    by 0x402073A: parse_program (awkgram.y:2797)
==731128==    by 0x400EAD8: main (main.c:483)
==731128== 
==731128== 64 bytes in 1 blocks are still reachable in loss record 113 of 317
==731128==    at 0x497D858: malloc (vg_replace_malloc.c:447)
==731128==    by 0x408333D: charset_create (charset.c:9027)
==731128==    by 0x408333D: cset_construct (minrx.c:883)
==731128==    by 0x408333D: csets_emplace_back (minrx.c:1136)
==731128==    by 0x40852DA: chr (minrx.c:1621)
==731128==    by 0x40852DA: rep (minrx.c:1514)
==731128==    by 0x4086191: cat (minrx.c:1408)
==731128==    by 0x4086268: alt (minrx.c:1333)
==731128==    by 0x4086BB0: compile.constprop.0 (minrx.c:1903)
==731128==    by 0x4089B38: minrx_regncomp (minrx.c:2490)
==731128==    by 0x407427D: make_regexp (re.c:355)
==731128==    by 0x40195EB: make_regnode (awkgram.y:5306)
==731128==    by 0x401D996: yyparse (awkgram.y:584)
==731128==    by 0x402073A: parse_program (awkgram.y:2797)
==731128==    by 0x400EAD8: main (main.c:483)
==731128== 
==731128== 64 bytes in 1 blocks are still reachable in loss record 114 of 317
==731128==    at 0x497D858: malloc (vg_replace_malloc.c:447)
==731128==    by 0x408333D: charset_create (charset.c:9027)
==731128==    by 0x408333D: cset_construct (minrx.c:883)
==731128==    by 0x408333D: csets_emplace_back (minrx.c:1136)
==731128==    by 0x40852DA: chr (minrx.c:1621)
==731128==    by 0x40852DA: rep (minrx.c:1514)
==731128==    by 0x4086100: cat (minrx.c:1406)
==731128==    by 0x4086268: alt (minrx.c:1333)
==731128==    by 0x40851A5: chr (minrx.c:1741)
==731128==    by 0x40851A5: rep (minrx.c:1514)
==731128==    by 0x4086191: cat (minrx.c:1408)
==731128==    by 0x4086268: alt (minrx.c:1333)
==731128==    by 0x4086BB0: compile.constprop.0 (minrx.c:1903)
==731128==    by 0x4089B38: minrx_regncomp (minrx.c:2490)
==731128==    by 0x407427D: make_regexp (re.c:355)
==731128==    by 0x40753B5: re_cache_get (re.c:556)
==731128==    by 0x40753B5: re_update (re.c:610)
==731128== 
==731128== 64 bytes in 1 blocks are still reachable in loss record 115 of 317
==731128==    at 0x497D858: malloc (vg_replace_malloc.c:447)
==731128==    by 0x408333D: charset_create (charset.c:9027)
==731128==    by 0x408333D: cset_construct (minrx.c:883)
==731128==    by 0x408333D: csets_emplace_back (minrx.c:1136)
==731128==    by 0x40852DA: chr (minrx.c:1621)
==731128==    by 0x40852DA: rep (minrx.c:1514)
==731128==    by 0x4086191: cat (minrx.c:1408)
==731128==    by 0x4086345: alt (minrx.c:1377)
==731128==    by 0x40851A5: chr (minrx.c:1741)
==731128==    by 0x40851A5: rep (minrx.c:1514)
==731128==    by 0x4086191: cat (minrx.c:1408)
==731128==    by 0x4086268: alt (minrx.c:1333)
==731128==    by 0x4086BB0: compile.constprop.0 (minrx.c:1903)
==731128==    by 0x4089B38: minrx_regncomp (minrx.c:2490)
==731128==    by 0x407427D: make_regexp (re.c:355)
==731128==    by 0x40753B5: re_cache_get (re.c:556)
==731128==    by 0x40753B5: re_update (re.c:610)
==731128== 
==731128== 64 bytes in 1 blocks are still reachable in loss record 116 of 317
==731128==    at 0x497D858: malloc (vg_replace_malloc.c:447)
==731128==    by 0x4084391: charset_create (charset.c:9027)
==731128==    by 0x4084391: charset_invert (charset.c:9139)
==731128==    by 0x4084391: cset_invert (minrx.c:910)
==731128==    by 0x4085F1F: chr (minrx.c:1631)
==731128==    by 0x4085F1F: rep (minrx.c:1514)
==731128==    by 0x4086191: cat (minrx.c:1408)
==731128==    by 0x4086268: alt (minrx.c:1333)
==731128==    by 0x4086BB0: compile.constprop.0 (minrx.c:1903)
==731128==    by 0x4089B38: minrx_regncomp (minrx.c:2490)
==731128==    by 0x407427D: make_regexp (re.c:355)
==731128==    by 0x40753B5: re_cache_get (re.c:556)
==731128==    by 0x40753B5: re_update (re.c:610)
==731128==    by 0x4030F2C: do_match (builtin.c:1596)
==731128==    by 0x404FC3C: r_interpret (interpret.h:1114)
==731128==    by 0x400EDDE: main (main.c:532)
==731128== 
==731128== 71 bytes in 6 blocks are still reachable in loss record 117 of 317
==731128==    at 0x497D858: malloc (vg_replace_malloc.c:447)
==731128==    by 0x4069457: emalloc_real (awk.h:2156)
==731128==    by 0x4069457: make_str_node (node.c:422)
==731128==    by 0x4077055: install (symbol.c:399)
==731128==    by 0x401E274: install_function (awkgram.y:5083)
==731128==    by 0x401E274: yyparse (awkgram.y:546)
==731128==    by 0x402073A: parse_program (awkgram.y:2797)
==731128==    by 0x400EAD8: main (main.c:483)
==731128== 
==731128== 72 bytes in 1 blocks are still reachable in loss record 118 of 317
==731128==    at 0x497D858: malloc (vg_replace_malloc.c:447)
==731128==    by 0x4020D1E: emalloc_real (awk.h:2156)
==731128==    by 0x4020D1E: parse_program (awkgram.y:2810)
==731128==    by 0x400EAD8: main (main.c:483)
==731128== 
==731128== 78 bytes in 30 blocks are still reachable in loss record 119 of 317
==731128==    at 0x497D858: malloc (vg_replace_malloc.c:447)
==731128==    by 0x40686AD: emalloc_real (awk.h:2156)
==731128==    by 0x40686AD: r_format_val.part.0 (node.c:299)
==731128==    by 0x4010E64: force_string_fmt (awk.h:2058)
==731128==    by 0x4010E64: concat_exp (array.c:419)
==731128==    by 0x404F33C: r_interpret (interpret.h:984)
==731128==    by 0x400EDDE: main (main.c:532)
==731128== 
==731128== 80 bytes in 1 blocks are still reachable in loss record 120 of 317
==731128==    at 0x497D858: malloc (vg_replace_malloc.c:447)
==731128==    by 0x4082141: add_range_to_set (charset.c:3438)
==731128==    by 0x4084670: charset_add_range (charset.c:9090)
==731128==    by 0x4084670: cset_set_range (minrx.c:920)
==731128==    by 0x4084670: cset_parse.isra.0 (minrx.c:1041)
==731128==    by 0x40852FC: chr (minrx.c:1622)
==731128==    by 0x40852FC: rep (minrx.c:1514)
==731128==    by 0x4086191: cat (minrx.c:1408)
==731128==    by 0x4086268: alt (minrx.c:1333)
==731128==    by 0x4086BB0: compile.constprop.0 (minrx.c:1903)
==731128==    by 0x4089B38: minrx_regncomp (minrx.c:2490)
==731128==    by 0x407427D: make_regexp (re.c:355)
==731128==    by 0x40195EB: make_regnode (awkgram.y:5306)
==731128==    by 0x401D996: yyparse (awkgram.y:584)
==731128==    by 0x402073A: parse_program (awkgram.y:2797)
==731128== 
==731128== 80 bytes in 1 blocks are still reachable in loss record 121 of 317
==731128==    at 0x497D858: malloc (vg_replace_malloc.c:447)
==731128==    by 0x4082141: add_range_to_set (charset.c:3438)
==731128==    by 0x4084670: charset_add_range (charset.c:9090)
==731128==    by 0x4084670: cset_set_range (minrx.c:920)
==731128==    by 0x4084670: cset_parse.isra.0 (minrx.c:1041)
==731128==    by 0x40852FC: chr (minrx.c:1622)
==731128==    by 0x40852FC: rep (minrx.c:1514)
==731128==    by 0x4086191: cat (minrx.c:1408)
==731128==    by 0x4086345: alt (minrx.c:1377)
==731128==    by 0x40851A5: chr (minrx.c:1741)
==731128==    by 0x40851A5: rep (minrx.c:1514)
==731128==    by 0x4086191: cat (minrx.c:1408)
==731128==    by 0x4086268: alt (minrx.c:1333)
==731128==    by 0x4086BB0: compile.constprop.0 (minrx.c:1903)
==731128==    by 0x4089B38: minrx_regncomp (minrx.c:2490)
==731128==    by 0x407427D: make_regexp (re.c:355)
==731128== 
==731128== 80 bytes in 1 blocks are still reachable in loss record 122 of 317
==731128==    at 0x497D858: malloc (vg_replace_malloc.c:447)
==731128==    by 0x4082141: add_range_to_set (charset.c:3438)
==731128==    by 0x40844CE: charset_invert (charset.c:9146)
==731128==    by 0x40844CE: cset_invert (minrx.c:910)
==731128==    by 0x4085F1F: chr (minrx.c:1631)
==731128==    by 0x4085F1F: rep (minrx.c:1514)
==731128==    by 0x4086191: cat (minrx.c:1408)
==731128==    by 0x4086268: alt (minrx.c:1333)
==731128==    by 0x4086BB0: compile.constprop.0 (minrx.c:1903)
==731128==    by 0x4089B38: minrx_regncomp (minrx.c:2490)
==731128==    by 0x407427D: make_regexp (re.c:355)
==731128==    by 0x40753B5: re_cache_get (re.c:556)
==731128==    by 0x40753B5: re_update (re.c:610)
==731128==    by 0x4030F2C: do_match (builtin.c:1596)
==731128==    by 0x404FC3C: r_interpret (interpret.h:1114)
==731128== 
==731128== 80 bytes in 3 blocks are still reachable in loss record 123 of 317
==731128==    at 0x497D858: malloc (vg_replace_malloc.c:447)
==731128==    by 0x4082B5F: charset_merge.part.0 (charset.c:9394)
==731128==    by 0x4086FDE: charset_merge (charset.c:9361)
==731128==    by 0x4086FDE: cset_merge (minrx.c:901)
==731128==    by 0x4086FDE: firstclosure (minrx.c:1843)
==731128==    by 0x4086FDE: compile.constprop.0 (minrx.c:1923)
==731128==    by 0x4089B38: minrx_regncomp (minrx.c:2490)
==731128==    by 0x407427D: make_regexp (re.c:355)
==731128==    by 0x40753B5: re_cache_get (re.c:556)
==731128==    by 0x40753B5: re_update (re.c:610)
==731128==    by 0x4030F2C: do_match (builtin.c:1596)
==731128==    by 0x404FC3C: r_interpret (interpret.h:1114)
==731128==    by 0x400EDDE: main (main.c:532)
==731128== 
==731128== 88 bytes in 1 blocks are still reachable in loss record 124 of 317
==731128==    at 0x497D858: malloc (vg_replace_malloc.c:447)
==731128==    by 0x4068FEB: emalloc_real (awk.h:2156)
==731128==    by 0x4068FEB: r_getblock (node.c:1164)
==731128==    by 0x40693C1: make_str_node (node.c:406)
==731128==    by 0x400D5C7: main (main.c:278)
==731128== 
==731128== 88 bytes in 1 blocks are still reachable in loss record 125 of 317
==731128==    at 0x497D858: malloc (vg_replace_malloc.c:447)
==731128==    by 0x4068FEB: emalloc_real (awk.h:2156)
==731128==    by 0x4068FEB: r_getblock (node.c:1164)
==731128==    by 0x40772C7: init_the_tables (symbol.c:68)
==731128==    by 0x400D60A: main (main.c:287)
==731128== 
==731128== 88 bytes in 1 blocks are still reachable in loss record 126 of 317
==731128==    at 0x497D858: malloc (vg_replace_malloc.c:447)
==731128==    by 0x4068FEB: emalloc_real (awk.h:2156)
==731128==    by 0x4068FEB: r_getblock (node.c:1164)
==731128==    by 0x4077308: init_the_tables (symbol.c:72)
==731128==    by 0x400D60A: main (main.c:287)
==731128== 
==731128== 88 bytes in 1 blocks are still reachable in loss record 127 of 317
==731128==    at 0x497D858: malloc (vg_replace_malloc.c:447)
==731128==    by 0x4068FEB: emalloc_real (awk.h:2156)
==731128==    by 0x4068FEB: r_getblock (node.c:1164)
==731128==    by 0x40693C1: make_str_node (node.c:406)
==731128==    by 0x4077055: install (symbol.c:399)
==731128==    by 0x4077369: install_symbol (symbol.c:173)
==731128==    by 0x4077369: init_the_tables (symbol.c:77)
==731128==    by 0x400D60A: main (main.c:287)
==731128== 
==731128== 88 bytes in 1 blocks are still reachable in loss record 128 of 317
==731128==    at 0x497D858: malloc (vg_replace_malloc.c:447)
==731128==    by 0x4068FEB: emalloc_real (awk.h:2156)
==731128==    by 0x4068FEB: r_getblock (node.c:1164)
==731128==    by 0x4077133: make_symbol (symbol.c:376)
==731128==    by 0x4077133: install (symbol.c:417)
==731128==    by 0x4077369: install_symbol (symbol.c:173)
==731128==    by 0x4077369: init_the_tables (symbol.c:77)
==731128==    by 0x400D60A: main (main.c:287)
==731128== 
==731128== 88 bytes in 1 blocks are still reachable in loss record 129 of 317
==731128==    at 0x497D858: malloc (vg_replace_malloc.c:447)
==731128==    by 0x4068FEB: emalloc_real (awk.h:2156)
==731128==    by 0x4068FEB: r_getblock (node.c:1164)
==731128==    by 0x40693C1: make_str_node (node.c:406)
==731128==    by 0x4077055: install (symbol.c:399)
==731128==    by 0x4077390: install_symbol (symbol.c:173)
==731128==    by 0x4077390: init_the_tables (symbol.c:78)
==731128==    by 0x400D60A: main (main.c:287)
==731128== 
==731128== 88 bytes in 1 blocks are still reachable in loss record 130 of 317
==731128==    at 0x497D858: malloc (vg_replace_malloc.c:447)
==731128==    by 0x4068FEB: emalloc_real (awk.h:2156)
==731128==    by 0x4068FEB: r_getblock (node.c:1164)
==731128==    by 0x4077133: make_symbol (symbol.c:376)
==731128==    by 0x4077133: install (symbol.c:417)
==731128==    by 0x4077390: install_symbol (symbol.c:173)
==731128==    by 0x4077390: init_the_tables (symbol.c:78)
==731128==    by 0x400D60A: main (main.c:287)
==731128== 
==731128== 88 bytes in 1 blocks are still reachable in loss record 131 of 317
==731128==    at 0x497D858: malloc (vg_replace_malloc.c:447)
==731128==    by 0x4068FEB: emalloc_real (awk.h:2156)
==731128==    by 0x4068FEB: r_getblock (node.c:1164)
==731128==    by 0x40693C1: make_str_node (node.c:406)
==731128==    by 0x4077055: install (symbol.c:399)
==731128==    by 0x400E703: load_procinfo (main.c:1019)
==731128==    by 0x400E703: init_vars (main.c:878)
==731128==    by 0x400E703: main (main.c:403)
==731128== 
==731128== 88 bytes in 1 blocks are still reachable in loss record 132 of 317
==731128==    at 0x497D858: malloc (vg_replace_malloc.c:447)
==731128==    by 0x4068FEB: emalloc_real (awk.h:2156)
==731128==    by 0x4068FEB: r_getblock (node.c:1164)
==731128==    by 0x4077133: make_symbol (symbol.c:376)
==731128==    by 0x4077133: install (symbol.c:417)
==731128==    by 0x400E703: load_procinfo (main.c:1019)
==731128==    by 0x400E703: init_vars (main.c:878)
==731128==    by 0x400E703: main (main.c:403)
==731128== 
==731128== 88 bytes in 1 blocks are still reachable in loss record 133 of 317
==731128==    at 0x497D858: malloc (vg_replace_malloc.c:447)
==731128==    by 0x4068FEB: emalloc_real (awk.h:2156)
==731128==    by 0x4068FEB: r_getblock (node.c:1164)
==731128==    by 0x40693C1: make_str_node (node.c:406)
==731128==    by 0x4054B6F: update_PROCINFO_str.part.0 (field.c:1661)
==731128==    by 0x400E71D: load_procinfo (main.c:1021)
==731128==    by 0x400E71D: init_vars (main.c:878)
==731128==    by 0x400E71D: main (main.c:403)
==731128== 
==731128== 88 bytes in 1 blocks are still reachable in loss record 134 of 317
==731128==    at 0x497D858: malloc (vg_replace_malloc.c:447)
==731128==    by 0x4068FEB: emalloc_real (awk.h:2156)
==731128==    by 0x4068FEB: r_getblock (node.c:1164)
==731128==    by 0x40693C1: make_str_node (node.c:406)
==731128==    by 0x4054B87: update_PROCINFO_str.part.0 (field.c:1662)
==731128==    by 0x400E71D: load_procinfo (main.c:1021)
==731128==    by 0x400E71D: init_vars (main.c:878)
==731128==    by 0x400E71D: main (main.c:403)
==731128== 
==731128== 88 bytes in 1 blocks are still reachable in loss record 135 of 317
==731128==    at 0x497D858: malloc (vg_replace_malloc.c:447)
==731128==    by 0x4068FEB: emalloc_real (awk.h:2156)
==731128==    by 0x4068FEB: r_getblock (node.c:1164)
==731128==    by 0x40693C1: make_str_node (node.c:406)
==731128==    by 0x4054B6F: update_PROCINFO_str.part.0 (field.c:1661)
==731128==    by 0x400E730: load_procinfo (main.c:1022)
==731128==    by 0x400E730: init_vars (main.c:878)
==731128==    by 0x400E730: main (main.c:403)
==731128== 
==731128== 88 bytes in 1 blocks are still reachable in loss record 136 of 317
==731128==    at 0x497D858: malloc (vg_replace_malloc.c:447)
==731128==    by 0x4068FEB: emalloc_real (awk.h:2156)
==731128==    by 0x4068FEB: r_getblock (node.c:1164)
==731128==    by 0x40693C1: make_str_node (node.c:406)
==731128==    by 0x4054B87: update_PROCINFO_str.part.0 (field.c:1662)
==731128==    by 0x400E730: load_procinfo (main.c:1022)
==731128==    by 0x400E730: init_vars (main.c:878)
==731128==    by 0x400E730: main (main.c:403)
==731128== 
==731128== 88 bytes in 1 blocks are still reachable in loss record 137 of 317
==731128==    at 0x497D858: malloc (vg_replace_malloc.c:447)
==731128==    by 0x4068FEB: emalloc_real (awk.h:2156)
==731128==    by 0x4068FEB: r_getblock (node.c:1164)
==731128==    by 0x40693C1: make_str_node (node.c:406)
==731128==    by 0x4054B6F: update_PROCINFO_str.part.0 (field.c:1661)
==731128==    by 0x400E743: load_procinfo (main.c:1023)
==731128==    by 0x400E743: init_vars (main.c:878)
==731128==    by 0x400E743: main (main.c:403)
==731128== 
==731128== 88 bytes in 1 blocks are still reachable in loss record 138 of 317
==731128==    at 0x497D858: malloc (vg_replace_malloc.c:447)
==731128==    by 0x4068FEB: emalloc_real (awk.h:2156)
==731128==    by 0x4068FEB: r_getblock (node.c:1164)
==731128==    by 0x40693C1: make_str_node (node.c:406)
==731128==    by 0x4054B87: update_PROCINFO_str.part.0 (field.c:1662)
==731128==    by 0x400E743: load_procinfo (main.c:1023)
==731128==    by 0x400E743: init_vars (main.c:878)
==731128==    by 0x400E743: main (main.c:403)
==731128== 
==731128== 88 bytes in 1 blocks are still reachable in loss record 139 of 317
==731128==    at 0x497D858: malloc (vg_replace_malloc.c:447)
==731128==    by 0x4068FEB: emalloc_real (awk.h:2156)
==731128==    by 0x4068FEB: r_getblock (node.c:1164)
==731128==    by 0x40693C1: make_str_node (node.c:406)
==731128==    by 0x4058004: update_PROCINFO_num (field.c:1674)
==731128==    by 0x400E757: load_procinfo (main.c:1035)
==731128==    by 0x400E757: init_vars (main.c:878)
==731128==    by 0x400E757: main (main.c:403)
==731128== 
==731128== 88 bytes in 1 blocks are still reachable in loss record 140 of 317
==731128==    at 0x497D858: malloc (vg_replace_malloc.c:447)
==731128==    by 0x4068FEB: emalloc_real (awk.h:2156)
==731128==    by 0x4068FEB: r_getblock (node.c:1164)
==731128==    by 0x4069930: make_number_node (awk.h:2206)
==731128==    by 0x4069930: r_make_number (node.c:369)
==731128==    by 0x4058013: update_PROCINFO_num (field.c:1675)
==731128==    by 0x400E757: load_procinfo (main.c:1035)
==731128==    by 0x400E757: init_vars (main.c:878)
==731128==    by 0x400E757: main (main.c:403)
==731128== 
==731128== 88 bytes in 1 blocks are still reachable in loss record 141 of 317
==731128==    at 0x497D858: malloc (vg_replace_malloc.c:447)
==731128==    by 0x4068FEB: emalloc_real (awk.h:2156)
==731128==    by 0x4068FEB: r_getblock (node.c:1164)
==731128==    by 0x40693C1: make_str_node (node.c:406)
==731128==    by 0x4058004: update_PROCINFO_num (field.c:1674)
==731128==    by 0x400E76B: load_procinfo (main.c:1036)
==731128==    by 0x400E76B: init_vars (main.c:878)
==731128==    by 0x400E76B: main (main.c:403)
==731128== 
==731128== 88 bytes in 1 blocks are still reachable in loss record 142 of 317
==731128==    at 0x497D858: malloc (vg_replace_malloc.c:447)
==731128==    by 0x4068FEB: emalloc_real (awk.h:2156)
==731128==    by 0x4068FEB: r_getblock (node.c:1164)
==731128==    by 0x4069930: make_number_node (awk.h:2206)
==731128==    by 0x4069930: r_make_number (node.c:369)
==731128==    by 0x4058013: update_PROCINFO_num (field.c:1675)
==731128==    by 0x400E76B: load_procinfo (main.c:1036)
==731128==    by 0x400E76B: init_vars (main.c:878)
==731128==    by 0x400E76B: main (main.c:403)
==731128== 
==731128== 88 bytes in 1 blocks are still reachable in loss record 143 of 317
==731128==    at 0x497D858: malloc (vg_replace_malloc.c:447)
==731128==    by 0x4068FEB: emalloc_real (awk.h:2156)
==731128==    by 0x4068FEB: r_getblock (node.c:1164)
==731128==    by 0x40693C1: make_str_node (node.c:406)
==731128==    by 0x4058004: update_PROCINFO_num (field.c:1674)
==731128==    by 0x400E784: load_procinfo (main.c:1046)
==731128==    by 0x400E784: init_vars (main.c:878)
==731128==    by 0x400E784: main (main.c:403)
==731128== 
==731128== 88 bytes in 1 blocks are still reachable in loss record 144 of 317
==731128==    at 0x497D858: malloc (vg_replace_malloc.c:447)
==731128==    by 0x4068FEB: emalloc_real (awk.h:2156)
==731128==    by 0x4068FEB: r_getblock (node.c:1164)
==731128==    by 0x4069930: make_number_node (awk.h:2206)
==731128==    by 0x4069930: r_make_number (node.c:369)
==731128==    by 0x4058013: update_PROCINFO_num (field.c:1675)
==731128==    by 0x400E784: load_procinfo (main.c:1046)
==731128==    by 0x400E784: init_vars (main.c:878)
==731128==    by 0x400E784: main (main.c:403)
==731128== 
==731128== 88 bytes in 1 blocks are still reachable in loss record 145 of 317
==731128==    at 0x497D858: malloc (vg_replace_malloc.c:447)
==731128==    by 0x4068FEB: emalloc_real (awk.h:2156)
==731128==    by 0x4068FEB: r_getblock (node.c:1164)
==731128==    by 0x40693C1: make_str_node (node.c:406)
==731128==    by 0x4058004: update_PROCINFO_num (field.c:1674)
==731128==    by 0x400E79D: load_procinfo (main.c:1055)
==731128==    by 0x400E79D: init_vars (main.c:878)
==731128==    by 0x400E79D: main (main.c:403)
==731128== 
==731128== 88 bytes in 1 blocks are still reachable in loss record 146 of 317
==731128==    at 0x497D858: malloc (vg_replace_malloc.c:447)
==731128==    by 0x4068FEB: emalloc_real (awk.h:2156)
==731128==    by 0x4068FEB: r_getblock (node.c:1164)
==731128==    by 0x4069930: make_number_node (awk.h:2206)
==731128==    by 0x4069930: r_make_number (node.c:369)
==731128==    by 0x4058013: update_PROCINFO_num (field.c:1675)
==731128==    by 0x400E79D: load_procinfo (main.c:1055)
==731128==    by 0x400E79D: init_vars (main.c:878)
==731128==    by 0x400E79D: main (main.c:403)
==731128== 
==731128== 88 bytes in 1 blocks are still reachable in loss record 147 of 317
==731128==    at 0x497D858: malloc (vg_replace_malloc.c:447)
==731128==    by 0x4068FEB: emalloc_real (awk.h:2156)
==731128==    by 0x4068FEB: r_getblock (node.c:1164)
==731128==    by 0x40693C1: make_str_node (node.c:406)
==731128==    by 0x4058004: update_PROCINFO_num (field.c:1674)
==731128==    by 0x400E7B6: load_procinfo (main.c:1058)
==731128==    by 0x400E7B6: init_vars (main.c:878)
==731128==    by 0x400E7B6: main (main.c:403)
==731128== 
==731128== 88 bytes in 1 blocks are still reachable in loss record 148 of 317
==731128==    at 0x497D858: malloc (vg_replace_malloc.c:447)
==731128==    by 0x4068FEB: emalloc_real (awk.h:2156)
==731128==    by 0x4068FEB: r_getblock (node.c:1164)
==731128==    by 0x4069930: make_number_node (awk.h:2206)
==731128==    by 0x4069930: r_make_number (node.c:369)
==731128==    by 0x4058013: update_PROCINFO_num (field.c:1675)
==731128==    by 0x400E7B6: load_procinfo (main.c:1058)
==731128==    by 0x400E7B6: init_vars (main.c:878)
==731128==    by 0x400E7B6: main (main.c:403)
==731128== 
==731128== 88 bytes in 1 blocks are still reachable in loss record 149 of 317
==731128==    at 0x497D858: malloc (vg_replace_malloc.c:447)
==731128==    by 0x4068FEB: emalloc_real (awk.h:2156)
==731128==    by 0x4068FEB: r_getblock (node.c:1164)
==731128==    by 0x40693C1: make_str_node (node.c:406)
==731128==    by 0x4058004: update_PROCINFO_num (field.c:1674)
==731128==    by 0x400E7D2: load_procinfo (main.c:1061)
==731128==    by 0x400E7D2: init_vars (main.c:878)
==731128==    by 0x400E7D2: main (main.c:403)
==731128== 
==731128== 88 bytes in 1 blocks are still reachable in loss record 150 of 317
==731128==    at 0x497D858: malloc (vg_replace_malloc.c:447)
==731128==    by 0x4068FEB: emalloc_real (awk.h:2156)
==731128==    by 0x4068FEB: r_getblock (node.c:1164)
==731128==    by 0x4069930: make_number_node (awk.h:2206)
==731128==    by 0x4069930: r_make_number (node.c:369)
==731128==    by 0x4058013: update_PROCINFO_num (field.c:1675)
==731128==    by 0x400E7D2: load_procinfo (main.c:1061)
==731128==    by 0x400E7D2: init_vars (main.c:878)
==731128==    by 0x400E7D2: main (main.c:403)
==731128== 
==731128== 88 bytes in 1 blocks are still reachable in loss record 151 of 317
==731128==    at 0x497D858: malloc (vg_replace_malloc.c:447)
==731128==    by 0x4068FEB: emalloc_real (awk.h:2156)
==731128==    by 0x4068FEB: r_getblock (node.c:1164)
==731128==    by 0x40693C1: make_str_node (node.c:406)
==731128==    by 0x4058004: update_PROCINFO_num (field.c:1674)
==731128==    by 0x400E7EE: load_procinfo (main.c:1064)
==731128==    by 0x400E7EE: init_vars (main.c:878)
==731128==    by 0x400E7EE: main (main.c:403)
==731128== 
==731128== 88 bytes in 1 blocks are still reachable in loss record 152 of 317
==731128==    at 0x497D858: malloc (vg_replace_malloc.c:447)
==731128==    by 0x4068FEB: emalloc_real (awk.h:2156)
==731128==    by 0x4068FEB: r_getblock (node.c:1164)
==731128==    by 0x4069930: make_number_node (awk.h:2206)
==731128==    by 0x4069930: r_make_number (node.c:369)
==731128==    by 0x4058013: update_PROCINFO_num (field.c:1675)
==731128==    by 0x400E7EE: load_procinfo (main.c:1064)
==731128==    by 0x400E7EE: init_vars (main.c:878)
==731128==    by 0x400E7EE: main (main.c:403)
==731128== 
==731128== 88 bytes in 1 blocks are still reachable in loss record 153 of 317
==731128==    at 0x497D858: malloc (vg_replace_malloc.c:447)
==731128==    by 0x4068FEB: emalloc_real (awk.h:2156)
==731128==    by 0x4068FEB: r_getblock (node.c:1164)
==731128==    by 0x40693C1: make_str_node (node.c:406)
==731128==    by 0x4058004: update_PROCINFO_num (field.c:1674)
==731128==    by 0x400E80A: load_procinfo (main.c:1067)
==731128==    by 0x400E80A: init_vars (main.c:878)
==731128==    by 0x400E80A: main (main.c:403)
==731128== 
==731128== 88 bytes in 1 blocks are still reachable in loss record 154 of 317
==731128==    at 0x497D858: malloc (vg_replace_malloc.c:447)
==731128==    by 0x4068FEB: emalloc_real (awk.h:2156)
==731128==    by 0x4068FEB: r_getblock (node.c:1164)
==731128==    by 0x4069930: make_number_node (awk.h:2206)
==731128==    by 0x4069930: r_make_number (node.c:369)
==731128==    by 0x4058013: update_PROCINFO_num (field.c:1675)
==731128==    by 0x400E80A: load_procinfo (main.c:1067)
==731128==    by 0x400E80A: init_vars (main.c:878)
==731128==    by 0x400E80A: main (main.c:403)
==731128== 
==731128== 88 bytes in 1 blocks are still reachable in loss record 155 of 317
==731128==    at 0x497D858: malloc (vg_replace_malloc.c:447)
==731128==    by 0x4068FEB: emalloc_real (awk.h:2156)
==731128==    by 0x4068FEB: r_getblock (node.c:1164)
==731128==    by 0x40693C1: make_str_node (node.c:406)
==731128==    by 0x4058004: update_PROCINFO_num (field.c:1674)
==731128==    by 0x400E826: load_procinfo (main.c:1070)
==731128==    by 0x400E826: init_vars (main.c:878)
==731128==    by 0x400E826: main (main.c:403)
==731128== 
==731128== 88 bytes in 1 blocks are still reachable in loss record 156 of 317
==731128==    at 0x497D858: malloc (vg_replace_malloc.c:447)
==731128==    by 0x4068FEB: emalloc_real (awk.h:2156)
==731128==    by 0x4068FEB: r_getblock (node.c:1164)
==731128==    by 0x4069930: make_number_node (awk.h:2206)
==731128==    by 0x4069930: r_make_number (node.c:369)
==731128==    by 0x4058013: update_PROCINFO_num (field.c:1675)
==731128==    by 0x400E826: load_procinfo (main.c:1070)
==731128==    by 0x400E826: init_vars (main.c:878)
==731128==    by 0x400E826: main (main.c:403)
==731128== 
==731128== 88 bytes in 1 blocks are still reachable in loss record 157 of 317
==731128==    at 0x497D858: malloc (vg_replace_malloc.c:447)
==731128==    by 0x4068FEB: emalloc_real (awk.h:2156)
==731128==    by 0x4068FEB: r_getblock (node.c:1164)
==731128==    by 0x40693C1: make_str_node (node.c:406)
==731128==    by 0x4054B6F: update_PROCINFO_str.part.0 (field.c:1661)
==731128==    by 0x400E83A: load_procinfo (main.c:1072)
==731128==    by 0x400E83A: init_vars (main.c:878)
==731128==    by 0x400E83A: main (main.c:403)
==731128== 
==731128== 88 bytes in 1 blocks are still reachable in loss record 158 of 317
==731128==    at 0x497D858: malloc (vg_replace_malloc.c:447)
==731128==    by 0x4068FEB: emalloc_real (awk.h:2156)
==731128==    by 0x4068FEB: r_getblock (node.c:1164)
==731128==    by 0x40693C1: make_str_node (node.c:406)
==731128==    by 0x4054B87: update_PROCINFO_str.part.0 (field.c:1662)
==731128==    by 0x400E83A: load_procinfo (main.c:1072)
==731128==    by 0x400E83A: init_vars (main.c:878)
==731128==    by 0x400E83A: main (main.c:403)
==731128== 
==731128== 88 bytes in 1 blocks are still reachable in loss record 159 of 317
==731128==    at 0x497D858: malloc (vg_replace_malloc.c:447)
==731128==    by 0x4068FEB: emalloc_real (awk.h:2156)
==731128==    by 0x4068FEB: r_getblock (node.c:1164)
==731128==    by 0x40693C1: make_str_node (node.c:406)
==731128==    by 0x4054B6F: update_PROCINFO_str.part.0 (field.c:1661)
==731128==    by 0x400E8D2: load_procinfo (main.c:1087)
==731128==    by 0x400E8D2: init_vars (main.c:878)
==731128==    by 0x400E8D2: main (main.c:403)
==731128== 
==731128== 88 bytes in 1 blocks are still reachable in loss record 160 of 317
==731128==    at 0x497D858: malloc (vg_replace_malloc.c:447)
==731128==    by 0x4068FEB: emalloc_real (awk.h:2156)
==731128==    by 0x4068FEB: r_getblock (node.c:1164)
==731128==    by 0x40693C1: make_str_node (node.c:406)
==731128==    by 0x4054B87: update_PROCINFO_str.part.0 (field.c:1662)
==731128==    by 0x400E8D2: load_procinfo (main.c:1087)
==731128==    by 0x400E8D2: init_vars (main.c:878)
==731128==    by 0x400E8D2: main (main.c:403)
==731128== 
==731128== 88 bytes in 1 blocks are still reachable in loss record 161 of 317
==731128==    at 0x497D858: malloc (vg_replace_malloc.c:447)
==731128==    by 0x4068FEB: emalloc_real (awk.h:2156)
==731128==    by 0x4068FEB: r_getblock (node.c:1164)
==731128==    by 0x400E8E9: load_procinfo_argv (main.c:984)
==731128==    by 0x400E8E9: load_procinfo (main.c:1093)
==731128==    by 0x400E8E9: init_vars (main.c:878)
==731128==    by 0x400E8E9: main (main.c:403)
==731128== 
==731128== 88 bytes in 1 blocks are still reachable in loss record 162 of 317
==731128==    at 0x497D858: malloc (vg_replace_malloc.c:447)
==731128==    by 0x4068FEB: emalloc_real (awk.h:2156)
==731128==    by 0x4068FEB: r_getblock (node.c:1164)
==731128==    by 0x40348D2: make_node (cint_array.c:731)
==731128==    by 0x40348D2: cint_lookup (cint_array.c:256)
==731128==    by 0x400E9D6: assoc_set (awk.h:2220)
==731128==    by 0x400E9D6: load_procinfo_argv (main.c:992)
==731128==    by 0x400E9D6: load_procinfo (main.c:1093)
==731128==    by 0x400E9D6: init_vars (main.c:878)
==731128==    by 0x400E9D6: main (main.c:403)
==731128== 
==731128== 88 bytes in 1 blocks are still reachable in loss record 163 of 317
==731128==    at 0x497D858: malloc (vg_replace_malloc.c:447)
==731128==    by 0x4068FEB: emalloc_real (awk.h:2156)
==731128==    by 0x4068FEB: r_getblock (node.c:1164)
==731128==    by 0x40344E7: make_node (cint_array.c:731)
==731128==    by 0x40344E7: tree_lookup (cint_array.c:796)
==731128==    by 0x400E9D6: assoc_set (awk.h:2220)
==731128==    by 0x400E9D6: load_procinfo_argv (main.c:992)
==731128==    by 0x400E9D6: load_procinfo (main.c:1093)
==731128==    by 0x400E9D6: init_vars (main.c:878)
==731128==    by 0x400E9D6: main (main.c:403)
==731128== 
==731128== 88 bytes in 1 blocks are still reachable in loss record 164 of 317
==731128==    at 0x497D858: malloc (vg_replace_malloc.c:447)
==731128==    by 0x4068FEB: emalloc_real (awk.h:2156)
==731128==    by 0x4068FEB: r_getblock (node.c:1164)
==731128==    by 0x40693C1: make_str_node (node.c:406)
==731128==    by 0x400EC1B: load_procinfo_argv (main.c:996)
==731128==    by 0x400EC1B: load_procinfo (main.c:1093)
==731128==    by 0x400EC1B: init_vars (main.c:878)
==731128==    by 0x400EC1B: main (main.c:403)
==731128== 
==731128== 88 bytes in 1 blocks are still reachable in loss record 165 of 317
==731128==    at 0x497D858: malloc (vg_replace_malloc.c:447)
==731128==    by 0x4068FEB: emalloc_real (awk.h:2156)
==731128==    by 0x4068FEB: r_getblock (node.c:1164)
==731128==    by 0x40693C1: make_str_node (node.c:406)
==731128==    by 0x4077055: install (symbol.c:399)
==731128==    by 0x400E038: load_environ (main.c:930)
==731128==    by 0x400E038: init_vars (main.c:879)
==731128==    by 0x400E038: main (main.c:403)
==731128== 
==731128== 88 bytes in 1 blocks are still reachable in loss record 166 of 317
==731128==    at 0x497D858: malloc (vg_replace_malloc.c:447)
==731128==    by 0x4068FEB: emalloc_real (awk.h:2156)
==731128==    by 0x4068FEB: r_getblock (node.c:1164)
==731128==    by 0x4077133: make_symbol (symbol.c:376)
==731128==    by 0x4077133: install (symbol.c:417)
==731128==    by 0x400E038: load_environ (main.c:930)
==731128==    by 0x400E038: init_vars (main.c:879)
==731128==    by 0x400E038: main (main.c:403)
==731128== 
==731128== 88 bytes in 1 blocks are still reachable in loss record 167 of 317
==731128==    at 0x497D858: malloc (vg_replace_malloc.c:447)
==731128==    by 0x4068FEB: emalloc_real (awk.h:2156)
==731128==    by 0x4068FEB: r_getblock (node.c:1164)
==731128==    by 0x40693C1: make_str_node (node.c:406)
==731128==    by 0x40553E0: init_fields (field.c:111)
==731128==    by 0x400E1A4: main (main.c:410)
==731128== 
==731128== 88 bytes in 1 blocks are still reachable in loss record 168 of 317
==731128==    at 0x497D858: malloc (vg_replace_malloc.c:447)
==731128==    by 0x4068FEB: emalloc_real (awk.h:2156)
==731128==    by 0x4068FEB: r_getblock (node.c:1164)
==731128==    by 0x4048A91: init_interpret (eval.c:1902)
==731128==    by 0x400E3D5: main (main.c:468)
==731128== 
==731128== 88 bytes in 1 blocks are still reachable in loss record 169 of 317
==731128==    at 0x497D858: malloc (vg_replace_malloc.c:447)
==731128==    by 0x4068FEB: emalloc_real (awk.h:2156)
==731128==    by 0x4068FEB: r_getblock (node.c:1164)
==731128==    by 0x4069930: make_number_node (awk.h:2206)
==731128==    by 0x4069930: r_make_number (node.c:369)
==731128==    by 0x4048AE5: init_interpret (eval.c:1910)
==731128==    by 0x400E3D5: main (main.c:468)
==731128== 
==731128== 88 bytes in 1 blocks are still reachable in loss record 170 of 317
==731128==    at 0x497D858: malloc (vg_replace_malloc.c:447)
==731128==    by 0x4068FEB: emalloc_real (awk.h:2156)
==731128==    by 0x4068FEB: r_getblock (node.c:1164)
==731128==    by 0x4069930: make_number_node (awk.h:2206)
==731128==    by 0x4069930: r_make_number (node.c:369)
==731128==    by 0x4048AFA: init_interpret (eval.c:1911)
==731128==    by 0x400E3D5: main (main.c:468)
==731128== 
==731128== 88 bytes in 1 blocks are still reachable in loss record 171 of 317
==731128==    at 0x497D858: malloc (vg_replace_malloc.c:447)
==731128==    by 0x4068FEB: emalloc_real (awk.h:2156)
==731128==    by 0x4068FEB: r_getblock (node.c:1164)
==731128==    by 0x40693C1: make_str_node (node.c:406)
==731128==    by 0x4077055: install (symbol.c:399)
==731128==    by 0x400E414: init_args (main.c:764)
==731128==    by 0x400E414: main (main.c:470)
==731128== 
==731128== 88 bytes in 1 blocks are still reachable in loss record 172 of 317
==731128==    at 0x497D858: malloc (vg_replace_malloc.c:447)
==731128==    by 0x4068FEB: emalloc_real (awk.h:2156)
==731128==    by 0x4068FEB: r_getblock (node.c:1164)
==731128==    by 0x4077133: make_symbol (symbol.c:376)
==731128==    by 0x4077133: install (symbol.c:417)
==731128==    by 0x400E414: init_args (main.c:764)
==731128==    by 0x400E414: main (main.c:470)
==731128== 
==731128== 88 bytes in 1 blocks are still reachable in loss record 173 of 317
==731128==    at 0x497D858: malloc (vg_replace_malloc.c:447)
==731128==    by 0x4068FEB: emalloc_real (awk.h:2156)
==731128==    by 0x4068FEB: r_getblock (node.c:1164)
==731128==    by 0x40693C1: make_str_node (node.c:406)
==731128==    by 0x400E43D: init_args (main.c:766)
==731128==    by 0x400E43D: main (main.c:470)
==731128== 
==731128== 88 bytes in 1 blocks are still reachable in loss record 174 of 317
==731128==    at 0x497D858: malloc (vg_replace_malloc.c:447)
==731128==    by 0x4068FEB: emalloc_real (awk.h:2156)
==731128==    by 0x4068FEB: r_getblock (node.c:1164)
==731128==    by 0x40348D2: make_node (cint_array.c:731)
==731128==    by 0x40348D2: cint_lookup (cint_array.c:256)
==731128==    by 0x40662E6: assoc_set (awk.h:2220)
==731128==    by 0x400E453: init_args (main.c:768)
==731128==    by 0x400E453: main (main.c:470)
==731128== 
==731128== 88 bytes in 1 blocks are still reachable in loss record 175 of 317
==731128==    at 0x497D858: malloc (vg_replace_malloc.c:447)
==731128==    by 0x4068FEB: emalloc_real (awk.h:2156)
==731128==    by 0x4068FEB: r_getblock (node.c:1164)
==731128==    by 0x40344E7: make_node (cint_array.c:731)
==731128==    by 0x40344E7: tree_lookup (cint_array.c:796)
==731128==    by 0x40662E6: assoc_set (awk.h:2220)
==731128==    by 0x400E453: init_args (main.c:768)
==731128==    by 0x400E453: main (main.c:470)
==731128== 
==731128== 88 bytes in 1 blocks are still reachable in loss record 176 of 317
==731128==    at 0x497D858: malloc (vg_replace_malloc.c:447)
==731128==    by 0x4068FEB: emalloc_real (awk.h:2156)
==731128==    by 0x4068FEB: r_getblock (node.c:1164)
==731128==    by 0x40693C1: make_str_node (node.c:406)
==731128==    by 0x4077055: install (symbol.c:399)
==731128==    by 0x400EA90: init_args (main.c:791)
==731128==    by 0x400EA90: main (main.c:470)
==731128== 
==731128== 88 bytes in 1 blocks are still reachable in loss record 177 of 317
==731128==    at 0x497D858: malloc (vg_replace_malloc.c:447)
==731128==    by 0x4068FEB: emalloc_real (awk.h:2156)
==731128==    by 0x4068FEB: r_getblock (node.c:1164)
==731128==    by 0x4077133: make_symbol (symbol.c:376)
==731128==    by 0x4077133: install (symbol.c:417)
==731128==    by 0x400EA90: init_args (main.c:791)
==731128==    by 0x400EA90: main (main.c:470)
==731128== 
==731128== 88 bytes in 1 blocks are still reachable in loss record 178 of 317
==731128==    at 0x497D858: malloc (vg_replace_malloc.c:447)
==731128==    by 0x4068FEB: emalloc_real (awk.h:2156)
==731128==    by 0x4068FEB: r_getblock (node.c:1164)
==731128==    by 0x4069930: make_number_node (awk.h:2206)
==731128==    by 0x4069930: r_make_number (node.c:369)
==731128==    by 0x400EAA8: init_args (main.c:792)
==731128==    by 0x400EAA8: main (main.c:470)
==731128== 
==731128== 88 bytes in 1 blocks are still reachable in loss record 179 of 317
==731128==    at 0x497D858: malloc (vg_replace_malloc.c:447)
==731128==    by 0x4068FEB: emalloc_real (awk.h:2156)
==731128==    by 0x4068FEB: r_getblock (node.c:1164)
==731128==    by 0x4014FDC: make_regnode (awkgram.y:5300)
==731128==    by 0x4014FDC: mk_rexp (awkgram.y:5332)
==731128==    by 0x4017F39: snode (awkgram.y:4780)
==731128==    by 0x401DBAA: yyparse (awkgram.y:1917)
==731128==    by 0x402073A: parse_program (awkgram.y:2797)
==731128==    by 0x400EAD8: main (main.c:483)
==731128== 
==731128== 88 bytes in 1 blocks are still reachable in loss record 180 of 317
==731128==    at 0x497D858: malloc (vg_replace_malloc.c:447)
==731128==    by 0x4068FEB: emalloc_real (awk.h:2156)
==731128==    by 0x4068FEB: r_getblock (node.c:1164)
==731128==    by 0x40693C1: make_str_node (node.c:406)
==731128==    by 0x4077FD7: load_symbols (symbol.c:663)
==731128==    by 0x400ED85: main (main.c:499)
==731128== 
==731128== 88 bytes in 1 blocks are still reachable in loss record 181 of 317
==731128==    at 0x497D858: malloc (vg_replace_malloc.c:447)
==731128==    by 0x4068FEB: emalloc_real (awk.h:2156)
==731128==    by 0x4068FEB: r_getblock (node.c:1164)
==731128==    by 0x4077FF4: load_symbols (symbol.c:666)
==731128==    by 0x400ED85: main (main.c:499)
==731128== 
==731128== 88 bytes in 1 blocks are still reachable in loss record 182 of 317
==731128==    at 0x497D858: malloc (vg_replace_malloc.c:447)
==731128==    by 0x4068FEB: emalloc_real (awk.h:2156)
==731128==    by 0x4068FEB: r_getblock (node.c:1164)
==731128==    by 0x40693C1: make_str_node (node.c:406)
==731128==    by 0x40780AA: load_symbols (symbol.c:677)
==731128==    by 0x400ED85: main (main.c:499)
==731128== 
==731128== 88 bytes in 1 blocks are still reachable in loss record 183 of 317
==731128==    at 0x497D858: malloc (vg_replace_malloc.c:447)
==731128==    by 0x4068FEB: emalloc_real (awk.h:2156)
==731128==    by 0x4068FEB: r_getblock (node.c:1164)
==731128==    by 0x40693C1: make_str_node (node.c:406)
==731128==    by 0x40780DA: load_symbols (symbol.c:679)
==731128==    by 0x400ED85: main (main.c:499)
==731128== 
==731128== 88 bytes in 1 blocks are still reachable in loss record 184 of 317
==731128==    at 0x497D858: malloc (vg_replace_malloc.c:447)
==731128==    by 0x4068FEB: emalloc_real (awk.h:2156)
==731128==    by 0x4068FEB: r_getblock (node.c:1164)
==731128==    by 0x40693C1: make_str_node (node.c:406)
==731128==    by 0x40780F2: load_symbols (symbol.c:680)
==731128==    by 0x400ED85: main (main.c:499)
==731128== 
==731128== 88 bytes in 1 blocks are still reachable in loss record 185 of 317
==731128==    at 0x497D858: malloc (vg_replace_malloc.c:447)
==731128==    by 0x4068FEB: emalloc_real (awk.h:2156)
==731128==    by 0x4068FEB: r_getblock (node.c:1164)
==731128==    by 0x40693C1: make_str_node (node.c:406)
==731128==    by 0x407810A: load_symbols (symbol.c:681)
==731128==    by 0x400ED85: main (main.c:499)
==731128== 
==731128== 88 bytes in 1 blocks are still reachable in loss record 186 of 317
==731128==    at 0x497D858: malloc (vg_replace_malloc.c:447)
==731128==    by 0x4068FEB: emalloc_real (awk.h:2156)
==731128==    by 0x4068FEB: r_getblock (node.c:1164)
==731128==    by 0x40693C1: make_str_node (node.c:406)
==731128==    by 0x4078122: load_symbols (symbol.c:682)
==731128==    by 0x400ED85: main (main.c:499)
==731128== 
==731128== 88 bytes in 1 blocks are still reachable in loss record 187 of 317
==731128==    at 0x497D858: malloc (vg_replace_malloc.c:447)
==731128==    by 0x4068FEB: emalloc_real (awk.h:2156)
==731128==    by 0x4068FEB: r_getblock (node.c:1164)
==731128==    by 0x40693C1: make_str_node (node.c:406)
==731128==    by 0x4058004: update_PROCINFO_num (field.c:1674)
==731128==    by 0x40473B3: update_ERRNO_int (eval.c:1029)
==731128==    by 0x40473B3: update_ERRNO_int (eval.c:1022)
==731128==    by 0x40613B8: nextfile (io.c:515)
==731128==    by 0x404ECBF: r_interpret (interpret.h:1421)
==731128==    by 0x400EDDE: main (main.c:532)
==731128== 
==731128== 88 bytes in 1 blocks are still reachable in loss record 188 of 317
==731128==    at 0x497D858: malloc (vg_replace_malloc.c:447)
==731128==    by 0x4068FEB: emalloc_real (awk.h:2156)
==731128==    by 0x4068FEB: r_getblock (node.c:1164)
==731128==    by 0x4069930: make_number_node (awk.h:2206)
==731128==    by 0x4069930: r_make_number (node.c:369)
==731128==    by 0x4058013: update_PROCINFO_num (field.c:1675)
==731128==    by 0x40473B3: update_ERRNO_int (eval.c:1029)
==731128==    by 0x40473B3: update_ERRNO_int (eval.c:1022)
==731128==    by 0x40613B8: nextfile (io.c:515)
==731128==    by 0x404ECBF: r_interpret (interpret.h:1421)
==731128==    by 0x400EDDE: main (main.c:532)
==731128== 
==731128== 88 bytes in 1 blocks are still reachable in loss record 189 of 317
==731128==    at 0x497D858: malloc (vg_replace_malloc.c:447)
==731128==    by 0x4068FEB: emalloc_real (awk.h:2156)
==731128==    by 0x4068FEB: r_getblock (node.c:1164)
==731128==    by 0x40693C1: make_str_node (node.c:406)
==731128==    by 0x40473FB: update_ERRNO_int (eval.c:1036)
==731128==    by 0x40473FB: update_ERRNO_int (eval.c:1022)
==731128==    by 0x40613B8: nextfile (io.c:515)
==731128==    by 0x404ECBF: r_interpret (interpret.h:1421)
==731128==    by 0x400EDDE: main (main.c:532)
==731128== 
==731128== 88 bytes in 1 blocks are still reachable in loss record 190 of 317
==731128==    at 0x497D858: malloc (vg_replace_malloc.c:447)
==731128==    by 0x4068FEB: emalloc_real (awk.h:2156)
==731128==    by 0x4068FEB: r_getblock (node.c:1164)
==731128==    by 0x40693C1: make_str_node (node.c:406)
==731128==    by 0x40613F5: nextfile (io.c:518)
==731128==    by 0x404ECBF: r_interpret (interpret.h:1421)
==731128==    by 0x400EDDE: main (main.c:532)
==731128== 
==731128== 88 bytes in 1 blocks are still reachable in loss record 191 of 317
==731128==    at 0x497D858: malloc (vg_replace_malloc.c:447)
==731128==    by 0x4068FEB: emalloc_real (awk.h:2156)
==731128==    by 0x4068FEB: r_getblock (node.c:1164)
==731128==    by 0x40693C1: make_str_node (node.c:406)
==731128==    by 0x40604F8: get_a_record (io.c:4164)
==731128==    by 0x4060947: inrec (io.c:585)
==731128==    by 0x404ECFC: r_interpret (interpret.h:1457)
==731128==    by 0x400EDDE: main (main.c:532)
==731128== 
==731128== 88 bytes in 1 blocks are still reachable in loss record 192 of 317
==731128==    at 0x497D858: malloc (vg_replace_malloc.c:447)
==731128==    by 0x4068FEB: emalloc_real (awk.h:2156)
==731128==    by 0x4068FEB: r_getblock (node.c:1164)
==731128==    by 0x4055A4F: set_record (field.c:343)
==731128==    by 0x406096F: inrec (io.c:590)
==731128==    by 0x404ECFC: r_interpret (interpret.h:1457)
==731128==    by 0x400EDDE: main (main.c:532)
==731128== 
==731128== 88 bytes in 1 blocks are still reachable in loss record 193 of 317
==731128==    at 0x497D858: malloc (vg_replace_malloc.c:447)
==731128==    by 0x4068FEB: emalloc_real (awk.h:2156)
==731128==    by 0x4068FEB: r_getblock (node.c:1164)
==731128==    by 0x40690FF: r_dupnode (node.c:323)
==731128==    by 0x4050AD6: dupnode (awk.h:2024)
==731128==    by 0x4050AD6: r_interpret (interpret.h:486)
==731128==    by 0x400EDDE: main (main.c:532)
==731128== 
==731128== 88 bytes in 1 blocks are still reachable in loss record 194 of 317
==731128==    at 0x497D858: malloc (vg_replace_malloc.c:447)
==731128==    by 0x4068FEB: emalloc_real (awk.h:2156)
==731128==    by 0x4068FEB: r_getblock (node.c:1164)
==731128==    by 0x4069930: make_number_node (awk.h:2206)
==731128==    by 0x4069930: r_make_number (node.c:369)
==731128==    by 0x404763F: update_NF (eval.c:1109)
==731128==    by 0x404E282: r_interpret (interpret.h:980)
==731128==    by 0x400EDDE: main (main.c:532)
==731128== 
==731128== 88 bytes in 1 blocks are still reachable in loss record 195 of 317
==731128==    at 0x497D858: malloc (vg_replace_malloc.c:447)
==731128==    by 0x4068FEB: emalloc_real (awk.h:2156)
==731128==    by 0x4068FEB: r_getblock (node.c:1164)
==731128==    by 0x4069930: make_number_node (awk.h:2206)
==731128==    by 0x4069930: r_make_number (node.c:369)
==731128==    by 0x40475BD: update_NR (eval.c:1093)
==731128==    by 0x404E282: r_interpret (interpret.h:980)
==731128==    by 0x400EDDE: main (main.c:532)
==731128== 
==731128== 88 bytes in 1 blocks are still reachable in loss record 196 of 317
==731128==    at 0x497D858: malloc (vg_replace_malloc.c:447)
==731128==    by 0x4068FEB: emalloc_real (awk.h:2156)
==731128==    by 0x4068FEB: r_getblock (node.c:1164)
==731128==    by 0x4069930: make_number_node (awk.h:2206)
==731128==    by 0x4069930: r_make_number (node.c:369)
==731128==    by 0x4031047: do_match (builtin.c:1687)
==731128==    by 0x404FC3C: r_interpret (interpret.h:1114)
==731128==    by 0x400EDDE: main (main.c:532)
==731128== 
==731128== 88 bytes in 1 blocks are still reachable in loss record 197 of 317
==731128==    at 0x497D858: malloc (vg_replace_malloc.c:447)
==731128==    by 0x4068FEB: emalloc_real (awk.h:2156)
==731128==    by 0x4068FEB: r_getblock (node.c:1164)
==731128==    by 0x4069930: make_number_node (awk.h:2206)
==731128==    by 0x4069930: r_make_number (node.c:369)
==731128==    by 0x4031084: do_match (builtin.c:1689)
==731128==    by 0x404FC3C: r_interpret (interpret.h:1114)
==731128==    by 0x400EDDE: main (main.c:532)
==731128== 
==731128== 88 bytes in 1 blocks are still reachable in loss record 198 of 317
==731128==    at 0x497D858: malloc (vg_replace_malloc.c:447)
==731128==    by 0x4068FEB: emalloc_real (awk.h:2156)
==731128==    by 0x4068FEB: r_getblock (node.c:1164)
==731128==    by 0x4069930: make_number_node (awk.h:2206)
==731128==    by 0x4069930: r_make_number (node.c:369)
==731128==    by 0x40566E4: do_split (field.c:1252)
==731128==    by 0x404FC3C: r_interpret (interpret.h:1114)
==731128==    by 0x400EDDE: main (main.c:532)
==731128== 
==731128== 88 bytes in 1 blocks are still reachable in loss record 199 of 317
==731128==    at 0x497D858: malloc (vg_replace_malloc.c:447)
==731128==    by 0x4068FEB: emalloc_real (awk.h:2156)
==731128==    by 0x4068FEB: r_getblock (node.c:1164)
==731128==    by 0x40693C1: make_str_node (node.c:406)
==731128==    by 0x4052611: r_interpret (interpret.h:1052)
==731128==    by 0x400EDDE: main (main.c:532)
==731128== 
==731128== 88 bytes in 1 blocks are still reachable in loss record 200 of 317
==731128==    at 0x497D858: malloc (vg_replace_malloc.c:447)
==731128==    by 0x4068FEB: emalloc_real (awk.h:2156)
==731128==    by 0x4068FEB: r_getblock (node.c:1164)
==731128==    by 0x4069930: make_number_node (awk.h:2206)
==731128==    by 0x4069930: r_make_number (node.c:369)
==731128==    by 0x404F833: r_interpret (interpret.h:614)
==731128==    by 0x400EDDE: main (main.c:532)
==731128== 
==731128== 96 bytes in 2 blocks are still reachable in loss record 201 of 317
==731128==    at 0x497D858: malloc (vg_replace_malloc.c:447)
==731128==    by 0x4068FEB: emalloc_real (awk.h:2156)
==731128==    by 0x4068FEB: r_getblock (node.c:1164)
==731128==    by 0x40768D9: str_lookup (str_array.c:214)
==731128==    by 0x407708C: assoc_set (awk.h:2220)
==731128==    by 0x407708C: install (symbol.c:430)
==731128==    by 0x4020040: install_function (awkgram.y:5083)
==731128==    by 0x4020040: yyparse (awkgram.y:546)
==731128==    by 0x402073A: parse_program (awkgram.y:2797)
==731128==    by 0x400EAD8: main (main.c:483)
==731128== 
==731128== 96 bytes in 6 blocks are still reachable in loss record 202 of 317
==731128==    at 0x497D858: malloc (vg_replace_malloc.c:447)
==731128==    by 0x407474B: emalloc_real (awk.h:2156)
==731128==    by 0x407474B: make_regexp (re.c:370)
==731128==    by 0x40195EB: make_regnode (awkgram.y:5306)
==731128==    by 0x401D996: yyparse (awkgram.y:584)
==731128==    by 0x402073A: parse_program (awkgram.y:2797)
==731128==    by 0x400EAD8: main (main.c:483)
==731128== 
==731128== 102 bytes in 8 blocks are still reachable in loss record 203 of 317
==731128==    at 0x497D858: malloc (vg_replace_malloc.c:447)
==731128==    by 0x4066564: emalloc_real (awk.h:2156)
==731128==    by 0x4066564: estrdup (main.c:1451)
==731128==    by 0x401D86A: yyparse (awkgram.y:502)
==731128==    by 0x402073A: parse_program (awkgram.y:2797)
==731128==    by 0x400EAD8: main (main.c:483)
==731128== 
==731128== 104 bytes in 1 blocks are still reachable in loss record 204 of 317
==731128==    at 0x4984E43: calloc (vg_replace_malloc.c:1678)
==731128==    by 0x4075D54: ezalloc_real (awk.h:2174)
==731128==    by 0x4075D54: grow_table (str_array.c:682)
==731128==    by 0x407693C: str_lookup (str_array.c:150)
==731128==    by 0x407708C: assoc_set (awk.h:2220)
==731128==    by 0x407708C: install (symbol.c:430)
==731128==    by 0x4077369: install_symbol (symbol.c:173)
==731128==    by 0x4077369: init_the_tables (symbol.c:77)
==731128==    by 0x400D60A: main (main.c:287)
==731128== 
==731128== 104 bytes in 1 blocks are still reachable in loss record 205 of 317
==731128==    at 0x4984E43: calloc (vg_replace_malloc.c:1678)
==731128==    by 0x4075D54: ezalloc_real (awk.h:2174)
==731128==    by 0x4075D54: grow_table (str_array.c:682)
==731128==    by 0x407693C: str_lookup (str_array.c:150)
==731128==    by 0x407708C: assoc_set (awk.h:2220)
==731128==    by 0x407708C: install (symbol.c:430)
==731128==    by 0x400DA01: init_vars (main.c:865)
==731128==    by 0x400DA01: main (main.c:403)
==731128== 
==731128== 104 bytes in 1 blocks are still reachable in loss record 206 of 317
==731128==    at 0x4984E43: calloc (vg_replace_malloc.c:1678)
==731128==    by 0x4075D54: ezalloc_real (awk.h:2174)
==731128==    by 0x4075D54: grow_table (str_array.c:682)
==731128==    by 0x407693C: str_lookup (str_array.c:150)
==731128==    by 0x4054B9E: assoc_set (awk.h:2220)
==731128==    by 0x4054B9E: update_PROCINFO_str.part.0 (field.c:1662)
==731128==    by 0x400E71D: load_procinfo (main.c:1021)
==731128==    by 0x400E71D: init_vars (main.c:878)
==731128==    by 0x400E71D: main (main.c:403)
==731128== 
==731128== 104 bytes in 1 blocks are still reachable in loss record 207 of 317
==731128==    at 0x4984E43: calloc (vg_replace_malloc.c:1678)
==731128==    by 0x4075D54: ezalloc_real (awk.h:2174)
==731128==    by 0x4075D54: grow_table (str_array.c:682)
==731128==    by 0x407693C: str_lookup (str_array.c:150)
==731128==    by 0x400E127: assoc_set (awk.h:2220)
==731128==    by 0x400E127: load_environ (main.c:949)
==731128==    by 0x400E127: init_vars (main.c:879)
==731128==    by 0x400E127: main (main.c:403)
==731128== 
==731128== 104 bytes in 1 blocks are still reachable in loss record 208 of 317
==731128==    at 0x4984E43: calloc (vg_replace_malloc.c:1678)
==731128==    by 0x4075D54: ezalloc_real (awk.h:2174)
==731128==    by 0x4075D54: grow_table (str_array.c:682)
==731128==    by 0x407693C: str_lookup (str_array.c:150)
==731128==    by 0x407708C: assoc_set (awk.h:2220)
==731128==    by 0x407708C: install (symbol.c:430)
==731128==    by 0x4020040: install_function (awkgram.y:5083)
==731128==    by 0x4020040: yyparse (awkgram.y:546)
==731128==    by 0x402073A: parse_program (awkgram.y:2797)
==731128==    by 0x400EAD8: main (main.c:483)
==731128== 
==731128== 104 bytes in 1 blocks are still reachable in loss record 209 of 317
==731128==    at 0x4984E43: calloc (vg_replace_malloc.c:1678)
==731128==    by 0x4075D54: ezalloc_real (awk.h:2174)
==731128==    by 0x4075D54: grow_table (str_array.c:682)
==731128==    by 0x407693C: str_lookup (str_array.c:150)
==731128==    by 0x40782E9: load_symbols (symbol.c:701)
==731128==    by 0x400ED85: main (main.c:499)
==731128== 
==731128== 120 bytes in 1 blocks are still reachable in loss record 210 of 317
==731128==    at 0x498507F: realloc (vg_replace_malloc.c:1804)
==731128==    by 0x4014E11: erealloc_real (awk.h:2192)
==731128==    by 0x4014E11: tokexpand (awkgram.y:3290)
==731128==    by 0x401ACE7: yylex (awkgram.y:4062)
==731128==    by 0x401C83C: yyparse (awkgram.c:1879)
==731128==    by 0x402073A: parse_program (awkgram.y:2797)
==731128==    by 0x400EAD8: main (main.c:483)
==731128== 
==731128== 128 bytes in 2 blocks are still reachable in loss record 211 of 317
==731128==    at 0x497D858: malloc (vg_replace_malloc.c:447)
==731128==    by 0x408333D: charset_create (charset.c:9027)
==731128==    by 0x408333D: cset_construct (minrx.c:883)
==731128==    by 0x408333D: csets_emplace_back (minrx.c:1136)
==731128==    by 0x40852DA: chr (minrx.c:1621)
==731128==    by 0x40852DA: rep (minrx.c:1514)
==731128==    by 0x4086191: cat (minrx.c:1408)
==731128==    by 0x4086268: alt (minrx.c:1333)
==731128==    by 0x40851A5: chr (minrx.c:1741)
==731128==    by 0x40851A5: rep (minrx.c:1514)
==731128==    by 0x4086191: cat (minrx.c:1408)
==731128==    by 0x4086268: alt (minrx.c:1333)
==731128==    by 0x4086BB0: compile.constprop.0 (minrx.c:1903)
==731128==    by 0x4089B38: minrx_regncomp (minrx.c:2490)
==731128==    by 0x407427D: make_regexp (re.c:355)
==731128==    by 0x40753B5: re_cache_get (re.c:556)
==731128==    by 0x40753B5: re_update (re.c:610)
==731128== 
==731128== 144 bytes in 3 blocks are still reachable in loss record 212 of 317
==731128==    at 0x497D858: malloc (vg_replace_malloc.c:447)
==731128==    by 0x4068FEB: emalloc_real (awk.h:2156)
==731128==    by 0x4068FEB: r_getblock (node.c:1164)
==731128==    by 0x40768D9: str_lookup (str_array.c:214)
==731128==    by 0x407708C: assoc_set (awk.h:2220)
==731128==    by 0x407708C: install (symbol.c:430)
==731128==    by 0x401CA25: yyparse (awkgram.y:2156)
==731128==    by 0x402073A: parse_program (awkgram.y:2797)
==731128==    by 0x400EAD8: main (main.c:483)
==731128== 
==731128== 144 bytes in 18 blocks are still reachable in loss record 213 of 317
==731128==    at 0x497D858: malloc (vg_replace_malloc.c:447)
==731128==    by 0x4086EBA: firstclosure (minrx.c:1834)
==731128==    by 0x4086EBA: compile.constprop.0 (minrx.c:1923)
==731128==    by 0x4089B38: minrx_regncomp (minrx.c:2490)
==731128==    by 0x407427D: make_regexp (re.c:355)
==731128==    by 0x40753B5: re_cache_get (re.c:556)
==731128==    by 0x40753B5: re_update (re.c:610)
==731128==    by 0x4030F2C: do_match (builtin.c:1596)
==731128==    by 0x404FC3C: r_interpret (interpret.h:1114)
==731128==    by 0x400EDDE: main (main.c:532)
==731128== 
==731128== 151 bytes in 24 blocks are still reachable in loss record 214 of 317
==731128==    at 0x497D858: malloc (vg_replace_malloc.c:447)
==731128==    by 0x4066564: emalloc_real (awk.h:2156)
==731128==    by 0x4066564: estrdup (main.c:1451)
==731128==    by 0x400D9F0: init_vars (main.c:865)
==731128==    by 0x400D9F0: main (main.c:403)
==731128== 
==731128== 151 bytes in 24 blocks are still reachable in loss record 215 of 317
==731128==    at 0x497D858: malloc (vg_replace_malloc.c:447)
==731128==    by 0x4069457: emalloc_real (awk.h:2156)
==731128==    by 0x4069457: make_str_node (node.c:422)
==731128==    by 0x4077055: install (symbol.c:399)
==731128==    by 0x400DA01: init_vars (main.c:865)
==731128==    by 0x400DA01: main (main.c:403)
==731128== 
==731128== 160 bytes in 1 blocks are still reachable in loss record 216 of 317
==731128==    at 0x498507F: realloc (vg_replace_malloc.c:1804)
==731128==    by 0x40820F1: add_range_to_set (charset.c:3446)
==731128==    by 0x4084670: charset_add_range (charset.c:9090)
==731128==    by 0x4084670: cset_set_range (minrx.c:920)
==731128==    by 0x4084670: cset_parse.isra.0 (minrx.c:1041)
==731128==    by 0x40852FC: chr (minrx.c:1622)
==731128==    by 0x40852FC: rep (minrx.c:1514)
==731128==    by 0x4086100: cat (minrx.c:1406)
==731128==    by 0x4086268: alt (minrx.c:1333)
==731128==    by 0x40851A5: chr (minrx.c:1741)
==731128==    by 0x40851A5: rep (minrx.c:1514)
==731128==    by 0x4086191: cat (minrx.c:1408)
==731128==    by 0x4086268: alt (minrx.c:1333)
==731128==    by 0x4086BB0: compile.constprop.0 (minrx.c:1903)
==731128==    by 0x4089B38: minrx_regncomp (minrx.c:2490)
==731128==    by 0x407427D: make_regexp (re.c:355)
==731128== 
==731128== 160 bytes in 2 blocks are still reachable in loss record 217 of 317
==731128==    at 0x497D858: malloc (vg_replace_malloc.c:447)
==731128==    by 0x4082141: add_range_to_set (charset.c:3438)
==731128==    by 0x4084670: charset_add_range (charset.c:9090)
==731128==    by 0x4084670: cset_set_range (minrx.c:920)
==731128==    by 0x4084670: cset_parse.isra.0 (minrx.c:1041)
==731128==    by 0x40852FC: chr (minrx.c:1622)
==731128==    by 0x40852FC: rep (minrx.c:1514)
==731128==    by 0x4086191: cat (minrx.c:1408)
==731128==    by 0x4086268: alt (minrx.c:1333)
==731128==    by 0x40851A5: chr (minrx.c:1741)
==731128==    by 0x40851A5: rep (minrx.c:1514)
==731128==    by 0x4086191: cat (minrx.c:1408)
==731128==    by 0x4086268: alt (minrx.c:1333)
==731128==    by 0x4086BB0: compile.constprop.0 (minrx.c:1903)
==731128==    by 0x4089B38: minrx_regncomp (minrx.c:2490)
==731128==    by 0x407427D: make_regexp (re.c:355)
==731128== 
==731128== 160 bytes in 27 blocks are still reachable in loss record 218 of 317
==731128==    at 0x497D858: malloc (vg_replace_malloc.c:447)
==731128==    by 0x4069457: emalloc_real (awk.h:2156)
==731128==    by 0x4069457: make_str_node (node.c:422)
==731128==    by 0x40768AE: str_lookup (str_array.c:193)
==731128==    by 0x404EEEF: r_interpret (interpret.h:427)
==731128==    by 0x400EDDE: main (main.c:532)
==731128== 
==731128== 176 bytes in 2 blocks are still reachable in loss record 219 of 317
==731128==    at 0x497D858: malloc (vg_replace_malloc.c:447)
==731128==    by 0x4068FEB: emalloc_real (awk.h:2156)
==731128==    by 0x4068FEB: r_getblock (node.c:1164)
==731128==    by 0x40693C1: make_str_node (node.c:406)
==731128==    by 0x4077055: install (symbol.c:399)
==731128==    by 0x4020040: install_function (awkgram.y:5083)
==731128==    by 0x4020040: yyparse (awkgram.y:546)
==731128==    by 0x402073A: parse_program (awkgram.y:2797)
==731128==    by 0x400EAD8: main (main.c:483)
==731128== 
==731128== 176 bytes in 2 blocks are still reachable in loss record 220 of 317
==731128==    at 0x497D858: malloc (vg_replace_malloc.c:447)
==731128==    by 0x4068FEB: emalloc_real (awk.h:2156)
==731128==    by 0x4068FEB: r_getblock (node.c:1164)
==731128==    by 0x407721E: make_symbol (symbol.c:376)
==731128==    by 0x407721E: install (symbol.c:417)
==731128==    by 0x4020040: install_function (awkgram.y:5083)
==731128==    by 0x4020040: yyparse (awkgram.y:546)
==731128==    by 0x402073A: parse_program (awkgram.y:2797)
==731128==    by 0x400EAD8: main (main.c:483)
==731128== 
==731128== 186 bytes in 93 blocks are still reachable in loss record 221 of 317
==731128==    at 0x497D858: malloc (vg_replace_malloc.c:447)
==731128==    by 0x4012E7F: emalloc_real (awk.h:2156)
==731128==    by 0x4012E7F: new_array_element (array.c:1527)
==731128==    by 0x4076904: str_lookup (str_array.c:220)
==731128==    by 0x404F68B: r_interpret (interpret.h:327)
==731128==    by 0x400EDDE: main (main.c:532)
==731128== 
==731128== 200 bytes in 5 blocks are still reachable in loss record 222 of 317
==731128==    at 0x497D858: malloc (vg_replace_malloc.c:447)
==731128==    by 0x4082059: add_char_to_set (charset.c:3407)
==731128==    by 0x4082C22: charset_add_char.part.0 (charset.c:9054)
==731128==    by 0x4086F77: charset_add_char (charset.c:9051)
==731128==    by 0x4086F77: cset_set (minrx.c:928)
==731128==    by 0x4086F77: firstclosure (minrx.c:1841)
==731128==    by 0x4086F77: compile.constprop.0 (minrx.c:1923)
==731128==    by 0x4089B38: minrx_regncomp (minrx.c:2490)
==731128==    by 0x407427D: make_regexp (re.c:355)
==731128==    by 0x40195EB: make_regnode (awkgram.y:5306)
==731128==    by 0x401D996: yyparse (awkgram.y:584)
==731128==    by 0x402073A: parse_program (awkgram.y:2797)
==731128==    by 0x400EAD8: main (main.c:483)
==731128== 
==731128== 205 bytes in 24 blocks are still reachable in loss record 223 of 317
==731128==    at 0x497D858: malloc (vg_replace_malloc.c:447)
==731128==    by 0x4069457: emalloc_real (awk.h:2156)
==731128==    by 0x4069457: make_str_node (node.c:422)
==731128==    by 0x400E0F5: load_environ (main.c:946)
==731128==    by 0x400E0F5: init_vars (main.c:879)
==731128==    by 0x400E0F5: main (main.c:403)
==731128== 
==731128== 224 bytes in 1 blocks are still reachable in loss record 224 of 317
==731128==    at 0x498507F: realloc (vg_replace_malloc.c:1804)
==731128==    by 0x40820F1: add_range_to_set (charset.c:3446)
==731128==    by 0x408254B: charset_finalize (charset.c:8975)
==731128==    by 0x4087709: charset_firstbytes (charset.c:9475)
==731128==    by 0x4087709: cset_firstbytes (minrx.c:1060)
==731128==    by 0x4087709: firstbytes (minrx.c:1859)
==731128==    by 0x4087709: compile.constprop.0 (minrx.c:1924)
==731128==    by 0x4089B38: minrx_regncomp (minrx.c:2490)
==731128==    by 0x407427D: make_regexp (re.c:355)
==731128==    by 0x40753B5: re_cache_get (re.c:556)
==731128==    by 0x40753B5: re_update (re.c:610)
==731128==    by 0x4030F2C: do_match (builtin.c:1596)
==731128==    by 0x404FC3C: r_interpret (interpret.h:1114)
==731128==    by 0x400EDDE: main (main.c:532)
==731128== 
==731128== 256 bytes in 1 blocks are still reachable in loss record 225 of 317
==731128==    at 0x4984E43: calloc (vg_replace_malloc.c:1678)
==731128==    by 0x4034892: ezalloc_real (awk.h:2174)
==731128==    by 0x4034892: cint_lookup (cint_array.c:249)
==731128==    by 0x400E9D6: assoc_set (awk.h:2220)
==731128==    by 0x400E9D6: load_procinfo_argv (main.c:992)
==731128==    by 0x400E9D6: load_procinfo (main.c:1093)
==731128==    by 0x400E9D6: init_vars (main.c:878)
==731128==    by 0x400E9D6: main (main.c:403)
==731128== 
==731128== 256 bytes in 1 blocks are still reachable in loss record 226 of 317
==731128==    at 0x4984E43: calloc (vg_replace_malloc.c:1678)
==731128==    by 0x4034297: ezalloc_real (awk.h:2174)
==731128==    by 0x4034297: tree_lookup (cint_array.c:773)
==731128==    by 0x400E9D6: assoc_set (awk.h:2220)
==731128==    by 0x400E9D6: load_procinfo_argv (main.c:992)
==731128==    by 0x400E9D6: load_procinfo (main.c:1093)
==731128==    by 0x400E9D6: init_vars (main.c:878)
==731128==    by 0x400E9D6: main (main.c:403)
==731128== 
==731128== 256 bytes in 1 blocks are still reachable in loss record 227 of 317
==731128==    at 0x4984E43: calloc (vg_replace_malloc.c:1678)
==731128==    by 0x40344C0: ezalloc_real (awk.h:2174)
==731128==    by 0x40344C0: leaf_lookup (cint_array.c:1064)
==731128==    by 0x40344C0: tree_lookup (cint_array.c:797)
==731128==    by 0x400E9D6: assoc_set (awk.h:2220)
==731128==    by 0x400E9D6: load_procinfo_argv (main.c:992)
==731128==    by 0x400E9D6: load_procinfo (main.c:1093)
==731128==    by 0x400E9D6: init_vars (main.c:878)
==731128==    by 0x400E9D6: main (main.c:403)
==731128== 
==731128== 256 bytes in 1 blocks are still reachable in loss record 228 of 317
==731128==    at 0x4984E43: calloc (vg_replace_malloc.c:1678)
==731128==    by 0x4034892: ezalloc_real (awk.h:2174)
==731128==    by 0x4034892: cint_lookup (cint_array.c:249)
==731128==    by 0x40662E6: assoc_set (awk.h:2220)
==731128==    by 0x400E453: init_args (main.c:768)
==731128==    by 0x400E453: main (main.c:470)
==731128== 
==731128== 256 bytes in 1 blocks are still reachable in loss record 229 of 317
==731128==    at 0x4984E43: calloc (vg_replace_malloc.c:1678)
==731128==    by 0x4034297: ezalloc_real (awk.h:2174)
==731128==    by 0x4034297: tree_lookup (cint_array.c:773)
==731128==    by 0x40662E6: assoc_set (awk.h:2220)
==731128==    by 0x400E453: init_args (main.c:768)
==731128==    by 0x400E453: main (main.c:470)
==731128== 
==731128== 256 bytes in 1 blocks are still reachable in loss record 230 of 317
==731128==    at 0x4984E43: calloc (vg_replace_malloc.c:1678)
==731128==    by 0x40344C0: ezalloc_real (awk.h:2174)
==731128==    by 0x40344C0: leaf_lookup (cint_array.c:1064)
==731128==    by 0x40344C0: tree_lookup (cint_array.c:797)
==731128==    by 0x40662E6: assoc_set (awk.h:2220)
==731128==    by 0x400E453: init_args (main.c:768)
==731128==    by 0x400E453: main (main.c:470)
==731128== 
==731128== 264 bytes in 3 blocks are still reachable in loss record 231 of 317
==731128==    at 0x497D858: malloc (vg_replace_malloc.c:447)
==731128==    by 0x4068FEB: emalloc_real (awk.h:2156)
==731128==    by 0x4068FEB: r_getblock (node.c:1164)
==731128==    by 0x40693C1: make_str_node (node.c:406)
==731128==    by 0x400E9C6: load_procinfo_argv (main.c:991)
==731128==    by 0x400E9C6: load_procinfo (main.c:1093)
==731128==    by 0x400E9C6: init_vars (main.c:878)
==731128==    by 0x400E9C6: main (main.c:403)
==731128== 
==731128== 264 bytes in 3 blocks are still reachable in loss record 232 of 317
==731128==    at 0x497D858: malloc (vg_replace_malloc.c:447)
==731128==    by 0x4068FEB: emalloc_real (awk.h:2156)
==731128==    by 0x4068FEB: r_getblock (node.c:1164)
==731128==    by 0x40693C1: make_str_node (node.c:406)
==731128==    by 0x4077055: install (symbol.c:399)
==731128==    by 0x401CA25: yyparse (awkgram.y:2156)
==731128==    by 0x402073A: parse_program (awkgram.y:2797)
==731128==    by 0x400EAD8: main (main.c:483)
==731128== 
==731128== 264 bytes in 3 blocks are still reachable in loss record 233 of 317
==731128==    at 0x497D858: malloc (vg_replace_malloc.c:447)
==731128==    by 0x4068FEB: emalloc_real (awk.h:2156)
==731128==    by 0x4068FEB: r_getblock (node.c:1164)
==731128==    by 0x4077133: make_symbol (symbol.c:376)
==731128==    by 0x4077133: install (symbol.c:417)
==731128==    by 0x401CA25: yyparse (awkgram.y:2156)
==731128==    by 0x402073A: parse_program (awkgram.y:2797)
==731128==    by 0x400EAD8: main (main.c:483)
==731128== 
==731128== 278 bytes in 42 blocks are still reachable in loss record 234 of 317
==731128==    at 0x497D858: malloc (vg_replace_malloc.c:447)
==731128==    by 0x4069457: emalloc_real (awk.h:2156)
==731128==    by 0x4069457: make_str_node (node.c:422)
==731128==    by 0x4077055: install (symbol.c:399)
==731128==    by 0x401982E: install_builtins (awkgram.y:6601)
==731128==    by 0x400ED71: main (main.c:491)
==731128== 
==731128== 288 bytes in 6 blocks are still reachable in loss record 235 of 317
==731128==    at 0x497D858: malloc (vg_replace_malloc.c:447)
==731128==    by 0x4068FEB: emalloc_real (awk.h:2156)
==731128==    by 0x4068FEB: r_getblock (node.c:1164)
==731128==    by 0x40768D9: str_lookup (str_array.c:214)
==731128==    by 0x407708C: assoc_set (awk.h:2220)
==731128==    by 0x407708C: install (symbol.c:430)
==731128==    by 0x401E274: install_function (awkgram.y:5083)
==731128==    by 0x401E274: yyparse (awkgram.y:546)
==731128==    by 0x402073A: parse_program (awkgram.y:2797)
==731128==    by 0x400EAD8: main (main.c:483)
==731128== 
==731128== 296 bytes in 1 blocks are still reachable in loss record 236 of 317
==731128==    at 0x4984E43: calloc (vg_replace_malloc.c:1678)
==731128==    by 0x4014A06: ezalloc_real (awk.h:2174)
==731128==    by 0x4014A06: do_add_srcfile (awkgram.y:2833)
==731128==    by 0x4018A70: add_srcfile (awkgram.y:2916)
==731128==    by 0x400D7E5: parse_args (main.c:1585)
==731128==    by 0x400D7E5: main (main.c:294)
==731128== 
==731128== 297 bytes in 67 blocks are still reachable in loss record 237 of 317
==731128==    at 0x497D858: malloc (vg_replace_malloc.c:447)
==731128==    by 0x4010F67: emalloc_real (awk.h:2156)
==731128==    by 0x4010F67: concat_exp (array.c:425)
==731128==    by 0x404EEC8: r_interpret (interpret.h:416)
==731128==    by 0x400EDDE: main (main.c:532)
==731128== 
==731128== 304 bytes in 1 blocks are still reachable in loss record 238 of 317
==731128==    at 0x498507F: realloc (vg_replace_malloc.c:1804)
==731128==    by 0x40539DB: erealloc_real (awk.h:2192)
==731128==    by 0x40539DB: grow_fields_arr (field.c:134)
==731128==    by 0x4053BD3: set_field (field.c:155)
==731128==    by 0x4054088: def_parse_field (field.c:630)
==731128==    by 0x4056188: get_field (field.c:1074)
==731128==    by 0x4047658: update_NF (eval.c:1107)
==731128==    by 0x404E282: r_interpret (interpret.h:980)
==731128==    by 0x400EDDE: main (main.c:532)
==731128== 
==731128== 331 bytes in 40 blocks are still reachable in loss record 239 of 317
==731128==    at 0x497D858: malloc (vg_replace_malloc.c:447)
==731128==    by 0x4069457: emalloc_real (awk.h:2156)
==731128==    by 0x4069457: make_str_node (node.c:422)
==731128==    by 0x4077055: install (symbol.c:399)
==731128==    by 0x401CA63: yyparse (awkgram.y:2148)
==731128==    by 0x402073A: parse_program (awkgram.y:2797)
==731128==    by 0x400EAD8: main (main.c:483)
==731128== 
==731128== 352 bytes in 4 blocks are still reachable in loss record 240 of 317
==731128==    at 0x497D858: malloc (vg_replace_malloc.c:447)
==731128==    by 0x4068FEB: emalloc_real (awk.h:2156)
==731128==    by 0x4068FEB: r_getblock (node.c:1164)
==731128==    by 0x40693C1: make_str_node (node.c:406)
==731128==    by 0x40502C0: r_interpret (interpret.h:900)
==731128==    by 0x400EDDE: main (main.c:532)
==731128== 
==731128== 368 bytes in 18 blocks are still reachable in loss record 241 of 317
==731128==    at 0x497D858: malloc (vg_replace_malloc.c:447)
==731128==    by 0x407474B: emalloc_real (awk.h:2156)
==731128==    by 0x407474B: make_regexp (re.c:370)
==731128==    by 0x40753B5: re_cache_get (re.c:556)
==731128==    by 0x40753B5: re_update (re.c:610)
==731128==    by 0x4030F2C: do_match (builtin.c:1596)
==731128==    by 0x404FC3C: r_interpret (interpret.h:1114)
==731128==    by 0x400EDDE: main (main.c:532)
==731128== 
==731128== 384 bytes in 6 blocks are still reachable in loss record 242 of 317
==731128==    at 0x497D858: malloc (vg_replace_malloc.c:447)
==731128==    by 0x4086F0A: charset_create (charset.c:9027)
==731128==    by 0x4086F0A: cset_construct (minrx.c:883)
==731128==    by 0x4086F0A: firstclosure (minrx.c:1836)
==731128==    by 0x4086F0A: compile.constprop.0 (minrx.c:1923)
==731128==    by 0x4089B38: minrx_regncomp (minrx.c:2490)
==731128==    by 0x407427D: make_regexp (re.c:355)
==731128==    by 0x40195EB: make_regnode (awkgram.y:5306)
==731128==    by 0x401D996: yyparse (awkgram.y:584)
==731128==    by 0x402073A: parse_program (awkgram.y:2797)
==731128==    by 0x400EAD8: main (main.c:483)
==731128== 
==731128== 384 bytes in 6 blocks are still reachable in loss record 243 of 317
==731128==    at 0x497D858: malloc (vg_replace_malloc.c:447)
==731128==    by 0x406B0EF: emalloc_real (awk.h:2156)
==731128==    by 0x406B0EF: format_args (printf.c:203)
==731128==    by 0x406E4D4: printf_common (printf.c:781)
==731128==    by 0x406E784: do_sprintf (printf.c:797)
==731128==    by 0x404FC3C: r_interpret (interpret.h:1114)
==731128==    by 0x400EDDE: main (main.c:532)
==731128== 
==731128== 384 bytes in 6 blocks are still reachable in loss record 244 of 317
==731128==    at 0x497D858: malloc (vg_replace_malloc.c:447)
==731128==    by 0x408333D: charset_create (charset.c:9027)
==731128==    by 0x408333D: cset_construct (minrx.c:883)
==731128==    by 0x408333D: csets_emplace_back (minrx.c:1136)
==731128==    by 0x40852DA: chr (minrx.c:1621)
==731128==    by 0x40852DA: rep (minrx.c:1514)
==731128==    by 0x4086191: cat (minrx.c:1408)
==731128==    by 0x4086268: alt (minrx.c:1333)
==731128==    by 0x4086BB0: compile.constprop.0 (minrx.c:1903)
==731128==    by 0x4089B38: minrx_regncomp (minrx.c:2490)
==731128==    by 0x407427D: make_regexp (re.c:355)
==731128==    by 0x40753B5: re_cache_get (re.c:556)
==731128==    by 0x40753B5: re_update (re.c:610)
==731128==    by 0x4030F2C: do_match (builtin.c:1596)
==731128==    by 0x404FC3C: r_interpret (interpret.h:1114)
==731128==    by 0x400EDDE: main (main.c:532)
==731128== 
==731128== 384 bytes in 8 blocks are still reachable in loss record 245 of 317
==731128==    at 0x497D858: malloc (vg_replace_malloc.c:447)
==731128==    by 0x4068FEB: emalloc_real (awk.h:2156)
==731128==    by 0x4068FEB: r_getblock (node.c:1164)
==731128==    by 0x40768D9: str_lookup (str_array.c:214)
==731128==    by 0x407708C: assoc_set (awk.h:2220)
==731128==    by 0x407708C: install (symbol.c:430)
==731128==    by 0x401CBA7: yyparse (awkgram.y:1270)
==731128==    by 0x402073A: parse_program (awkgram.y:2797)
==731128==    by 0x400EAD8: main (main.c:483)
==731128== 
==731128== 391 bytes in 24 blocks are still reachable in loss record 246 of 317
==731128==    at 0x498507F: realloc (vg_replace_malloc.c:1804)
==731128==    by 0x406956E: erealloc_real (awk.h:2192)
==731128==    by 0x406956E: make_str_node (node.c:494)
==731128==    by 0x401B194: yylex (awkgram.y:4074)
==731128==    by 0x401C83C: yyparse (awkgram.c:1879)
==731128==    by 0x402073A: parse_program (awkgram.y:2797)
==731128==    by 0x400EAD8: main (main.c:483)
==731128== 
==731128== 400 bytes in 5 blocks are still reachable in loss record 247 of 317
==731128==    at 0x497D858: malloc (vg_replace_malloc.c:447)
==731128==    by 0x4082141: add_range_to_set (charset.c:3438)
==731128==    by 0x408269F: charset_finalize (charset.c:8983)
==731128==    by 0x4087709: charset_firstbytes (charset.c:9475)
==731128==    by 0x4087709: cset_firstbytes (minrx.c:1060)
==731128==    by 0x4087709: firstbytes (minrx.c:1859)
==731128==    by 0x4087709: compile.constprop.0 (minrx.c:1924)
==731128==    by 0x4089B38: minrx_regncomp (minrx.c:2490)
==731128==    by 0x407427D: make_regexp (re.c:355)
==731128==    by 0x40195EB: make_regnode (awkgram.y:5306)
==731128==    by 0x401D996: yyparse (awkgram.y:584)
==731128==    by 0x402073A: parse_program (awkgram.y:2797)
==731128==    by 0x400EAD8: main (main.c:483)
==731128== 
==731128== 418 bytes in 51 blocks are still reachable in loss record 248 of 317
==731128==    at 0x497D858: malloc (vg_replace_malloc.c:447)
==731128==    by 0x4066564: emalloc_real (awk.h:2156)
==731128==    by 0x4066564: estrdup (main.c:1451)
==731128==    by 0x401A0B8: yylex (awkgram.y:4495)
==731128==    by 0x401C83C: yyparse (awkgram.c:1879)
==731128==    by 0x402073A: parse_program (awkgram.y:2797)
==731128==    by 0x400EAD8: main (main.c:483)
==731128== 
==731128== 419 bytes in 93 blocks are still reachable in loss record 249 of 317
==731128==    at 0x497D858: malloc (vg_replace_malloc.c:447)
==731128==    by 0x4010F67: emalloc_real (awk.h:2156)
==731128==    by 0x4010F67: concat_exp (array.c:425)
==731128==    by 0x404F639: r_interpret (interpret.h:291)
==731128==    by 0x400EDDE: main (main.c:532)
==731128== 
==731128== 480 bytes in 6 blocks are still reachable in loss record 250 of 317
==731128==    at 0x497D858: malloc (vg_replace_malloc.c:447)
==731128==    by 0x4082141: add_range_to_set (charset.c:3438)
==731128==    by 0x4084670: charset_add_range (charset.c:9090)
==731128==    by 0x4084670: cset_set_range (minrx.c:920)
==731128==    by 0x4084670: cset_parse.isra.0 (minrx.c:1041)
==731128==    by 0x40852FC: chr (minrx.c:1622)
==731128==    by 0x40852FC: rep (minrx.c:1514)
==731128==    by 0x4086191: cat (minrx.c:1408)
==731128==    by 0x4086268: alt (minrx.c:1333)
==731128==    by 0x4086BB0: compile.constprop.0 (minrx.c:1903)
==731128==    by 0x4089B38: minrx_regncomp (minrx.c:2490)
==731128==    by 0x407427D: make_regexp (re.c:355)
==731128==    by 0x40753B5: re_cache_get (re.c:556)
==731128==    by 0x40753B5: re_update (re.c:610)
==731128==    by 0x4030F2C: do_match (builtin.c:1596)
==731128==    by 0x404FC3C: r_interpret (interpret.h:1114)
==731128== 
==731128== 512 bytes in 1 blocks are still reachable in loss record 251 of 317
==731128==    at 0x4984E43: calloc (vg_replace_malloc.c:1678)
==731128==    by 0x4055BEE: ezalloc_real (awk.h:2174)
==731128==    by 0x4055BEE: set_record (field.c:309)
==731128==    by 0x406096F: inrec (io.c:590)
==731128==    by 0x404ECFC: r_interpret (interpret.h:1457)
==731128==    by 0x400EDDE: main (main.c:532)
==731128== 
==731128== 513 bytes in 6 blocks are still reachable in loss record 252 of 317
==731128==    at 0x498507F: realloc (vg_replace_malloc.c:1804)
==731128==    by 0x4014218: erealloc_real.constprop.0 (awk.h:2192)
==731128==    by 0x401F717: yyparse (awkgram.y:1764)
==731128==    by 0x402073A: parse_program (awkgram.y:2797)
==731128==    by 0x400EAD8: main (main.c:483)
==731128== 
==731128== 528 bytes in 6 blocks are still reachable in loss record 253 of 317
==731128==    at 0x497D858: malloc (vg_replace_malloc.c:447)
==731128==    by 0x4068FEB: emalloc_real (awk.h:2156)
==731128==    by 0x4068FEB: r_getblock (node.c:1164)
==731128==    by 0x4069930: make_number_node (awk.h:2206)
==731128==    by 0x4069930: r_make_number (node.c:369)
==731128==    by 0x400DA23: init_vars (main.c:869)
==731128==    by 0x400DA23: main (main.c:403)
==731128== 
==731128== 528 bytes in 6 blocks are still reachable in loss record 254 of 317
==731128==    at 0x497D858: malloc (vg_replace_malloc.c:447)
==731128==    by 0x4068FEB: emalloc_real (awk.h:2156)
==731128==    by 0x4068FEB: r_getblock (node.c:1164)
==731128==    by 0x40693C1: make_str_node (node.c:406)
==731128==    by 0x4077055: install (symbol.c:399)
==731128==    by 0x401E274: install_function (awkgram.y:5083)
==731128==    by 0x401E274: yyparse (awkgram.y:546)
==731128==    by 0x402073A: parse_program (awkgram.y:2797)
==731128==    by 0x400EAD8: main (main.c:483)
==731128== 
==731128== 528 bytes in 6 blocks are still reachable in loss record 255 of 317
==731128==    at 0x497D858: malloc (vg_replace_malloc.c:447)
==731128==    by 0x4068FEB: emalloc_real (awk.h:2156)
==731128==    by 0x4068FEB: r_getblock (node.c:1164)
==731128==    by 0x407721E: make_symbol (symbol.c:376)
==731128==    by 0x407721E: install (symbol.c:417)
==731128==    by 0x401E274: install_function (awkgram.y:5083)
==731128==    by 0x401E274: yyparse (awkgram.y:546)
==731128==    by 0x402073A: parse_program (awkgram.y:2797)
==731128==    by 0x400EAD8: main (main.c:483)
==731128== 
==731128== 528 bytes in 6 blocks are still reachable in loss record 256 of 317
==731128==    at 0x497D858: malloc (vg_replace_malloc.c:447)
==731128==    by 0x4068FEB: emalloc_real (awk.h:2156)
==731128==    by 0x4068FEB: r_getblock (node.c:1164)
==731128==    by 0x40693C1: make_str_node (node.c:406)
==731128==    by 0x401D986: yyparse (awkgram.y:583)
==731128==    by 0x402073A: parse_program (awkgram.y:2797)
==731128==    by 0x400EAD8: main (main.c:483)
==731128== 
==731128== 528 bytes in 6 blocks are still reachable in loss record 257 of 317
==731128==    at 0x497D858: malloc (vg_replace_malloc.c:447)
==731128==    by 0x4068FEB: emalloc_real (awk.h:2156)
==731128==    by 0x4068FEB: r_getblock (node.c:1164)
==731128==    by 0x4019588: make_regnode (awkgram.y:5300)
==731128==    by 0x401D996: yyparse (awkgram.y:584)
==731128==    by 0x402073A: parse_program (awkgram.y:2797)
==731128==    by 0x400EAD8: main (main.c:483)
==731128== 
==731128== 528 bytes in 6 blocks are still reachable in loss record 258 of 317
==731128==    at 0x497D858: malloc (vg_replace_malloc.c:447)
==731128==    by 0x4068FEB: emalloc_real (awk.h:2156)
==731128==    by 0x4068FEB: r_getblock (node.c:1164)
==731128==    by 0x40693C1: make_str_node (node.c:406)
==731128==    by 0x406C4C5: format_args (printf.c:745)
==731128==    by 0x406E4D4: printf_common (printf.c:781)
==731128==    by 0x406E784: do_sprintf (printf.c:797)
==731128==    by 0x404FC3C: r_interpret (interpret.h:1114)
==731128==    by 0x400EDDE: main (main.c:532)
==731128== 
==731128== 528 bytes in 44 blocks are still reachable in loss record 259 of 317
==731128==    at 0x497D858: malloc (vg_replace_malloc.c:447)
==731128==    by 0x4066564: emalloc_real (awk.h:2156)
==731128==    by 0x4066564: estrdup (main.c:1451)
==731128==    by 0x401E3D7: yyparse (awkgram.y:2042)
==731128==    by 0x402073A: parse_program (awkgram.y:2797)
==731128==    by 0x400EAD8: main (main.c:483)
==731128== 
==731128== 552 bytes in 1 blocks are still reachable in loss record 260 of 317
==731128==    at 0x4984E43: calloc (vg_replace_malloc.c:1678)
==731128==    by 0x4078976: ezalloc_real (awk.h:2174)
==731128==    by 0x4078976: new_context (symbol.c:870)
==731128==    by 0x400D61D: main (main.c:292)
==731128== 
==731128== 560 bytes in 14 blocks are still reachable in loss record 261 of 317
==731128==    at 0x497D858: malloc (vg_replace_malloc.c:447)
==731128==    by 0x4082059: add_char_to_set (charset.c:3407)
==731128==    by 0x4082C22: charset_add_char.part.0 (charset.c:9054)
==731128==    by 0x4086F77: charset_add_char (charset.c:9051)
==731128==    by 0x4086F77: cset_set (minrx.c:928)
==731128==    by 0x4086F77: firstclosure (minrx.c:1841)
==731128==    by 0x4086F77: compile.constprop.0 (minrx.c:1923)
==731128==    by 0x4089B38: minrx_regncomp (minrx.c:2490)
==731128==    by 0x407427D: make_regexp (re.c:355)
==731128==    by 0x40753B5: re_cache_get (re.c:556)
==731128==    by 0x40753B5: re_update (re.c:610)
==731128==    by 0x4030F2C: do_match (builtin.c:1596)
==731128==    by 0x404FC3C: r_interpret (interpret.h:1114)
==731128==    by 0x400EDDE: main (main.c:532)
==731128== 
==731128== 704 bytes in 8 blocks are still reachable in loss record 262 of 317
==731128==    at 0x497D858: malloc (vg_replace_malloc.c:447)
==731128==    by 0x4068FEB: emalloc_real (awk.h:2156)
==731128==    by 0x4068FEB: r_getblock (node.c:1164)
==731128==    by 0x40693C1: make_str_node (node.c:406)
==731128==    by 0x4077055: install (symbol.c:399)
==731128==    by 0x401CBA7: yyparse (awkgram.y:1270)
==731128==    by 0x402073A: parse_program (awkgram.y:2797)
==731128==    by 0x400EAD8: main (main.c:483)
==731128== 
==731128== 704 bytes in 8 blocks are still reachable in loss record 263 of 317
==731128==    at 0x497D858: malloc (vg_replace_malloc.c:447)
==731128==    by 0x4068FEB: emalloc_real (awk.h:2156)
==731128==    by 0x4068FEB: r_getblock (node.c:1164)
==731128==    by 0x4077133: make_symbol (symbol.c:376)
==731128==    by 0x4077133: install (symbol.c:417)
==731128==    by 0x401CBA7: yyparse (awkgram.y:1270)
==731128==    by 0x402073A: parse_program (awkgram.y:2797)
==731128==    by 0x400EAD8: main (main.c:483)
==731128== 
==731128== 728 bytes in 7 blocks are still reachable in loss record 264 of 317
==731128==    at 0x4984E43: calloc (vg_replace_malloc.c:1678)
==731128==    by 0x4075D54: ezalloc_real (awk.h:2174)
==731128==    by 0x4075D54: grow_table (str_array.c:682)
==731128==    by 0x407693C: str_lookup (str_array.c:150)
==731128==    by 0x404EEEF: r_interpret (interpret.h:427)
==731128==    by 0x400EDDE: main (main.c:532)
==731128== 
==731128== 816 bytes in 6 blocks are still reachable in loss record 265 of 317
==731128==    at 0x4984E43: calloc (vg_replace_malloc.c:1678)
==731128==    by 0x407421C: ezalloc_real (awk.h:2174)
==731128==    by 0x407421C: make_regexp (re.c:278)
==731128==    by 0x40195EB: make_regnode (awkgram.y:5306)
==731128==    by 0x401D996: yyparse (awkgram.y:584)
==731128==    by 0x402073A: parse_program (awkgram.y:2797)
==731128==    by 0x400EAD8: main (main.c:483)
==731128== 
==731128== 830 bytes in 24 blocks are still reachable in loss record 266 of 317
==731128==    at 0x497D858: malloc (vg_replace_malloc.c:447)
==731128==    by 0x4069457: emalloc_real (awk.h:2156)
==731128==    by 0x4069457: make_str_node (node.c:422)
==731128==    by 0x400E10D: load_environ (main.c:947)
==731128==    by 0x400E10D: init_vars (main.c:879)
==731128==    by 0x400E10D: main (main.c:403)
==731128== 
==731128== 968 bytes in 11 blocks are still reachable in loss record 267 of 317
==731128==    at 0x497D858: malloc (vg_replace_malloc.c:447)
==731128==    by 0x4068FEB: emalloc_real (awk.h:2156)
==731128==    by 0x4068FEB: r_getblock (node.c:1164)
==731128==    by 0x40693C1: make_str_node (node.c:406)
==731128==    by 0x400D984: init_vars (main.c:867)
==731128==    by 0x400D984: main (main.c:403)
==731128== 
==731128== 991 bytes in 131 blocks are still reachable in loss record 268 of 317
==731128==    at 0x497D858: malloc (vg_replace_malloc.c:447)
==731128==    by 0x4069457: emalloc_real (awk.h:2156)
==731128==    by 0x4069457: make_str_node (node.c:422)
==731128==    by 0x4078494: load_symbols (symbol.c:700)
==731128==    by 0x400ED85: main (main.c:499)
==731128== 
==731128== 1,120 bytes in 14 blocks are still reachable in loss record 269 of 317
==731128==    at 0x497D858: malloc (vg_replace_malloc.c:447)
==731128==    by 0x4082141: add_range_to_set (charset.c:3438)
==731128==    by 0x408269F: charset_finalize (charset.c:8983)
==731128==    by 0x4087709: charset_firstbytes (charset.c:9475)
==731128==    by 0x4087709: cset_firstbytes (minrx.c:1060)
==731128==    by 0x4087709: firstbytes (minrx.c:1859)
==731128==    by 0x4087709: compile.constprop.0 (minrx.c:1924)
==731128==    by 0x4089B38: minrx_regncomp (minrx.c:2490)
==731128==    by 0x407427D: make_regexp (re.c:355)
==731128==    by 0x40753B5: re_cache_get (re.c:556)
==731128==    by 0x40753B5: re_update (re.c:610)
==731128==    by 0x4030F2C: do_match (builtin.c:1596)
==731128==    by 0x404FC3C: r_interpret (interpret.h:1114)
==731128==    by 0x400EDDE: main (main.c:532)
==731128== 
==731128== 1,152 bytes in 18 blocks are still reachable in loss record 270 of 317
==731128==    at 0x497D858: malloc (vg_replace_malloc.c:447)
==731128==    by 0x4086F0A: charset_create (charset.c:9027)
==731128==    by 0x4086F0A: cset_construct (minrx.c:883)
==731128==    by 0x4086F0A: firstclosure (minrx.c:1836)
==731128==    by 0x4086F0A: compile.constprop.0 (minrx.c:1923)
==731128==    by 0x4089B38: minrx_regncomp (minrx.c:2490)
==731128==    by 0x407427D: make_regexp (re.c:355)
==731128==    by 0x40753B5: re_cache_get (re.c:556)
==731128==    by 0x40753B5: re_update (re.c:610)
==731128==    by 0x4030F2C: do_match (builtin.c:1596)
==731128==    by 0x404FC3C: r_interpret (interpret.h:1114)
==731128==    by 0x400EDDE: main (main.c:532)
==731128== 
==731128== 1,152 bytes in 24 blocks are still reachable in loss record 271 of 317
==731128==    at 0x497D858: malloc (vg_replace_malloc.c:447)
==731128==    by 0x4068FEB: emalloc_real (awk.h:2156)
==731128==    by 0x4068FEB: r_getblock (node.c:1164)
==731128==    by 0x40768D9: str_lookup (str_array.c:214)
==731128==    by 0x407708C: assoc_set (awk.h:2220)
==731128==    by 0x407708C: install (symbol.c:430)
==731128==    by 0x400DA01: init_vars (main.c:865)
==731128==    by 0x400DA01: main (main.c:403)
==731128== 
==731128== 1,152 bytes in 24 blocks are still reachable in loss record 272 of 317
==731128==    at 0x497D858: malloc (vg_replace_malloc.c:447)
==731128==    by 0x4068FEB: emalloc_real (awk.h:2156)
==731128==    by 0x4068FEB: r_getblock (node.c:1164)
==731128==    by 0x40768D9: str_lookup (str_array.c:214)
==731128==    by 0x400E127: assoc_set (awk.h:2220)
==731128==    by 0x400E127: load_environ (main.c:949)
==731128==    by 0x400E127: init_vars (main.c:879)
==731128==    by 0x400E127: main (main.c:403)
==731128== 
==731128== 1,209 bytes in 59 blocks are still reachable in loss record 273 of 317
==731128==    at 0x497D858: malloc (vg_replace_malloc.c:447)
==731128==    by 0x4010F67: emalloc_real (awk.h:2156)
==731128==    by 0x4010F67: concat_exp (array.c:425)
==731128==    by 0x404F33C: r_interpret (interpret.h:984)
==731128==    by 0x400EDDE: main (main.c:532)
==731128== 
==731128== 1,496 bytes in 6 blocks are still reachable in loss record 274 of 317
==731128==    at 0x4984E43: calloc (vg_replace_malloc.c:1678)
==731128==    by 0x40778BB: ezalloc_real (awk.h:2174)
==731128==    by 0x40778BB: make_params (symbol.c:229)
==731128==    by 0x401E2B5: install_function (awkgram.y:5096)
==731128==    by 0x401E2B5: yyparse (awkgram.y:546)
==731128==    by 0x402073A: parse_program (awkgram.y:2797)
==731128==    by 0x400EAD8: main (main.c:483)
==731128== 
==731128== 1,584 bytes in 18 blocks are still reachable in loss record 275 of 317
==731128==    at 0x497D858: malloc (vg_replace_malloc.c:447)
==731128==    by 0x4068FEB: emalloc_real (awk.h:2156)
==731128==    by 0x4068FEB: r_getblock (node.c:1164)
==731128==    by 0x4014FDC: make_regnode (awkgram.y:5300)
==731128==    by 0x4014FDC: mk_rexp (awkgram.y:5332)
==731128==    by 0x4017DF0: snode (awkgram.y:4730)
==731128==    by 0x401DBAA: yyparse (awkgram.y:1917)
==731128==    by 0x402073A: parse_program (awkgram.y:2797)
==731128==    by 0x400EAD8: main (main.c:483)
==731128== 
==731128== 1,792 bytes in 6 blocks are still reachable in loss record 276 of 317
==731128==    at 0x497D858: malloc (vg_replace_malloc.c:447)
==731128==    by 0x4086BDE: compile.constprop.0 (minrx.c:1905)
==731128==    by 0x4089B38: minrx_regncomp (minrx.c:2490)
==731128==    by 0x407427D: make_regexp (re.c:355)
==731128==    by 0x40195EB: make_regnode (awkgram.y:5306)
==731128==    by 0x401D996: yyparse (awkgram.y:584)
==731128==    by 0x402073A: parse_program (awkgram.y:2797)
==731128==    by 0x400EAD8: main (main.c:483)
==731128== 
==731128== 1,920 bytes in 40 blocks are still reachable in loss record 277 of 317
==731128==    at 0x497D858: malloc (vg_replace_malloc.c:447)
==731128==    by 0x4068FEB: emalloc_real (awk.h:2156)
==731128==    by 0x4068FEB: r_getblock (node.c:1164)
==731128==    by 0x40768D9: str_lookup (str_array.c:214)
==731128==    by 0x407708C: assoc_set (awk.h:2220)
==731128==    by 0x407708C: install (symbol.c:430)
==731128==    by 0x401CA63: yyparse (awkgram.y:2148)
==731128==    by 0x402073A: parse_program (awkgram.y:2797)
==731128==    by 0x400EAD8: main (main.c:483)
==731128== 
==731128== 2,016 bytes in 42 blocks are still reachable in loss record 278 of 317
==731128==    at 0x497D858: malloc (vg_replace_malloc.c:447)
==731128==    by 0x4068FEB: emalloc_real (awk.h:2156)
==731128==    by 0x4068FEB: r_getblock (node.c:1164)
==731128==    by 0x40768D9: str_lookup (str_array.c:214)
==731128==    by 0x407708C: assoc_set (awk.h:2220)
==731128==    by 0x407708C: install (symbol.c:430)
==731128==    by 0x401982E: install_builtins (awkgram.y:6601)
==731128==    by 0x400ED71: main (main.c:491)
==731128== 
==731128== 2,048 bytes in 1 blocks are still reachable in loss record 279 of 317
==731128==    at 0x497D858: malloc (vg_replace_malloc.c:447)
==731128==    by 0x4048A59: emalloc_real (awk.h:2156)
==731128==    by 0x4048A59: init_interpret (eval.c:1897)
==731128==    by 0x400E3D5: main (main.c:468)
==731128== 
==731128== 2,112 bytes in 6 blocks are still reachable in loss record 280 of 317
==731128==    at 0x497D858: malloc (vg_replace_malloc.c:447)
==731128==    by 0x40869ED: compile.constprop.0 (minrx.c:1866)
==731128==    by 0x4089B38: minrx_regncomp (minrx.c:2490)
==731128==    by 0x407427D: make_regexp (re.c:355)
==731128==    by 0x40195EB: make_regnode (awkgram.y:5306)
==731128==    by 0x401D996: yyparse (awkgram.y:584)
==731128==    by 0x402073A: parse_program (awkgram.y:2797)
==731128==    by 0x400EAD8: main (main.c:483)
==731128== 
==731128== 2,112 bytes in 24 blocks are still reachable in loss record 281 of 317
==731128==    at 0x497D858: malloc (vg_replace_malloc.c:447)
==731128==    by 0x4068FEB: emalloc_real (awk.h:2156)
==731128==    by 0x4068FEB: r_getblock (node.c:1164)
==731128==    by 0x40693C1: make_str_node (node.c:406)
==731128==    by 0x4077055: install (symbol.c:399)
==731128==    by 0x400DA01: init_vars (main.c:865)
==731128==    by 0x400DA01: main (main.c:403)
==731128== 
==731128== 2,112 bytes in 24 blocks are still reachable in loss record 282 of 317
==731128==    at 0x497D858: malloc (vg_replace_malloc.c:447)
==731128==    by 0x4068FEB: emalloc_real (awk.h:2156)
==731128==    by 0x4068FEB: r_getblock (node.c:1164)
==731128==    by 0x4077133: make_symbol (symbol.c:376)
==731128==    by 0x4077133: install (symbol.c:417)
==731128==    by 0x400DA01: init_vars (main.c:865)
==731128==    by 0x400DA01: main (main.c:403)
==731128== 
==731128== 2,112 bytes in 24 blocks are still reachable in loss record 283 of 317
==731128==    at 0x497D858: malloc (vg_replace_malloc.c:447)
==731128==    by 0x4068FEB: emalloc_real (awk.h:2156)
==731128==    by 0x4068FEB: r_getblock (node.c:1164)
==731128==    by 0x40693C1: make_str_node (node.c:406)
==731128==    by 0x400E0F5: load_environ (main.c:946)
==731128==    by 0x400E0F5: init_vars (main.c:879)
==731128==    by 0x400E0F5: main (main.c:403)
==731128== 
==731128== 2,112 bytes in 24 blocks are still reachable in loss record 284 of 317
==731128==    at 0x497D858: malloc (vg_replace_malloc.c:447)
==731128==    by 0x4068FEB: emalloc_real (awk.h:2156)
==731128==    by 0x4068FEB: r_getblock (node.c:1164)
==731128==    by 0x40693C1: make_str_node (node.c:406)
==731128==    by 0x400E10D: load_environ (main.c:947)
==731128==    by 0x400E10D: init_vars (main.c:879)
==731128==    by 0x400E10D: main (main.c:403)
==731128== 
==731128== 2,138 bytes in 193 blocks are still reachable in loss record 285 of 317
==731128==    at 0x497D858: malloc (vg_replace_malloc.c:447)
==731128==    by 0x4069457: emalloc_real (awk.h:2156)
==731128==    by 0x4069457: make_str_node (node.c:422)
==731128==    by 0x401B194: yylex (awkgram.y:4074)
==731128==    by 0x401C83C: yyparse (awkgram.c:1879)
==731128==    by 0x402073A: parse_program (awkgram.y:2797)
==731128==    by 0x400EAD8: main (main.c:483)
==731128== 
==731128== 2,376 bytes in 27 blocks are still reachable in loss record 286 of 317
==731128==    at 0x497D858: malloc (vg_replace_malloc.c:447)
==731128==    by 0x4068FEB: emalloc_real (awk.h:2156)
==731128==    by 0x4068FEB: r_getblock (node.c:1164)
==731128==    by 0x40693C1: make_str_node (node.c:406)
==731128==    by 0x40768AE: str_lookup (str_array.c:193)
==731128==    by 0x404EEEF: r_interpret (interpret.h:427)
==731128==    by 0x400EDDE: main (main.c:532)
==731128== 
==731128== 2,448 bytes in 18 blocks are still reachable in loss record 287 of 317
==731128==    at 0x4984E43: calloc (vg_replace_malloc.c:1678)
==731128==    by 0x407421C: ezalloc_real (awk.h:2174)
==731128==    by 0x407421C: make_regexp (re.c:278)
==731128==    by 0x40753B5: re_cache_get (re.c:556)
==731128==    by 0x40753B5: re_update (re.c:610)
==731128==    by 0x4030F2C: do_match (builtin.c:1596)
==731128==    by 0x404FC3C: r_interpret (interpret.h:1114)
==731128==    by 0x400EDDE: main (main.c:532)
==731128== 
==731128== 2,816 bytes in 32 blocks are still reachable in loss record 288 of 317
==731128==    at 0x497D858: malloc (vg_replace_malloc.c:447)
==731128==    by 0x4068FEB: emalloc_real (awk.h:2156)
==731128==    by 0x4068FEB: r_getblock (node.c:1164)
==731128==    by 0x4069930: make_number_node (awk.h:2206)
==731128==    by 0x4069930: r_make_number (node.c:369)
==731128==    by 0x404E0D1: r_interpret (interpret.h:731)
==731128==    by 0x400EDDE: main (main.c:532)
==731128== 
==731128== 3,256 bytes in 37 blocks are still reachable in loss record 289 of 317
==731128==    at 0x497D858: malloc (vg_replace_malloc.c:447)
==731128==    by 0x4068FEB: emalloc_real (awk.h:2156)
==731128==    by 0x4068FEB: r_getblock (node.c:1164)
==731128==    by 0x4053C41: purge_record (field.c:410)
==731128==    by 0x40559EB: set_record (field.c:305)
==731128==    by 0x406096F: inrec (io.c:590)
==731128==    by 0x404ECFC: r_interpret (interpret.h:1457)
==731128==    by 0x400EDDE: main (main.c:532)
==731128== 
==731128== 3,520 bytes in 40 blocks are still reachable in loss record 290 of 317
==731128==    at 0x497D858: malloc (vg_replace_malloc.c:447)
==731128==    by 0x4068FEB: emalloc_real (awk.h:2156)
==731128==    by 0x4068FEB: r_getblock (node.c:1164)
==731128==    by 0x40693C1: make_str_node (node.c:406)
==731128==    by 0x4077055: install (symbol.c:399)
==731128==    by 0x401CA63: yyparse (awkgram.y:2148)
==731128==    by 0x402073A: parse_program (awkgram.y:2797)
==731128==    by 0x400EAD8: main (main.c:483)
==731128== 
==731128== 3,520 bytes in 40 blocks are still reachable in loss record 291 of 317
==731128==    at 0x497D858: malloc (vg_replace_malloc.c:447)
==731128==    by 0x4068FEB: emalloc_real (awk.h:2156)
==731128==    by 0x4068FEB: r_getblock (node.c:1164)
==731128==    by 0x4077133: make_symbol (symbol.c:376)
==731128==    by 0x4077133: install (symbol.c:417)
==731128==    by 0x401CA63: yyparse (awkgram.y:2148)
==731128==    by 0x402073A: parse_program (awkgram.y:2797)
==731128==    by 0x400EAD8: main (main.c:483)
==731128== 
==731128== 3,696 bytes in 42 blocks are still reachable in loss record 292 of 317
==731128==    at 0x497D858: malloc (vg_replace_malloc.c:447)
==731128==    by 0x4068FEB: emalloc_real (awk.h:2156)
==731128==    by 0x4068FEB: r_getblock (node.c:1164)
==731128==    by 0x40693C1: make_str_node (node.c:406)
==731128==    by 0x4077055: install (symbol.c:399)
==731128==    by 0x401982E: install_builtins (awkgram.y:6601)
==731128==    by 0x400ED71: main (main.c:491)
==731128== 
==731128== 3,696 bytes in 42 blocks are still reachable in loss record 293 of 317
==731128==    at 0x497D858: malloc (vg_replace_malloc.c:447)
==731128==    by 0x4068FEB: emalloc_real (awk.h:2156)
==731128==    by 0x4068FEB: r_getblock (node.c:1164)
==731128==    by 0x407721E: make_symbol (symbol.c:376)
==731128==    by 0x407721E: install (symbol.c:417)
==731128==    by 0x401982E: install_builtins (awkgram.y:6601)
==731128==    by 0x400ED71: main (main.c:491)
==731128== 
==731128== 4,464 bytes in 93 blocks are still reachable in loss record 294 of 317
==731128==    at 0x497D858: malloc (vg_replace_malloc.c:447)
==731128==    by 0x4068FEB: emalloc_real (awk.h:2156)
==731128==    by 0x4068FEB: r_getblock (node.c:1164)
==731128==    by 0x40768D9: str_lookup (str_array.c:214)
==731128==    by 0x404F68B: r_interpret (interpret.h:327)
==731128==    by 0x400EDDE: main (main.c:532)
==731128== 
==731128== 4,608 bytes in 18 blocks are still reachable in loss record 295 of 317
==731128==    at 0x497D858: malloc (vg_replace_malloc.c:447)
==731128==    by 0x4086BDE: compile.constprop.0 (minrx.c:1905)
==731128==    by 0x4089B38: minrx_regncomp (minrx.c:2490)
==731128==    by 0x407427D: make_regexp (re.c:355)
==731128==    by 0x40753B5: re_cache_get (re.c:556)
==731128==    by 0x40753B5: re_update (re.c:610)
==731128==    by 0x4030F2C: do_match (builtin.c:1596)
==731128==    by 0x404FC3C: r_interpret (interpret.h:1114)
==731128==    by 0x400EDDE: main (main.c:532)
==731128== 
==731128== 5,048 bytes in 1 blocks are still reachable in loss record 296 of 317
==731128==    at 0x497D858: malloc (vg_replace_malloc.c:447)
==731128==    by 0x4078891: emalloc_real (awk.h:2156)
==731128==    by 0x4078891: bcalloc (symbol.c:849)
==731128==    by 0x402065C: parse_program (awkgram.y:2770)
==731128==    by 0x400EAD8: main (main.c:483)
==731128== 
==731128== 5,048 bytes in 1 blocks are still reachable in loss record 297 of 317
==731128==    at 0x497D858: malloc (vg_replace_malloc.c:447)
==731128==    by 0x4078891: emalloc_real (awk.h:2156)
==731128==    by 0x4078891: bcalloc (symbol.c:849)
==731128==    by 0x4020B58: parse_program (awkgram.y:2778)
==731128==    by 0x400EAD8: main (main.c:483)
==731128== 
==731128== 5,048 bytes in 1 blocks are still reachable in loss record 298 of 317
==731128==    at 0x497D858: malloc (vg_replace_malloc.c:447)
==731128==    by 0x4078891: emalloc_real (awk.h:2156)
==731128==    by 0x4078891: bcalloc (symbol.c:849)
==731128==    by 0x401C2EA: yylex (awkgram.y:4447)
==731128==    by 0x401C83C: yyparse (awkgram.c:1879)
==731128==    by 0x402073A: parse_program (awkgram.y:2797)
==731128==    by 0x400EAD8: main (main.c:483)
==731128== 
==731128== 5,048 bytes in 1 blocks are still reachable in loss record 299 of 317
==731128==    at 0x497D858: malloc (vg_replace_malloc.c:447)
==731128==    by 0x4078891: emalloc_real (awk.h:2156)
==731128==    by 0x4078891: bcalloc (symbol.c:849)
==731128==    by 0x401A1ED: yylex (awkgram.y:4218)
==731128==    by 0x401C83C: yyparse (awkgram.c:1879)
==731128==    by 0x402073A: parse_program (awkgram.y:2797)
==731128==    by 0x400EAD8: main (main.c:483)
==731128== 
==731128== 5,048 bytes in 1 blocks are still reachable in loss record 300 of 317
==731128==    at 0x497D858: malloc (vg_replace_malloc.c:447)
==731128==    by 0x4078891: emalloc_real (awk.h:2156)
==731128==    by 0x4078891: bcalloc (symbol.c:849)
==731128==    by 0x401DF23: list_create (awkgram.y:6411)
==731128==    by 0x401DF23: yyparse (awkgram.y:1958)
==731128==    by 0x402073A: parse_program (awkgram.y:2797)
==731128==    by 0x400EAD8: main (main.c:483)
==731128== 
==731128== 5,048 bytes in 1 blocks are still reachable in loss record 301 of 317
==731128==    at 0x497D858: malloc (vg_replace_malloc.c:447)
==731128==    by 0x4078891: emalloc_real (awk.h:2156)
==731128==    by 0x4078891: bcalloc (symbol.c:849)
==731128==    by 0x401AF98: yylex (awkgram.y:4064)
==731128==    by 0x401C83C: yyparse (awkgram.c:1879)
==731128==    by 0x402073A: parse_program (awkgram.y:2797)
==731128==    by 0x400EAD8: main (main.c:483)
==731128== 
==731128== 5,048 bytes in 1 blocks are still reachable in loss record 302 of 317
==731128==    at 0x497D858: malloc (vg_replace_malloc.c:447)
==731128==    by 0x4078891: emalloc_real (awk.h:2156)
==731128==    by 0x4078891: bcalloc (symbol.c:849)
==731128==    by 0x401BACB: yylex (awkgram.y:4484)
==731128==    by 0x401C83C: yyparse (awkgram.c:1879)
==731128==    by 0x402073A: parse_program (awkgram.y:2797)
==731128==    by 0x400EAD8: main (main.c:483)
==731128== 
==731128== 5,048 bytes in 1 blocks are still reachable in loss record 303 of 317
==731128==    at 0x497D858: malloc (vg_replace_malloc.c:447)
==731128==    by 0x4078891: emalloc_real (awk.h:2156)
==731128==    by 0x4078891: bcalloc (symbol.c:849)
==731128==    by 0x401CA87: list_create (awkgram.y:6411)
==731128==    by 0x401CA87: yyparse (awkgram.y:2149)
==731128==    by 0x402073A: parse_program (awkgram.y:2797)
==731128==    by 0x400EAD8: main (main.c:483)
==731128== 
==731128== 5,048 bytes in 1 blocks are still reachable in loss record 304 of 317
==731128==    at 0x497D858: malloc (vg_replace_malloc.c:447)
==731128==    by 0x4078891: emalloc_real (awk.h:2156)
==731128==    by 0x4078891: bcalloc (symbol.c:849)
==731128==    by 0x4015A91: mk_condition (awkgram.y:5726)
==731128==    by 0x401EAE6: yyparse (awkgram.y:1433)
==731128==    by 0x402073A: parse_program (awkgram.y:2797)
==731128==    by 0x400EAD8: main (main.c:483)
==731128== 
==731128== 5,048 bytes in 1 blocks are still reachable in loss record 305 of 317
==731128==    at 0x497D858: malloc (vg_replace_malloc.c:447)
==731128==    by 0x4078891: emalloc_real (awk.h:2156)
==731128==    by 0x4078891: bcalloc (symbol.c:849)
==731128==    by 0x401DAED: yyparse (awkgram.y:1776)
==731128==    by 0x402073A: parse_program (awkgram.y:2797)
==731128==    by 0x400EAD8: main (main.c:483)
==731128== 
==731128== 5,048 bytes in 1 blocks are still reachable in loss record 306 of 317
==731128==    at 0x497D858: malloc (vg_replace_malloc.c:447)
==731128==    by 0x4078891: emalloc_real (awk.h:2156)
==731128==    by 0x4078891: bcalloc (symbol.c:849)
==731128==    by 0x401B1E5: yylex (awkgram.y:3863)
==731128==    by 0x401C83C: yyparse (awkgram.c:1879)
==731128==    by 0x402073A: parse_program (awkgram.y:2797)
==731128==    by 0x400EAD8: main (main.c:483)
==731128== 
==731128== 5,192 bytes in 59 blocks are still reachable in loss record 307 of 317
==731128==    at 0x497D858: malloc (vg_replace_malloc.c:447)
==731128==    by 0x4068FEB: emalloc_real (awk.h:2156)
==731128==    by 0x4068FEB: r_getblock (node.c:1164)
==731128==    by 0x40693C1: make_str_node (node.c:406)
==731128==    by 0x404F33C: r_interpret (interpret.h:984)
==731128==    by 0x400EDDE: main (main.c:532)
==731128== 
==731128== 5,896 bytes in 67 blocks are still reachable in loss record 308 of 317
==731128==    at 0x497D858: malloc (vg_replace_malloc.c:447)
==731128==    by 0x4068FEB: emalloc_real (awk.h:2156)
==731128==    by 0x4068FEB: r_getblock (node.c:1164)
==731128==    by 0x40693C1: make_str_node (node.c:406)
==731128==    by 0x404EEC8: r_interpret (interpret.h:416)
==731128==    by 0x400EDDE: main (main.c:532)
==731128== 
==731128== 6,000 bytes in 125 blocks are still reachable in loss record 309 of 317
==731128==    at 0x497D858: malloc (vg_replace_malloc.c:447)
==731128==    by 0x4068FEB: emalloc_real (awk.h:2156)
==731128==    by 0x4068FEB: r_getblock (node.c:1164)
==731128==    by 0x40768D9: str_lookup (str_array.c:214)
==731128==    by 0x404EEEF: r_interpret (interpret.h:427)
==731128==    by 0x400EDDE: main (main.c:532)
==731128== 
==731128== 6,288 bytes in 131 blocks are still reachable in loss record 310 of 317
==731128==    at 0x497D858: malloc (vg_replace_malloc.c:447)
==731128==    by 0x4068FEB: emalloc_real (awk.h:2156)
==731128==    by 0x4068FEB: r_getblock (node.c:1164)
==731128==    by 0x40768D9: str_lookup (str_array.c:214)
==731128==    by 0x40782E9: load_symbols (symbol.c:701)
==731128==    by 0x400ED85: main (main.c:499)
==731128== 
==731128== 6,336 bytes in 18 blocks are still reachable in loss record 311 of 317
==731128==    at 0x497D858: malloc (vg_replace_malloc.c:447)
==731128==    by 0x40869ED: compile.constprop.0 (minrx.c:1866)
==731128==    by 0x4089B38: minrx_regncomp (minrx.c:2490)
==731128==    by 0x407427D: make_regexp (re.c:355)
==731128==    by 0x40753B5: re_cache_get (re.c:556)
==731128==    by 0x40753B5: re_update (re.c:610)
==731128==    by 0x4030F2C: do_match (builtin.c:1596)
==731128==    by 0x404FC3C: r_interpret (interpret.h:1114)
==731128==    by 0x400EDDE: main (main.c:532)
==731128== 
==731128== 7,304 bytes in 83 blocks are still reachable in loss record 312 of 317
==731128==    at 0x497D858: malloc (vg_replace_malloc.c:447)
==731128==    by 0x4068FEB: emalloc_real (awk.h:2156)
==731128==    by 0x4068FEB: r_getblock (node.c:1164)
==731128==    by 0x4069930: make_number_node (awk.h:2206)
==731128==    by 0x4069930: r_make_number (node.c:369)
==731128==    by 0x401A26C: yylex (awkgram.y:4256)
==731128==    by 0x401C83C: yyparse (awkgram.c:1879)
==731128==    by 0x402073A: parse_program (awkgram.y:2797)
==731128==    by 0x400EAD8: main (main.c:483)
==731128== 
==731128== 8,184 bytes in 93 blocks are still reachable in loss record 313 of 317
==731128==    at 0x497D858: malloc (vg_replace_malloc.c:447)
==731128==    by 0x4068FEB: emalloc_real (awk.h:2156)
==731128==    by 0x4068FEB: r_getblock (node.c:1164)
==731128==    by 0x4069930: make_number_node (awk.h:2206)
==731128==    by 0x4069930: r_make_number (node.c:369)
==731128==    by 0x4012E72: new_array_element (array.c:1524)
==731128==    by 0x4076904: str_lookup (str_array.c:220)
==731128==    by 0x404F68B: r_interpret (interpret.h:327)
==731128==    by 0x400EDDE: main (main.c:532)
==731128== 
==731128== 8,184 bytes in 93 blocks are still reachable in loss record 314 of 317
==731128==    at 0x497D858: malloc (vg_replace_malloc.c:447)
==731128==    by 0x4068FEB: emalloc_real (awk.h:2156)
==731128==    by 0x4068FEB: r_getblock (node.c:1164)
==731128==    by 0x40693C1: make_str_node (node.c:406)
==731128==    by 0x404F639: r_interpret (interpret.h:291)
==731128==    by 0x400EDDE: main (main.c:532)
==731128== 
==731128== 11,528 bytes in 131 blocks are still reachable in loss record 315 of 317
==731128==    at 0x497D858: malloc (vg_replace_malloc.c:447)
==731128==    by 0x4068FEB: emalloc_real (awk.h:2156)
==731128==    by 0x4068FEB: r_getblock (node.c:1164)
==731128==    by 0x40693C1: make_str_node (node.c:406)
==731128==    by 0x4078494: load_symbols (symbol.c:700)
==731128==    by 0x400ED85: main (main.c:499)
==731128== 
==731128== 19,624 bytes in 223 blocks are still reachable in loss record 316 of 317
==731128==    at 0x497D858: malloc (vg_replace_malloc.c:447)
==731128==    by 0x4068FEB: emalloc_real (awk.h:2156)
==731128==    by 0x4068FEB: r_getblock (node.c:1164)
==731128==    by 0x40693C1: make_str_node (node.c:406)
==731128==    by 0x401B194: yylex (awkgram.y:4074)
==731128==    by 0x401C83C: yyparse (awkgram.c:1879)
==731128==    by 0x402073A: parse_program (awkgram.y:2797)
==731128==    by 0x400EAD8: main (main.c:483)
==731128== 
==731128== 20,192 bytes in 4 blocks are still reachable in loss record 317 of 317
==731128==    at 0x497D858: malloc (vg_replace_malloc.c:447)
==731128==    by 0x4078891: emalloc_real (awk.h:2156)
==731128==    by 0x4078891: bcalloc (symbol.c:849)
==731128==    by 0x401A0E0: yylex (awkgram.y:4504)
==731128==    by 0x401C83C: yyparse (awkgram.c:1879)
==731128==    by 0x402073A: parse_program (awkgram.y:2797)
==731128==    by 0x400EAD8: main (main.c:483)
==731128== 
==731128== LEAK SUMMARY:
==731128==    definitely lost: 0 bytes in 0 blocks
==731128==    indirectly lost: 0 bytes in 0 blocks
==731128==      possibly lost: 0 bytes in 0 blocks
==731128==    still reachable: 257,301 bytes in 3,237 blocks
==731128==         suppressed: 0 bytes in 0 blocks
==731128== 
==731128== For lists of detected and suppressed errors, rerun with: -s
==731128== ERROR SUMMARY: 1 errors from 1 contexts (suppressed: 0 from 0)
