==747315== Memcheck, a memory error detector
==747315== Copyright (C) 2002-2024, and GNU GPL'd, by Julian Seward et al.
==747315== Using Valgrind-3.26.0 and LibVEX; rerun with -h for copyright info
==747315== Command: gawk -f typedregex5.awk
==747315== Parent PID: 747314
==747315== 
==747315== 
==747315== FILE DESCRIPTORS: 3 open (2 inherited) at exit.
==747315== Open file descriptor 0: /dev/null
==747315==    at 0x4C4BE8B: dup2 (dup2.c:29)
==747315==    by 0x405EDA8: remap_std_file (io.c:615)
==747315==    by 0x405EDA8: iop_close (io.c:651)
==747315==    by 0x4061153: nextfile (io.c:453)
==747315==    by 0x404ECBF: r_interpret (interpret.h:1421)
==747315==    by 0x400EDDE: main (main.c:532)
==747315== 
==747315== 
==747315== HEAP SUMMARY:
==747315==     in use at exit: 65,615 bytes in 882 blocks
==747315==   total heap usage: 1,385 allocs, 503 frees, 95,357 bytes allocated
==747315== 
==747315== 1 bytes in 1 blocks are still reachable in loss record 1 of 241
==747315==    at 0x497D858: malloc (vg_replace_malloc.c:447)
==747315==    by 0x4066564: emalloc_real (awk.h:2156)
==747315==    by 0x4066564: estrdup (main.c:1451)
==747315==    by 0x400D434: init_locale (main.c:1476)
==747315==    by 0x400D434: set_locale_stuff (main.c:1849)
==747315==    by 0x400D434: main (main.c:254)
==747315== 
==747315== 1 bytes in 1 blocks are still reachable in loss record 2 of 241
==747315==    at 0x497D858: malloc (vg_replace_malloc.c:447)
==747315==    by 0x4066564: emalloc_real (awk.h:2156)
==747315==    by 0x4066564: estrdup (main.c:1451)
==747315==    by 0x400D469: init_locale (main.c:1478)
==747315==    by 0x400D469: set_locale_stuff (main.c:1849)
==747315==    by 0x400D469: main (main.c:254)
==747315== 
==747315== 1 bytes in 1 blocks are still reachable in loss record 3 of 241
==747315==    at 0x497D858: malloc (vg_replace_malloc.c:447)
==747315==    by 0x4066564: emalloc_real (awk.h:2156)
==747315==    by 0x4066564: estrdup (main.c:1451)
==747315==    by 0x400D485: init_locale (main.c:1479)
==747315==    by 0x400D485: set_locale_stuff (main.c:1849)
==747315==    by 0x400D485: main (main.c:254)
==747315== 
==747315== 1 bytes in 1 blocks are still reachable in loss record 4 of 241
==747315==    at 0x497D858: malloc (vg_replace_malloc.c:447)
==747315==    by 0x4066564: emalloc_real (awk.h:2156)
==747315==    by 0x4066564: estrdup (main.c:1451)
==747315==    by 0x400D4A1: init_locale (main.c:1480)
==747315==    by 0x400D4A1: set_locale_stuff (main.c:1849)
==747315==    by 0x400D4A1: main (main.c:254)
==747315== 
==747315== 1 bytes in 1 blocks are still reachable in loss record 5 of 241
==747315==    at 0x497D858: malloc (vg_replace_malloc.c:447)
==747315==    by 0x4066564: emalloc_real (awk.h:2156)
==747315==    by 0x4066564: estrdup (main.c:1451)
==747315==    by 0x400D4BD: init_locale (main.c:1481)
==747315==    by 0x400D4BD: set_locale_stuff (main.c:1849)
==747315==    by 0x400D4BD: main (main.c:254)
==747315== 
==747315== 1 bytes in 1 blocks are still reachable in loss record 6 of 241
==747315==    at 0x497D858: malloc (vg_replace_malloc.c:447)
==747315==    by 0x4066564: emalloc_real (awk.h:2156)
==747315==    by 0x4066564: estrdup (main.c:1451)
==747315==    by 0x400D4D9: init_locale (main.c:1482)
==747315==    by 0x400D4D9: set_locale_stuff (main.c:1849)
==747315==    by 0x400D4D9: main (main.c:254)
==747315== 
==747315== 1 bytes in 1 blocks are still reachable in loss record 7 of 241
==747315==    at 0x497D858: malloc (vg_replace_malloc.c:447)
==747315==    by 0x4066564: emalloc_real (awk.h:2156)
==747315==    by 0x4066564: estrdup (main.c:1451)
==747315==    by 0x400D4F5: init_locale (main.c:1483)
==747315==    by 0x400D4F5: set_locale_stuff (main.c:1849)
==747315==    by 0x400D4F5: main (main.c:254)
==747315== 
==747315== 1 bytes in 1 blocks are still reachable in loss record 8 of 241
==747315==    at 0x497D858: malloc (vg_replace_malloc.c:447)
==747315==    by 0x4066564: emalloc_real (awk.h:2156)
==747315==    by 0x4066564: estrdup (main.c:1451)
==747315==    by 0x400D511: init_locale (main.c:1484)
==747315==    by 0x400D511: set_locale_stuff (main.c:1849)
==747315==    by 0x400D511: main (main.c:254)
==747315== 
==747315== 1 bytes in 1 blocks are still reachable in loss record 9 of 241
==747315==    at 0x497D858: malloc (vg_replace_malloc.c:447)
==747315==    by 0x4066564: emalloc_real (awk.h:2156)
==747315==    by 0x4066564: estrdup (main.c:1451)
==747315==    by 0x400D52D: init_locale (main.c:1485)
==747315==    by 0x400D52D: set_locale_stuff (main.c:1849)
==747315==    by 0x400D52D: main (main.c:254)
==747315== 
==747315== 1 bytes in 1 blocks are still reachable in loss record 10 of 241
==747315==    at 0x497D858: malloc (vg_replace_malloc.c:447)
==747315==    by 0x4069457: emalloc_real (awk.h:2156)
==747315==    by 0x4069457: make_str_node (node.c:422)
==747315==    by 0x400D5C7: main (main.c:278)
==747315== 
==747315== 1 bytes in 1 blocks are still reachable in loss record 11 of 241
==747315==    at 0x497D858: malloc (vg_replace_malloc.c:447)
==747315==    by 0x4069457: emalloc_real (awk.h:2156)
==747315==    by 0x4069457: make_str_node (node.c:422)
==747315==    by 0x40553E0: init_fields (field.c:111)
==747315==    by 0x400E1A4: main (main.c:410)
==747315== 
==747315== 1 bytes in 1 blocks are still reachable in loss record 12 of 241
==747315==    at 0x497D858: malloc (vg_replace_malloc.c:447)
==747315==    by 0x4069457: emalloc_real (awk.h:2156)
==747315==    by 0x4069457: make_str_node (node.c:422)
==747315==    by 0x40473FB: update_ERRNO_int (eval.c:1036)
==747315==    by 0x40473FB: update_ERRNO_int (eval.c:1022)
==747315==    by 0x40613B8: nextfile (io.c:515)
==747315==    by 0x404ECBF: r_interpret (interpret.h:1421)
==747315==    by 0x400EDDE: main (main.c:532)
==747315== 
==747315== 2 bytes in 1 blocks are still reachable in loss record 13 of 241
==747315==    at 0x497D858: malloc (vg_replace_malloc.c:447)
==747315==    by 0x4066564: emalloc_real (awk.h:2156)
==747315==    by 0x4066564: estrdup (main.c:1451)
==747315==    by 0x400D44E: init_locale (main.c:1477)
==747315==    by 0x400D44E: set_locale_stuff (main.c:1849)
==747315==    by 0x400D44E: main (main.c:254)
==747315== 
==747315== 2 bytes in 1 blocks are still reachable in loss record 14 of 241
==747315==    at 0x497D858: malloc (vg_replace_malloc.c:447)
==747315==    by 0x4046CFF: emalloc_real (awk.h:2156)
==747315==    by 0x4046CFF: set_OFS (eval.c:839)
==747315==    by 0x400D9A3: init_vars (main.c:873)
==747315==    by 0x400D9A3: main (main.c:403)
==747315== 
==747315== 2 bytes in 1 blocks are still reachable in loss record 15 of 241
==747315==    at 0x497D858: malloc (vg_replace_malloc.c:447)
==747315==    by 0x4066564: emalloc_real (awk.h:2156)
==747315==    by 0x4066564: estrdup (main.c:1451)
==747315==    by 0x4019CDE: yylex (awkgram.y:3684)
==747315==    by 0x401C83C: yyparse (awkgram.c:1879)
==747315==    by 0x402073A: parse_program (awkgram.y:2797)
==747315==    by 0x400EAD8: main (main.c:483)
==747315== 
==747315== 2 bytes in 1 blocks are still reachable in loss record 16 of 241
==747315==    at 0x497D858: malloc (vg_replace_malloc.c:447)
==747315==    by 0x4074886: emalloc_real (awk.h:2156)
==747315==    by 0x4074886: make_regexp (re.c:98)
==747315==    by 0x40195EB: make_regnode (awkgram.y:5306)
==747315==    by 0x4069844: make_typed_regex (node.c:510)
==747315==    by 0x401D7CD: yyparse (awkgram.y:607)
==747315==    by 0x402073A: parse_program (awkgram.y:2797)
==747315==    by 0x400EAD8: main (main.c:483)
==747315== 
==747315== 2 bytes in 1 blocks are still reachable in loss record 17 of 241
==747315==    at 0x497D858: malloc (vg_replace_malloc.c:447)
==747315==    by 0x4069457: emalloc_real (awk.h:2156)
==747315==    by 0x4069457: make_str_node (node.c:422)
==747315==    by 0x4069859: make_typed_regex (node.c:514)
==747315==    by 0x401D7CD: yyparse (awkgram.y:607)
==747315==    by 0x402073A: parse_program (awkgram.y:2797)
==747315==    by 0x400EAD8: main (main.c:483)
==747315== 
==747315== 2 bytes in 1 blocks are still reachable in loss record 18 of 241
==747315==    at 0x497D858: malloc (vg_replace_malloc.c:447)
==747315==    by 0x4069457: emalloc_real (awk.h:2156)
==747315==    by 0x4069457: make_str_node (node.c:422)
==747315==    by 0x40613F5: nextfile (io.c:518)
==747315==    by 0x404ECBF: r_interpret (interpret.h:1421)
==747315==    by 0x400EDDE: main (main.c:532)
==747315== 
==747315== 2 bytes in 1 blocks are still reachable in loss record 19 of 241
==747315==    at 0x497D858: malloc (vg_replace_malloc.c:447)
==747315==    by 0x4069457: emalloc_real (awk.h:2156)
==747315==    by 0x4069457: make_str_node (node.c:422)
==747315==    by 0x40604F8: get_a_record (io.c:4164)
==747315==    by 0x4060947: inrec (io.c:585)
==747315==    by 0x404ECFC: r_interpret (interpret.h:1457)
==747315==    by 0x400EDDE: main (main.c:532)
==747315== 
==747315== 2 bytes in 1 blocks are still reachable in loss record 20 of 241
==747315==    at 0x497D858: malloc (vg_replace_malloc.c:447)
==747315==    by 0x40686AD: emalloc_real (awk.h:2156)
==747315==    by 0x40686AD: r_format_val.part.0 (node.c:299)
==747315==    by 0x4026E28: force_string_fmt (awk.h:2058)
==747315==    by 0x4026E28: do_print (builtin.c:1166)
==747315==    by 0x404FED0: r_interpret (interpret.h:1166)
==747315==    by 0x400EDDE: main (main.c:532)
==747315== 
==747315== 3 bytes in 1 blocks are still reachable in loss record 21 of 241
==747315==    at 0x497D858: malloc (vg_replace_malloc.c:447)
==747315==    by 0x4069457: emalloc_real (awk.h:2156)
==747315==    by 0x4069457: make_str_node (node.c:422)
==747315==    by 0x4054B6F: update_PROCINFO_str.part.0 (field.c:1661)
==747315==    by 0x400E83A: load_procinfo (main.c:1072)
==747315==    by 0x400E83A: init_vars (main.c:878)
==747315==    by 0x400E83A: main (main.c:403)
==747315== 
==747315== 3 bytes in 1 blocks are still reachable in loss record 22 of 241
==747315==    at 0x497D858: malloc (vg_replace_malloc.c:447)
==747315==    by 0x4069457: emalloc_real (awk.h:2156)
==747315==    by 0x4069457: make_str_node (node.c:422)
==747315==    by 0x4054B87: update_PROCINFO_str.part.0 (field.c:1662)
==747315==    by 0x4054D01: update_PROCINFO_str (field.c:1659)
==747315==    by 0x4054D01: set_parser (field.c:1373)
==747315==    by 0x4057A1E: set_FS (field.c:1564)
==747315==    by 0x404E282: r_interpret (interpret.h:980)
==747315==    by 0x400EDDE: main (main.c:532)
==747315== 
==747315== 4 bytes in 1 blocks are still reachable in loss record 23 of 241
==747315==    at 0x497D858: malloc (vg_replace_malloc.c:447)
==747315==    by 0x4069457: emalloc_real (awk.h:2156)
==747315==    by 0x4069457: make_str_node (node.c:422)
==747315==    by 0x4058004: update_PROCINFO_num (field.c:1674)
==747315==    by 0x400E79D: load_procinfo (main.c:1055)
==747315==    by 0x400E79D: init_vars (main.c:878)
==747315==    by 0x400E79D: main (main.c:403)
==747315== 
==747315== 4 bytes in 1 blocks are still reachable in loss record 24 of 241
==747315==    at 0x497D858: malloc (vg_replace_malloc.c:447)
==747315==    by 0x4069457: emalloc_real (awk.h:2156)
==747315==    by 0x4069457: make_str_node (node.c:422)
==747315==    by 0x4058004: update_PROCINFO_num (field.c:1674)
==747315==    by 0x400E7D2: load_procinfo (main.c:1061)
==747315==    by 0x400E7D2: init_vars (main.c:878)
==747315==    by 0x400E7D2: main (main.c:403)
==747315== 
==747315== 4 bytes in 1 blocks are still reachable in loss record 25 of 241
==747315==    at 0x497D858: malloc (vg_replace_malloc.c:447)
==747315==    by 0x4069457: emalloc_real (awk.h:2156)
==747315==    by 0x4069457: make_str_node (node.c:422)
==747315==    by 0x4058004: update_PROCINFO_num (field.c:1674)
==747315==    by 0x400E80A: load_procinfo (main.c:1067)
==747315==    by 0x400E80A: init_vars (main.c:878)
==747315==    by 0x400E80A: main (main.c:403)
==747315== 
==747315== 4 bytes in 1 blocks are still reachable in loss record 26 of 241
==747315==    at 0x497D858: malloc (vg_replace_malloc.c:447)
==747315==    by 0x4069457: emalloc_real (awk.h:2156)
==747315==    by 0x4069457: make_str_node (node.c:422)
==747315==    by 0x4054B6F: update_PROCINFO_str.part.0 (field.c:1661)
==747315==    by 0x400E8D2: load_procinfo (main.c:1087)
==747315==    by 0x400E8D2: init_vars (main.c:878)
==747315==    by 0x400E8D2: main (main.c:403)
==747315== 
==747315== 4 bytes in 1 blocks are still reachable in loss record 27 of 241
==747315==    at 0x497D858: malloc (vg_replace_malloc.c:447)
==747315==    by 0x4082ACF: charset_merge.part.0 (charset.c:9371)
==747315==    by 0x4086FDE: charset_merge (charset.c:9361)
==747315==    by 0x4086FDE: cset_merge (minrx.c:901)
==747315==    by 0x4086FDE: firstclosure (minrx.c:1843)
==747315==    by 0x4086FDE: compile.constprop.0 (minrx.c:1923)
==747315==    by 0x4089B38: minrx_regncomp (minrx.c:2490)
==747315==    by 0x407427D: make_regexp (re.c:355)
==747315==    by 0x40195EB: make_regnode (awkgram.y:5306)
==747315==    by 0x4069844: make_typed_regex (node.c:510)
==747315==    by 0x401D7CD: yyparse (awkgram.y:607)
==747315==    by 0x402073A: parse_program (awkgram.y:2797)
==747315==    by 0x400EAD8: main (main.c:483)
==747315== 
==747315== 4 bytes in 1 blocks are still reachable in loss record 28 of 241
==747315==    at 0x497D858: malloc (vg_replace_malloc.c:447)
==747315==    by 0x4082ACF: charset_merge.part.0 (charset.c:9371)
==747315==    by 0x4086FDE: charset_merge (charset.c:9361)
==747315==    by 0x4086FDE: cset_merge (minrx.c:901)
==747315==    by 0x4086FDE: firstclosure (minrx.c:1843)
==747315==    by 0x4086FDE: compile.constprop.0 (minrx.c:1923)
==747315==    by 0x4089B38: minrx_regncomp (minrx.c:2490)
==747315==    by 0x407427D: make_regexp (re.c:355)
==747315==    by 0x4057AF1: set_FS (field.c:1606)
==747315==    by 0x404E282: r_interpret (interpret.h:980)
==747315==    by 0x400EDDE: main (main.c:532)
==747315== 
==747315== 4 bytes in 1 blocks are still reachable in loss record 29 of 241
==747315==    at 0x497D858: malloc (vg_replace_malloc.c:447)
==747315==    by 0x4082ACF: charset_merge.part.0 (charset.c:9371)
==747315==    by 0x4086FDE: charset_merge (charset.c:9361)
==747315==    by 0x4086FDE: cset_merge (minrx.c:901)
==747315==    by 0x4086FDE: firstclosure (minrx.c:1843)
==747315==    by 0x4086FDE: compile.constprop.0 (minrx.c:1923)
==747315==    by 0x4089B38: minrx_regncomp (minrx.c:2490)
==747315==    by 0x407427D: make_regexp (re.c:355)
==747315==    by 0x4057B15: set_FS (field.c:1607)
==747315==    by 0x404E282: r_interpret (interpret.h:980)
==747315==    by 0x400EDDE: main (main.c:532)
==747315== 
==747315== 5 bytes in 1 blocks are still reachable in loss record 30 of 241
==747315==    at 0x497D858: malloc (vg_replace_malloc.c:447)
==747315==    by 0x4069457: emalloc_real (awk.h:2156)
==747315==    by 0x4069457: make_str_node (node.c:422)
==747315==    by 0x4058004: update_PROCINFO_num (field.c:1674)
==747315==    by 0x400E7B6: load_procinfo (main.c:1058)
==747315==    by 0x400E7B6: init_vars (main.c:878)
==747315==    by 0x400E7B6: main (main.c:403)
==747315== 
==747315== 5 bytes in 1 blocks are still reachable in loss record 31 of 241
==747315==    at 0x497D858: malloc (vg_replace_malloc.c:447)
==747315==    by 0x4069457: emalloc_real (awk.h:2156)
==747315==    by 0x4069457: make_str_node (node.c:422)
==747315==    by 0x4058004: update_PROCINFO_num (field.c:1674)
==747315==    by 0x400E7EE: load_procinfo (main.c:1064)
==747315==    by 0x400E7EE: init_vars (main.c:878)
==747315==    by 0x400E7EE: main (main.c:403)
==747315== 
==747315== 5 bytes in 1 blocks are still reachable in loss record 32 of 241
==747315==    at 0x497D858: malloc (vg_replace_malloc.c:447)
==747315==    by 0x4069457: emalloc_real (awk.h:2156)
==747315==    by 0x4069457: make_str_node (node.c:422)
==747315==    by 0x4058004: update_PROCINFO_num (field.c:1674)
==747315==    by 0x400E826: load_procinfo (main.c:1070)
==747315==    by 0x400E826: init_vars (main.c:878)
==747315==    by 0x400E826: main (main.c:403)
==747315== 
==747315== 5 bytes in 1 blocks are still reachable in loss record 33 of 241
==747315==    at 0x497D858: malloc (vg_replace_malloc.c:447)
==747315==    by 0x4066564: emalloc_real (awk.h:2156)
==747315==    by 0x4066564: estrdup (main.c:1451)
==747315==    by 0x400E91C: load_procinfo_argv (main.c:988)
==747315==    by 0x400E91C: load_procinfo (main.c:1093)
==747315==    by 0x400E91C: init_vars (main.c:878)
==747315==    by 0x400E91C: main (main.c:403)
==747315== 
==747315== 5 bytes in 1 blocks are still reachable in loss record 34 of 241
==747315==    at 0x497D858: malloc (vg_replace_malloc.c:447)
==747315==    by 0x4069457: emalloc_real (awk.h:2156)
==747315==    by 0x4069457: make_str_node (node.c:422)
==747315==    by 0x400EC1B: load_procinfo_argv (main.c:996)
==747315==    by 0x400EC1B: load_procinfo (main.c:1093)
==747315==    by 0x400EC1B: init_vars (main.c:878)
==747315==    by 0x400EC1B: main (main.c:403)
==747315== 
==747315== 5 bytes in 1 blocks are still reachable in loss record 35 of 241
==747315==    at 0x497D858: malloc (vg_replace_malloc.c:447)
==747315==    by 0x4066564: emalloc_real (awk.h:2156)
==747315==    by 0x4066564: estrdup (main.c:1451)
==747315==    by 0x400E407: init_args (main.c:764)
==747315==    by 0x400E407: main (main.c:470)
==747315== 
==747315== 5 bytes in 1 blocks are still reachable in loss record 36 of 241
==747315==    at 0x497D858: malloc (vg_replace_malloc.c:447)
==747315==    by 0x4069457: emalloc_real (awk.h:2156)
==747315==    by 0x4069457: make_str_node (node.c:422)
==747315==    by 0x4077055: install (symbol.c:399)
==747315==    by 0x400E414: init_args (main.c:764)
==747315==    by 0x400E414: main (main.c:470)
==747315== 
==747315== 5 bytes in 1 blocks are still reachable in loss record 37 of 241
==747315==    at 0x497D858: malloc (vg_replace_malloc.c:447)
==747315==    by 0x4069457: emalloc_real (awk.h:2156)
==747315==    by 0x4069457: make_str_node (node.c:422)
==747315==    by 0x400E43D: init_args (main.c:766)
==747315==    by 0x400E43D: main (main.c:470)
==747315== 
==747315== 5 bytes in 1 blocks are still reachable in loss record 38 of 241
==747315==    at 0x497D858: malloc (vg_replace_malloc.c:447)
==747315==    by 0x4066564: emalloc_real (awk.h:2156)
==747315==    by 0x4066564: estrdup (main.c:1451)
==747315==    by 0x400EA83: init_args (main.c:791)
==747315==    by 0x400EA83: main (main.c:470)
==747315== 
==747315== 5 bytes in 1 blocks are still reachable in loss record 39 of 241
==747315==    at 0x497D858: malloc (vg_replace_malloc.c:447)
==747315==    by 0x4069457: emalloc_real (awk.h:2156)
==747315==    by 0x4069457: make_str_node (node.c:422)
==747315==    by 0x4077055: install (symbol.c:399)
==747315==    by 0x400EA90: init_args (main.c:791)
==747315==    by 0x400EA90: main (main.c:470)
==747315== 
==747315== 6 bytes in 1 blocks are still reachable in loss record 40 of 241
==747315==    at 0x497D858: malloc (vg_replace_malloc.c:447)
==747315==    by 0x4069457: emalloc_real (awk.h:2156)
==747315==    by 0x4069457: make_str_node (node.c:422)
==747315==    by 0x4054B87: update_PROCINFO_str.part.0 (field.c:1662)
==747315==    by 0x400E71D: load_procinfo (main.c:1021)
==747315==    by 0x400E71D: init_vars (main.c:878)
==747315==    by 0x400E71D: main (main.c:403)
==747315== 
==747315== 6 bytes in 1 blocks are still reachable in loss record 41 of 241
==747315==    at 0x497D858: malloc (vg_replace_malloc.c:447)
==747315==    by 0x4069457: emalloc_real (awk.h:2156)
==747315==    by 0x4069457: make_str_node (node.c:422)
==747315==    by 0x4054B87: update_PROCINFO_str.part.0 (field.c:1662)
==747315==    by 0x400E743: load_procinfo (main.c:1023)
==747315==    by 0x400E743: init_vars (main.c:878)
==747315==    by 0x400E743: main (main.c:403)
==747315== 
==747315== 6 bytes in 1 blocks are still reachable in loss record 42 of 241
==747315==    at 0x497D858: malloc (vg_replace_malloc.c:447)
==747315==    by 0x4069457: emalloc_real (awk.h:2156)
==747315==    by 0x4069457: make_str_node (node.c:422)
==747315==    by 0x407810A: load_symbols (symbol.c:681)
==747315==    by 0x400ED85: main (main.c:499)
==747315== 
==747315== 6 bytes in 1 blocks are still reachable in loss record 43 of 241
==747315==    at 0x497D858: malloc (vg_replace_malloc.c:447)
==747315==    by 0x4069457: emalloc_real (awk.h:2156)
==747315==    by 0x4069457: make_str_node (node.c:422)
==747315==    by 0x4058004: update_PROCINFO_num (field.c:1674)
==747315==    by 0x40473B3: update_ERRNO_int (eval.c:1029)
==747315==    by 0x40473B3: update_ERRNO_int (eval.c:1022)
==747315==    by 0x40613B8: nextfile (io.c:515)
==747315==    by 0x404ECBF: r_interpret (interpret.h:1421)
==747315==    by 0x400EDDE: main (main.c:532)
==747315== 
==747315== 7 bytes in 1 blocks are still reachable in loss record 44 of 241
==747315==    at 0x497D858: malloc (vg_replace_malloc.c:447)
==747315==    by 0x4066564: emalloc_real (awk.h:2156)
==747315==    by 0x4066564: estrdup (main.c:1451)
==747315==    by 0x4077381: init_the_tables (symbol.c:78)
==747315==    by 0x400D60A: main (main.c:287)
==747315== 
==747315== 7 bytes in 1 blocks are still reachable in loss record 45 of 241
==747315==    at 0x497D858: malloc (vg_replace_malloc.c:447)
==747315==    by 0x4069457: emalloc_real (awk.h:2156)
==747315==    by 0x4069457: make_str_node (node.c:422)
==747315==    by 0x4077055: install (symbol.c:399)
==747315==    by 0x4077390: install_symbol (symbol.c:173)
==747315==    by 0x4077390: init_the_tables (symbol.c:78)
==747315==    by 0x400D60A: main (main.c:287)
==747315== 
==747315== 7 bytes in 1 blocks are still reachable in loss record 46 of 241
==747315==    at 0x497D858: malloc (vg_replace_malloc.c:447)
==747315==    by 0x4069457: emalloc_real (awk.h:2156)
==747315==    by 0x4069457: make_str_node (node.c:422)
==747315==    by 0x4058004: update_PROCINFO_num (field.c:1674)
==747315==    by 0x400E784: load_procinfo (main.c:1046)
==747315==    by 0x400E784: init_vars (main.c:878)
==747315==    by 0x400E784: main (main.c:403)
==747315== 
==747315== 7 bytes in 1 blocks are still reachable in loss record 47 of 241
==747315==    at 0x497D858: malloc (vg_replace_malloc.c:447)
==747315==    by 0x4069457: emalloc_real (awk.h:2156)
==747315==    by 0x4069457: make_str_node (node.c:422)
==747315==    by 0x40780DA: load_symbols (symbol.c:679)
==747315==    by 0x400ED85: main (main.c:499)
==747315== 
==747315== 8 bytes in 1 blocks are still reachable in loss record 48 of 241
==747315==    at 0x497D858: malloc (vg_replace_malloc.c:447)
==747315==    by 0x4066564: emalloc_real (awk.h:2156)
==747315==    by 0x4066564: estrdup (main.c:1451)
==747315==    by 0x407735A: init_the_tables (symbol.c:77)
==747315==    by 0x400D60A: main (main.c:287)
==747315== 
==747315== 8 bytes in 1 blocks are still reachable in loss record 49 of 241
==747315==    at 0x497D858: malloc (vg_replace_malloc.c:447)
==747315==    by 0x4069457: emalloc_real (awk.h:2156)
==747315==    by 0x4069457: make_str_node (node.c:422)
==747315==    by 0x4077055: install (symbol.c:399)
==747315==    by 0x4077369: install_symbol (symbol.c:173)
==747315==    by 0x4077369: init_the_tables (symbol.c:77)
==747315==    by 0x400D60A: main (main.c:287)
==747315== 
==747315== 8 bytes in 1 blocks are still reachable in loss record 50 of 241
==747315==    at 0x497D858: malloc (vg_replace_malloc.c:447)
==747315==    by 0x4069457: emalloc_real (awk.h:2156)
==747315==    by 0x4069457: make_str_node (node.c:422)
==747315==    by 0x4054B6F: update_PROCINFO_str.part.0 (field.c:1661)
==747315==    by 0x400E71D: load_procinfo (main.c:1021)
==747315==    by 0x400E71D: init_vars (main.c:878)
==747315==    by 0x400E71D: main (main.c:403)
==747315== 
==747315== 8 bytes in 1 blocks are still reachable in loss record 51 of 241
==747315==    at 0x497D858: malloc (vg_replace_malloc.c:447)
==747315==    by 0x4066564: emalloc_real (awk.h:2156)
==747315==    by 0x4066564: estrdup (main.c:1451)
==747315==    by 0x400E02B: load_environ (main.c:930)
==747315==    by 0x400E02B: init_vars (main.c:879)
==747315==    by 0x400E02B: main (main.c:403)
==747315== 
==747315== 8 bytes in 1 blocks are still reachable in loss record 52 of 241
==747315==    at 0x497D858: malloc (vg_replace_malloc.c:447)
==747315==    by 0x4069457: emalloc_real (awk.h:2156)
==747315==    by 0x4069457: make_str_node (node.c:422)
==747315==    by 0x4077055: install (symbol.c:399)
==747315==    by 0x400E038: load_environ (main.c:930)
==747315==    by 0x400E038: init_vars (main.c:879)
==747315==    by 0x400E038: main (main.c:403)
==747315== 
==747315== 8 bytes in 1 blocks are still reachable in loss record 53 of 241
==747315==    at 0x497D858: malloc (vg_replace_malloc.c:447)
==747315==    by 0x4083389: csets_emplace_back (minrx.c:1122)
==747315==    by 0x4085EF9: chr (minrx.c:1628)
==747315==    by 0x4085EF9: rep (minrx.c:1514)
==747315==    by 0x4086100: cat (minrx.c:1406)
==747315==    by 0x4086268: alt (minrx.c:1333)
==747315==    by 0x4086BB0: compile.constprop.0 (minrx.c:1903)
==747315==    by 0x4089B38: minrx_regncomp (minrx.c:2490)
==747315==    by 0x407427D: make_regexp (re.c:355)
==747315==    by 0x40195EB: make_regnode (awkgram.y:5306)
==747315==    by 0x4069844: make_typed_regex (node.c:510)
==747315==    by 0x401D7CD: yyparse (awkgram.y:607)
==747315==    by 0x402073A: parse_program (awkgram.y:2797)
==747315== 
==747315== 8 bytes in 1 blocks are still reachable in loss record 54 of 241
==747315==    at 0x497D858: malloc (vg_replace_malloc.c:447)
==747315==    by 0x4086EBA: firstclosure (minrx.c:1834)
==747315==    by 0x4086EBA: compile.constprop.0 (minrx.c:1923)
==747315==    by 0x4089B38: minrx_regncomp (minrx.c:2490)
==747315==    by 0x407427D: make_regexp (re.c:355)
==747315==    by 0x40195EB: make_regnode (awkgram.y:5306)
==747315==    by 0x4069844: make_typed_regex (node.c:510)
==747315==    by 0x401D7CD: yyparse (awkgram.y:607)
==747315==    by 0x402073A: parse_program (awkgram.y:2797)
==747315==    by 0x400EAD8: main (main.c:483)
==747315== 
==747315== 8 bytes in 1 blocks are still reachable in loss record 55 of 241
==747315==    at 0x497D858: malloc (vg_replace_malloc.c:447)
==747315==    by 0x4082B5F: charset_merge.part.0 (charset.c:9394)
==747315==    by 0x4086FDE: charset_merge (charset.c:9361)
==747315==    by 0x4086FDE: cset_merge (minrx.c:901)
==747315==    by 0x4086FDE: firstclosure (minrx.c:1843)
==747315==    by 0x4086FDE: compile.constprop.0 (minrx.c:1923)
==747315==    by 0x4089B38: minrx_regncomp (minrx.c:2490)
==747315==    by 0x407427D: make_regexp (re.c:355)
==747315==    by 0x40195EB: make_regnode (awkgram.y:5306)
==747315==    by 0x4069844: make_typed_regex (node.c:510)
==747315==    by 0x401D7CD: yyparse (awkgram.y:607)
==747315==    by 0x402073A: parse_program (awkgram.y:2797)
==747315==    by 0x400EAD8: main (main.c:483)
==747315== 
==747315== 8 bytes in 1 blocks are still reachable in loss record 56 of 241
==747315==    at 0x497D858: malloc (vg_replace_malloc.c:447)
==747315==    by 0x4069457: emalloc_real (awk.h:2156)
==747315==    by 0x4069457: make_str_node (node.c:422)
==747315==    by 0x4078122: load_symbols (symbol.c:682)
==747315==    by 0x400ED85: main (main.c:499)
==747315== 
==747315== 8 bytes in 1 blocks are still reachable in loss record 57 of 241
==747315==    at 0x497D858: malloc (vg_replace_malloc.c:447)
==747315==    by 0x4083389: csets_emplace_back (minrx.c:1122)
==747315==    by 0x4085EF9: chr (minrx.c:1628)
==747315==    by 0x4085EF9: rep (minrx.c:1514)
==747315==    by 0x4086100: cat (minrx.c:1406)
==747315==    by 0x4086268: alt (minrx.c:1333)
==747315==    by 0x4086BB0: compile.constprop.0 (minrx.c:1903)
==747315==    by 0x4089B38: minrx_regncomp (minrx.c:2490)
==747315==    by 0x407427D: make_regexp (re.c:355)
==747315==    by 0x4057AF1: set_FS (field.c:1606)
==747315==    by 0x404E282: r_interpret (interpret.h:980)
==747315==    by 0x400EDDE: main (main.c:532)
==747315== 
==747315== 8 bytes in 1 blocks are still reachable in loss record 58 of 241
==747315==    at 0x497D858: malloc (vg_replace_malloc.c:447)
==747315==    by 0x4086EBA: firstclosure (minrx.c:1834)
==747315==    by 0x4086EBA: compile.constprop.0 (minrx.c:1923)
==747315==    by 0x4089B38: minrx_regncomp (minrx.c:2490)
==747315==    by 0x407427D: make_regexp (re.c:355)
==747315==    by 0x4057AF1: set_FS (field.c:1606)
==747315==    by 0x404E282: r_interpret (interpret.h:980)
==747315==    by 0x400EDDE: main (main.c:532)
==747315== 
==747315== 8 bytes in 1 blocks are still reachable in loss record 59 of 241
==747315==    at 0x497D858: malloc (vg_replace_malloc.c:447)
==747315==    by 0x4082B5F: charset_merge.part.0 (charset.c:9394)
==747315==    by 0x4086FDE: charset_merge (charset.c:9361)
==747315==    by 0x4086FDE: cset_merge (minrx.c:901)
==747315==    by 0x4086FDE: firstclosure (minrx.c:1843)
==747315==    by 0x4086FDE: compile.constprop.0 (minrx.c:1923)
==747315==    by 0x4089B38: minrx_regncomp (minrx.c:2490)
==747315==    by 0x407427D: make_regexp (re.c:355)
==747315==    by 0x4057AF1: set_FS (field.c:1606)
==747315==    by 0x404E282: r_interpret (interpret.h:980)
==747315==    by 0x400EDDE: main (main.c:532)
==747315== 
==747315== 8 bytes in 1 blocks are still reachable in loss record 60 of 241
==747315==    at 0x497D858: malloc (vg_replace_malloc.c:447)
==747315==    by 0x4083389: csets_emplace_back (minrx.c:1122)
==747315==    by 0x4085EF9: chr (minrx.c:1628)
==747315==    by 0x4085EF9: rep (minrx.c:1514)
==747315==    by 0x4086100: cat (minrx.c:1406)
==747315==    by 0x4086268: alt (minrx.c:1333)
==747315==    by 0x4086BB0: compile.constprop.0 (minrx.c:1903)
==747315==    by 0x4089B38: minrx_regncomp (minrx.c:2490)
==747315==    by 0x407427D: make_regexp (re.c:355)
==747315==    by 0x4057B15: set_FS (field.c:1607)
==747315==    by 0x404E282: r_interpret (interpret.h:980)
==747315==    by 0x400EDDE: main (main.c:532)
==747315== 
==747315== 8 bytes in 1 blocks are still reachable in loss record 61 of 241
==747315==    at 0x497D858: malloc (vg_replace_malloc.c:447)
==747315==    by 0x4086EBA: firstclosure (minrx.c:1834)
==747315==    by 0x4086EBA: compile.constprop.0 (minrx.c:1923)
==747315==    by 0x4089B38: minrx_regncomp (minrx.c:2490)
==747315==    by 0x407427D: make_regexp (re.c:355)
==747315==    by 0x4057B15: set_FS (field.c:1607)
==747315==    by 0x404E282: r_interpret (interpret.h:980)
==747315==    by 0x400EDDE: main (main.c:532)
==747315== 
==747315== 8 bytes in 1 blocks are still reachable in loss record 62 of 241
==747315==    at 0x497D858: malloc (vg_replace_malloc.c:447)
==747315==    by 0x4082B5F: charset_merge.part.0 (charset.c:9394)
==747315==    by 0x4086FDE: charset_merge (charset.c:9361)
==747315==    by 0x4086FDE: cset_merge (minrx.c:901)
==747315==    by 0x4086FDE: firstclosure (minrx.c:1843)
==747315==    by 0x4086FDE: compile.constprop.0 (minrx.c:1923)
==747315==    by 0x4089B38: minrx_regncomp (minrx.c:2490)
==747315==    by 0x407427D: make_regexp (re.c:355)
==747315==    by 0x4057B15: set_FS (field.c:1607)
==747315==    by 0x404E282: r_interpret (interpret.h:980)
==747315==    by 0x400EDDE: main (main.c:532)
==747315== 
==747315== 9 bytes in 1 blocks are still reachable in loss record 63 of 241
==747315==    at 0x497D858: malloc (vg_replace_malloc.c:447)
==747315==    by 0x4066564: emalloc_real (awk.h:2156)
==747315==    by 0x4066564: estrdup (main.c:1451)
==747315==    by 0x400E6F6: load_procinfo (main.c:1019)
==747315==    by 0x400E6F6: init_vars (main.c:878)
==747315==    by 0x400E6F6: main (main.c:403)
==747315== 
==747315== 9 bytes in 1 blocks are still reachable in loss record 64 of 241
==747315==    at 0x497D858: malloc (vg_replace_malloc.c:447)
==747315==    by 0x4069457: emalloc_real (awk.h:2156)
==747315==    by 0x4069457: make_str_node (node.c:422)
==747315==    by 0x4077055: install (symbol.c:399)
==747315==    by 0x400E703: load_procinfo (main.c:1019)
==747315==    by 0x400E703: init_vars (main.c:878)
==747315==    by 0x400E703: main (main.c:403)
==747315== 
==747315== 9 bytes in 1 blocks are still reachable in loss record 65 of 241
==747315==    at 0x497D858: malloc (vg_replace_malloc.c:447)
==747315==    by 0x4069457: emalloc_real (awk.h:2156)
==747315==    by 0x4069457: make_str_node (node.c:422)
==747315==    by 0x4054B6F: update_PROCINFO_str.part.0 (field.c:1661)
==747315==    by 0x400E730: load_procinfo (main.c:1022)
==747315==    by 0x400E730: init_vars (main.c:878)
==747315==    by 0x400E730: main (main.c:403)
==747315== 
==747315== 9 bytes in 1 blocks are still reachable in loss record 66 of 241
==747315==    at 0x497D858: malloc (vg_replace_malloc.c:447)
==747315==    by 0x4069457: emalloc_real (awk.h:2156)
==747315==    by 0x4069457: make_str_node (node.c:422)
==747315==    by 0x4054B6F: update_PROCINFO_str.part.0 (field.c:1661)
==747315==    by 0x400E743: load_procinfo (main.c:1023)
==747315==    by 0x400E743: init_vars (main.c:878)
==747315==    by 0x400E743: main (main.c:403)
==747315== 
==747315== 10 bytes in 1 blocks are still reachable in loss record 67 of 241
==747315==    at 0x497D858: malloc (vg_replace_malloc.c:447)
==747315==    by 0x4069457: emalloc_real (awk.h:2156)
==747315==    by 0x4069457: make_str_node (node.c:422)
==747315==    by 0x4058004: update_PROCINFO_num (field.c:1674)
==747315==    by 0x400E757: load_procinfo (main.c:1035)
==747315==    by 0x400E757: init_vars (main.c:878)
==747315==    by 0x400E757: main (main.c:403)
==747315== 
==747315== 10 bytes in 1 blocks are still reachable in loss record 68 of 241
==747315==    at 0x497D858: malloc (vg_replace_malloc.c:447)
==747315==    by 0x4069457: emalloc_real (awk.h:2156)
==747315==    by 0x4069457: make_str_node (node.c:422)
==747315==    by 0x4058004: update_PROCINFO_num (field.c:1674)
==747315==    by 0x400E76B: load_procinfo (main.c:1036)
==747315==    by 0x400E76B: init_vars (main.c:878)
==747315==    by 0x400E76B: main (main.c:403)
==747315== 
==747315== 10 bytes in 1 blocks are still reachable in loss record 69 of 241
==747315==    at 0x497D858: malloc (vg_replace_malloc.c:447)
==747315==    by 0x4069457: emalloc_real (awk.h:2156)
==747315==    by 0x4069457: make_str_node (node.c:422)
==747315==    by 0x4054B87: update_PROCINFO_str.part.0 (field.c:1662)
==747315==    by 0x400E8D2: load_procinfo (main.c:1087)
==747315==    by 0x400E8D2: init_vars (main.c:878)
==747315==    by 0x400E8D2: main (main.c:403)
==747315== 
==747315== 12 bytes in 1 blocks are still reachable in loss record 70 of 241
==747315==    at 0x497D858: malloc (vg_replace_malloc.c:447)
==747315==    by 0x4069457: emalloc_real (awk.h:2156)
==747315==    by 0x4069457: make_str_node (node.c:422)
==747315==    by 0x4077FD7: load_symbols (symbol.c:663)
==747315==    by 0x400ED85: main (main.c:499)
==747315== 
==747315== 12 bytes in 1 blocks are still reachable in loss record 71 of 241
==747315==    at 0x497D858: malloc (vg_replace_malloc.c:447)
==747315==    by 0x4066564: emalloc_real (awk.h:2156)
==747315==    by 0x4066564: estrdup (main.c:1451)
==747315==    by 0x4078093: load_symbols (symbol.c:675)
==747315==    by 0x400ED85: main (main.c:499)
==747315== 
==747315== 16 bytes in 1 blocks are still reachable in loss record 72 of 241
==747315==    at 0x497D858: malloc (vg_replace_malloc.c:447)
==747315==    by 0x4066564: emalloc_real (awk.h:2156)
==747315==    by 0x4066564: estrdup (main.c:1451)
==747315==    by 0x4014A21: do_add_srcfile (awkgram.y:2834)
==747315==    by 0x4018A70: add_srcfile (awkgram.y:2916)
==747315==    by 0x400D7E5: parse_args (main.c:1585)
==747315==    by 0x400D7E5: main (main.c:294)
==747315== 
==747315== 16 bytes in 1 blocks are still reachable in loss record 73 of 241
==747315==    at 0x497D858: malloc (vg_replace_malloc.c:447)
==747315==    by 0x407474B: emalloc_real (awk.h:2156)
==747315==    by 0x407474B: make_regexp (re.c:370)
==747315==    by 0x40195EB: make_regnode (awkgram.y:5306)
==747315==    by 0x4069844: make_typed_regex (node.c:510)
==747315==    by 0x401D7CD: yyparse (awkgram.y:607)
==747315==    by 0x402073A: parse_program (awkgram.y:2797)
==747315==    by 0x400EAD8: main (main.c:483)
==747315== 
==747315== 16 bytes in 1 blocks are still reachable in loss record 74 of 241
==747315==    at 0x497D858: malloc (vg_replace_malloc.c:447)
==747315==    by 0x407474B: emalloc_real (awk.h:2156)
==747315==    by 0x407474B: make_regexp (re.c:370)
==747315==    by 0x4057AF1: set_FS (field.c:1606)
==747315==    by 0x404E282: r_interpret (interpret.h:980)
==747315==    by 0x400EDDE: main (main.c:532)
==747315== 
==747315== 16 bytes in 1 blocks are still reachable in loss record 75 of 241
==747315==    at 0x497D858: malloc (vg_replace_malloc.c:447)
==747315==    by 0x407474B: emalloc_real (awk.h:2156)
==747315==    by 0x407474B: make_regexp (re.c:370)
==747315==    by 0x4057B15: set_FS (field.c:1607)
==747315==    by 0x404E282: r_interpret (interpret.h:980)
==747315==    by 0x400EDDE: main (main.c:532)
==747315== 
==747315== 24 bytes in 1 blocks are still reachable in loss record 76 of 241
==747315==    at 0x4984E43: calloc (vg_replace_malloc.c:1678)
==747315==    by 0x405E8B2: ezalloc_real (awk.h:2174)
==747315==    by 0x405E8B2: init_awkpath (io.c:2996)
==747315==    by 0x405E8B2: do_find_source (io.c:3068)
==747315==    by 0x4065061: find_source (io.c:3098)
==747315==    by 0x40189F8: add_srcfile (awkgram.y:2864)
==747315==    by 0x400D7E5: parse_args (main.c:1585)
==747315==    by 0x400D7E5: main (main.c:294)
==747315== 
==747315== 24 bytes in 1 blocks are still reachable in loss record 77 of 241
==747315==    at 0x497D858: malloc (vg_replace_malloc.c:447)
==747315==    by 0x4069457: emalloc_real (awk.h:2156)
==747315==    by 0x4069457: make_str_node (node.c:422)
==747315==    by 0x4054B87: update_PROCINFO_str.part.0 (field.c:1662)
==747315==    by 0x400E730: load_procinfo (main.c:1022)
==747315==    by 0x400E730: init_vars (main.c:878)
==747315==    by 0x400E730: main (main.c:403)
==747315== 
==747315== 24 bytes in 3 blocks are still reachable in loss record 78 of 241
==747315==    at 0x497D858: malloc (vg_replace_malloc.c:447)
==747315==    by 0x4066564: emalloc_real (awk.h:2156)
==747315==    by 0x4066564: estrdup (main.c:1451)
==747315==    by 0x400D69D: save_argv (main.c:1498)
==747315==    by 0x400D69D: parse_args (main.c:1554)
==747315==    by 0x400D69D: main (main.c:294)
==747315== 
==747315== 24 bytes in 3 blocks are still reachable in loss record 79 of 241
==747315==    at 0x497D858: malloc (vg_replace_malloc.c:447)
==747315==    by 0x4069457: emalloc_real (awk.h:2156)
==747315==    by 0x4069457: make_str_node (node.c:422)
==747315==    by 0x400E9C6: load_procinfo_argv (main.c:991)
==747315==    by 0x400E9C6: load_procinfo (main.c:1093)
==747315==    by 0x400E9C6: init_vars (main.c:878)
==747315==    by 0x400E9C6: main (main.c:403)
==747315== 
==747315== 26 bytes in 1 blocks are still reachable in loss record 80 of 241
==747315==    at 0x497D858: malloc (vg_replace_malloc.c:447)
==747315==    by 0x405E9A7: emalloc_real (awk.h:2156)
==747315==    by 0x405E9A7: init_awkpath (io.c:3026)
==747315==    by 0x405E9A7: do_find_source (io.c:3068)
==747315==    by 0x4065061: find_source (io.c:3098)
==747315==    by 0x40189F8: add_srcfile (awkgram.y:2864)
==747315==    by 0x400D7E5: parse_args (main.c:1585)
==747315==    by 0x400D7E5: main (main.c:294)
==747315== 
==747315== 32 bytes in 1 blocks are still reachable in loss record 81 of 241
==747315==    at 0x497D858: malloc (vg_replace_malloc.c:447)
==747315==    by 0x4066202: emalloc_real.constprop.0 (awk.h:2156)
==747315==    by 0x400D66C: save_argv (main.c:1496)
==747315==    by 0x400D66C: parse_args (main.c:1554)
==747315==    by 0x400D66C: main (main.c:294)
==747315== 
==747315== 32 bytes in 1 blocks are still reachable in loss record 82 of 241
==747315==    at 0x497D858: malloc (vg_replace_malloc.c:447)
==747315==    by 0x4045E57: emalloc_real (awk.h:2156)
==747315==    by 0x4045E57: fmt_index (eval.c:913)
==747315==    by 0x4046F46: set_CONVFMT (eval.c:956)
==747315==    by 0x400D9A3: init_vars (main.c:873)
==747315==    by 0x400D9A3: main (main.c:403)
==747315== 
==747315== 40 bytes in 1 blocks are still reachable in loss record 83 of 241
==747315==    at 0x497D858: malloc (vg_replace_malloc.c:447)
==747315==    by 0x4020D1E: emalloc_real (awk.h:2156)
==747315==    by 0x4020D1E: parse_program (awkgram.y:2810)
==747315==    by 0x400EAD8: main (main.c:483)
==747315== 
==747315== 41 bytes in 1 blocks are still reachable in loss record 84 of 241
==747315==    at 0x497D858: malloc (vg_replace_malloc.c:447)
==747315==    by 0x405E673: emalloc_real (awk.h:2156)
==747315==    by 0x405E673: do_find_source (io.c:3070)
==747315==    by 0x4065061: find_source (io.c:3098)
==747315==    by 0x40189F8: add_srcfile (awkgram.y:2864)
==747315==    by 0x400D7E5: parse_args (main.c:1585)
==747315==    by 0x400D7E5: main (main.c:294)
==747315== 
==747315== 44 bytes in 10 blocks are still reachable in loss record 85 of 241
==747315==    at 0x497D858: malloc (vg_replace_malloc.c:447)
==747315==    by 0x4069457: emalloc_real (awk.h:2156)
==747315==    by 0x4069457: make_str_node (node.c:422)
==747315==    by 0x400D984: init_vars (main.c:867)
==747315==    by 0x400D984: main (main.c:403)
==747315== 
==747315== 48 bytes in 1 blocks are still reachable in loss record 86 of 241
==747315==    at 0x497D858: malloc (vg_replace_malloc.c:447)
==747315==    by 0x4068FEB: emalloc_real (awk.h:2156)
==747315==    by 0x4068FEB: r_getblock (node.c:1164)
==747315==    by 0x40768D9: str_lookup (str_array.c:214)
==747315==    by 0x407708C: assoc_set (awk.h:2220)
==747315==    by 0x407708C: install (symbol.c:430)
==747315==    by 0x4077369: install_symbol (symbol.c:173)
==747315==    by 0x4077369: init_the_tables (symbol.c:77)
==747315==    by 0x400D60A: main (main.c:287)
==747315== 
==747315== 48 bytes in 1 blocks are still reachable in loss record 87 of 241
==747315==    at 0x497D858: malloc (vg_replace_malloc.c:447)
==747315==    by 0x4068FEB: emalloc_real (awk.h:2156)
==747315==    by 0x4068FEB: r_getblock (node.c:1164)
==747315==    by 0x40768D9: str_lookup (str_array.c:214)
==747315==    by 0x407708C: assoc_set (awk.h:2220)
==747315==    by 0x407708C: install (symbol.c:430)
==747315==    by 0x4077390: install_symbol (symbol.c:173)
==747315==    by 0x4077390: init_the_tables (symbol.c:78)
==747315==    by 0x400D60A: main (main.c:287)
==747315== 
==747315== 48 bytes in 1 blocks are still reachable in loss record 88 of 241
==747315==    at 0x497D858: malloc (vg_replace_malloc.c:447)
==747315==    by 0x4068FEB: emalloc_real (awk.h:2156)
==747315==    by 0x4068FEB: r_getblock (node.c:1164)
==747315==    by 0x40768D9: str_lookup (str_array.c:214)
==747315==    by 0x407708C: assoc_set (awk.h:2220)
==747315==    by 0x407708C: install (symbol.c:430)
==747315==    by 0x400E703: load_procinfo (main.c:1019)
==747315==    by 0x400E703: init_vars (main.c:878)
==747315==    by 0x400E703: main (main.c:403)
==747315== 
==747315== 48 bytes in 1 blocks are still reachable in loss record 89 of 241
==747315==    at 0x497D858: malloc (vg_replace_malloc.c:447)
==747315==    by 0x4068FEB: emalloc_real (awk.h:2156)
==747315==    by 0x4068FEB: r_getblock (node.c:1164)
==747315==    by 0x40768D9: str_lookup (str_array.c:214)
==747315==    by 0x4054B9E: assoc_set (awk.h:2220)
==747315==    by 0x4054B9E: update_PROCINFO_str.part.0 (field.c:1662)
==747315==    by 0x400E71D: load_procinfo (main.c:1021)
==747315==    by 0x400E71D: init_vars (main.c:878)
==747315==    by 0x400E71D: main (main.c:403)
==747315== 
==747315== 48 bytes in 1 blocks are still reachable in loss record 90 of 241
==747315==    at 0x497D858: malloc (vg_replace_malloc.c:447)
==747315==    by 0x4068FEB: emalloc_real (awk.h:2156)
==747315==    by 0x4068FEB: r_getblock (node.c:1164)
==747315==    by 0x40768D9: str_lookup (str_array.c:214)
==747315==    by 0x4054B9E: assoc_set (awk.h:2220)
==747315==    by 0x4054B9E: update_PROCINFO_str.part.0 (field.c:1662)
==747315==    by 0x400E730: load_procinfo (main.c:1022)
==747315==    by 0x400E730: init_vars (main.c:878)
==747315==    by 0x400E730: main (main.c:403)
==747315== 
==747315== 48 bytes in 1 blocks are still reachable in loss record 91 of 241
==747315==    at 0x497D858: malloc (vg_replace_malloc.c:447)
==747315==    by 0x4068FEB: emalloc_real (awk.h:2156)
==747315==    by 0x4068FEB: r_getblock (node.c:1164)
==747315==    by 0x40768D9: str_lookup (str_array.c:214)
==747315==    by 0x4054B9E: assoc_set (awk.h:2220)
==747315==    by 0x4054B9E: update_PROCINFO_str.part.0 (field.c:1662)
==747315==    by 0x400E743: load_procinfo (main.c:1023)
==747315==    by 0x400E743: init_vars (main.c:878)
==747315==    by 0x400E743: main (main.c:403)
==747315== 
==747315== 48 bytes in 1 blocks are still reachable in loss record 92 of 241
==747315==    at 0x497D858: malloc (vg_replace_malloc.c:447)
==747315==    by 0x4068FEB: emalloc_real (awk.h:2156)
==747315==    by 0x4068FEB: r_getblock (node.c:1164)
==747315==    by 0x40768D9: str_lookup (str_array.c:214)
==747315==    by 0x405802A: assoc_set (awk.h:2220)
==747315==    by 0x405802A: update_PROCINFO_num (field.c:1675)
==747315==    by 0x400E757: load_procinfo (main.c:1035)
==747315==    by 0x400E757: init_vars (main.c:878)
==747315==    by 0x400E757: main (main.c:403)
==747315== 
==747315== 48 bytes in 1 blocks are still reachable in loss record 93 of 241
==747315==    at 0x497D858: malloc (vg_replace_malloc.c:447)
==747315==    by 0x4068FEB: emalloc_real (awk.h:2156)
==747315==    by 0x4068FEB: r_getblock (node.c:1164)
==747315==    by 0x40768D9: str_lookup (str_array.c:214)
==747315==    by 0x405802A: assoc_set (awk.h:2220)
==747315==    by 0x405802A: update_PROCINFO_num (field.c:1675)
==747315==    by 0x400E76B: load_procinfo (main.c:1036)
==747315==    by 0x400E76B: init_vars (main.c:878)
==747315==    by 0x400E76B: main (main.c:403)
==747315== 
==747315== 48 bytes in 1 blocks are still reachable in loss record 94 of 241
==747315==    at 0x497D858: malloc (vg_replace_malloc.c:447)
==747315==    by 0x4068FEB: emalloc_real (awk.h:2156)
==747315==    by 0x4068FEB: r_getblock (node.c:1164)
==747315==    by 0x40768D9: str_lookup (str_array.c:214)
==747315==    by 0x405802A: assoc_set (awk.h:2220)
==747315==    by 0x405802A: update_PROCINFO_num (field.c:1675)
==747315==    by 0x400E784: load_procinfo (main.c:1046)
==747315==    by 0x400E784: init_vars (main.c:878)
==747315==    by 0x400E784: main (main.c:403)
==747315== 
==747315== 48 bytes in 1 blocks are still reachable in loss record 95 of 241
==747315==    at 0x497D858: malloc (vg_replace_malloc.c:447)
==747315==    by 0x4068FEB: emalloc_real (awk.h:2156)
==747315==    by 0x4068FEB: r_getblock (node.c:1164)
==747315==    by 0x40768D9: str_lookup (str_array.c:214)
==747315==    by 0x405802A: assoc_set (awk.h:2220)
==747315==    by 0x405802A: update_PROCINFO_num (field.c:1675)
==747315==    by 0x400E79D: load_procinfo (main.c:1055)
==747315==    by 0x400E79D: init_vars (main.c:878)
==747315==    by 0x400E79D: main (main.c:403)
==747315== 
==747315== 48 bytes in 1 blocks are still reachable in loss record 96 of 241
==747315==    at 0x497D858: malloc (vg_replace_malloc.c:447)
==747315==    by 0x4068FEB: emalloc_real (awk.h:2156)
==747315==    by 0x4068FEB: r_getblock (node.c:1164)
==747315==    by 0x40768D9: str_lookup (str_array.c:214)
==747315==    by 0x405802A: assoc_set (awk.h:2220)
==747315==    by 0x405802A: update_PROCINFO_num (field.c:1675)
==747315==    by 0x400E7B6: load_procinfo (main.c:1058)
==747315==    by 0x400E7B6: init_vars (main.c:878)
==747315==    by 0x400E7B6: main (main.c:403)
==747315== 
==747315== 48 bytes in 1 blocks are still reachable in loss record 97 of 241
==747315==    at 0x497D858: malloc (vg_replace_malloc.c:447)
==747315==    by 0x4068FEB: emalloc_real (awk.h:2156)
==747315==    by 0x4068FEB: r_getblock (node.c:1164)
==747315==    by 0x40768D9: str_lookup (str_array.c:214)
==747315==    by 0x405802A: assoc_set (awk.h:2220)
==747315==    by 0x405802A: update_PROCINFO_num (field.c:1675)
==747315==    by 0x400E7D2: load_procinfo (main.c:1061)
==747315==    by 0x400E7D2: init_vars (main.c:878)
==747315==    by 0x400E7D2: main (main.c:403)
==747315== 
==747315== 48 bytes in 1 blocks are still reachable in loss record 98 of 241
==747315==    at 0x497D858: malloc (vg_replace_malloc.c:447)
==747315==    by 0x4068FEB: emalloc_real (awk.h:2156)
==747315==    by 0x4068FEB: r_getblock (node.c:1164)
==747315==    by 0x40768D9: str_lookup (str_array.c:214)
==747315==    by 0x405802A: assoc_set (awk.h:2220)
==747315==    by 0x405802A: update_PROCINFO_num (field.c:1675)
==747315==    by 0x400E7EE: load_procinfo (main.c:1064)
==747315==    by 0x400E7EE: init_vars (main.c:878)
==747315==    by 0x400E7EE: main (main.c:403)
==747315== 
==747315== 48 bytes in 1 blocks are still reachable in loss record 99 of 241
==747315==    at 0x497D858: malloc (vg_replace_malloc.c:447)
==747315==    by 0x4068FEB: emalloc_real (awk.h:2156)
==747315==    by 0x4068FEB: r_getblock (node.c:1164)
==747315==    by 0x40768D9: str_lookup (str_array.c:214)
==747315==    by 0x405802A: assoc_set (awk.h:2220)
==747315==    by 0x405802A: update_PROCINFO_num (field.c:1675)
==747315==    by 0x400E80A: load_procinfo (main.c:1067)
==747315==    by 0x400E80A: init_vars (main.c:878)
==747315==    by 0x400E80A: main (main.c:403)
==747315== 
==747315== 48 bytes in 1 blocks are still reachable in loss record 100 of 241
==747315==    at 0x497D858: malloc (vg_replace_malloc.c:447)
==747315==    by 0x4068FEB: emalloc_real (awk.h:2156)
==747315==    by 0x4068FEB: r_getblock (node.c:1164)
==747315==    by 0x40768D9: str_lookup (str_array.c:214)
==747315==    by 0x405802A: assoc_set (awk.h:2220)
==747315==    by 0x405802A: update_PROCINFO_num (field.c:1675)
==747315==    by 0x400E826: load_procinfo (main.c:1070)
==747315==    by 0x400E826: init_vars (main.c:878)
==747315==    by 0x400E826: main (main.c:403)
==747315== 
==747315== 48 bytes in 1 blocks are still reachable in loss record 101 of 241
==747315==    at 0x497D858: malloc (vg_replace_malloc.c:447)
==747315==    by 0x4068FEB: emalloc_real (awk.h:2156)
==747315==    by 0x4068FEB: r_getblock (node.c:1164)
==747315==    by 0x40768D9: str_lookup (str_array.c:214)
==747315==    by 0x4054B9E: assoc_set (awk.h:2220)
==747315==    by 0x4054B9E: update_PROCINFO_str.part.0 (field.c:1662)
==747315==    by 0x400E83A: load_procinfo (main.c:1072)
==747315==    by 0x400E83A: init_vars (main.c:878)
==747315==    by 0x400E83A: main (main.c:403)
==747315== 
==747315== 48 bytes in 1 blocks are still reachable in loss record 102 of 241
==747315==    at 0x497D858: malloc (vg_replace_malloc.c:447)
==747315==    by 0x4068FEB: emalloc_real (awk.h:2156)
==747315==    by 0x4068FEB: r_getblock (node.c:1164)
==747315==    by 0x40768D9: str_lookup (str_array.c:214)
==747315==    by 0x4054B9E: assoc_set (awk.h:2220)
==747315==    by 0x4054B9E: update_PROCINFO_str.part.0 (field.c:1662)
==747315==    by 0x400E8D2: load_procinfo (main.c:1087)
==747315==    by 0x400E8D2: init_vars (main.c:878)
==747315==    by 0x400E8D2: main (main.c:403)
==747315== 
==747315== 48 bytes in 1 blocks are still reachable in loss record 103 of 241
==747315==    at 0x497D858: malloc (vg_replace_malloc.c:447)
==747315==    by 0x4068FEB: emalloc_real (awk.h:2156)
==747315==    by 0x4068FEB: r_getblock (node.c:1164)
==747315==    by 0x40768D9: str_lookup (str_array.c:214)
==747315==    by 0x40662E6: assoc_set (awk.h:2220)
==747315==    by 0x400EC2D: load_procinfo_argv (main.c:997)
==747315==    by 0x400EC2D: load_procinfo (main.c:1093)
==747315==    by 0x400EC2D: init_vars (main.c:878)
==747315==    by 0x400EC2D: main (main.c:403)
==747315== 
==747315== 48 bytes in 1 blocks are still reachable in loss record 104 of 241
==747315==    at 0x497D858: malloc (vg_replace_malloc.c:447)
==747315==    by 0x4068FEB: emalloc_real (awk.h:2156)
==747315==    by 0x4068FEB: r_getblock (node.c:1164)
==747315==    by 0x40768D9: str_lookup (str_array.c:214)
==747315==    by 0x407708C: assoc_set (awk.h:2220)
==747315==    by 0x407708C: install (symbol.c:430)
==747315==    by 0x400E038: load_environ (main.c:930)
==747315==    by 0x400E038: init_vars (main.c:879)
==747315==    by 0x400E038: main (main.c:403)
==747315== 
==747315== 48 bytes in 1 blocks are still reachable in loss record 105 of 241
==747315==    at 0x497D858: malloc (vg_replace_malloc.c:447)
==747315==    by 0x4068FEB: emalloc_real (awk.h:2156)
==747315==    by 0x4068FEB: r_getblock (node.c:1164)
==747315==    by 0x40768D9: str_lookup (str_array.c:214)
==747315==    by 0x407708C: assoc_set (awk.h:2220)
==747315==    by 0x407708C: install (symbol.c:430)
==747315==    by 0x400E414: init_args (main.c:764)
==747315==    by 0x400E414: main (main.c:470)
==747315== 
==747315== 48 bytes in 1 blocks are still reachable in loss record 106 of 241
==747315==    at 0x497D858: malloc (vg_replace_malloc.c:447)
==747315==    by 0x4068FEB: emalloc_real (awk.h:2156)
==747315==    by 0x4068FEB: r_getblock (node.c:1164)
==747315==    by 0x40768D9: str_lookup (str_array.c:214)
==747315==    by 0x407708C: assoc_set (awk.h:2220)
==747315==    by 0x407708C: install (symbol.c:430)
==747315==    by 0x400EA90: init_args (main.c:791)
==747315==    by 0x400EA90: main (main.c:470)
==747315== 
==747315== 48 bytes in 1 blocks are still reachable in loss record 107 of 241
==747315==    at 0x497D858: malloc (vg_replace_malloc.c:447)
==747315==    by 0x4068FEB: emalloc_real (awk.h:2156)
==747315==    by 0x4068FEB: r_getblock (node.c:1164)
==747315==    by 0x40768D9: str_lookup (str_array.c:214)
==747315==    by 0x4077FEA: load_symbols (symbol.c:664)
==747315==    by 0x400ED85: main (main.c:499)
==747315== 
==747315== 48 bytes in 1 blocks are still reachable in loss record 108 of 241
==747315==    at 0x497D858: malloc (vg_replace_malloc.c:447)
==747315==    by 0x4068FEB: emalloc_real (awk.h:2156)
==747315==    by 0x4068FEB: r_getblock (node.c:1164)
==747315==    by 0x40768D9: str_lookup (str_array.c:214)
==747315==    by 0x405802A: assoc_set (awk.h:2220)
==747315==    by 0x405802A: update_PROCINFO_num (field.c:1675)
==747315==    by 0x40473B3: update_ERRNO_int (eval.c:1029)
==747315==    by 0x40473B3: update_ERRNO_int (eval.c:1022)
==747315==    by 0x40613B8: nextfile (io.c:515)
==747315==    by 0x404ECBF: r_interpret (interpret.h:1421)
==747315==    by 0x400EDDE: main (main.c:532)
==747315== 
==747315== 48 bytes in 1 blocks are still reachable in loss record 109 of 241
==747315==    at 0x498507F: realloc (vg_replace_malloc.c:1804)
==747315==    by 0x40539DB: erealloc_real (awk.h:2192)
==747315==    by 0x40539DB: grow_fields_arr (field.c:134)
==747315==    by 0x4053BD3: set_field (field.c:155)
==747315==    by 0x4054793: re_parse_field (field.c:555)
==747315==    by 0x4056188: get_field (field.c:1074)
==747315==    by 0x4047658: update_NF (eval.c:1107)
==747315==    by 0x404E282: r_interpret (interpret.h:980)
==747315==    by 0x400EDDE: main (main.c:532)
==747315== 
==747315== 60 bytes in 1 blocks are still reachable in loss record 110 of 241
==747315==    at 0x497D858: malloc (vg_replace_malloc.c:447)
==747315==    by 0x4014E9C: emalloc_real (awk.h:2156)
==747315==    by 0x4014E9C: tokexpand (awkgram.y:3294)
==747315==    by 0x4020FE6: parse_program (awkgram.y:2795)
==747315==    by 0x400EAD8: main (main.c:483)
==747315== 
==747315== 64 bytes in 1 blocks are still reachable in loss record 111 of 241
==747315==    at 0x497D858: malloc (vg_replace_malloc.c:447)
==747315==    by 0x4084391: charset_create (charset.c:9027)
==747315==    by 0x4084391: charset_invert (charset.c:9139)
==747315==    by 0x4084391: cset_invert (minrx.c:910)
==747315==    by 0x4085F1F: chr (minrx.c:1631)
==747315==    by 0x4085F1F: rep (minrx.c:1514)
==747315==    by 0x4086100: cat (minrx.c:1406)
==747315==    by 0x4086268: alt (minrx.c:1333)
==747315==    by 0x4086BB0: compile.constprop.0 (minrx.c:1903)
==747315==    by 0x4089B38: minrx_regncomp (minrx.c:2490)
==747315==    by 0x407427D: make_regexp (re.c:355)
==747315==    by 0x40195EB: make_regnode (awkgram.y:5306)
==747315==    by 0x4069844: make_typed_regex (node.c:510)
==747315==    by 0x401D7CD: yyparse (awkgram.y:607)
==747315==    by 0x402073A: parse_program (awkgram.y:2797)
==747315== 
==747315== 64 bytes in 1 blocks are still reachable in loss record 112 of 241
==747315==    at 0x497D858: malloc (vg_replace_malloc.c:447)
==747315==    by 0x4086BDE: compile.constprop.0 (minrx.c:1905)
==747315==    by 0x4089B38: minrx_regncomp (minrx.c:2490)
==747315==    by 0x407427D: make_regexp (re.c:355)
==747315==    by 0x40195EB: make_regnode (awkgram.y:5306)
==747315==    by 0x4069844: make_typed_regex (node.c:510)
==747315==    by 0x401D7CD: yyparse (awkgram.y:607)
==747315==    by 0x402073A: parse_program (awkgram.y:2797)
==747315==    by 0x400EAD8: main (main.c:483)
==747315== 
==747315== 64 bytes in 1 blocks are still reachable in loss record 113 of 241
==747315==    at 0x497D858: malloc (vg_replace_malloc.c:447)
==747315==    by 0x4086F0A: charset_create (charset.c:9027)
==747315==    by 0x4086F0A: cset_construct (minrx.c:883)
==747315==    by 0x4086F0A: firstclosure (minrx.c:1836)
==747315==    by 0x4086F0A: compile.constprop.0 (minrx.c:1923)
==747315==    by 0x4089B38: minrx_regncomp (minrx.c:2490)
==747315==    by 0x407427D: make_regexp (re.c:355)
==747315==    by 0x40195EB: make_regnode (awkgram.y:5306)
==747315==    by 0x4069844: make_typed_regex (node.c:510)
==747315==    by 0x401D7CD: yyparse (awkgram.y:607)
==747315==    by 0x402073A: parse_program (awkgram.y:2797)
==747315==    by 0x400EAD8: main (main.c:483)
==747315== 
==747315== 64 bytes in 1 blocks are still reachable in loss record 114 of 241
==747315==    at 0x497D858: malloc (vg_replace_malloc.c:447)
==747315==    by 0x4084391: charset_create (charset.c:9027)
==747315==    by 0x4084391: charset_invert (charset.c:9139)
==747315==    by 0x4084391: cset_invert (minrx.c:910)
==747315==    by 0x4085F1F: chr (minrx.c:1631)
==747315==    by 0x4085F1F: rep (minrx.c:1514)
==747315==    by 0x4086100: cat (minrx.c:1406)
==747315==    by 0x4086268: alt (minrx.c:1333)
==747315==    by 0x4086BB0: compile.constprop.0 (minrx.c:1903)
==747315==    by 0x4089B38: minrx_regncomp (minrx.c:2490)
==747315==    by 0x407427D: make_regexp (re.c:355)
==747315==    by 0x4057AF1: set_FS (field.c:1606)
==747315==    by 0x404E282: r_interpret (interpret.h:980)
==747315==    by 0x400EDDE: main (main.c:532)
==747315== 
==747315== 64 bytes in 1 blocks are still reachable in loss record 115 of 241
==747315==    at 0x497D858: malloc (vg_replace_malloc.c:447)
==747315==    by 0x4086BDE: compile.constprop.0 (minrx.c:1905)
==747315==    by 0x4089B38: minrx_regncomp (minrx.c:2490)
==747315==    by 0x407427D: make_regexp (re.c:355)
==747315==    by 0x4057AF1: set_FS (field.c:1606)
==747315==    by 0x404E282: r_interpret (interpret.h:980)
==747315==    by 0x400EDDE: main (main.c:532)
==747315== 
==747315== 64 bytes in 1 blocks are still reachable in loss record 116 of 241
==747315==    at 0x497D858: malloc (vg_replace_malloc.c:447)
==747315==    by 0x4086F0A: charset_create (charset.c:9027)
==747315==    by 0x4086F0A: cset_construct (minrx.c:883)
==747315==    by 0x4086F0A: firstclosure (minrx.c:1836)
==747315==    by 0x4086F0A: compile.constprop.0 (minrx.c:1923)
==747315==    by 0x4089B38: minrx_regncomp (minrx.c:2490)
==747315==    by 0x407427D: make_regexp (re.c:355)
==747315==    by 0x4057AF1: set_FS (field.c:1606)
==747315==    by 0x404E282: r_interpret (interpret.h:980)
==747315==    by 0x400EDDE: main (main.c:532)
==747315== 
==747315== 64 bytes in 1 blocks are still reachable in loss record 117 of 241
==747315==    at 0x497D858: malloc (vg_replace_malloc.c:447)
==747315==    by 0x4084391: charset_create (charset.c:9027)
==747315==    by 0x4084391: charset_invert (charset.c:9139)
==747315==    by 0x4084391: cset_invert (minrx.c:910)
==747315==    by 0x4085F1F: chr (minrx.c:1631)
==747315==    by 0x4085F1F: rep (minrx.c:1514)
==747315==    by 0x4086100: cat (minrx.c:1406)
==747315==    by 0x4086268: alt (minrx.c:1333)
==747315==    by 0x4086BB0: compile.constprop.0 (minrx.c:1903)
==747315==    by 0x4089B38: minrx_regncomp (minrx.c:2490)
==747315==    by 0x407427D: make_regexp (re.c:355)
==747315==    by 0x4057B15: set_FS (field.c:1607)
==747315==    by 0x404E282: r_interpret (interpret.h:980)
==747315==    by 0x400EDDE: main (main.c:532)
==747315== 
==747315== 64 bytes in 1 blocks are still reachable in loss record 118 of 241
==747315==    at 0x497D858: malloc (vg_replace_malloc.c:447)
==747315==    by 0x4086BDE: compile.constprop.0 (minrx.c:1905)
==747315==    by 0x4089B38: minrx_regncomp (minrx.c:2490)
==747315==    by 0x407427D: make_regexp (re.c:355)
==747315==    by 0x4057B15: set_FS (field.c:1607)
==747315==    by 0x404E282: r_interpret (interpret.h:980)
==747315==    by 0x400EDDE: main (main.c:532)
==747315== 
==747315== 64 bytes in 1 blocks are still reachable in loss record 119 of 241
==747315==    at 0x497D858: malloc (vg_replace_malloc.c:447)
==747315==    by 0x4086F0A: charset_create (charset.c:9027)
==747315==    by 0x4086F0A: cset_construct (minrx.c:883)
==747315==    by 0x4086F0A: firstclosure (minrx.c:1836)
==747315==    by 0x4086F0A: compile.constprop.0 (minrx.c:1923)
==747315==    by 0x4089B38: minrx_regncomp (minrx.c:2490)
==747315==    by 0x407427D: make_regexp (re.c:355)
==747315==    by 0x4057B15: set_FS (field.c:1607)
==747315==    by 0x404E282: r_interpret (interpret.h:980)
==747315==    by 0x400EDDE: main (main.c:532)
==747315== 
==747315== 80 bytes in 1 blocks are still reachable in loss record 120 of 241
==747315==    at 0x497D858: malloc (vg_replace_malloc.c:447)
==747315==    by 0x4082141: add_range_to_set (charset.c:3438)
==747315==    by 0x40844CE: charset_invert (charset.c:9146)
==747315==    by 0x40844CE: cset_invert (minrx.c:910)
==747315==    by 0x4085F1F: chr (minrx.c:1631)
==747315==    by 0x4085F1F: rep (minrx.c:1514)
==747315==    by 0x4086100: cat (minrx.c:1406)
==747315==    by 0x4086268: alt (minrx.c:1333)
==747315==    by 0x4086BB0: compile.constprop.0 (minrx.c:1903)
==747315==    by 0x4089B38: minrx_regncomp (minrx.c:2490)
==747315==    by 0x407427D: make_regexp (re.c:355)
==747315==    by 0x40195EB: make_regnode (awkgram.y:5306)
==747315==    by 0x4069844: make_typed_regex (node.c:510)
==747315==    by 0x401D7CD: yyparse (awkgram.y:607)
==747315== 
==747315== 80 bytes in 1 blocks are still reachable in loss record 121 of 241
==747315==    at 0x497D858: malloc (vg_replace_malloc.c:447)
==747315==    by 0x4082141: add_range_to_set (charset.c:3438)
==747315==    by 0x40844CE: charset_invert (charset.c:9146)
==747315==    by 0x40844CE: cset_invert (minrx.c:910)
==747315==    by 0x4085F1F: chr (minrx.c:1631)
==747315==    by 0x4085F1F: rep (minrx.c:1514)
==747315==    by 0x4086100: cat (minrx.c:1406)
==747315==    by 0x4086268: alt (minrx.c:1333)
==747315==    by 0x4086BB0: compile.constprop.0 (minrx.c:1903)
==747315==    by 0x4089B38: minrx_regncomp (minrx.c:2490)
==747315==    by 0x407427D: make_regexp (re.c:355)
==747315==    by 0x4057AF1: set_FS (field.c:1606)
==747315==    by 0x404E282: r_interpret (interpret.h:980)
==747315==    by 0x400EDDE: main (main.c:532)
==747315== 
==747315== 80 bytes in 1 blocks are still reachable in loss record 122 of 241
==747315==    at 0x497D858: malloc (vg_replace_malloc.c:447)
==747315==    by 0x4082141: add_range_to_set (charset.c:3438)
==747315==    by 0x40844CE: charset_invert (charset.c:9146)
==747315==    by 0x40844CE: cset_invert (minrx.c:910)
==747315==    by 0x4085F1F: chr (minrx.c:1631)
==747315==    by 0x4085F1F: rep (minrx.c:1514)
==747315==    by 0x4086100: cat (minrx.c:1406)
==747315==    by 0x4086268: alt (minrx.c:1333)
==747315==    by 0x4086BB0: compile.constprop.0 (minrx.c:1903)
==747315==    by 0x4089B38: minrx_regncomp (minrx.c:2490)
==747315==    by 0x407427D: make_regexp (re.c:355)
==747315==    by 0x4057B15: set_FS (field.c:1607)
==747315==    by 0x404E282: r_interpret (interpret.h:980)
==747315==    by 0x400EDDE: main (main.c:532)
==747315== 
==747315== 88 bytes in 1 blocks are still reachable in loss record 123 of 241
==747315==    at 0x497D858: malloc (vg_replace_malloc.c:447)
==747315==    by 0x4068FEB: emalloc_real (awk.h:2156)
==747315==    by 0x4068FEB: r_getblock (node.c:1164)
==747315==    by 0x40693C1: make_str_node (node.c:406)
==747315==    by 0x400D5C7: main (main.c:278)
==747315== 
==747315== 88 bytes in 1 blocks are still reachable in loss record 124 of 241
==747315==    at 0x497D858: malloc (vg_replace_malloc.c:447)
==747315==    by 0x4068FEB: emalloc_real (awk.h:2156)
==747315==    by 0x4068FEB: r_getblock (node.c:1164)
==747315==    by 0x40772C7: init_the_tables (symbol.c:68)
==747315==    by 0x400D60A: main (main.c:287)
==747315== 
==747315== 88 bytes in 1 blocks are still reachable in loss record 125 of 241
==747315==    at 0x497D858: malloc (vg_replace_malloc.c:447)
==747315==    by 0x4068FEB: emalloc_real (awk.h:2156)
==747315==    by 0x4068FEB: r_getblock (node.c:1164)
==747315==    by 0x4077308: init_the_tables (symbol.c:72)
==747315==    by 0x400D60A: main (main.c:287)
==747315== 
==747315== 88 bytes in 1 blocks are still reachable in loss record 126 of 241
==747315==    at 0x497D858: malloc (vg_replace_malloc.c:447)
==747315==    by 0x4068FEB: emalloc_real (awk.h:2156)
==747315==    by 0x4068FEB: r_getblock (node.c:1164)
==747315==    by 0x40693C1: make_str_node (node.c:406)
==747315==    by 0x4077055: install (symbol.c:399)
==747315==    by 0x4077369: install_symbol (symbol.c:173)
==747315==    by 0x4077369: init_the_tables (symbol.c:77)
==747315==    by 0x400D60A: main (main.c:287)
==747315== 
==747315== 88 bytes in 1 blocks are still reachable in loss record 127 of 241
==747315==    at 0x497D858: malloc (vg_replace_malloc.c:447)
==747315==    by 0x4068FEB: emalloc_real (awk.h:2156)
==747315==    by 0x4068FEB: r_getblock (node.c:1164)
==747315==    by 0x4077133: make_symbol (symbol.c:376)
==747315==    by 0x4077133: install (symbol.c:417)
==747315==    by 0x4077369: install_symbol (symbol.c:173)
==747315==    by 0x4077369: init_the_tables (symbol.c:77)
==747315==    by 0x400D60A: main (main.c:287)
==747315== 
==747315== 88 bytes in 1 blocks are still reachable in loss record 128 of 241
==747315==    at 0x497D858: malloc (vg_replace_malloc.c:447)
==747315==    by 0x4068FEB: emalloc_real (awk.h:2156)
==747315==    by 0x4068FEB: r_getblock (node.c:1164)
==747315==    by 0x40693C1: make_str_node (node.c:406)
==747315==    by 0x4077055: install (symbol.c:399)
==747315==    by 0x4077390: install_symbol (symbol.c:173)
==747315==    by 0x4077390: init_the_tables (symbol.c:78)
==747315==    by 0x400D60A: main (main.c:287)
==747315== 
==747315== 88 bytes in 1 blocks are still reachable in loss record 129 of 241
==747315==    at 0x497D858: malloc (vg_replace_malloc.c:447)
==747315==    by 0x4068FEB: emalloc_real (awk.h:2156)
==747315==    by 0x4068FEB: r_getblock (node.c:1164)
==747315==    by 0x4077133: make_symbol (symbol.c:376)
==747315==    by 0x4077133: install (symbol.c:417)
==747315==    by 0x4077390: install_symbol (symbol.c:173)
==747315==    by 0x4077390: init_the_tables (symbol.c:78)
==747315==    by 0x400D60A: main (main.c:287)
==747315== 
==747315== 88 bytes in 1 blocks are still reachable in loss record 130 of 241
==747315==    at 0x497D858: malloc (vg_replace_malloc.c:447)
==747315==    by 0x4068FEB: emalloc_real (awk.h:2156)
==747315==    by 0x4068FEB: r_getblock (node.c:1164)
==747315==    by 0x40693C1: make_str_node (node.c:406)
==747315==    by 0x4077055: install (symbol.c:399)
==747315==    by 0x400E703: load_procinfo (main.c:1019)
==747315==    by 0x400E703: init_vars (main.c:878)
==747315==    by 0x400E703: main (main.c:403)
==747315== 
==747315== 88 bytes in 1 blocks are still reachable in loss record 131 of 241
==747315==    at 0x497D858: malloc (vg_replace_malloc.c:447)
==747315==    by 0x4068FEB: emalloc_real (awk.h:2156)
==747315==    by 0x4068FEB: r_getblock (node.c:1164)
==747315==    by 0x4077133: make_symbol (symbol.c:376)
==747315==    by 0x4077133: install (symbol.c:417)
==747315==    by 0x400E703: load_procinfo (main.c:1019)
==747315==    by 0x400E703: init_vars (main.c:878)
==747315==    by 0x400E703: main (main.c:403)
==747315== 
==747315== 88 bytes in 1 blocks are still reachable in loss record 132 of 241
==747315==    at 0x497D858: malloc (vg_replace_malloc.c:447)
==747315==    by 0x4068FEB: emalloc_real (awk.h:2156)
==747315==    by 0x4068FEB: r_getblock (node.c:1164)
==747315==    by 0x40693C1: make_str_node (node.c:406)
==747315==    by 0x4054B6F: update_PROCINFO_str.part.0 (field.c:1661)
==747315==    by 0x400E71D: load_procinfo (main.c:1021)
==747315==    by 0x400E71D: init_vars (main.c:878)
==747315==    by 0x400E71D: main (main.c:403)
==747315== 
==747315== 88 bytes in 1 blocks are still reachable in loss record 133 of 241
==747315==    at 0x497D858: malloc (vg_replace_malloc.c:447)
==747315==    by 0x4068FEB: emalloc_real (awk.h:2156)
==747315==    by 0x4068FEB: r_getblock (node.c:1164)
==747315==    by 0x40693C1: make_str_node (node.c:406)
==747315==    by 0x4054B87: update_PROCINFO_str.part.0 (field.c:1662)
==747315==    by 0x400E71D: load_procinfo (main.c:1021)
==747315==    by 0x400E71D: init_vars (main.c:878)
==747315==    by 0x400E71D: main (main.c:403)
==747315== 
==747315== 88 bytes in 1 blocks are still reachable in loss record 134 of 241
==747315==    at 0x497D858: malloc (vg_replace_malloc.c:447)
==747315==    by 0x4068FEB: emalloc_real (awk.h:2156)
==747315==    by 0x4068FEB: r_getblock (node.c:1164)
==747315==    by 0x40693C1: make_str_node (node.c:406)
==747315==    by 0x4054B6F: update_PROCINFO_str.part.0 (field.c:1661)
==747315==    by 0x400E730: load_procinfo (main.c:1022)
==747315==    by 0x400E730: init_vars (main.c:878)
==747315==    by 0x400E730: main (main.c:403)
==747315== 
==747315== 88 bytes in 1 blocks are still reachable in loss record 135 of 241
==747315==    at 0x497D858: malloc (vg_replace_malloc.c:447)
==747315==    by 0x4068FEB: emalloc_real (awk.h:2156)
==747315==    by 0x4068FEB: r_getblock (node.c:1164)
==747315==    by 0x40693C1: make_str_node (node.c:406)
==747315==    by 0x4054B87: update_PROCINFO_str.part.0 (field.c:1662)
==747315==    by 0x400E730: load_procinfo (main.c:1022)
==747315==    by 0x400E730: init_vars (main.c:878)
==747315==    by 0x400E730: main (main.c:403)
==747315== 
==747315== 88 bytes in 1 blocks are still reachable in loss record 136 of 241
==747315==    at 0x497D858: malloc (vg_replace_malloc.c:447)
==747315==    by 0x4068FEB: emalloc_real (awk.h:2156)
==747315==    by 0x4068FEB: r_getblock (node.c:1164)
==747315==    by 0x40693C1: make_str_node (node.c:406)
==747315==    by 0x4054B6F: update_PROCINFO_str.part.0 (field.c:1661)
==747315==    by 0x400E743: load_procinfo (main.c:1023)
==747315==    by 0x400E743: init_vars (main.c:878)
==747315==    by 0x400E743: main (main.c:403)
==747315== 
==747315== 88 bytes in 1 blocks are still reachable in loss record 137 of 241
==747315==    at 0x497D858: malloc (vg_replace_malloc.c:447)
==747315==    by 0x4068FEB: emalloc_real (awk.h:2156)
==747315==    by 0x4068FEB: r_getblock (node.c:1164)
==747315==    by 0x40693C1: make_str_node (node.c:406)
==747315==    by 0x4054B87: update_PROCINFO_str.part.0 (field.c:1662)
==747315==    by 0x400E743: load_procinfo (main.c:1023)
==747315==    by 0x400E743: init_vars (main.c:878)
==747315==    by 0x400E743: main (main.c:403)
==747315== 
==747315== 88 bytes in 1 blocks are still reachable in loss record 138 of 241
==747315==    at 0x497D858: malloc (vg_replace_malloc.c:447)
==747315==    by 0x4068FEB: emalloc_real (awk.h:2156)
==747315==    by 0x4068FEB: r_getblock (node.c:1164)
==747315==    by 0x40693C1: make_str_node (node.c:406)
==747315==    by 0x4058004: update_PROCINFO_num (field.c:1674)
==747315==    by 0x400E757: load_procinfo (main.c:1035)
==747315==    by 0x400E757: init_vars (main.c:878)
==747315==    by 0x400E757: main (main.c:403)
==747315== 
==747315== 88 bytes in 1 blocks are still reachable in loss record 139 of 241
==747315==    at 0x497D858: malloc (vg_replace_malloc.c:447)
==747315==    by 0x4068FEB: emalloc_real (awk.h:2156)
==747315==    by 0x4068FEB: r_getblock (node.c:1164)
==747315==    by 0x4069930: make_number_node (awk.h:2206)
==747315==    by 0x4069930: r_make_number (node.c:369)
==747315==    by 0x4058013: update_PROCINFO_num (field.c:1675)
==747315==    by 0x400E757: load_procinfo (main.c:1035)
==747315==    by 0x400E757: init_vars (main.c:878)
==747315==    by 0x400E757: main (main.c:403)
==747315== 
==747315== 88 bytes in 1 blocks are still reachable in loss record 140 of 241
==747315==    at 0x497D858: malloc (vg_replace_malloc.c:447)
==747315==    by 0x4068FEB: emalloc_real (awk.h:2156)
==747315==    by 0x4068FEB: r_getblock (node.c:1164)
==747315==    by 0x40693C1: make_str_node (node.c:406)
==747315==    by 0x4058004: update_PROCINFO_num (field.c:1674)
==747315==    by 0x400E76B: load_procinfo (main.c:1036)
==747315==    by 0x400E76B: init_vars (main.c:878)
==747315==    by 0x400E76B: main (main.c:403)
==747315== 
==747315== 88 bytes in 1 blocks are still reachable in loss record 141 of 241
==747315==    at 0x497D858: malloc (vg_replace_malloc.c:447)
==747315==    by 0x4068FEB: emalloc_real (awk.h:2156)
==747315==    by 0x4068FEB: r_getblock (node.c:1164)
==747315==    by 0x4069930: make_number_node (awk.h:2206)
==747315==    by 0x4069930: r_make_number (node.c:369)
==747315==    by 0x4058013: update_PROCINFO_num (field.c:1675)
==747315==    by 0x400E76B: load_procinfo (main.c:1036)
==747315==    by 0x400E76B: init_vars (main.c:878)
==747315==    by 0x400E76B: main (main.c:403)
==747315== 
==747315== 88 bytes in 1 blocks are still reachable in loss record 142 of 241
==747315==    at 0x497D858: malloc (vg_replace_malloc.c:447)
==747315==    by 0x4068FEB: emalloc_real (awk.h:2156)
==747315==    by 0x4068FEB: r_getblock (node.c:1164)
==747315==    by 0x40693C1: make_str_node (node.c:406)
==747315==    by 0x4058004: update_PROCINFO_num (field.c:1674)
==747315==    by 0x400E784: load_procinfo (main.c:1046)
==747315==    by 0x400E784: init_vars (main.c:878)
==747315==    by 0x400E784: main (main.c:403)
==747315== 
==747315== 88 bytes in 1 blocks are still reachable in loss record 143 of 241
==747315==    at 0x497D858: malloc (vg_replace_malloc.c:447)
==747315==    by 0x4068FEB: emalloc_real (awk.h:2156)
==747315==    by 0x4068FEB: r_getblock (node.c:1164)
==747315==    by 0x4069930: make_number_node (awk.h:2206)
==747315==    by 0x4069930: r_make_number (node.c:369)
==747315==    by 0x4058013: update_PROCINFO_num (field.c:1675)
==747315==    by 0x400E784: load_procinfo (main.c:1046)
==747315==    by 0x400E784: init_vars (main.c:878)
==747315==    by 0x400E784: main (main.c:403)
==747315== 
==747315== 88 bytes in 1 blocks are still reachable in loss record 144 of 241
==747315==    at 0x497D858: malloc (vg_replace_malloc.c:447)
==747315==    by 0x4068FEB: emalloc_real (awk.h:2156)
==747315==    by 0x4068FEB: r_getblock (node.c:1164)
==747315==    by 0x40693C1: make_str_node (node.c:406)
==747315==    by 0x4058004: update_PROCINFO_num (field.c:1674)
==747315==    by 0x400E79D: load_procinfo (main.c:1055)
==747315==    by 0x400E79D: init_vars (main.c:878)
==747315==    by 0x400E79D: main (main.c:403)
==747315== 
==747315== 88 bytes in 1 blocks are still reachable in loss record 145 of 241
==747315==    at 0x497D858: malloc (vg_replace_malloc.c:447)
==747315==    by 0x4068FEB: emalloc_real (awk.h:2156)
==747315==    by 0x4068FEB: r_getblock (node.c:1164)
==747315==    by 0x4069930: make_number_node (awk.h:2206)
==747315==    by 0x4069930: r_make_number (node.c:369)
==747315==    by 0x4058013: update_PROCINFO_num (field.c:1675)
==747315==    by 0x400E79D: load_procinfo (main.c:1055)
==747315==    by 0x400E79D: init_vars (main.c:878)
==747315==    by 0x400E79D: main (main.c:403)
==747315== 
==747315== 88 bytes in 1 blocks are still reachable in loss record 146 of 241
==747315==    at 0x497D858: malloc (vg_replace_malloc.c:447)
==747315==    by 0x4068FEB: emalloc_real (awk.h:2156)
==747315==    by 0x4068FEB: r_getblock (node.c:1164)
==747315==    by 0x40693C1: make_str_node (node.c:406)
==747315==    by 0x4058004: update_PROCINFO_num (field.c:1674)
==747315==    by 0x400E7B6: load_procinfo (main.c:1058)
==747315==    by 0x400E7B6: init_vars (main.c:878)
==747315==    by 0x400E7B6: main (main.c:403)
==747315== 
==747315== 88 bytes in 1 blocks are still reachable in loss record 147 of 241
==747315==    at 0x497D858: malloc (vg_replace_malloc.c:447)
==747315==    by 0x4068FEB: emalloc_real (awk.h:2156)
==747315==    by 0x4068FEB: r_getblock (node.c:1164)
==747315==    by 0x4069930: make_number_node (awk.h:2206)
==747315==    by 0x4069930: r_make_number (node.c:369)
==747315==    by 0x4058013: update_PROCINFO_num (field.c:1675)
==747315==    by 0x400E7B6: load_procinfo (main.c:1058)
==747315==    by 0x400E7B6: init_vars (main.c:878)
==747315==    by 0x400E7B6: main (main.c:403)
==747315== 
==747315== 88 bytes in 1 blocks are still reachable in loss record 148 of 241
==747315==    at 0x497D858: malloc (vg_replace_malloc.c:447)
==747315==    by 0x4068FEB: emalloc_real (awk.h:2156)
==747315==    by 0x4068FEB: r_getblock (node.c:1164)
==747315==    by 0x40693C1: make_str_node (node.c:406)
==747315==    by 0x4058004: update_PROCINFO_num (field.c:1674)
==747315==    by 0x400E7D2: load_procinfo (main.c:1061)
==747315==    by 0x400E7D2: init_vars (main.c:878)
==747315==    by 0x400E7D2: main (main.c:403)
==747315== 
==747315== 88 bytes in 1 blocks are still reachable in loss record 149 of 241
==747315==    at 0x497D858: malloc (vg_replace_malloc.c:447)
==747315==    by 0x4068FEB: emalloc_real (awk.h:2156)
==747315==    by 0x4068FEB: r_getblock (node.c:1164)
==747315==    by 0x4069930: make_number_node (awk.h:2206)
==747315==    by 0x4069930: r_make_number (node.c:369)
==747315==    by 0x4058013: update_PROCINFO_num (field.c:1675)
==747315==    by 0x400E7D2: load_procinfo (main.c:1061)
==747315==    by 0x400E7D2: init_vars (main.c:878)
==747315==    by 0x400E7D2: main (main.c:403)
==747315== 
==747315== 88 bytes in 1 blocks are still reachable in loss record 150 of 241
==747315==    at 0x497D858: malloc (vg_replace_malloc.c:447)
==747315==    by 0x4068FEB: emalloc_real (awk.h:2156)
==747315==    by 0x4068FEB: r_getblock (node.c:1164)
==747315==    by 0x40693C1: make_str_node (node.c:406)
==747315==    by 0x4058004: update_PROCINFO_num (field.c:1674)
==747315==    by 0x400E7EE: load_procinfo (main.c:1064)
==747315==    by 0x400E7EE: init_vars (main.c:878)
==747315==    by 0x400E7EE: main (main.c:403)
==747315== 
==747315== 88 bytes in 1 blocks are still reachable in loss record 151 of 241
==747315==    at 0x497D858: malloc (vg_replace_malloc.c:447)
==747315==    by 0x4068FEB: emalloc_real (awk.h:2156)
==747315==    by 0x4068FEB: r_getblock (node.c:1164)
==747315==    by 0x4069930: make_number_node (awk.h:2206)
==747315==    by 0x4069930: r_make_number (node.c:369)
==747315==    by 0x4058013: update_PROCINFO_num (field.c:1675)
==747315==    by 0x400E7EE: load_procinfo (main.c:1064)
==747315==    by 0x400E7EE: init_vars (main.c:878)
==747315==    by 0x400E7EE: main (main.c:403)
==747315== 
==747315== 88 bytes in 1 blocks are still reachable in loss record 152 of 241
==747315==    at 0x497D858: malloc (vg_replace_malloc.c:447)
==747315==    by 0x4068FEB: emalloc_real (awk.h:2156)
==747315==    by 0x4068FEB: r_getblock (node.c:1164)
==747315==    by 0x40693C1: make_str_node (node.c:406)
==747315==    by 0x4058004: update_PROCINFO_num (field.c:1674)
==747315==    by 0x400E80A: load_procinfo (main.c:1067)
==747315==    by 0x400E80A: init_vars (main.c:878)
==747315==    by 0x400E80A: main (main.c:403)
==747315== 
==747315== 88 bytes in 1 blocks are still reachable in loss record 153 of 241
==747315==    at 0x497D858: malloc (vg_replace_malloc.c:447)
==747315==    by 0x4068FEB: emalloc_real (awk.h:2156)
==747315==    by 0x4068FEB: r_getblock (node.c:1164)
==747315==    by 0x4069930: make_number_node (awk.h:2206)
==747315==    by 0x4069930: r_make_number (node.c:369)
==747315==    by 0x4058013: update_PROCINFO_num (field.c:1675)
==747315==    by 0x400E80A: load_procinfo (main.c:1067)
==747315==    by 0x400E80A: init_vars (main.c:878)
==747315==    by 0x400E80A: main (main.c:403)
==747315== 
==747315== 88 bytes in 1 blocks are still reachable in loss record 154 of 241
==747315==    at 0x497D858: malloc (vg_replace_malloc.c:447)
==747315==    by 0x4068FEB: emalloc_real (awk.h:2156)
==747315==    by 0x4068FEB: r_getblock (node.c:1164)
==747315==    by 0x40693C1: make_str_node (node.c:406)
==747315==    by 0x4058004: update_PROCINFO_num (field.c:1674)
==747315==    by 0x400E826: load_procinfo (main.c:1070)
==747315==    by 0x400E826: init_vars (main.c:878)
==747315==    by 0x400E826: main (main.c:403)
==747315== 
==747315== 88 bytes in 1 blocks are still reachable in loss record 155 of 241
==747315==    at 0x497D858: malloc (vg_replace_malloc.c:447)
==747315==    by 0x4068FEB: emalloc_real (awk.h:2156)
==747315==    by 0x4068FEB: r_getblock (node.c:1164)
==747315==    by 0x4069930: make_number_node (awk.h:2206)
==747315==    by 0x4069930: r_make_number (node.c:369)
==747315==    by 0x4058013: update_PROCINFO_num (field.c:1675)
==747315==    by 0x400E826: load_procinfo (main.c:1070)
==747315==    by 0x400E826: init_vars (main.c:878)
==747315==    by 0x400E826: main (main.c:403)
==747315== 
==747315== 88 bytes in 1 blocks are still reachable in loss record 156 of 241
==747315==    at 0x497D858: malloc (vg_replace_malloc.c:447)
==747315==    by 0x4068FEB: emalloc_real (awk.h:2156)
==747315==    by 0x4068FEB: r_getblock (node.c:1164)
==747315==    by 0x40693C1: make_str_node (node.c:406)
==747315==    by 0x4054B6F: update_PROCINFO_str.part.0 (field.c:1661)
==747315==    by 0x400E83A: load_procinfo (main.c:1072)
==747315==    by 0x400E83A: init_vars (main.c:878)
==747315==    by 0x400E83A: main (main.c:403)
==747315== 
==747315== 88 bytes in 1 blocks are still reachable in loss record 157 of 241
==747315==    at 0x497D858: malloc (vg_replace_malloc.c:447)
==747315==    by 0x4068FEB: emalloc_real (awk.h:2156)
==747315==    by 0x4068FEB: r_getblock (node.c:1164)
==747315==    by 0x40693C1: make_str_node (node.c:406)
==747315==    by 0x4054B6F: update_PROCINFO_str.part.0 (field.c:1661)
==747315==    by 0x400E8D2: load_procinfo (main.c:1087)
==747315==    by 0x400E8D2: init_vars (main.c:878)
==747315==    by 0x400E8D2: main (main.c:403)
==747315== 
==747315== 88 bytes in 1 blocks are still reachable in loss record 158 of 241
==747315==    at 0x497D858: malloc (vg_replace_malloc.c:447)
==747315==    by 0x4068FEB: emalloc_real (awk.h:2156)
==747315==    by 0x4068FEB: r_getblock (node.c:1164)
==747315==    by 0x40693C1: make_str_node (node.c:406)
==747315==    by 0x4054B87: update_PROCINFO_str.part.0 (field.c:1662)
==747315==    by 0x400E8D2: load_procinfo (main.c:1087)
==747315==    by 0x400E8D2: init_vars (main.c:878)
==747315==    by 0x400E8D2: main (main.c:403)
==747315== 
==747315== 88 bytes in 1 blocks are still reachable in loss record 159 of 241
==747315==    at 0x497D858: malloc (vg_replace_malloc.c:447)
==747315==    by 0x4068FEB: emalloc_real (awk.h:2156)
==747315==    by 0x4068FEB: r_getblock (node.c:1164)
==747315==    by 0x400E8E9: load_procinfo_argv (main.c:984)
==747315==    by 0x400E8E9: load_procinfo (main.c:1093)
==747315==    by 0x400E8E9: init_vars (main.c:878)
==747315==    by 0x400E8E9: main (main.c:403)
==747315== 
==747315== 88 bytes in 1 blocks are still reachable in loss record 160 of 241
==747315==    at 0x497D858: malloc (vg_replace_malloc.c:447)
==747315==    by 0x4068FEB: emalloc_real (awk.h:2156)
==747315==    by 0x4068FEB: r_getblock (node.c:1164)
==747315==    by 0x40348D2: make_node (cint_array.c:731)
==747315==    by 0x40348D2: cint_lookup (cint_array.c:256)
==747315==    by 0x400E9D6: assoc_set (awk.h:2220)
==747315==    by 0x400E9D6: load_procinfo_argv (main.c:992)
==747315==    by 0x400E9D6: load_procinfo (main.c:1093)
==747315==    by 0x400E9D6: init_vars (main.c:878)
==747315==    by 0x400E9D6: main (main.c:403)
==747315== 
==747315== 88 bytes in 1 blocks are still reachable in loss record 161 of 241
==747315==    at 0x497D858: malloc (vg_replace_malloc.c:447)
==747315==    by 0x4068FEB: emalloc_real (awk.h:2156)
==747315==    by 0x4068FEB: r_getblock (node.c:1164)
==747315==    by 0x40344E7: make_node (cint_array.c:731)
==747315==    by 0x40344E7: tree_lookup (cint_array.c:796)
==747315==    by 0x400E9D6: assoc_set (awk.h:2220)
==747315==    by 0x400E9D6: load_procinfo_argv (main.c:992)
==747315==    by 0x400E9D6: load_procinfo (main.c:1093)
==747315==    by 0x400E9D6: init_vars (main.c:878)
==747315==    by 0x400E9D6: main (main.c:403)
==747315== 
==747315== 88 bytes in 1 blocks are still reachable in loss record 162 of 241
==747315==    at 0x497D858: malloc (vg_replace_malloc.c:447)
==747315==    by 0x4068FEB: emalloc_real (awk.h:2156)
==747315==    by 0x4068FEB: r_getblock (node.c:1164)
==747315==    by 0x40693C1: make_str_node (node.c:406)
==747315==    by 0x400EC1B: load_procinfo_argv (main.c:996)
==747315==    by 0x400EC1B: load_procinfo (main.c:1093)
==747315==    by 0x400EC1B: init_vars (main.c:878)
==747315==    by 0x400EC1B: main (main.c:403)
==747315== 
==747315== 88 bytes in 1 blocks are still reachable in loss record 163 of 241
==747315==    at 0x497D858: malloc (vg_replace_malloc.c:447)
==747315==    by 0x4068FEB: emalloc_real (awk.h:2156)
==747315==    by 0x4068FEB: r_getblock (node.c:1164)
==747315==    by 0x40693C1: make_str_node (node.c:406)
==747315==    by 0x4077055: install (symbol.c:399)
==747315==    by 0x400E038: load_environ (main.c:930)
==747315==    by 0x400E038: init_vars (main.c:879)
==747315==    by 0x400E038: main (main.c:403)
==747315== 
==747315== 88 bytes in 1 blocks are still reachable in loss record 164 of 241
==747315==    at 0x497D858: malloc (vg_replace_malloc.c:447)
==747315==    by 0x4068FEB: emalloc_real (awk.h:2156)
==747315==    by 0x4068FEB: r_getblock (node.c:1164)
==747315==    by 0x4077133: make_symbol (symbol.c:376)
==747315==    by 0x4077133: install (symbol.c:417)
==747315==    by 0x400E038: load_environ (main.c:930)
==747315==    by 0x400E038: init_vars (main.c:879)
==747315==    by 0x400E038: main (main.c:403)
==747315== 
==747315== 88 bytes in 1 blocks are still reachable in loss record 165 of 241
==747315==    at 0x497D858: malloc (vg_replace_malloc.c:447)
==747315==    by 0x4068FEB: emalloc_real (awk.h:2156)
==747315==    by 0x4068FEB: r_getblock (node.c:1164)
==747315==    by 0x40693C1: make_str_node (node.c:406)
==747315==    by 0x40553E0: init_fields (field.c:111)
==747315==    by 0x400E1A4: main (main.c:410)
==747315== 
==747315== 88 bytes in 1 blocks are still reachable in loss record 166 of 241
==747315==    at 0x497D858: malloc (vg_replace_malloc.c:447)
==747315==    by 0x4068FEB: emalloc_real (awk.h:2156)
==747315==    by 0x4068FEB: r_getblock (node.c:1164)
==747315==    by 0x4048A91: init_interpret (eval.c:1902)
==747315==    by 0x400E3D5: main (main.c:468)
==747315== 
==747315== 88 bytes in 1 blocks are still reachable in loss record 167 of 241
==747315==    at 0x497D858: malloc (vg_replace_malloc.c:447)
==747315==    by 0x4068FEB: emalloc_real (awk.h:2156)
==747315==    by 0x4068FEB: r_getblock (node.c:1164)
==747315==    by 0x4069930: make_number_node (awk.h:2206)
==747315==    by 0x4069930: r_make_number (node.c:369)
==747315==    by 0x4048AE5: init_interpret (eval.c:1910)
==747315==    by 0x400E3D5: main (main.c:468)
==747315== 
==747315== 88 bytes in 1 blocks are still reachable in loss record 168 of 241
==747315==    at 0x497D858: malloc (vg_replace_malloc.c:447)
==747315==    by 0x4068FEB: emalloc_real (awk.h:2156)
==747315==    by 0x4068FEB: r_getblock (node.c:1164)
==747315==    by 0x4069930: make_number_node (awk.h:2206)
==747315==    by 0x4069930: r_make_number (node.c:369)
==747315==    by 0x4048AFA: init_interpret (eval.c:1911)
==747315==    by 0x400E3D5: main (main.c:468)
==747315== 
==747315== 88 bytes in 1 blocks are still reachable in loss record 169 of 241
==747315==    at 0x497D858: malloc (vg_replace_malloc.c:447)
==747315==    by 0x4068FEB: emalloc_real (awk.h:2156)
==747315==    by 0x4068FEB: r_getblock (node.c:1164)
==747315==    by 0x40693C1: make_str_node (node.c:406)
==747315==    by 0x4077055: install (symbol.c:399)
==747315==    by 0x400E414: init_args (main.c:764)
==747315==    by 0x400E414: main (main.c:470)
==747315== 
==747315== 88 bytes in 1 blocks are still reachable in loss record 170 of 241
==747315==    at 0x497D858: malloc (vg_replace_malloc.c:447)
==747315==    by 0x4068FEB: emalloc_real (awk.h:2156)
==747315==    by 0x4068FEB: r_getblock (node.c:1164)
==747315==    by 0x4077133: make_symbol (symbol.c:376)
==747315==    by 0x4077133: install (symbol.c:417)
==747315==    by 0x400E414: init_args (main.c:764)
==747315==    by 0x400E414: main (main.c:470)
==747315== 
==747315== 88 bytes in 1 blocks are still reachable in loss record 171 of 241
==747315==    at 0x497D858: malloc (vg_replace_malloc.c:447)
==747315==    by 0x4068FEB: emalloc_real (awk.h:2156)
==747315==    by 0x4068FEB: r_getblock (node.c:1164)
==747315==    by 0x40693C1: make_str_node (node.c:406)
==747315==    by 0x400E43D: init_args (main.c:766)
==747315==    by 0x400E43D: main (main.c:470)
==747315== 
==747315== 88 bytes in 1 blocks are still reachable in loss record 172 of 241
==747315==    at 0x497D858: malloc (vg_replace_malloc.c:447)
==747315==    by 0x4068FEB: emalloc_real (awk.h:2156)
==747315==    by 0x4068FEB: r_getblock (node.c:1164)
==747315==    by 0x40348D2: make_node (cint_array.c:731)
==747315==    by 0x40348D2: cint_lookup (cint_array.c:256)
==747315==    by 0x40662E6: assoc_set (awk.h:2220)
==747315==    by 0x400E453: init_args (main.c:768)
==747315==    by 0x400E453: main (main.c:470)
==747315== 
==747315== 88 bytes in 1 blocks are still reachable in loss record 173 of 241
==747315==    at 0x497D858: malloc (vg_replace_malloc.c:447)
==747315==    by 0x4068FEB: emalloc_real (awk.h:2156)
==747315==    by 0x4068FEB: r_getblock (node.c:1164)
==747315==    by 0x40344E7: make_node (cint_array.c:731)
==747315==    by 0x40344E7: tree_lookup (cint_array.c:796)
==747315==    by 0x40662E6: assoc_set (awk.h:2220)
==747315==    by 0x400E453: init_args (main.c:768)
==747315==    by 0x400E453: main (main.c:470)
==747315== 
==747315== 88 bytes in 1 blocks are still reachable in loss record 174 of 241
==747315==    at 0x497D858: malloc (vg_replace_malloc.c:447)
==747315==    by 0x4068FEB: emalloc_real (awk.h:2156)
==747315==    by 0x4068FEB: r_getblock (node.c:1164)
==747315==    by 0x40693C1: make_str_node (node.c:406)
==747315==    by 0x4077055: install (symbol.c:399)
==747315==    by 0x400EA90: init_args (main.c:791)
==747315==    by 0x400EA90: main (main.c:470)
==747315== 
==747315== 88 bytes in 1 blocks are still reachable in loss record 175 of 241
==747315==    at 0x497D858: malloc (vg_replace_malloc.c:447)
==747315==    by 0x4068FEB: emalloc_real (awk.h:2156)
==747315==    by 0x4068FEB: r_getblock (node.c:1164)
==747315==    by 0x4077133: make_symbol (symbol.c:376)
==747315==    by 0x4077133: install (symbol.c:417)
==747315==    by 0x400EA90: init_args (main.c:791)
==747315==    by 0x400EA90: main (main.c:470)
==747315== 
==747315== 88 bytes in 1 blocks are still reachable in loss record 176 of 241
==747315==    at 0x497D858: malloc (vg_replace_malloc.c:447)
==747315==    by 0x4068FEB: emalloc_real (awk.h:2156)
==747315==    by 0x4068FEB: r_getblock (node.c:1164)
==747315==    by 0x4069930: make_number_node (awk.h:2206)
==747315==    by 0x4069930: r_make_number (node.c:369)
==747315==    by 0x400EAA8: init_args (main.c:792)
==747315==    by 0x400EAA8: main (main.c:470)
==747315== 
==747315== 88 bytes in 1 blocks are still reachable in loss record 177 of 241
==747315==    at 0x497D858: malloc (vg_replace_malloc.c:447)
==747315==    by 0x4068FEB: emalloc_real (awk.h:2156)
==747315==    by 0x4068FEB: r_getblock (node.c:1164)
==747315==    by 0x40693C1: make_str_node (node.c:406)
==747315==    by 0x4069837: make_typed_regex (node.c:509)
==747315==    by 0x401D7CD: yyparse (awkgram.y:607)
==747315==    by 0x402073A: parse_program (awkgram.y:2797)
==747315==    by 0x400EAD8: main (main.c:483)
==747315== 
==747315== 88 bytes in 1 blocks are still reachable in loss record 178 of 241
==747315==    at 0x497D858: malloc (vg_replace_malloc.c:447)
==747315==    by 0x4068FEB: emalloc_real (awk.h:2156)
==747315==    by 0x4068FEB: r_getblock (node.c:1164)
==747315==    by 0x4019588: make_regnode (awkgram.y:5300)
==747315==    by 0x4069844: make_typed_regex (node.c:510)
==747315==    by 0x401D7CD: yyparse (awkgram.y:607)
==747315==    by 0x402073A: parse_program (awkgram.y:2797)
==747315==    by 0x400EAD8: main (main.c:483)
==747315== 
==747315== 88 bytes in 1 blocks are still reachable in loss record 179 of 241
==747315==    at 0x497D858: malloc (vg_replace_malloc.c:447)
==747315==    by 0x4068FEB: emalloc_real (awk.h:2156)
==747315==    by 0x4068FEB: r_getblock (node.c:1164)
==747315==    by 0x40693C1: make_str_node (node.c:406)
==747315==    by 0x4069859: make_typed_regex (node.c:514)
==747315==    by 0x401D7CD: yyparse (awkgram.y:607)
==747315==    by 0x402073A: parse_program (awkgram.y:2797)
==747315==    by 0x400EAD8: main (main.c:483)
==747315== 
==747315== 88 bytes in 1 blocks are still reachable in loss record 180 of 241
==747315==    at 0x497D858: malloc (vg_replace_malloc.c:447)
==747315==    by 0x4068FEB: emalloc_real (awk.h:2156)
==747315==    by 0x4068FEB: r_getblock (node.c:1164)
==747315==    by 0x4069930: make_number_node (awk.h:2206)
==747315==    by 0x4069930: r_make_number (node.c:369)
==747315==    by 0x401A26C: yylex (awkgram.y:4256)
==747315==    by 0x401C83C: yyparse (awkgram.c:1879)
==747315==    by 0x402073A: parse_program (awkgram.y:2797)
==747315==    by 0x400EAD8: main (main.c:483)
==747315== 
==747315== 88 bytes in 1 blocks are still reachable in loss record 181 of 241
==747315==    at 0x497D858: malloc (vg_replace_malloc.c:447)
==747315==    by 0x4068FEB: emalloc_real (awk.h:2156)
==747315==    by 0x4068FEB: r_getblock (node.c:1164)
==747315==    by 0x40693C1: make_str_node (node.c:406)
==747315==    by 0x4077FD7: load_symbols (symbol.c:663)
==747315==    by 0x400ED85: main (main.c:499)
==747315== 
==747315== 88 bytes in 1 blocks are still reachable in loss record 182 of 241
==747315==    at 0x497D858: malloc (vg_replace_malloc.c:447)
==747315==    by 0x4068FEB: emalloc_real (awk.h:2156)
==747315==    by 0x4068FEB: r_getblock (node.c:1164)
==747315==    by 0x4077FF4: load_symbols (symbol.c:666)
==747315==    by 0x400ED85: main (main.c:499)
==747315== 
==747315== 88 bytes in 1 blocks are still reachable in loss record 183 of 241
==747315==    at 0x497D858: malloc (vg_replace_malloc.c:447)
==747315==    by 0x4068FEB: emalloc_real (awk.h:2156)
==747315==    by 0x4068FEB: r_getblock (node.c:1164)
==747315==    by 0x40693C1: make_str_node (node.c:406)
==747315==    by 0x40780DA: load_symbols (symbol.c:679)
==747315==    by 0x400ED85: main (main.c:499)
==747315== 
==747315== 88 bytes in 1 blocks are still reachable in loss record 184 of 241
==747315==    at 0x497D858: malloc (vg_replace_malloc.c:447)
==747315==    by 0x4068FEB: emalloc_real (awk.h:2156)
==747315==    by 0x4068FEB: r_getblock (node.c:1164)
==747315==    by 0x40693C1: make_str_node (node.c:406)
==747315==    by 0x407810A: load_symbols (symbol.c:681)
==747315==    by 0x400ED85: main (main.c:499)
==747315== 
==747315== 88 bytes in 1 blocks are still reachable in loss record 185 of 241
==747315==    at 0x497D858: malloc (vg_replace_malloc.c:447)
==747315==    by 0x4068FEB: emalloc_real (awk.h:2156)
==747315==    by 0x4068FEB: r_getblock (node.c:1164)
==747315==    by 0x40693C1: make_str_node (node.c:406)
==747315==    by 0x4078122: load_symbols (symbol.c:682)
==747315==    by 0x400ED85: main (main.c:499)
==747315== 
==747315== 88 bytes in 1 blocks are still reachable in loss record 186 of 241
==747315==    at 0x497D858: malloc (vg_replace_malloc.c:447)
==747315==    by 0x4068FEB: emalloc_real (awk.h:2156)
==747315==    by 0x4068FEB: r_getblock (node.c:1164)
==747315==    by 0x40693C1: make_str_node (node.c:406)
==747315==    by 0x4054B87: update_PROCINFO_str.part.0 (field.c:1662)
==747315==    by 0x4054D01: update_PROCINFO_str (field.c:1659)
==747315==    by 0x4054D01: set_parser (field.c:1373)
==747315==    by 0x4057A1E: set_FS (field.c:1564)
==747315==    by 0x404E282: r_interpret (interpret.h:980)
==747315==    by 0x400EDDE: main (main.c:532)
==747315== 
==747315== 88 bytes in 1 blocks are still reachable in loss record 187 of 241
==747315==    at 0x497D858: malloc (vg_replace_malloc.c:447)
==747315==    by 0x4068FEB: emalloc_real (awk.h:2156)
==747315==    by 0x4068FEB: r_getblock (node.c:1164)
==747315==    by 0x40693C1: make_str_node (node.c:406)
==747315==    by 0x4058004: update_PROCINFO_num (field.c:1674)
==747315==    by 0x40473B3: update_ERRNO_int (eval.c:1029)
==747315==    by 0x40473B3: update_ERRNO_int (eval.c:1022)
==747315==    by 0x40613B8: nextfile (io.c:515)
==747315==    by 0x404ECBF: r_interpret (interpret.h:1421)
==747315==    by 0x400EDDE: main (main.c:532)
==747315== 
==747315== 88 bytes in 1 blocks are still reachable in loss record 188 of 241
==747315==    at 0x497D858: malloc (vg_replace_malloc.c:447)
==747315==    by 0x4068FEB: emalloc_real (awk.h:2156)
==747315==    by 0x4068FEB: r_getblock (node.c:1164)
==747315==    by 0x4069930: make_number_node (awk.h:2206)
==747315==    by 0x4069930: r_make_number (node.c:369)
==747315==    by 0x4058013: update_PROCINFO_num (field.c:1675)
==747315==    by 0x40473B3: update_ERRNO_int (eval.c:1029)
==747315==    by 0x40473B3: update_ERRNO_int (eval.c:1022)
==747315==    by 0x40613B8: nextfile (io.c:515)
==747315==    by 0x404ECBF: r_interpret (interpret.h:1421)
==747315==    by 0x400EDDE: main (main.c:532)
==747315== 
==747315== 88 bytes in 1 blocks are still reachable in loss record 189 of 241
==747315==    at 0x497D858: malloc (vg_replace_malloc.c:447)
==747315==    by 0x4068FEB: emalloc_real (awk.h:2156)
==747315==    by 0x4068FEB: r_getblock (node.c:1164)
==747315==    by 0x40693C1: make_str_node (node.c:406)
==747315==    by 0x40473FB: update_ERRNO_int (eval.c:1036)
==747315==    by 0x40473FB: update_ERRNO_int (eval.c:1022)
==747315==    by 0x40613B8: nextfile (io.c:515)
==747315==    by 0x404ECBF: r_interpret (interpret.h:1421)
==747315==    by 0x400EDDE: main (main.c:532)
==747315== 
==747315== 88 bytes in 1 blocks are still reachable in loss record 190 of 241
==747315==    at 0x497D858: malloc (vg_replace_malloc.c:447)
==747315==    by 0x4068FEB: emalloc_real (awk.h:2156)
==747315==    by 0x4068FEB: r_getblock (node.c:1164)
==747315==    by 0x40693C1: make_str_node (node.c:406)
==747315==    by 0x40613F5: nextfile (io.c:518)
==747315==    by 0x404ECBF: r_interpret (interpret.h:1421)
==747315==    by 0x400EDDE: main (main.c:532)
==747315== 
==747315== 88 bytes in 1 blocks are still reachable in loss record 191 of 241
==747315==    at 0x497D858: malloc (vg_replace_malloc.c:447)
==747315==    by 0x4068FEB: emalloc_real (awk.h:2156)
==747315==    by 0x4068FEB: r_getblock (node.c:1164)
==747315==    by 0x40693C1: make_str_node (node.c:406)
==747315==    by 0x40604F8: get_a_record (io.c:4164)
==747315==    by 0x4060947: inrec (io.c:585)
==747315==    by 0x404ECFC: r_interpret (interpret.h:1457)
==747315==    by 0x400EDDE: main (main.c:532)
==747315== 
==747315== 88 bytes in 1 blocks are still reachable in loss record 192 of 241
==747315==    at 0x497D858: malloc (vg_replace_malloc.c:447)
==747315==    by 0x4068FEB: emalloc_real (awk.h:2156)
==747315==    by 0x4068FEB: r_getblock (node.c:1164)
==747315==    by 0x4055A4F: set_record (field.c:343)
==747315==    by 0x406096F: inrec (io.c:590)
==747315==    by 0x404ECFC: r_interpret (interpret.h:1457)
==747315==    by 0x400EDDE: main (main.c:532)
==747315== 
==747315== 88 bytes in 1 blocks are still reachable in loss record 193 of 241
==747315==    at 0x497D858: malloc (vg_replace_malloc.c:447)
==747315==    by 0x4068FEB: emalloc_real (awk.h:2156)
==747315==    by 0x4068FEB: r_getblock (node.c:1164)
==747315==    by 0x4053A06: grow_fields_arr (field.c:136)
==747315==    by 0x4053BD3: set_field (field.c:155)
==747315==    by 0x4054709: re_parse_field (field.c:547)
==747315==    by 0x4056188: get_field (field.c:1074)
==747315==    by 0x404827F: r_get_field (eval.c:1245)
==747315==    by 0x404E5F4: r_interpret (interpret.h:473)
==747315==    by 0x400EDDE: main (main.c:532)
==747315== 
==747315== 88 bytes in 1 blocks are still reachable in loss record 194 of 241
==747315==    at 0x497D858: malloc (vg_replace_malloc.c:447)
==747315==    by 0x4068FEB: emalloc_real (awk.h:2156)
==747315==    by 0x4068FEB: r_getblock (node.c:1164)
==747315==    by 0x4053A06: grow_fields_arr (field.c:136)
==747315==    by 0x4053BD3: set_field (field.c:155)
==747315==    by 0x4054793: re_parse_field (field.c:555)
==747315==    by 0x4056188: get_field (field.c:1074)
==747315==    by 0x4047658: update_NF (eval.c:1107)
==747315==    by 0x404E282: r_interpret (interpret.h:980)
==747315==    by 0x400EDDE: main (main.c:532)
==747315== 
==747315== 88 bytes in 1 blocks are still reachable in loss record 195 of 241
==747315==    at 0x497D858: malloc (vg_replace_malloc.c:447)
==747315==    by 0x4068FEB: emalloc_real (awk.h:2156)
==747315==    by 0x4068FEB: r_getblock (node.c:1164)
==747315==    by 0x4069930: make_number_node (awk.h:2206)
==747315==    by 0x4069930: r_make_number (node.c:369)
==747315==    by 0x404763F: update_NF (eval.c:1109)
==747315==    by 0x404E282: r_interpret (interpret.h:980)
==747315==    by 0x400EDDE: main (main.c:532)
==747315== 
==747315== 104 bytes in 1 blocks are still reachable in loss record 196 of 241
==747315==    at 0x4984E43: calloc (vg_replace_malloc.c:1678)
==747315==    by 0x4075D54: ezalloc_real (awk.h:2174)
==747315==    by 0x4075D54: grow_table (str_array.c:682)
==747315==    by 0x407693C: str_lookup (str_array.c:150)
==747315==    by 0x407708C: assoc_set (awk.h:2220)
==747315==    by 0x407708C: install (symbol.c:430)
==747315==    by 0x4077369: install_symbol (symbol.c:173)
==747315==    by 0x4077369: init_the_tables (symbol.c:77)
==747315==    by 0x400D60A: main (main.c:287)
==747315== 
==747315== 104 bytes in 1 blocks are still reachable in loss record 197 of 241
==747315==    at 0x4984E43: calloc (vg_replace_malloc.c:1678)
==747315==    by 0x4075D54: ezalloc_real (awk.h:2174)
==747315==    by 0x4075D54: grow_table (str_array.c:682)
==747315==    by 0x407693C: str_lookup (str_array.c:150)
==747315==    by 0x407708C: assoc_set (awk.h:2220)
==747315==    by 0x407708C: install (symbol.c:430)
==747315==    by 0x400DA01: init_vars (main.c:865)
==747315==    by 0x400DA01: main (main.c:403)
==747315== 
==747315== 104 bytes in 1 blocks are still reachable in loss record 198 of 241
==747315==    at 0x4984E43: calloc (vg_replace_malloc.c:1678)
==747315==    by 0x4075D54: ezalloc_real (awk.h:2174)
==747315==    by 0x4075D54: grow_table (str_array.c:682)
==747315==    by 0x407693C: str_lookup (str_array.c:150)
==747315==    by 0x4054B9E: assoc_set (awk.h:2220)
==747315==    by 0x4054B9E: update_PROCINFO_str.part.0 (field.c:1662)
==747315==    by 0x400E71D: load_procinfo (main.c:1021)
==747315==    by 0x400E71D: init_vars (main.c:878)
==747315==    by 0x400E71D: main (main.c:403)
==747315== 
==747315== 104 bytes in 1 blocks are still reachable in loss record 199 of 241
==747315==    at 0x4984E43: calloc (vg_replace_malloc.c:1678)
==747315==    by 0x4075D54: ezalloc_real (awk.h:2174)
==747315==    by 0x4075D54: grow_table (str_array.c:682)
==747315==    by 0x407693C: str_lookup (str_array.c:150)
==747315==    by 0x400E127: assoc_set (awk.h:2220)
==747315==    by 0x400E127: load_environ (main.c:949)
==747315==    by 0x400E127: init_vars (main.c:879)
==747315==    by 0x400E127: main (main.c:403)
==747315== 
==747315== 104 bytes in 1 blocks are still reachable in loss record 200 of 241
==747315==    at 0x4984E43: calloc (vg_replace_malloc.c:1678)
==747315==    by 0x4075D54: ezalloc_real (awk.h:2174)
==747315==    by 0x4075D54: grow_table (str_array.c:682)
==747315==    by 0x407693C: str_lookup (str_array.c:150)
==747315==    by 0x407708C: assoc_set (awk.h:2220)
==747315==    by 0x407708C: install (symbol.c:430)
==747315==    by 0x401982E: install_builtins (awkgram.y:6601)
==747315==    by 0x400ED71: main (main.c:491)
==747315== 
==747315== 104 bytes in 1 blocks are still reachable in loss record 201 of 241
==747315==    at 0x4984E43: calloc (vg_replace_malloc.c:1678)
==747315==    by 0x4075D54: ezalloc_real (awk.h:2174)
==747315==    by 0x4075D54: grow_table (str_array.c:682)
==747315==    by 0x407693C: str_lookup (str_array.c:150)
==747315==    by 0x40782E9: load_symbols (symbol.c:701)
==747315==    by 0x400ED85: main (main.c:499)
==747315== 
==747315== 136 bytes in 1 blocks are still reachable in loss record 202 of 241
==747315==    at 0x4984E43: calloc (vg_replace_malloc.c:1678)
==747315==    by 0x407421C: ezalloc_real (awk.h:2174)
==747315==    by 0x407421C: make_regexp (re.c:278)
==747315==    by 0x40195EB: make_regnode (awkgram.y:5306)
==747315==    by 0x4069844: make_typed_regex (node.c:510)
==747315==    by 0x401D7CD: yyparse (awkgram.y:607)
==747315==    by 0x402073A: parse_program (awkgram.y:2797)
==747315==    by 0x400EAD8: main (main.c:483)
==747315== 
==747315== 136 bytes in 1 blocks are still reachable in loss record 203 of 241
==747315==    at 0x4984E43: calloc (vg_replace_malloc.c:1678)
==747315==    by 0x407421C: ezalloc_real (awk.h:2174)
==747315==    by 0x407421C: make_regexp (re.c:278)
==747315==    by 0x4057AF1: set_FS (field.c:1606)
==747315==    by 0x404E282: r_interpret (interpret.h:980)
==747315==    by 0x400EDDE: main (main.c:532)
==747315== 
==747315== 136 bytes in 1 blocks are still reachable in loss record 204 of 241
==747315==    at 0x4984E43: calloc (vg_replace_malloc.c:1678)
==747315==    by 0x407421C: ezalloc_real (awk.h:2174)
==747315==    by 0x407421C: make_regexp (re.c:278)
==747315==    by 0x4057B15: set_FS (field.c:1607)
==747315==    by 0x404E282: r_interpret (interpret.h:980)
==747315==    by 0x400EDDE: main (main.c:532)
==747315== 
==747315== 151 bytes in 24 blocks are still reachable in loss record 205 of 241
==747315==    at 0x497D858: malloc (vg_replace_malloc.c:447)
==747315==    by 0x4066564: emalloc_real (awk.h:2156)
==747315==    by 0x4066564: estrdup (main.c:1451)
==747315==    by 0x400D9F0: init_vars (main.c:865)
==747315==    by 0x400D9F0: main (main.c:403)
==747315== 
==747315== 151 bytes in 24 blocks are still reachable in loss record 206 of 241
==747315==    at 0x497D858: malloc (vg_replace_malloc.c:447)
==747315==    by 0x4069457: emalloc_real (awk.h:2156)
==747315==    by 0x4069457: make_str_node (node.c:422)
==747315==    by 0x4077055: install (symbol.c:399)
==747315==    by 0x400DA01: init_vars (main.c:865)
==747315==    by 0x400DA01: main (main.c:403)
==747315== 
==747315== 205 bytes in 24 blocks are still reachable in loss record 207 of 241
==747315==    at 0x497D858: malloc (vg_replace_malloc.c:447)
==747315==    by 0x4069457: emalloc_real (awk.h:2156)
==747315==    by 0x4069457: make_str_node (node.c:422)
==747315==    by 0x400E0F5: load_environ (main.c:946)
==747315==    by 0x400E0F5: init_vars (main.c:879)
==747315==    by 0x400E0F5: main (main.c:403)
==747315== 
==747315== 256 bytes in 1 blocks are still reachable in loss record 208 of 241
==747315==    at 0x4984E43: calloc (vg_replace_malloc.c:1678)
==747315==    by 0x4034892: ezalloc_real (awk.h:2174)
==747315==    by 0x4034892: cint_lookup (cint_array.c:249)
==747315==    by 0x400E9D6: assoc_set (awk.h:2220)
==747315==    by 0x400E9D6: load_procinfo_argv (main.c:992)
==747315==    by 0x400E9D6: load_procinfo (main.c:1093)
==747315==    by 0x400E9D6: init_vars (main.c:878)
==747315==    by 0x400E9D6: main (main.c:403)
==747315== 
==747315== 256 bytes in 1 blocks are still reachable in loss record 209 of 241
==747315==    at 0x4984E43: calloc (vg_replace_malloc.c:1678)
==747315==    by 0x4034297: ezalloc_real (awk.h:2174)
==747315==    by 0x4034297: tree_lookup (cint_array.c:773)
==747315==    by 0x400E9D6: assoc_set (awk.h:2220)
==747315==    by 0x400E9D6: load_procinfo_argv (main.c:992)
==747315==    by 0x400E9D6: load_procinfo (main.c:1093)
==747315==    by 0x400E9D6: init_vars (main.c:878)
==747315==    by 0x400E9D6: main (main.c:403)
==747315== 
==747315== 256 bytes in 1 blocks are still reachable in loss record 210 of 241
==747315==    at 0x4984E43: calloc (vg_replace_malloc.c:1678)
==747315==    by 0x40344C0: ezalloc_real (awk.h:2174)
==747315==    by 0x40344C0: leaf_lookup (cint_array.c:1064)
==747315==    by 0x40344C0: tree_lookup (cint_array.c:797)
==747315==    by 0x400E9D6: assoc_set (awk.h:2220)
==747315==    by 0x400E9D6: load_procinfo_argv (main.c:992)
==747315==    by 0x400E9D6: load_procinfo (main.c:1093)
==747315==    by 0x400E9D6: init_vars (main.c:878)
==747315==    by 0x400E9D6: main (main.c:403)
==747315== 
==747315== 256 bytes in 1 blocks are still reachable in loss record 211 of 241
==747315==    at 0x4984E43: calloc (vg_replace_malloc.c:1678)
==747315==    by 0x4034892: ezalloc_real (awk.h:2174)
==747315==    by 0x4034892: cint_lookup (cint_array.c:249)
==747315==    by 0x40662E6: assoc_set (awk.h:2220)
==747315==    by 0x400E453: init_args (main.c:768)
==747315==    by 0x400E453: main (main.c:470)
==747315== 
==747315== 256 bytes in 1 blocks are still reachable in loss record 212 of 241
==747315==    at 0x4984E43: calloc (vg_replace_malloc.c:1678)
==747315==    by 0x4034297: ezalloc_real (awk.h:2174)
==747315==    by 0x4034297: tree_lookup (cint_array.c:773)
==747315==    by 0x40662E6: assoc_set (awk.h:2220)
==747315==    by 0x400E453: init_args (main.c:768)
==747315==    by 0x400E453: main (main.c:470)
==747315== 
==747315== 256 bytes in 1 blocks are still reachable in loss record 213 of 241
==747315==    at 0x4984E43: calloc (vg_replace_malloc.c:1678)
==747315==    by 0x40344C0: ezalloc_real (awk.h:2174)
==747315==    by 0x40344C0: leaf_lookup (cint_array.c:1064)
==747315==    by 0x40344C0: tree_lookup (cint_array.c:797)
==747315==    by 0x40662E6: assoc_set (awk.h:2220)
==747315==    by 0x400E453: init_args (main.c:768)
==747315==    by 0x400E453: main (main.c:470)
==747315== 
==747315== 264 bytes in 3 blocks are still reachable in loss record 214 of 241
==747315==    at 0x497D858: malloc (vg_replace_malloc.c:447)
==747315==    by 0x4068FEB: emalloc_real (awk.h:2156)
==747315==    by 0x4068FEB: r_getblock (node.c:1164)
==747315==    by 0x40693C1: make_str_node (node.c:406)
==747315==    by 0x400E9C6: load_procinfo_argv (main.c:991)
==747315==    by 0x400E9C6: load_procinfo (main.c:1093)
==747315==    by 0x400E9C6: init_vars (main.c:878)
==747315==    by 0x400E9C6: main (main.c:403)
==747315== 
==747315== 264 bytes in 3 blocks are still reachable in loss record 215 of 241
==747315==    at 0x497D858: malloc (vg_replace_malloc.c:447)
==747315==    by 0x4068FEB: emalloc_real (awk.h:2156)
==747315==    by 0x4068FEB: r_getblock (node.c:1164)
==747315==    by 0x4053A06: grow_fields_arr (field.c:136)
==747315==    by 0x4053BD3: set_field (field.c:155)
==747315==    by 0x4054709: re_parse_field (field.c:547)
==747315==    by 0x4056188: get_field (field.c:1074)
==747315==    by 0x4047658: update_NF (eval.c:1107)
==747315==    by 0x404E282: r_interpret (interpret.h:980)
==747315==    by 0x400EDDE: main (main.c:532)
==747315== 
==747315== 278 bytes in 42 blocks are still reachable in loss record 216 of 241
==747315==    at 0x497D858: malloc (vg_replace_malloc.c:447)
==747315==    by 0x4069457: emalloc_real (awk.h:2156)
==747315==    by 0x4069457: make_str_node (node.c:422)
==747315==    by 0x4077055: install (symbol.c:399)
==747315==    by 0x401982E: install_builtins (awkgram.y:6601)
==747315==    by 0x400ED71: main (main.c:491)
==747315== 
==747315== 296 bytes in 1 blocks are still reachable in loss record 217 of 241
==747315==    at 0x4984E43: calloc (vg_replace_malloc.c:1678)
==747315==    by 0x4014A06: ezalloc_real (awk.h:2174)
==747315==    by 0x4014A06: do_add_srcfile (awkgram.y:2833)
==747315==    by 0x4018A70: add_srcfile (awkgram.y:2916)
==747315==    by 0x400D7E5: parse_args (main.c:1585)
==747315==    by 0x400D7E5: main (main.c:294)
==747315== 
==747315== 352 bytes in 1 blocks are still reachable in loss record 218 of 241
==747315==    at 0x497D858: malloc (vg_replace_malloc.c:447)
==747315==    by 0x40869ED: compile.constprop.0 (minrx.c:1866)
==747315==    by 0x4089B38: minrx_regncomp (minrx.c:2490)
==747315==    by 0x407427D: make_regexp (re.c:355)
==747315==    by 0x40195EB: make_regnode (awkgram.y:5306)
==747315==    by 0x4069844: make_typed_regex (node.c:510)
==747315==    by 0x401D7CD: yyparse (awkgram.y:607)
==747315==    by 0x402073A: parse_program (awkgram.y:2797)
==747315==    by 0x400EAD8: main (main.c:483)
==747315== 
==747315== 352 bytes in 1 blocks are still reachable in loss record 219 of 241
==747315==    at 0x497D858: malloc (vg_replace_malloc.c:447)
==747315==    by 0x40869ED: compile.constprop.0 (minrx.c:1866)
==747315==    by 0x4089B38: minrx_regncomp (minrx.c:2490)
==747315==    by 0x407427D: make_regexp (re.c:355)
==747315==    by 0x4057AF1: set_FS (field.c:1606)
==747315==    by 0x404E282: r_interpret (interpret.h:980)
==747315==    by 0x400EDDE: main (main.c:532)
==747315== 
==747315== 352 bytes in 1 blocks are still reachable in loss record 220 of 241
==747315==    at 0x497D858: malloc (vg_replace_malloc.c:447)
==747315==    by 0x40869ED: compile.constprop.0 (minrx.c:1866)
==747315==    by 0x4089B38: minrx_regncomp (minrx.c:2490)
==747315==    by 0x407427D: make_regexp (re.c:355)
==747315==    by 0x4057B15: set_FS (field.c:1607)
==747315==    by 0x404E282: r_interpret (interpret.h:980)
==747315==    by 0x400EDDE: main (main.c:532)
==747315== 
==747315== 471 bytes in 72 blocks are still reachable in loss record 221 of 241
==747315==    at 0x497D858: malloc (vg_replace_malloc.c:447)
==747315==    by 0x4069457: emalloc_real (awk.h:2156)
==747315==    by 0x4069457: make_str_node (node.c:422)
==747315==    by 0x4078494: load_symbols (symbol.c:700)
==747315==    by 0x400ED85: main (main.c:499)
==747315== 
==747315== 512 bytes in 1 blocks are still reachable in loss record 222 of 241
==747315==    at 0x4984E43: calloc (vg_replace_malloc.c:1678)
==747315==    by 0x4055BEE: ezalloc_real (awk.h:2174)
==747315==    by 0x4055BEE: set_record (field.c:309)
==747315==    by 0x406096F: inrec (io.c:590)
==747315==    by 0x404ECFC: r_interpret (interpret.h:1457)
==747315==    by 0x400EDDE: main (main.c:532)
==747315== 
==747315== 552 bytes in 1 blocks are still reachable in loss record 223 of 241
==747315==    at 0x4984E43: calloc (vg_replace_malloc.c:1678)
==747315==    by 0x4078976: ezalloc_real (awk.h:2174)
==747315==    by 0x4078976: new_context (symbol.c:870)
==747315==    by 0x400D61D: main (main.c:292)
==747315== 
==747315== 792 bytes in 9 blocks are still reachable in loss record 224 of 241
==747315==    at 0x497D858: malloc (vg_replace_malloc.c:447)
==747315==    by 0x4068FEB: emalloc_real (awk.h:2156)
==747315==    by 0x4068FEB: r_getblock (node.c:1164)
==747315==    by 0x4069930: make_number_node (awk.h:2206)
==747315==    by 0x4069930: r_make_number (node.c:369)
==747315==    by 0x400DA23: init_vars (main.c:869)
==747315==    by 0x400DA23: main (main.c:403)
==747315== 
==747315== 830 bytes in 24 blocks are still reachable in loss record 225 of 241
==747315==    at 0x497D858: malloc (vg_replace_malloc.c:447)
==747315==    by 0x4069457: emalloc_real (awk.h:2156)
==747315==    by 0x4069457: make_str_node (node.c:422)
==747315==    by 0x400E10D: load_environ (main.c:947)
==747315==    by 0x400E10D: init_vars (main.c:879)
==747315==    by 0x400E10D: main (main.c:403)
==747315== 
==747315== 880 bytes in 10 blocks are still reachable in loss record 226 of 241
==747315==    at 0x497D858: malloc (vg_replace_malloc.c:447)
==747315==    by 0x4068FEB: emalloc_real (awk.h:2156)
==747315==    by 0x4068FEB: r_getblock (node.c:1164)
==747315==    by 0x40693C1: make_str_node (node.c:406)
==747315==    by 0x400D984: init_vars (main.c:867)
==747315==    by 0x400D984: main (main.c:403)
==747315== 
==747315== 1,152 bytes in 24 blocks are still reachable in loss record 227 of 241
==747315==    at 0x497D858: malloc (vg_replace_malloc.c:447)
==747315==    by 0x4068FEB: emalloc_real (awk.h:2156)
==747315==    by 0x4068FEB: r_getblock (node.c:1164)
==747315==    by 0x40768D9: str_lookup (str_array.c:214)
==747315==    by 0x407708C: assoc_set (awk.h:2220)
==747315==    by 0x407708C: install (symbol.c:430)
==747315==    by 0x400DA01: init_vars (main.c:865)
==747315==    by 0x400DA01: main (main.c:403)
==747315== 
==747315== 1,152 bytes in 24 blocks are still reachable in loss record 228 of 241
==747315==    at 0x497D858: malloc (vg_replace_malloc.c:447)
==747315==    by 0x4068FEB: emalloc_real (awk.h:2156)
==747315==    by 0x4068FEB: r_getblock (node.c:1164)
==747315==    by 0x40768D9: str_lookup (str_array.c:214)
==747315==    by 0x400E127: assoc_set (awk.h:2220)
==747315==    by 0x400E127: load_environ (main.c:949)
==747315==    by 0x400E127: init_vars (main.c:879)
==747315==    by 0x400E127: main (main.c:403)
==747315== 
==747315== 2,016 bytes in 42 blocks are still reachable in loss record 229 of 241
==747315==    at 0x497D858: malloc (vg_replace_malloc.c:447)
==747315==    by 0x4068FEB: emalloc_real (awk.h:2156)
==747315==    by 0x4068FEB: r_getblock (node.c:1164)
==747315==    by 0x40768D9: str_lookup (str_array.c:214)
==747315==    by 0x407708C: assoc_set (awk.h:2220)
==747315==    by 0x407708C: install (symbol.c:430)
==747315==    by 0x401982E: install_builtins (awkgram.y:6601)
==747315==    by 0x400ED71: main (main.c:491)
==747315== 
==747315== 2,048 bytes in 1 blocks are still reachable in loss record 230 of 241
==747315==    at 0x497D858: malloc (vg_replace_malloc.c:447)
==747315==    by 0x4048A59: emalloc_real (awk.h:2156)
==747315==    by 0x4048A59: init_interpret (eval.c:1897)
==747315==    by 0x400E3D5: main (main.c:468)
==747315== 
==747315== 2,112 bytes in 24 blocks are still reachable in loss record 231 of 241
==747315==    at 0x497D858: malloc (vg_replace_malloc.c:447)
==747315==    by 0x4068FEB: emalloc_real (awk.h:2156)
==747315==    by 0x4068FEB: r_getblock (node.c:1164)
==747315==    by 0x40693C1: make_str_node (node.c:406)
==747315==    by 0x4077055: install (symbol.c:399)
==747315==    by 0x400DA01: init_vars (main.c:865)
==747315==    by 0x400DA01: main (main.c:403)
==747315== 
==747315== 2,112 bytes in 24 blocks are still reachable in loss record 232 of 241
==747315==    at 0x497D858: malloc (vg_replace_malloc.c:447)
==747315==    by 0x4068FEB: emalloc_real (awk.h:2156)
==747315==    by 0x4068FEB: r_getblock (node.c:1164)
==747315==    by 0x4077133: make_symbol (symbol.c:376)
==747315==    by 0x4077133: install (symbol.c:417)
==747315==    by 0x400DA01: init_vars (main.c:865)
==747315==    by 0x400DA01: main (main.c:403)
==747315== 
==747315== 2,112 bytes in 24 blocks are still reachable in loss record 233 of 241
==747315==    at 0x497D858: malloc (vg_replace_malloc.c:447)
==747315==    by 0x4068FEB: emalloc_real (awk.h:2156)
==747315==    by 0x4068FEB: r_getblock (node.c:1164)
==747315==    by 0x40693C1: make_str_node (node.c:406)
==747315==    by 0x400E0F5: load_environ (main.c:946)
==747315==    by 0x400E0F5: init_vars (main.c:879)
==747315==    by 0x400E0F5: main (main.c:403)
==747315== 
==747315== 2,112 bytes in 24 blocks are still reachable in loss record 234 of 241
==747315==    at 0x497D858: malloc (vg_replace_malloc.c:447)
==747315==    by 0x4068FEB: emalloc_real (awk.h:2156)
==747315==    by 0x4068FEB: r_getblock (node.c:1164)
==747315==    by 0x40693C1: make_str_node (node.c:406)
==747315==    by 0x400E10D: load_environ (main.c:947)
==747315==    by 0x400E10D: init_vars (main.c:879)
==747315==    by 0x400E10D: main (main.c:403)
==747315== 
==747315== 3,456 bytes in 72 blocks are still reachable in loss record 235 of 241
==747315==    at 0x497D858: malloc (vg_replace_malloc.c:447)
==747315==    by 0x4068FEB: emalloc_real (awk.h:2156)
==747315==    by 0x4068FEB: r_getblock (node.c:1164)
==747315==    by 0x40768D9: str_lookup (str_array.c:214)
==747315==    by 0x40782E9: load_symbols (symbol.c:701)
==747315==    by 0x400ED85: main (main.c:499)
==747315== 
==747315== 3,696 bytes in 42 blocks are still reachable in loss record 236 of 241
==747315==    at 0x497D858: malloc (vg_replace_malloc.c:447)
==747315==    by 0x4068FEB: emalloc_real (awk.h:2156)
==747315==    by 0x4068FEB: r_getblock (node.c:1164)
==747315==    by 0x40693C1: make_str_node (node.c:406)
==747315==    by 0x4077055: install (symbol.c:399)
==747315==    by 0x401982E: install_builtins (awkgram.y:6601)
==747315==    by 0x400ED71: main (main.c:491)
==747315== 
==747315== 3,696 bytes in 42 blocks are still reachable in loss record 237 of 241
==747315==    at 0x497D858: malloc (vg_replace_malloc.c:447)
==747315==    by 0x4068FEB: emalloc_real (awk.h:2156)
==747315==    by 0x4068FEB: r_getblock (node.c:1164)
==747315==    by 0x407721E: make_symbol (symbol.c:376)
==747315==    by 0x407721E: install (symbol.c:417)
==747315==    by 0x401982E: install_builtins (awkgram.y:6601)
==747315==    by 0x400ED71: main (main.c:491)
==747315== 
==747315== 5,048 bytes in 1 blocks are still reachable in loss record 238 of 241
==747315==    at 0x497D858: malloc (vg_replace_malloc.c:447)
==747315==    by 0x4078891: emalloc_real (awk.h:2156)
==747315==    by 0x4078891: bcalloc (symbol.c:849)
==747315==    by 0x402065C: parse_program (awkgram.y:2770)
==747315==    by 0x400EAD8: main (main.c:483)
==747315== 
==747315== 5,048 bytes in 1 blocks are still reachable in loss record 239 of 241
==747315==    at 0x497D858: malloc (vg_replace_malloc.c:447)
==747315==    by 0x4078891: emalloc_real (awk.h:2156)
==747315==    by 0x4078891: bcalloc (symbol.c:849)
==747315==    by 0x4020B58: parse_program (awkgram.y:2778)
==747315==    by 0x400EAD8: main (main.c:483)
==747315== 
==747315== 5,048 bytes in 1 blocks are still reachable in loss record 240 of 241
==747315==    at 0x497D858: malloc (vg_replace_malloc.c:447)
==747315==    by 0x4078891: emalloc_real (awk.h:2156)
==747315==    by 0x4078891: bcalloc (symbol.c:849)
==747315==    by 0x401C2EA: yylex (awkgram.y:4447)
==747315==    by 0x401C83C: yyparse (awkgram.c:1879)
==747315==    by 0x402073A: parse_program (awkgram.y:2797)
==747315==    by 0x400EAD8: main (main.c:483)
==747315== 
==747315== 6,336 bytes in 72 blocks are still reachable in loss record 241 of 241
==747315==    at 0x497D858: malloc (vg_replace_malloc.c:447)
==747315==    by 0x4068FEB: emalloc_real (awk.h:2156)
==747315==    by 0x4068FEB: r_getblock (node.c:1164)
==747315==    by 0x40693C1: make_str_node (node.c:406)
==747315==    by 0x4078494: load_symbols (symbol.c:700)
==747315==    by 0x400ED85: main (main.c:499)
==747315== 
==747315== LEAK SUMMARY:
==747315==    definitely lost: 0 bytes in 0 blocks
==747315==    indirectly lost: 0 bytes in 0 blocks
==747315==      possibly lost: 0 bytes in 0 blocks
==747315==    still reachable: 65,615 bytes in 882 blocks
==747315==         suppressed: 0 bytes in 0 blocks
==747315== 
==747315== For lists of detected and suppressed errors, rerun with: -s
==747315== ERROR SUMMARY: 1 errors from 1 contexts (suppressed: 0 from 0)
