==745741== Memcheck, a memory error detector
==745741== Copyright (C) 2002-2024, and GNU GPL'd, by Julian Seward et al.
==745741== Using Valgrind-3.26.0 and LibVEX; rerun with -h for copyright info
==745741== Command: gawk -f sort1.awk
==745741== Parent PID: 745740
==745741== 
==745741== 
==745741== FILE DESCRIPTORS: 3 open (3 inherited) at exit.
==745741== 
==745741== HEAP SUMMARY:
==745741==     in use at exit: 91,017 bytes in 1,099 blocks
==745741==   total heap usage: 6,824 allocs, 5,725 frees, 478,681 bytes allocated
==745741== 
==745741== 1 bytes in 1 blocks are still reachable in loss record 1 of 225
==745741==    at 0x497D858: malloc (vg_replace_malloc.c:447)
==745741==    by 0x4066564: emalloc_real (awk.h:2156)
==745741==    by 0x4066564: estrdup (main.c:1451)
==745741==    by 0x400D434: init_locale (main.c:1476)
==745741==    by 0x400D434: set_locale_stuff (main.c:1849)
==745741==    by 0x400D434: main (main.c:254)
==745741== 
==745741== 1 bytes in 1 blocks are still reachable in loss record 2 of 225
==745741==    at 0x497D858: malloc (vg_replace_malloc.c:447)
==745741==    by 0x4066564: emalloc_real (awk.h:2156)
==745741==    by 0x4066564: estrdup (main.c:1451)
==745741==    by 0x400D469: init_locale (main.c:1478)
==745741==    by 0x400D469: set_locale_stuff (main.c:1849)
==745741==    by 0x400D469: main (main.c:254)
==745741== 
==745741== 1 bytes in 1 blocks are still reachable in loss record 3 of 225
==745741==    at 0x497D858: malloc (vg_replace_malloc.c:447)
==745741==    by 0x4066564: emalloc_real (awk.h:2156)
==745741==    by 0x4066564: estrdup (main.c:1451)
==745741==    by 0x400D485: init_locale (main.c:1479)
==745741==    by 0x400D485: set_locale_stuff (main.c:1849)
==745741==    by 0x400D485: main (main.c:254)
==745741== 
==745741== 1 bytes in 1 blocks are still reachable in loss record 4 of 225
==745741==    at 0x497D858: malloc (vg_replace_malloc.c:447)
==745741==    by 0x4066564: emalloc_real (awk.h:2156)
==745741==    by 0x4066564: estrdup (main.c:1451)
==745741==    by 0x400D4A1: init_locale (main.c:1480)
==745741==    by 0x400D4A1: set_locale_stuff (main.c:1849)
==745741==    by 0x400D4A1: main (main.c:254)
==745741== 
==745741== 1 bytes in 1 blocks are still reachable in loss record 5 of 225
==745741==    at 0x497D858: malloc (vg_replace_malloc.c:447)
==745741==    by 0x4066564: emalloc_real (awk.h:2156)
==745741==    by 0x4066564: estrdup (main.c:1451)
==745741==    by 0x400D4BD: init_locale (main.c:1481)
==745741==    by 0x400D4BD: set_locale_stuff (main.c:1849)
==745741==    by 0x400D4BD: main (main.c:254)
==745741== 
==745741== 1 bytes in 1 blocks are still reachable in loss record 6 of 225
==745741==    at 0x497D858: malloc (vg_replace_malloc.c:447)
==745741==    by 0x4066564: emalloc_real (awk.h:2156)
==745741==    by 0x4066564: estrdup (main.c:1451)
==745741==    by 0x400D4D9: init_locale (main.c:1482)
==745741==    by 0x400D4D9: set_locale_stuff (main.c:1849)
==745741==    by 0x400D4D9: main (main.c:254)
==745741== 
==745741== 1 bytes in 1 blocks are still reachable in loss record 7 of 225
==745741==    at 0x497D858: malloc (vg_replace_malloc.c:447)
==745741==    by 0x4066564: emalloc_real (awk.h:2156)
==745741==    by 0x4066564: estrdup (main.c:1451)
==745741==    by 0x400D4F5: init_locale (main.c:1483)
==745741==    by 0x400D4F5: set_locale_stuff (main.c:1849)
==745741==    by 0x400D4F5: main (main.c:254)
==745741== 
==745741== 1 bytes in 1 blocks are still reachable in loss record 8 of 225
==745741==    at 0x497D858: malloc (vg_replace_malloc.c:447)
==745741==    by 0x4066564: emalloc_real (awk.h:2156)
==745741==    by 0x4066564: estrdup (main.c:1451)
==745741==    by 0x400D511: init_locale (main.c:1484)
==745741==    by 0x400D511: set_locale_stuff (main.c:1849)
==745741==    by 0x400D511: main (main.c:254)
==745741== 
==745741== 1 bytes in 1 blocks are still reachable in loss record 9 of 225
==745741==    at 0x497D858: malloc (vg_replace_malloc.c:447)
==745741==    by 0x4066564: emalloc_real (awk.h:2156)
==745741==    by 0x4066564: estrdup (main.c:1451)
==745741==    by 0x400D52D: init_locale (main.c:1485)
==745741==    by 0x400D52D: set_locale_stuff (main.c:1849)
==745741==    by 0x400D52D: main (main.c:254)
==745741== 
==745741== 1 bytes in 1 blocks are still reachable in loss record 10 of 225
==745741==    at 0x497D858: malloc (vg_replace_malloc.c:447)
==745741==    by 0x4069457: emalloc_real (awk.h:2156)
==745741==    by 0x4069457: make_str_node (node.c:422)
==745741==    by 0x400D5C7: main (main.c:278)
==745741== 
==745741== 1 bytes in 1 blocks are still reachable in loss record 11 of 225
==745741==    at 0x497D858: malloc (vg_replace_malloc.c:447)
==745741==    by 0x4069457: emalloc_real (awk.h:2156)
==745741==    by 0x4069457: make_str_node (node.c:422)
==745741==    by 0x4055395: init_fields (field.c:105)
==745741==    by 0x400E1A4: main (main.c:410)
==745741== 
==745741== 1 bytes in 1 blocks are still reachable in loss record 12 of 225
==745741==    at 0x497D858: malloc (vg_replace_malloc.c:447)
==745741==    by 0x4069457: emalloc_real (awk.h:2156)
==745741==    by 0x4069457: make_str_node (node.c:422)
==745741==    by 0x40553E0: init_fields (field.c:111)
==745741==    by 0x400E1A4: main (main.c:410)
==745741== 
==745741== 2 bytes in 1 blocks are still reachable in loss record 13 of 225
==745741==    at 0x497D858: malloc (vg_replace_malloc.c:447)
==745741==    by 0x4066564: emalloc_real (awk.h:2156)
==745741==    by 0x4066564: estrdup (main.c:1451)
==745741==    by 0x400D44E: init_locale (main.c:1477)
==745741==    by 0x400D44E: set_locale_stuff (main.c:1849)
==745741==    by 0x400D44E: main (main.c:254)
==745741== 
==745741== 2 bytes in 1 blocks are still reachable in loss record 14 of 225
==745741==    at 0x497D858: malloc (vg_replace_malloc.c:447)
==745741==    by 0x4046CFF: emalloc_real (awk.h:2156)
==745741==    by 0x4046CFF: set_OFS (eval.c:839)
==745741==    by 0x400D9A3: init_vars (main.c:873)
==745741==    by 0x400D9A3: main (main.c:403)
==745741== 
==745741== 2 bytes in 1 blocks are still reachable in loss record 15 of 225
==745741==    at 0x497D858: malloc (vg_replace_malloc.c:447)
==745741==    by 0x40686AD: emalloc_real (awk.h:2156)
==745741==    by 0x40686AD: r_format_val.part.0 (node.c:299)
==745741==    by 0x4051E58: r_interpret (interpret.h:369)
==745741==    by 0x400EDDE: main (main.c:532)
==745741== 
==745741== 2 bytes in 1 blocks are still reachable in loss record 16 of 225
==745741==    at 0x497D858: malloc (vg_replace_malloc.c:447)
==745741==    by 0x4066564: emalloc_real (awk.h:2156)
==745741==    by 0x4066564: estrdup (main.c:1451)
==745741==    by 0x4051EBA: r_interpret (interpret.h:397)
==745741==    by 0x400EDDE: main (main.c:532)
==745741== 
==745741== 3 bytes in 1 blocks are still reachable in loss record 17 of 225
==745741==    at 0x497D858: malloc (vg_replace_malloc.c:447)
==745741==    by 0x4069457: emalloc_real (awk.h:2156)
==745741==    by 0x4069457: make_str_node (node.c:422)
==745741==    by 0x4054B6F: update_PROCINFO_str.part.0 (field.c:1661)
==745741==    by 0x400E83A: load_procinfo (main.c:1072)
==745741==    by 0x400E83A: init_vars (main.c:878)
==745741==    by 0x400E83A: main (main.c:403)
==745741== 
==745741== 3 bytes in 1 blocks are still reachable in loss record 18 of 225
==745741==    at 0x497D858: malloc (vg_replace_malloc.c:447)
==745741==    by 0x4069457: emalloc_real (awk.h:2156)
==745741==    by 0x4069457: make_str_node (node.c:422)
==745741==    by 0x4054B87: update_PROCINFO_str.part.0 (field.c:1662)
==745741==    by 0x400E83A: load_procinfo (main.c:1072)
==745741==    by 0x400E83A: init_vars (main.c:878)
==745741==    by 0x400E83A: main (main.c:403)
==745741== 
==745741== 4 bytes in 1 blocks are still reachable in loss record 19 of 225
==745741==    at 0x497D858: malloc (vg_replace_malloc.c:447)
==745741==    by 0x4069457: emalloc_real (awk.h:2156)
==745741==    by 0x4069457: make_str_node (node.c:422)
==745741==    by 0x4058004: update_PROCINFO_num (field.c:1674)
==745741==    by 0x400E79D: load_procinfo (main.c:1055)
==745741==    by 0x400E79D: init_vars (main.c:878)
==745741==    by 0x400E79D: main (main.c:403)
==745741== 
==745741== 4 bytes in 1 blocks are still reachable in loss record 20 of 225
==745741==    at 0x497D858: malloc (vg_replace_malloc.c:447)
==745741==    by 0x4069457: emalloc_real (awk.h:2156)
==745741==    by 0x4069457: make_str_node (node.c:422)
==745741==    by 0x4058004: update_PROCINFO_num (field.c:1674)
==745741==    by 0x400E7D2: load_procinfo (main.c:1061)
==745741==    by 0x400E7D2: init_vars (main.c:878)
==745741==    by 0x400E7D2: main (main.c:403)
==745741== 
==745741== 4 bytes in 1 blocks are still reachable in loss record 21 of 225
==745741==    at 0x497D858: malloc (vg_replace_malloc.c:447)
==745741==    by 0x4069457: emalloc_real (awk.h:2156)
==745741==    by 0x4069457: make_str_node (node.c:422)
==745741==    by 0x4058004: update_PROCINFO_num (field.c:1674)
==745741==    by 0x400E80A: load_procinfo (main.c:1067)
==745741==    by 0x400E80A: init_vars (main.c:878)
==745741==    by 0x400E80A: main (main.c:403)
==745741== 
==745741== 4 bytes in 1 blocks are still reachable in loss record 22 of 225
==745741==    at 0x497D858: malloc (vg_replace_malloc.c:447)
==745741==    by 0x4069457: emalloc_real (awk.h:2156)
==745741==    by 0x4069457: make_str_node (node.c:422)
==745741==    by 0x4054B6F: update_PROCINFO_str.part.0 (field.c:1661)
==745741==    by 0x400E8D2: load_procinfo (main.c:1087)
==745741==    by 0x400E8D2: init_vars (main.c:878)
==745741==    by 0x400E8D2: main (main.c:403)
==745741== 
==745741== 4 bytes in 2 blocks are still reachable in loss record 23 of 225
==745741==    at 0x497D858: malloc (vg_replace_malloc.c:447)
==745741==    by 0x40686AD: emalloc_real (awk.h:2156)
==745741==    by 0x40686AD: r_format_val.part.0 (node.c:299)
==745741==    by 0x4010E64: force_string_fmt (awk.h:2058)
==745741==    by 0x4010E64: concat_exp (array.c:419)
==745741==    by 0x404F33C: r_interpret (interpret.h:984)
==745741==    by 0x400EDDE: main (main.c:532)
==745741== 
==745741== 4 bytes in 2 blocks are still reachable in loss record 24 of 225
==745741==    at 0x497D858: malloc (vg_replace_malloc.c:447)
==745741==    by 0x40686AD: emalloc_real (awk.h:2156)
==745741==    by 0x40686AD: r_format_val.part.0 (node.c:299)
==745741==    by 0x4045810: force_string_fmt (awk.h:2058)
==745741==    by 0x4045810: cmp_nodes.part.0 (eval.c:616)
==745741==    by 0x404932D: cmp_nodes (eval.c:1592)
==745741==    by 0x404932D: cmp_scalars (eval.c:1593)
==745741==    by 0x404E314: r_interpret (interpret.h:570)
==745741==    by 0x400EDDE: main (main.c:532)
==745741== 
==745741== 5 bytes in 1 blocks are still reachable in loss record 25 of 225
==745741==    at 0x497D858: malloc (vg_replace_malloc.c:447)
==745741==    by 0x4069457: emalloc_real (awk.h:2156)
==745741==    by 0x4069457: make_str_node (node.c:422)
==745741==    by 0x4058004: update_PROCINFO_num (field.c:1674)
==745741==    by 0x400E7B6: load_procinfo (main.c:1058)
==745741==    by 0x400E7B6: init_vars (main.c:878)
==745741==    by 0x400E7B6: main (main.c:403)
==745741== 
==745741== 5 bytes in 1 blocks are still reachable in loss record 26 of 225
==745741==    at 0x497D858: malloc (vg_replace_malloc.c:447)
==745741==    by 0x4069457: emalloc_real (awk.h:2156)
==745741==    by 0x4069457: make_str_node (node.c:422)
==745741==    by 0x4058004: update_PROCINFO_num (field.c:1674)
==745741==    by 0x400E7EE: load_procinfo (main.c:1064)
==745741==    by 0x400E7EE: init_vars (main.c:878)
==745741==    by 0x400E7EE: main (main.c:403)
==745741== 
==745741== 5 bytes in 1 blocks are still reachable in loss record 27 of 225
==745741==    at 0x497D858: malloc (vg_replace_malloc.c:447)
==745741==    by 0x4069457: emalloc_real (awk.h:2156)
==745741==    by 0x4069457: make_str_node (node.c:422)
==745741==    by 0x4058004: update_PROCINFO_num (field.c:1674)
==745741==    by 0x400E826: load_procinfo (main.c:1070)
==745741==    by 0x400E826: init_vars (main.c:878)
==745741==    by 0x400E826: main (main.c:403)
==745741== 
==745741== 5 bytes in 1 blocks are still reachable in loss record 28 of 225
==745741==    at 0x497D858: malloc (vg_replace_malloc.c:447)
==745741==    by 0x4066564: emalloc_real (awk.h:2156)
==745741==    by 0x4066564: estrdup (main.c:1451)
==745741==    by 0x400E91C: load_procinfo_argv (main.c:988)
==745741==    by 0x400E91C: load_procinfo (main.c:1093)
==745741==    by 0x400E91C: init_vars (main.c:878)
==745741==    by 0x400E91C: main (main.c:403)
==745741== 
==745741== 5 bytes in 1 blocks are still reachable in loss record 29 of 225
==745741==    at 0x497D858: malloc (vg_replace_malloc.c:447)
==745741==    by 0x4069457: emalloc_real (awk.h:2156)
==745741==    by 0x4069457: make_str_node (node.c:422)
==745741==    by 0x400EC1B: load_procinfo_argv (main.c:996)
==745741==    by 0x400EC1B: load_procinfo (main.c:1093)
==745741==    by 0x400EC1B: init_vars (main.c:878)
==745741==    by 0x400EC1B: main (main.c:403)
==745741== 
==745741== 5 bytes in 1 blocks are still reachable in loss record 30 of 225
==745741==    at 0x497D858: malloc (vg_replace_malloc.c:447)
==745741==    by 0x4066564: emalloc_real (awk.h:2156)
==745741==    by 0x4066564: estrdup (main.c:1451)
==745741==    by 0x400E407: init_args (main.c:764)
==745741==    by 0x400E407: main (main.c:470)
==745741== 
==745741== 5 bytes in 1 blocks are still reachable in loss record 31 of 225
==745741==    at 0x497D858: malloc (vg_replace_malloc.c:447)
==745741==    by 0x4069457: emalloc_real (awk.h:2156)
==745741==    by 0x4069457: make_str_node (node.c:422)
==745741==    by 0x4077055: install (symbol.c:399)
==745741==    by 0x400E414: init_args (main.c:764)
==745741==    by 0x400E414: main (main.c:470)
==745741== 
==745741== 5 bytes in 1 blocks are still reachable in loss record 32 of 225
==745741==    at 0x497D858: malloc (vg_replace_malloc.c:447)
==745741==    by 0x4069457: emalloc_real (awk.h:2156)
==745741==    by 0x4069457: make_str_node (node.c:422)
==745741==    by 0x400E43D: init_args (main.c:766)
==745741==    by 0x400E43D: main (main.c:470)
==745741== 
==745741== 5 bytes in 1 blocks are still reachable in loss record 33 of 225
==745741==    at 0x497D858: malloc (vg_replace_malloc.c:447)
==745741==    by 0x4066564: emalloc_real (awk.h:2156)
==745741==    by 0x4066564: estrdup (main.c:1451)
==745741==    by 0x400EA83: init_args (main.c:791)
==745741==    by 0x400EA83: main (main.c:470)
==745741== 
==745741== 5 bytes in 1 blocks are still reachable in loss record 34 of 225
==745741==    at 0x497D858: malloc (vg_replace_malloc.c:447)
==745741==    by 0x4069457: emalloc_real (awk.h:2156)
==745741==    by 0x4069457: make_str_node (node.c:422)
==745741==    by 0x4077055: install (symbol.c:399)
==745741==    by 0x400EA90: init_args (main.c:791)
==745741==    by 0x400EA90: main (main.c:470)
==745741== 
==745741== 5 bytes in 1 blocks are still reachable in loss record 35 of 225
==745741==    at 0x497D858: malloc (vg_replace_malloc.c:447)
==745741==    by 0x4069457: emalloc_real (awk.h:2156)
==745741==    by 0x4069457: make_str_node (node.c:422)
==745741==    by 0x40780AA: load_symbols (symbol.c:677)
==745741==    by 0x400ED85: main (main.c:499)
==745741== 
==745741== 6 bytes in 1 blocks are still reachable in loss record 36 of 225
==745741==    at 0x497D858: malloc (vg_replace_malloc.c:447)
==745741==    by 0x4069457: emalloc_real (awk.h:2156)
==745741==    by 0x4069457: make_str_node (node.c:422)
==745741==    by 0x4054B87: update_PROCINFO_str.part.0 (field.c:1662)
==745741==    by 0x400E71D: load_procinfo (main.c:1021)
==745741==    by 0x400E71D: init_vars (main.c:878)
==745741==    by 0x400E71D: main (main.c:403)
==745741== 
==745741== 6 bytes in 1 blocks are still reachable in loss record 37 of 225
==745741==    at 0x497D858: malloc (vg_replace_malloc.c:447)
==745741==    by 0x4069457: emalloc_real (awk.h:2156)
==745741==    by 0x4069457: make_str_node (node.c:422)
==745741==    by 0x4054B87: update_PROCINFO_str.part.0 (field.c:1662)
==745741==    by 0x400E743: load_procinfo (main.c:1023)
==745741==    by 0x400E743: init_vars (main.c:878)
==745741==    by 0x400E743: main (main.c:403)
==745741== 
==745741== 6 bytes in 1 blocks are still reachable in loss record 38 of 225
==745741==    at 0x497D858: malloc (vg_replace_malloc.c:447)
==745741==    by 0x4069457: emalloc_real (awk.h:2156)
==745741==    by 0x4069457: make_str_node (node.c:422)
==745741==    by 0x407810A: load_symbols (symbol.c:681)
==745741==    by 0x400ED85: main (main.c:499)
==745741== 
==745741== 7 bytes in 1 blocks are still reachable in loss record 39 of 225
==745741==    at 0x497D858: malloc (vg_replace_malloc.c:447)
==745741==    by 0x4066564: emalloc_real (awk.h:2156)
==745741==    by 0x4066564: estrdup (main.c:1451)
==745741==    by 0x4077381: init_the_tables (symbol.c:78)
==745741==    by 0x400D60A: main (main.c:287)
==745741== 
==745741== 7 bytes in 1 blocks are still reachable in loss record 40 of 225
==745741==    at 0x497D858: malloc (vg_replace_malloc.c:447)
==745741==    by 0x4069457: emalloc_real (awk.h:2156)
==745741==    by 0x4069457: make_str_node (node.c:422)
==745741==    by 0x4077055: install (symbol.c:399)
==745741==    by 0x4077390: install_symbol (symbol.c:173)
==745741==    by 0x4077390: init_the_tables (symbol.c:78)
==745741==    by 0x400D60A: main (main.c:287)
==745741== 
==745741== 7 bytes in 1 blocks are still reachable in loss record 41 of 225
==745741==    at 0x497D858: malloc (vg_replace_malloc.c:447)
==745741==    by 0x4069457: emalloc_real (awk.h:2156)
==745741==    by 0x4069457: make_str_node (node.c:422)
==745741==    by 0x4058004: update_PROCINFO_num (field.c:1674)
==745741==    by 0x400E784: load_procinfo (main.c:1046)
==745741==    by 0x400E784: init_vars (main.c:878)
==745741==    by 0x400E784: main (main.c:403)
==745741== 
==745741== 7 bytes in 1 blocks are still reachable in loss record 42 of 225
==745741==    at 0x497D858: malloc (vg_replace_malloc.c:447)
==745741==    by 0x4069457: emalloc_real (awk.h:2156)
==745741==    by 0x4069457: make_str_node (node.c:422)
==745741==    by 0x40780DA: load_symbols (symbol.c:679)
==745741==    by 0x400ED85: main (main.c:499)
==745741== 
==745741== 8 bytes in 1 blocks are still reachable in loss record 43 of 225
==745741==    at 0x497D858: malloc (vg_replace_malloc.c:447)
==745741==    by 0x4066564: emalloc_real (awk.h:2156)
==745741==    by 0x4066564: estrdup (main.c:1451)
==745741==    by 0x407735A: init_the_tables (symbol.c:77)
==745741==    by 0x400D60A: main (main.c:287)
==745741== 
==745741== 8 bytes in 1 blocks are still reachable in loss record 44 of 225
==745741==    at 0x497D858: malloc (vg_replace_malloc.c:447)
==745741==    by 0x4069457: emalloc_real (awk.h:2156)
==745741==    by 0x4069457: make_str_node (node.c:422)
==745741==    by 0x4077055: install (symbol.c:399)
==745741==    by 0x4077369: install_symbol (symbol.c:173)
==745741==    by 0x4077369: init_the_tables (symbol.c:77)
==745741==    by 0x400D60A: main (main.c:287)
==745741== 
==745741== 8 bytes in 1 blocks are still reachable in loss record 45 of 225
==745741==    at 0x497D858: malloc (vg_replace_malloc.c:447)
==745741==    by 0x4069457: emalloc_real (awk.h:2156)
==745741==    by 0x4069457: make_str_node (node.c:422)
==745741==    by 0x4054B6F: update_PROCINFO_str.part.0 (field.c:1661)
==745741==    by 0x400E71D: load_procinfo (main.c:1021)
==745741==    by 0x400E71D: init_vars (main.c:878)
==745741==    by 0x400E71D: main (main.c:403)
==745741== 
==745741== 8 bytes in 1 blocks are still reachable in loss record 46 of 225
==745741==    at 0x497D858: malloc (vg_replace_malloc.c:447)
==745741==    by 0x4066564: emalloc_real (awk.h:2156)
==745741==    by 0x4066564: estrdup (main.c:1451)
==745741==    by 0x400E02B: load_environ (main.c:930)
==745741==    by 0x400E02B: init_vars (main.c:879)
==745741==    by 0x400E02B: main (main.c:403)
==745741== 
==745741== 8 bytes in 1 blocks are still reachable in loss record 47 of 225
==745741==    at 0x497D858: malloc (vg_replace_malloc.c:447)
==745741==    by 0x4069457: emalloc_real (awk.h:2156)
==745741==    by 0x4069457: make_str_node (node.c:422)
==745741==    by 0x4077055: install (symbol.c:399)
==745741==    by 0x400E038: load_environ (main.c:930)
==745741==    by 0x400E038: init_vars (main.c:879)
==745741==    by 0x400E038: main (main.c:403)
==745741== 
==745741== 8 bytes in 1 blocks are still reachable in loss record 48 of 225
==745741==    at 0x497D858: malloc (vg_replace_malloc.c:447)
==745741==    by 0x4055372: emalloc_real (awk.h:2156)
==745741==    by 0x4055372: init_fields (field.c:103)
==745741==    by 0x400E1A4: main (main.c:410)
==745741== 
==745741== 8 bytes in 1 blocks are still reachable in loss record 49 of 225
==745741==    at 0x497D858: malloc (vg_replace_malloc.c:447)
==745741==    by 0x4069457: emalloc_real (awk.h:2156)
==745741==    by 0x4069457: make_str_node (node.c:422)
==745741==    by 0x40780F2: load_symbols (symbol.c:680)
==745741==    by 0x400ED85: main (main.c:499)
==745741== 
==745741== 8 bytes in 1 blocks are still reachable in loss record 50 of 225
==745741==    at 0x497D858: malloc (vg_replace_malloc.c:447)
==745741==    by 0x4069457: emalloc_real (awk.h:2156)
==745741==    by 0x4069457: make_str_node (node.c:422)
==745741==    by 0x4078122: load_symbols (symbol.c:682)
==745741==    by 0x400ED85: main (main.c:499)
==745741== 
==745741== 9 bytes in 1 blocks are still reachable in loss record 51 of 225
==745741==    at 0x497D858: malloc (vg_replace_malloc.c:447)
==745741==    by 0x4066564: emalloc_real (awk.h:2156)
==745741==    by 0x4066564: estrdup (main.c:1451)
==745741==    by 0x400E6F6: load_procinfo (main.c:1019)
==745741==    by 0x400E6F6: init_vars (main.c:878)
==745741==    by 0x400E6F6: main (main.c:403)
==745741== 
==745741== 9 bytes in 1 blocks are still reachable in loss record 52 of 225
==745741==    at 0x497D858: malloc (vg_replace_malloc.c:447)
==745741==    by 0x4069457: emalloc_real (awk.h:2156)
==745741==    by 0x4069457: make_str_node (node.c:422)
==745741==    by 0x4077055: install (symbol.c:399)
==745741==    by 0x400E703: load_procinfo (main.c:1019)
==745741==    by 0x400E703: init_vars (main.c:878)
==745741==    by 0x400E703: main (main.c:403)
==745741== 
==745741== 9 bytes in 1 blocks are still reachable in loss record 53 of 225
==745741==    at 0x497D858: malloc (vg_replace_malloc.c:447)
==745741==    by 0x4069457: emalloc_real (awk.h:2156)
==745741==    by 0x4069457: make_str_node (node.c:422)
==745741==    by 0x4054B6F: update_PROCINFO_str.part.0 (field.c:1661)
==745741==    by 0x400E730: load_procinfo (main.c:1022)
==745741==    by 0x400E730: init_vars (main.c:878)
==745741==    by 0x400E730: main (main.c:403)
==745741== 
==745741== 9 bytes in 1 blocks are still reachable in loss record 54 of 225
==745741==    at 0x497D858: malloc (vg_replace_malloc.c:447)
==745741==    by 0x4069457: emalloc_real (awk.h:2156)
==745741==    by 0x4069457: make_str_node (node.c:422)
==745741==    by 0x4054B6F: update_PROCINFO_str.part.0 (field.c:1661)
==745741==    by 0x400E743: load_procinfo (main.c:1023)
==745741==    by 0x400E743: init_vars (main.c:878)
==745741==    by 0x400E743: main (main.c:403)
==745741== 
==745741== 10 bytes in 1 blocks are still reachable in loss record 55 of 225
==745741==    at 0x497D858: malloc (vg_replace_malloc.c:447)
==745741==    by 0x4066564: emalloc_real (awk.h:2156)
==745741==    by 0x4066564: estrdup (main.c:1451)
==745741==    by 0x4014A21: do_add_srcfile (awkgram.y:2834)
==745741==    by 0x4018A70: add_srcfile (awkgram.y:2916)
==745741==    by 0x400D7E5: parse_args (main.c:1585)
==745741==    by 0x400D7E5: main (main.c:294)
==745741== 
==745741== 10 bytes in 1 blocks are still reachable in loss record 56 of 225
==745741==    at 0x497D858: malloc (vg_replace_malloc.c:447)
==745741==    by 0x4069457: emalloc_real (awk.h:2156)
==745741==    by 0x4069457: make_str_node (node.c:422)
==745741==    by 0x4058004: update_PROCINFO_num (field.c:1674)
==745741==    by 0x400E757: load_procinfo (main.c:1035)
==745741==    by 0x400E757: init_vars (main.c:878)
==745741==    by 0x400E757: main (main.c:403)
==745741== 
==745741== 10 bytes in 1 blocks are still reachable in loss record 57 of 225
==745741==    at 0x497D858: malloc (vg_replace_malloc.c:447)
==745741==    by 0x4069457: emalloc_real (awk.h:2156)
==745741==    by 0x4069457: make_str_node (node.c:422)
==745741==    by 0x4058004: update_PROCINFO_num (field.c:1674)
==745741==    by 0x400E76B: load_procinfo (main.c:1036)
==745741==    by 0x400E76B: init_vars (main.c:878)
==745741==    by 0x400E76B: main (main.c:403)
==745741== 
==745741== 10 bytes in 1 blocks are still reachable in loss record 58 of 225
==745741==    at 0x497D858: malloc (vg_replace_malloc.c:447)
==745741==    by 0x4069457: emalloc_real (awk.h:2156)
==745741==    by 0x4069457: make_str_node (node.c:422)
==745741==    by 0x4054B87: update_PROCINFO_str.part.0 (field.c:1662)
==745741==    by 0x400E8D2: load_procinfo (main.c:1087)
==745741==    by 0x400E8D2: init_vars (main.c:878)
==745741==    by 0x400E8D2: main (main.c:403)
==745741== 
==745741== 10 bytes in 1 blocks are still reachable in loss record 59 of 225
==745741==    at 0x497D858: malloc (vg_replace_malloc.c:447)
==745741==    by 0x4069457: emalloc_real (awk.h:2156)
==745741==    by 0x4069457: make_str_node (node.c:422)
==745741==    by 0x4052611: r_interpret (interpret.h:1052)
==745741==    by 0x400EDDE: main (main.c:532)
==745741== 
==745741== 11 bytes in 2 blocks are still reachable in loss record 60 of 225
==745741==    at 0x497D858: malloc (vg_replace_malloc.c:447)
==745741==    by 0x4066564: emalloc_real (awk.h:2156)
==745741==    by 0x4066564: estrdup (main.c:1451)
==745741==    by 0x401A0B8: yylex (awkgram.y:4495)
==745741==    by 0x401C83C: yyparse (awkgram.c:1879)
==745741==    by 0x402073A: parse_program (awkgram.y:2797)
==745741==    by 0x400EAD8: main (main.c:483)
==745741== 
==745741== 11 bytes in 2 blocks are still reachable in loss record 61 of 225
==745741==    at 0x497D858: malloc (vg_replace_malloc.c:447)
==745741==    by 0x4069457: emalloc_real (awk.h:2156)
==745741==    by 0x4069457: make_str_node (node.c:422)
==745741==    by 0x4077055: install (symbol.c:399)
==745741==    by 0x401CA63: yyparse (awkgram.y:2148)
==745741==    by 0x402073A: parse_program (awkgram.y:2797)
==745741==    by 0x400EAD8: main (main.c:483)
==745741== 
==745741== 12 bytes in 1 blocks are still reachable in loss record 62 of 225
==745741==    at 0x497D858: malloc (vg_replace_malloc.c:447)
==745741==    by 0x4069457: emalloc_real (awk.h:2156)
==745741==    by 0x4069457: make_str_node (node.c:422)
==745741==    by 0x4077FD7: load_symbols (symbol.c:663)
==745741==    by 0x400ED85: main (main.c:499)
==745741== 
==745741== 12 bytes in 1 blocks are still reachable in loss record 63 of 225
==745741==    at 0x497D858: malloc (vg_replace_malloc.c:447)
==745741==    by 0x4066564: emalloc_real (awk.h:2156)
==745741==    by 0x4066564: estrdup (main.c:1451)
==745741==    by 0x4078093: load_symbols (symbol.c:675)
==745741==    by 0x400ED85: main (main.c:499)
==745741== 
==745741== 14 bytes in 3 blocks are still reachable in loss record 64 of 225
==745741==    at 0x497D858: malloc (vg_replace_malloc.c:447)
==745741==    by 0x40686AD: emalloc_real (awk.h:2156)
==745741==    by 0x40686AD: r_format_val.part.0 (node.c:299)
==745741==    by 0x406BAA1: force_string_fmt (awk.h:2058)
==745741==    by 0x406BAA1: format_args (printf.c:580)
==745741==    by 0x406E4D4: printf_common (printf.c:781)
==745741==    by 0x406EA67: do_printf (printf.c:857)
==745741==    by 0x404FC1B: r_interpret (interpret.h:1170)
==745741==    by 0x400EDDE: main (main.c:532)
==745741== 
==745741== 18 bytes in 3 blocks are still reachable in loss record 65 of 225
==745741==    at 0x497D858: malloc (vg_replace_malloc.c:447)
==745741==    by 0x4066564: emalloc_real (awk.h:2156)
==745741==    by 0x4066564: estrdup (main.c:1451)
==745741==    by 0x400D69D: save_argv (main.c:1498)
==745741==    by 0x400D69D: parse_args (main.c:1554)
==745741==    by 0x400D69D: main (main.c:294)
==745741== 
==745741== 18 bytes in 3 blocks are still reachable in loss record 66 of 225
==745741==    at 0x497D858: malloc (vg_replace_malloc.c:447)
==745741==    by 0x4069457: emalloc_real (awk.h:2156)
==745741==    by 0x4069457: make_str_node (node.c:422)
==745741==    by 0x400E9C6: load_procinfo_argv (main.c:991)
==745741==    by 0x400E9C6: load_procinfo (main.c:1093)
==745741==    by 0x400E9C6: init_vars (main.c:878)
==745741==    by 0x400E9C6: main (main.c:403)
==745741== 
==745741== 24 bytes in 1 blocks are still reachable in loss record 67 of 225
==745741==    at 0x4984E43: calloc (vg_replace_malloc.c:1678)
==745741==    by 0x405E8B2: ezalloc_real (awk.h:2174)
==745741==    by 0x405E8B2: init_awkpath (io.c:2996)
==745741==    by 0x405E8B2: do_find_source (io.c:3068)
==745741==    by 0x4065061: find_source (io.c:3098)
==745741==    by 0x40189F8: add_srcfile (awkgram.y:2864)
==745741==    by 0x400D7E5: parse_args (main.c:1585)
==745741==    by 0x400D7E5: main (main.c:294)
==745741== 
==745741== 24 bytes in 1 blocks are still reachable in loss record 68 of 225
==745741==    at 0x497D858: malloc (vg_replace_malloc.c:447)
==745741==    by 0x4069457: emalloc_real (awk.h:2156)
==745741==    by 0x4069457: make_str_node (node.c:422)
==745741==    by 0x4054B87: update_PROCINFO_str.part.0 (field.c:1662)
==745741==    by 0x400E730: load_procinfo (main.c:1022)
==745741==    by 0x400E730: init_vars (main.c:878)
==745741==    by 0x400E730: main (main.c:403)
==745741== 
==745741== 26 bytes in 1 blocks are still reachable in loss record 69 of 225
==745741==    at 0x497D858: malloc (vg_replace_malloc.c:447)
==745741==    by 0x405E9A7: emalloc_real (awk.h:2156)
==745741==    by 0x405E9A7: init_awkpath (io.c:3026)
==745741==    by 0x405E9A7: do_find_source (io.c:3068)
==745741==    by 0x4065061: find_source (io.c:3098)
==745741==    by 0x40189F8: add_srcfile (awkgram.y:2864)
==745741==    by 0x400D7E5: parse_args (main.c:1585)
==745741==    by 0x400D7E5: main (main.c:294)
==745741== 
==745741== 27 bytes in 13 blocks are still reachable in loss record 70 of 225
==745741==    at 0x497D858: malloc (vg_replace_malloc.c:447)
==745741==    by 0x4066564: emalloc_real (awk.h:2156)
==745741==    by 0x4066564: estrdup (main.c:1451)
==745741==    by 0x401B5EC: yylex (awkgram.y:4493)
==745741==    by 0x401C83C: yyparse (awkgram.c:1879)
==745741==    by 0x402073A: parse_program (awkgram.y:2797)
==745741==    by 0x400EAD8: main (main.c:483)
==745741== 
==745741== 30 bytes in 4 blocks are still reachable in loss record 71 of 225
==745741==    at 0x497D858: malloc (vg_replace_malloc.c:447)
==745741==    by 0x4066564: emalloc_real (awk.h:2156)
==745741==    by 0x4066564: estrdup (main.c:1451)
==745741==    by 0x401D86A: yyparse (awkgram.y:502)
==745741==    by 0x402073A: parse_program (awkgram.y:2797)
==745741==    by 0x400EAD8: main (main.c:483)
==745741== 
==745741== 30 bytes in 4 blocks are still reachable in loss record 72 of 225
==745741==    at 0x497D858: malloc (vg_replace_malloc.c:447)
==745741==    by 0x4069457: emalloc_real (awk.h:2156)
==745741==    by 0x4069457: make_str_node (node.c:422)
==745741==    by 0x4077055: install (symbol.c:399)
==745741==    by 0x401E274: install_function (awkgram.y:5083)
==745741==    by 0x401E274: yyparse (awkgram.y:546)
==745741==    by 0x402073A: parse_program (awkgram.y:2797)
==745741==    by 0x400EAD8: main (main.c:483)
==745741== 
==745741== 32 bytes in 1 blocks are still reachable in loss record 73 of 225
==745741==    at 0x497D858: malloc (vg_replace_malloc.c:447)
==745741==    by 0x4066202: emalloc_real.constprop.0 (awk.h:2156)
==745741==    by 0x400D66C: save_argv (main.c:1496)
==745741==    by 0x400D66C: parse_args (main.c:1554)
==745741==    by 0x400D66C: main (main.c:294)
==745741== 
==745741== 32 bytes in 1 blocks are still reachable in loss record 74 of 225
==745741==    at 0x497D858: malloc (vg_replace_malloc.c:447)
==745741==    by 0x4045E57: emalloc_real (awk.h:2156)
==745741==    by 0x4045E57: fmt_index (eval.c:913)
==745741==    by 0x4046F46: set_CONVFMT (eval.c:956)
==745741==    by 0x400D9A3: init_vars (main.c:873)
==745741==    by 0x400D9A3: main (main.c:403)
==745741== 
==745741== 35 bytes in 1 blocks are still reachable in loss record 75 of 225
==745741==    at 0x497D858: malloc (vg_replace_malloc.c:447)
==745741==    by 0x405E673: emalloc_real (awk.h:2156)
==745741==    by 0x405E673: do_find_source (io.c:3070)
==745741==    by 0x4065061: find_source (io.c:3098)
==745741==    by 0x40189F8: add_srcfile (awkgram.y:2864)
==745741==    by 0x400D7E5: parse_args (main.c:1585)
==745741==    by 0x400D7E5: main (main.c:294)
==745741== 
==745741== 48 bytes in 1 blocks are still reachable in loss record 76 of 225
==745741==    at 0x497D858: malloc (vg_replace_malloc.c:447)
==745741==    by 0x4068FEB: emalloc_real (awk.h:2156)
==745741==    by 0x4068FEB: r_getblock (node.c:1164)
==745741==    by 0x40768D9: str_lookup (str_array.c:214)
==745741==    by 0x407708C: assoc_set (awk.h:2220)
==745741==    by 0x407708C: install (symbol.c:430)
==745741==    by 0x4077369: install_symbol (symbol.c:173)
==745741==    by 0x4077369: init_the_tables (symbol.c:77)
==745741==    by 0x400D60A: main (main.c:287)
==745741== 
==745741== 48 bytes in 1 blocks are still reachable in loss record 77 of 225
==745741==    at 0x497D858: malloc (vg_replace_malloc.c:447)
==745741==    by 0x4068FEB: emalloc_real (awk.h:2156)
==745741==    by 0x4068FEB: r_getblock (node.c:1164)
==745741==    by 0x40768D9: str_lookup (str_array.c:214)
==745741==    by 0x407708C: assoc_set (awk.h:2220)
==745741==    by 0x407708C: install (symbol.c:430)
==745741==    by 0x4077390: install_symbol (symbol.c:173)
==745741==    by 0x4077390: init_the_tables (symbol.c:78)
==745741==    by 0x400D60A: main (main.c:287)
==745741== 
==745741== 48 bytes in 1 blocks are still reachable in loss record 78 of 225
==745741==    at 0x497D858: malloc (vg_replace_malloc.c:447)
==745741==    by 0x4068FEB: emalloc_real (awk.h:2156)
==745741==    by 0x4068FEB: r_getblock (node.c:1164)
==745741==    by 0x40768D9: str_lookup (str_array.c:214)
==745741==    by 0x407708C: assoc_set (awk.h:2220)
==745741==    by 0x407708C: install (symbol.c:430)
==745741==    by 0x400E703: load_procinfo (main.c:1019)
==745741==    by 0x400E703: init_vars (main.c:878)
==745741==    by 0x400E703: main (main.c:403)
==745741== 
==745741== 48 bytes in 1 blocks are still reachable in loss record 79 of 225
==745741==    at 0x497D858: malloc (vg_replace_malloc.c:447)
==745741==    by 0x4068FEB: emalloc_real (awk.h:2156)
==745741==    by 0x4068FEB: r_getblock (node.c:1164)
==745741==    by 0x40768D9: str_lookup (str_array.c:214)
==745741==    by 0x4054B9E: assoc_set (awk.h:2220)
==745741==    by 0x4054B9E: update_PROCINFO_str.part.0 (field.c:1662)
==745741==    by 0x400E71D: load_procinfo (main.c:1021)
==745741==    by 0x400E71D: init_vars (main.c:878)
==745741==    by 0x400E71D: main (main.c:403)
==745741== 
==745741== 48 bytes in 1 blocks are still reachable in loss record 80 of 225
==745741==    at 0x497D858: malloc (vg_replace_malloc.c:447)
==745741==    by 0x4068FEB: emalloc_real (awk.h:2156)
==745741==    by 0x4068FEB: r_getblock (node.c:1164)
==745741==    by 0x40768D9: str_lookup (str_array.c:214)
==745741==    by 0x4054B9E: assoc_set (awk.h:2220)
==745741==    by 0x4054B9E: update_PROCINFO_str.part.0 (field.c:1662)
==745741==    by 0x400E730: load_procinfo (main.c:1022)
==745741==    by 0x400E730: init_vars (main.c:878)
==745741==    by 0x400E730: main (main.c:403)
==745741== 
==745741== 48 bytes in 1 blocks are still reachable in loss record 81 of 225
==745741==    at 0x497D858: malloc (vg_replace_malloc.c:447)
==745741==    by 0x4068FEB: emalloc_real (awk.h:2156)
==745741==    by 0x4068FEB: r_getblock (node.c:1164)
==745741==    by 0x40768D9: str_lookup (str_array.c:214)
==745741==    by 0x4054B9E: assoc_set (awk.h:2220)
==745741==    by 0x4054B9E: update_PROCINFO_str.part.0 (field.c:1662)
==745741==    by 0x400E743: load_procinfo (main.c:1023)
==745741==    by 0x400E743: init_vars (main.c:878)
==745741==    by 0x400E743: main (main.c:403)
==745741== 
==745741== 48 bytes in 1 blocks are still reachable in loss record 82 of 225
==745741==    at 0x497D858: malloc (vg_replace_malloc.c:447)
==745741==    by 0x4068FEB: emalloc_real (awk.h:2156)
==745741==    by 0x4068FEB: r_getblock (node.c:1164)
==745741==    by 0x40768D9: str_lookup (str_array.c:214)
==745741==    by 0x405802A: assoc_set (awk.h:2220)
==745741==    by 0x405802A: update_PROCINFO_num (field.c:1675)
==745741==    by 0x400E757: load_procinfo (main.c:1035)
==745741==    by 0x400E757: init_vars (main.c:878)
==745741==    by 0x400E757: main (main.c:403)
==745741== 
==745741== 48 bytes in 1 blocks are still reachable in loss record 83 of 225
==745741==    at 0x497D858: malloc (vg_replace_malloc.c:447)
==745741==    by 0x4068FEB: emalloc_real (awk.h:2156)
==745741==    by 0x4068FEB: r_getblock (node.c:1164)
==745741==    by 0x40768D9: str_lookup (str_array.c:214)
==745741==    by 0x405802A: assoc_set (awk.h:2220)
==745741==    by 0x405802A: update_PROCINFO_num (field.c:1675)
==745741==    by 0x400E76B: load_procinfo (main.c:1036)
==745741==    by 0x400E76B: init_vars (main.c:878)
==745741==    by 0x400E76B: main (main.c:403)
==745741== 
==745741== 48 bytes in 1 blocks are still reachable in loss record 84 of 225
==745741==    at 0x497D858: malloc (vg_replace_malloc.c:447)
==745741==    by 0x4068FEB: emalloc_real (awk.h:2156)
==745741==    by 0x4068FEB: r_getblock (node.c:1164)
==745741==    by 0x40768D9: str_lookup (str_array.c:214)
==745741==    by 0x405802A: assoc_set (awk.h:2220)
==745741==    by 0x405802A: update_PROCINFO_num (field.c:1675)
==745741==    by 0x400E784: load_procinfo (main.c:1046)
==745741==    by 0x400E784: init_vars (main.c:878)
==745741==    by 0x400E784: main (main.c:403)
==745741== 
==745741== 48 bytes in 1 blocks are still reachable in loss record 85 of 225
==745741==    at 0x497D858: malloc (vg_replace_malloc.c:447)
==745741==    by 0x4068FEB: emalloc_real (awk.h:2156)
==745741==    by 0x4068FEB: r_getblock (node.c:1164)
==745741==    by 0x40768D9: str_lookup (str_array.c:214)
==745741==    by 0x405802A: assoc_set (awk.h:2220)
==745741==    by 0x405802A: update_PROCINFO_num (field.c:1675)
==745741==    by 0x400E79D: load_procinfo (main.c:1055)
==745741==    by 0x400E79D: init_vars (main.c:878)
==745741==    by 0x400E79D: main (main.c:403)
==745741== 
==745741== 48 bytes in 1 blocks are still reachable in loss record 86 of 225
==745741==    at 0x497D858: malloc (vg_replace_malloc.c:447)
==745741==    by 0x4068FEB: emalloc_real (awk.h:2156)
==745741==    by 0x4068FEB: r_getblock (node.c:1164)
==745741==    by 0x40768D9: str_lookup (str_array.c:214)
==745741==    by 0x405802A: assoc_set (awk.h:2220)
==745741==    by 0x405802A: update_PROCINFO_num (field.c:1675)
==745741==    by 0x400E7B6: load_procinfo (main.c:1058)
==745741==    by 0x400E7B6: init_vars (main.c:878)
==745741==    by 0x400E7B6: main (main.c:403)
==745741== 
==745741== 48 bytes in 1 blocks are still reachable in loss record 87 of 225
==745741==    at 0x497D858: malloc (vg_replace_malloc.c:447)
==745741==    by 0x4068FEB: emalloc_real (awk.h:2156)
==745741==    by 0x4068FEB: r_getblock (node.c:1164)
==745741==    by 0x40768D9: str_lookup (str_array.c:214)
==745741==    by 0x405802A: assoc_set (awk.h:2220)
==745741==    by 0x405802A: update_PROCINFO_num (field.c:1675)
==745741==    by 0x400E7D2: load_procinfo (main.c:1061)
==745741==    by 0x400E7D2: init_vars (main.c:878)
==745741==    by 0x400E7D2: main (main.c:403)
==745741== 
==745741== 48 bytes in 1 blocks are still reachable in loss record 88 of 225
==745741==    at 0x497D858: malloc (vg_replace_malloc.c:447)
==745741==    by 0x4068FEB: emalloc_real (awk.h:2156)
==745741==    by 0x4068FEB: r_getblock (node.c:1164)
==745741==    by 0x40768D9: str_lookup (str_array.c:214)
==745741==    by 0x405802A: assoc_set (awk.h:2220)
==745741==    by 0x405802A: update_PROCINFO_num (field.c:1675)
==745741==    by 0x400E7EE: load_procinfo (main.c:1064)
==745741==    by 0x400E7EE: init_vars (main.c:878)
==745741==    by 0x400E7EE: main (main.c:403)
==745741== 
==745741== 48 bytes in 1 blocks are still reachable in loss record 89 of 225
==745741==    at 0x497D858: malloc (vg_replace_malloc.c:447)
==745741==    by 0x4068FEB: emalloc_real (awk.h:2156)
==745741==    by 0x4068FEB: r_getblock (node.c:1164)
==745741==    by 0x40768D9: str_lookup (str_array.c:214)
==745741==    by 0x405802A: assoc_set (awk.h:2220)
==745741==    by 0x405802A: update_PROCINFO_num (field.c:1675)
==745741==    by 0x400E80A: load_procinfo (main.c:1067)
==745741==    by 0x400E80A: init_vars (main.c:878)
==745741==    by 0x400E80A: main (main.c:403)
==745741== 
==745741== 48 bytes in 1 blocks are still reachable in loss record 90 of 225
==745741==    at 0x497D858: malloc (vg_replace_malloc.c:447)
==745741==    by 0x4068FEB: emalloc_real (awk.h:2156)
==745741==    by 0x4068FEB: r_getblock (node.c:1164)
==745741==    by 0x40768D9: str_lookup (str_array.c:214)
==745741==    by 0x405802A: assoc_set (awk.h:2220)
==745741==    by 0x405802A: update_PROCINFO_num (field.c:1675)
==745741==    by 0x400E826: load_procinfo (main.c:1070)
==745741==    by 0x400E826: init_vars (main.c:878)
==745741==    by 0x400E826: main (main.c:403)
==745741== 
==745741== 48 bytes in 1 blocks are still reachable in loss record 91 of 225
==745741==    at 0x497D858: malloc (vg_replace_malloc.c:447)
==745741==    by 0x4068FEB: emalloc_real (awk.h:2156)
==745741==    by 0x4068FEB: r_getblock (node.c:1164)
==745741==    by 0x40768D9: str_lookup (str_array.c:214)
==745741==    by 0x4054B9E: assoc_set (awk.h:2220)
==745741==    by 0x4054B9E: update_PROCINFO_str.part.0 (field.c:1662)
==745741==    by 0x400E83A: load_procinfo (main.c:1072)
==745741==    by 0x400E83A: init_vars (main.c:878)
==745741==    by 0x400E83A: main (main.c:403)
==745741== 
==745741== 48 bytes in 1 blocks are still reachable in loss record 92 of 225
==745741==    at 0x497D858: malloc (vg_replace_malloc.c:447)
==745741==    by 0x4068FEB: emalloc_real (awk.h:2156)
==745741==    by 0x4068FEB: r_getblock (node.c:1164)
==745741==    by 0x40768D9: str_lookup (str_array.c:214)
==745741==    by 0x4054B9E: assoc_set (awk.h:2220)
==745741==    by 0x4054B9E: update_PROCINFO_str.part.0 (field.c:1662)
==745741==    by 0x400E8D2: load_procinfo (main.c:1087)
==745741==    by 0x400E8D2: init_vars (main.c:878)
==745741==    by 0x400E8D2: main (main.c:403)
==745741== 
==745741== 48 bytes in 1 blocks are still reachable in loss record 93 of 225
==745741==    at 0x497D858: malloc (vg_replace_malloc.c:447)
==745741==    by 0x4068FEB: emalloc_real (awk.h:2156)
==745741==    by 0x4068FEB: r_getblock (node.c:1164)
==745741==    by 0x40768D9: str_lookup (str_array.c:214)
==745741==    by 0x40662E6: assoc_set (awk.h:2220)
==745741==    by 0x400EC2D: load_procinfo_argv (main.c:997)
==745741==    by 0x400EC2D: load_procinfo (main.c:1093)
==745741==    by 0x400EC2D: init_vars (main.c:878)
==745741==    by 0x400EC2D: main (main.c:403)
==745741== 
==745741== 48 bytes in 1 blocks are still reachable in loss record 94 of 225
==745741==    at 0x497D858: malloc (vg_replace_malloc.c:447)
==745741==    by 0x4068FEB: emalloc_real (awk.h:2156)
==745741==    by 0x4068FEB: r_getblock (node.c:1164)
==745741==    by 0x40768D9: str_lookup (str_array.c:214)
==745741==    by 0x407708C: assoc_set (awk.h:2220)
==745741==    by 0x407708C: install (symbol.c:430)
==745741==    by 0x400E038: load_environ (main.c:930)
==745741==    by 0x400E038: init_vars (main.c:879)
==745741==    by 0x400E038: main (main.c:403)
==745741== 
==745741== 48 bytes in 1 blocks are still reachable in loss record 95 of 225
==745741==    at 0x497D858: malloc (vg_replace_malloc.c:447)
==745741==    by 0x4068FEB: emalloc_real (awk.h:2156)
==745741==    by 0x4068FEB: r_getblock (node.c:1164)
==745741==    by 0x40768D9: str_lookup (str_array.c:214)
==745741==    by 0x407708C: assoc_set (awk.h:2220)
==745741==    by 0x407708C: install (symbol.c:430)
==745741==    by 0x400E414: init_args (main.c:764)
==745741==    by 0x400E414: main (main.c:470)
==745741== 
==745741== 48 bytes in 1 blocks are still reachable in loss record 96 of 225
==745741==    at 0x497D858: malloc (vg_replace_malloc.c:447)
==745741==    by 0x4068FEB: emalloc_real (awk.h:2156)
==745741==    by 0x4068FEB: r_getblock (node.c:1164)
==745741==    by 0x40768D9: str_lookup (str_array.c:214)
==745741==    by 0x407708C: assoc_set (awk.h:2220)
==745741==    by 0x407708C: install (symbol.c:430)
==745741==    by 0x400EA90: init_args (main.c:791)
==745741==    by 0x400EA90: main (main.c:470)
==745741== 
==745741== 48 bytes in 1 blocks are still reachable in loss record 97 of 225
==745741==    at 0x497D858: malloc (vg_replace_malloc.c:447)
==745741==    by 0x4020D1E: emalloc_real (awk.h:2156)
==745741==    by 0x4020D1E: parse_program (awkgram.y:2810)
==745741==    by 0x400EAD8: main (main.c:483)
==745741== 
==745741== 48 bytes in 1 blocks are still reachable in loss record 98 of 225
==745741==    at 0x497D858: malloc (vg_replace_malloc.c:447)
==745741==    by 0x4068FEB: emalloc_real (awk.h:2156)
==745741==    by 0x4068FEB: r_getblock (node.c:1164)
==745741==    by 0x40768D9: str_lookup (str_array.c:214)
==745741==    by 0x4077FEA: load_symbols (symbol.c:664)
==745741==    by 0x400ED85: main (main.c:499)
==745741== 
==745741== 48 bytes in 1 blocks are still reachable in loss record 99 of 225
==745741==    at 0x497D858: malloc (vg_replace_malloc.c:447)
==745741==    by 0x4068FEB: emalloc_real (awk.h:2156)
==745741==    by 0x4068FEB: r_getblock (node.c:1164)
==745741==    by 0x40768D9: str_lookup (str_array.c:214)
==745741==    by 0x404EEEF: r_interpret (interpret.h:427)
==745741==    by 0x400EDDE: main (main.c:532)
==745741== 
==745741== 49 bytes in 14 blocks are still reachable in loss record 100 of 225
==745741==    at 0x497D858: malloc (vg_replace_malloc.c:447)
==745741==    by 0x4069457: emalloc_real (awk.h:2156)
==745741==    by 0x4069457: make_str_node (node.c:422)
==745741==    by 0x400D984: init_vars (main.c:867)
==745741==    by 0x400D984: main (main.c:403)
==745741== 
==745741== 88 bytes in 1 blocks are still reachable in loss record 101 of 225
==745741==    at 0x497D858: malloc (vg_replace_malloc.c:447)
==745741==    by 0x4068FEB: emalloc_real (awk.h:2156)
==745741==    by 0x4068FEB: r_getblock (node.c:1164)
==745741==    by 0x40693C1: make_str_node (node.c:406)
==745741==    by 0x400D5C7: main (main.c:278)
==745741== 
==745741== 88 bytes in 1 blocks are still reachable in loss record 102 of 225
==745741==    at 0x497D858: malloc (vg_replace_malloc.c:447)
==745741==    by 0x4068FEB: emalloc_real (awk.h:2156)
==745741==    by 0x4068FEB: r_getblock (node.c:1164)
==745741==    by 0x40772C7: init_the_tables (symbol.c:68)
==745741==    by 0x400D60A: main (main.c:287)
==745741== 
==745741== 88 bytes in 1 blocks are still reachable in loss record 103 of 225
==745741==    at 0x497D858: malloc (vg_replace_malloc.c:447)
==745741==    by 0x4068FEB: emalloc_real (awk.h:2156)
==745741==    by 0x4068FEB: r_getblock (node.c:1164)
==745741==    by 0x4077308: init_the_tables (symbol.c:72)
==745741==    by 0x400D60A: main (main.c:287)
==745741== 
==745741== 88 bytes in 1 blocks are still reachable in loss record 104 of 225
==745741==    at 0x497D858: malloc (vg_replace_malloc.c:447)
==745741==    by 0x4068FEB: emalloc_real (awk.h:2156)
==745741==    by 0x4068FEB: r_getblock (node.c:1164)
==745741==    by 0x40693C1: make_str_node (node.c:406)
==745741==    by 0x4077055: install (symbol.c:399)
==745741==    by 0x4077369: install_symbol (symbol.c:173)
==745741==    by 0x4077369: init_the_tables (symbol.c:77)
==745741==    by 0x400D60A: main (main.c:287)
==745741== 
==745741== 88 bytes in 1 blocks are still reachable in loss record 105 of 225
==745741==    at 0x497D858: malloc (vg_replace_malloc.c:447)
==745741==    by 0x4068FEB: emalloc_real (awk.h:2156)
==745741==    by 0x4068FEB: r_getblock (node.c:1164)
==745741==    by 0x4077133: make_symbol (symbol.c:376)
==745741==    by 0x4077133: install (symbol.c:417)
==745741==    by 0x4077369: install_symbol (symbol.c:173)
==745741==    by 0x4077369: init_the_tables (symbol.c:77)
==745741==    by 0x400D60A: main (main.c:287)
==745741== 
==745741== 88 bytes in 1 blocks are still reachable in loss record 106 of 225
==745741==    at 0x497D858: malloc (vg_replace_malloc.c:447)
==745741==    by 0x4068FEB: emalloc_real (awk.h:2156)
==745741==    by 0x4068FEB: r_getblock (node.c:1164)
==745741==    by 0x40693C1: make_str_node (node.c:406)
==745741==    by 0x4077055: install (symbol.c:399)
==745741==    by 0x4077390: install_symbol (symbol.c:173)
==745741==    by 0x4077390: init_the_tables (symbol.c:78)
==745741==    by 0x400D60A: main (main.c:287)
==745741== 
==745741== 88 bytes in 1 blocks are still reachable in loss record 107 of 225
==745741==    at 0x497D858: malloc (vg_replace_malloc.c:447)
==745741==    by 0x4068FEB: emalloc_real (awk.h:2156)
==745741==    by 0x4068FEB: r_getblock (node.c:1164)
==745741==    by 0x4077133: make_symbol (symbol.c:376)
==745741==    by 0x4077133: install (symbol.c:417)
==745741==    by 0x4077390: install_symbol (symbol.c:173)
==745741==    by 0x4077390: init_the_tables (symbol.c:78)
==745741==    by 0x400D60A: main (main.c:287)
==745741== 
==745741== 88 bytes in 1 blocks are still reachable in loss record 108 of 225
==745741==    at 0x497D858: malloc (vg_replace_malloc.c:447)
==745741==    by 0x4068FEB: emalloc_real (awk.h:2156)
==745741==    by 0x4068FEB: r_getblock (node.c:1164)
==745741==    by 0x40693C1: make_str_node (node.c:406)
==745741==    by 0x4077055: install (symbol.c:399)
==745741==    by 0x400E703: load_procinfo (main.c:1019)
==745741==    by 0x400E703: init_vars (main.c:878)
==745741==    by 0x400E703: main (main.c:403)
==745741== 
==745741== 88 bytes in 1 blocks are still reachable in loss record 109 of 225
==745741==    at 0x497D858: malloc (vg_replace_malloc.c:447)
==745741==    by 0x4068FEB: emalloc_real (awk.h:2156)
==745741==    by 0x4068FEB: r_getblock (node.c:1164)
==745741==    by 0x4077133: make_symbol (symbol.c:376)
==745741==    by 0x4077133: install (symbol.c:417)
==745741==    by 0x400E703: load_procinfo (main.c:1019)
==745741==    by 0x400E703: init_vars (main.c:878)
==745741==    by 0x400E703: main (main.c:403)
==745741== 
==745741== 88 bytes in 1 blocks are still reachable in loss record 110 of 225
==745741==    at 0x497D858: malloc (vg_replace_malloc.c:447)
==745741==    by 0x4068FEB: emalloc_real (awk.h:2156)
==745741==    by 0x4068FEB: r_getblock (node.c:1164)
==745741==    by 0x40693C1: make_str_node (node.c:406)
==745741==    by 0x4054B6F: update_PROCINFO_str.part.0 (field.c:1661)
==745741==    by 0x400E71D: load_procinfo (main.c:1021)
==745741==    by 0x400E71D: init_vars (main.c:878)
==745741==    by 0x400E71D: main (main.c:403)
==745741== 
==745741== 88 bytes in 1 blocks are still reachable in loss record 111 of 225
==745741==    at 0x497D858: malloc (vg_replace_malloc.c:447)
==745741==    by 0x4068FEB: emalloc_real (awk.h:2156)
==745741==    by 0x4068FEB: r_getblock (node.c:1164)
==745741==    by 0x40693C1: make_str_node (node.c:406)
==745741==    by 0x4054B87: update_PROCINFO_str.part.0 (field.c:1662)
==745741==    by 0x400E71D: load_procinfo (main.c:1021)
==745741==    by 0x400E71D: init_vars (main.c:878)
==745741==    by 0x400E71D: main (main.c:403)
==745741== 
==745741== 88 bytes in 1 blocks are still reachable in loss record 112 of 225
==745741==    at 0x497D858: malloc (vg_replace_malloc.c:447)
==745741==    by 0x4068FEB: emalloc_real (awk.h:2156)
==745741==    by 0x4068FEB: r_getblock (node.c:1164)
==745741==    by 0x40693C1: make_str_node (node.c:406)
==745741==    by 0x4054B6F: update_PROCINFO_str.part.0 (field.c:1661)
==745741==    by 0x400E730: load_procinfo (main.c:1022)
==745741==    by 0x400E730: init_vars (main.c:878)
==745741==    by 0x400E730: main (main.c:403)
==745741== 
==745741== 88 bytes in 1 blocks are still reachable in loss record 113 of 225
==745741==    at 0x497D858: malloc (vg_replace_malloc.c:447)
==745741==    by 0x4068FEB: emalloc_real (awk.h:2156)
==745741==    by 0x4068FEB: r_getblock (node.c:1164)
==745741==    by 0x40693C1: make_str_node (node.c:406)
==745741==    by 0x4054B87: update_PROCINFO_str.part.0 (field.c:1662)
==745741==    by 0x400E730: load_procinfo (main.c:1022)
==745741==    by 0x400E730: init_vars (main.c:878)
==745741==    by 0x400E730: main (main.c:403)
==745741== 
==745741== 88 bytes in 1 blocks are still reachable in loss record 114 of 225
==745741==    at 0x497D858: malloc (vg_replace_malloc.c:447)
==745741==    by 0x4068FEB: emalloc_real (awk.h:2156)
==745741==    by 0x4068FEB: r_getblock (node.c:1164)
==745741==    by 0x40693C1: make_str_node (node.c:406)
==745741==    by 0x4054B6F: update_PROCINFO_str.part.0 (field.c:1661)
==745741==    by 0x400E743: load_procinfo (main.c:1023)
==745741==    by 0x400E743: init_vars (main.c:878)
==745741==    by 0x400E743: main (main.c:403)
==745741== 
==745741== 88 bytes in 1 blocks are still reachable in loss record 115 of 225
==745741==    at 0x497D858: malloc (vg_replace_malloc.c:447)
==745741==    by 0x4068FEB: emalloc_real (awk.h:2156)
==745741==    by 0x4068FEB: r_getblock (node.c:1164)
==745741==    by 0x40693C1: make_str_node (node.c:406)
==745741==    by 0x4054B87: update_PROCINFO_str.part.0 (field.c:1662)
==745741==    by 0x400E743: load_procinfo (main.c:1023)
==745741==    by 0x400E743: init_vars (main.c:878)
==745741==    by 0x400E743: main (main.c:403)
==745741== 
==745741== 88 bytes in 1 blocks are still reachable in loss record 116 of 225
==745741==    at 0x497D858: malloc (vg_replace_malloc.c:447)
==745741==    by 0x4068FEB: emalloc_real (awk.h:2156)
==745741==    by 0x4068FEB: r_getblock (node.c:1164)
==745741==    by 0x40693C1: make_str_node (node.c:406)
==745741==    by 0x4058004: update_PROCINFO_num (field.c:1674)
==745741==    by 0x400E757: load_procinfo (main.c:1035)
==745741==    by 0x400E757: init_vars (main.c:878)
==745741==    by 0x400E757: main (main.c:403)
==745741== 
==745741== 88 bytes in 1 blocks are still reachable in loss record 117 of 225
==745741==    at 0x497D858: malloc (vg_replace_malloc.c:447)
==745741==    by 0x4068FEB: emalloc_real (awk.h:2156)
==745741==    by 0x4068FEB: r_getblock (node.c:1164)
==745741==    by 0x4069930: make_number_node (awk.h:2206)
==745741==    by 0x4069930: r_make_number (node.c:369)
==745741==    by 0x4058013: update_PROCINFO_num (field.c:1675)
==745741==    by 0x400E757: load_procinfo (main.c:1035)
==745741==    by 0x400E757: init_vars (main.c:878)
==745741==    by 0x400E757: main (main.c:403)
==745741== 
==745741== 88 bytes in 1 blocks are still reachable in loss record 118 of 225
==745741==    at 0x497D858: malloc (vg_replace_malloc.c:447)
==745741==    by 0x4068FEB: emalloc_real (awk.h:2156)
==745741==    by 0x4068FEB: r_getblock (node.c:1164)
==745741==    by 0x40693C1: make_str_node (node.c:406)
==745741==    by 0x4058004: update_PROCINFO_num (field.c:1674)
==745741==    by 0x400E76B: load_procinfo (main.c:1036)
==745741==    by 0x400E76B: init_vars (main.c:878)
==745741==    by 0x400E76B: main (main.c:403)
==745741== 
==745741== 88 bytes in 1 blocks are still reachable in loss record 119 of 225
==745741==    at 0x497D858: malloc (vg_replace_malloc.c:447)
==745741==    by 0x4068FEB: emalloc_real (awk.h:2156)
==745741==    by 0x4068FEB: r_getblock (node.c:1164)
==745741==    by 0x4069930: make_number_node (awk.h:2206)
==745741==    by 0x4069930: r_make_number (node.c:369)
==745741==    by 0x4058013: update_PROCINFO_num (field.c:1675)
==745741==    by 0x400E76B: load_procinfo (main.c:1036)
==745741==    by 0x400E76B: init_vars (main.c:878)
==745741==    by 0x400E76B: main (main.c:403)
==745741== 
==745741== 88 bytes in 1 blocks are still reachable in loss record 120 of 225
==745741==    at 0x497D858: malloc (vg_replace_malloc.c:447)
==745741==    by 0x4068FEB: emalloc_real (awk.h:2156)
==745741==    by 0x4068FEB: r_getblock (node.c:1164)
==745741==    by 0x40693C1: make_str_node (node.c:406)
==745741==    by 0x4058004: update_PROCINFO_num (field.c:1674)
==745741==    by 0x400E784: load_procinfo (main.c:1046)
==745741==    by 0x400E784: init_vars (main.c:878)
==745741==    by 0x400E784: main (main.c:403)
==745741== 
==745741== 88 bytes in 1 blocks are still reachable in loss record 121 of 225
==745741==    at 0x497D858: malloc (vg_replace_malloc.c:447)
==745741==    by 0x4068FEB: emalloc_real (awk.h:2156)
==745741==    by 0x4068FEB: r_getblock (node.c:1164)
==745741==    by 0x4069930: make_number_node (awk.h:2206)
==745741==    by 0x4069930: r_make_number (node.c:369)
==745741==    by 0x4058013: update_PROCINFO_num (field.c:1675)
==745741==    by 0x400E784: load_procinfo (main.c:1046)
==745741==    by 0x400E784: init_vars (main.c:878)
==745741==    by 0x400E784: main (main.c:403)
==745741== 
==745741== 88 bytes in 1 blocks are still reachable in loss record 122 of 225
==745741==    at 0x497D858: malloc (vg_replace_malloc.c:447)
==745741==    by 0x4068FEB: emalloc_real (awk.h:2156)
==745741==    by 0x4068FEB: r_getblock (node.c:1164)
==745741==    by 0x40693C1: make_str_node (node.c:406)
==745741==    by 0x4058004: update_PROCINFO_num (field.c:1674)
==745741==    by 0x400E79D: load_procinfo (main.c:1055)
==745741==    by 0x400E79D: init_vars (main.c:878)
==745741==    by 0x400E79D: main (main.c:403)
==745741== 
==745741== 88 bytes in 1 blocks are still reachable in loss record 123 of 225
==745741==    at 0x497D858: malloc (vg_replace_malloc.c:447)
==745741==    by 0x4068FEB: emalloc_real (awk.h:2156)
==745741==    by 0x4068FEB: r_getblock (node.c:1164)
==745741==    by 0x4069930: make_number_node (awk.h:2206)
==745741==    by 0x4069930: r_make_number (node.c:369)
==745741==    by 0x4058013: update_PROCINFO_num (field.c:1675)
==745741==    by 0x400E79D: load_procinfo (main.c:1055)
==745741==    by 0x400E79D: init_vars (main.c:878)
==745741==    by 0x400E79D: main (main.c:403)
==745741== 
==745741== 88 bytes in 1 blocks are still reachable in loss record 124 of 225
==745741==    at 0x497D858: malloc (vg_replace_malloc.c:447)
==745741==    by 0x4068FEB: emalloc_real (awk.h:2156)
==745741==    by 0x4068FEB: r_getblock (node.c:1164)
==745741==    by 0x40693C1: make_str_node (node.c:406)
==745741==    by 0x4058004: update_PROCINFO_num (field.c:1674)
==745741==    by 0x400E7B6: load_procinfo (main.c:1058)
==745741==    by 0x400E7B6: init_vars (main.c:878)
==745741==    by 0x400E7B6: main (main.c:403)
==745741== 
==745741== 88 bytes in 1 blocks are still reachable in loss record 125 of 225
==745741==    at 0x497D858: malloc (vg_replace_malloc.c:447)
==745741==    by 0x4068FEB: emalloc_real (awk.h:2156)
==745741==    by 0x4068FEB: r_getblock (node.c:1164)
==745741==    by 0x4069930: make_number_node (awk.h:2206)
==745741==    by 0x4069930: r_make_number (node.c:369)
==745741==    by 0x4058013: update_PROCINFO_num (field.c:1675)
==745741==    by 0x400E7B6: load_procinfo (main.c:1058)
==745741==    by 0x400E7B6: init_vars (main.c:878)
==745741==    by 0x400E7B6: main (main.c:403)
==745741== 
==745741== 88 bytes in 1 blocks are still reachable in loss record 126 of 225
==745741==    at 0x497D858: malloc (vg_replace_malloc.c:447)
==745741==    by 0x4068FEB: emalloc_real (awk.h:2156)
==745741==    by 0x4068FEB: r_getblock (node.c:1164)
==745741==    by 0x40693C1: make_str_node (node.c:406)
==745741==    by 0x4058004: update_PROCINFO_num (field.c:1674)
==745741==    by 0x400E7D2: load_procinfo (main.c:1061)
==745741==    by 0x400E7D2: init_vars (main.c:878)
==745741==    by 0x400E7D2: main (main.c:403)
==745741== 
==745741== 88 bytes in 1 blocks are still reachable in loss record 127 of 225
==745741==    at 0x497D858: malloc (vg_replace_malloc.c:447)
==745741==    by 0x4068FEB: emalloc_real (awk.h:2156)
==745741==    by 0x4068FEB: r_getblock (node.c:1164)
==745741==    by 0x4069930: make_number_node (awk.h:2206)
==745741==    by 0x4069930: r_make_number (node.c:369)
==745741==    by 0x4058013: update_PROCINFO_num (field.c:1675)
==745741==    by 0x400E7D2: load_procinfo (main.c:1061)
==745741==    by 0x400E7D2: init_vars (main.c:878)
==745741==    by 0x400E7D2: main (main.c:403)
==745741== 
==745741== 88 bytes in 1 blocks are still reachable in loss record 128 of 225
==745741==    at 0x497D858: malloc (vg_replace_malloc.c:447)
==745741==    by 0x4068FEB: emalloc_real (awk.h:2156)
==745741==    by 0x4068FEB: r_getblock (node.c:1164)
==745741==    by 0x40693C1: make_str_node (node.c:406)
==745741==    by 0x4058004: update_PROCINFO_num (field.c:1674)
==745741==    by 0x400E7EE: load_procinfo (main.c:1064)
==745741==    by 0x400E7EE: init_vars (main.c:878)
==745741==    by 0x400E7EE: main (main.c:403)
==745741== 
==745741== 88 bytes in 1 blocks are still reachable in loss record 129 of 225
==745741==    at 0x497D858: malloc (vg_replace_malloc.c:447)
==745741==    by 0x4068FEB: emalloc_real (awk.h:2156)
==745741==    by 0x4068FEB: r_getblock (node.c:1164)
==745741==    by 0x4069930: make_number_node (awk.h:2206)
==745741==    by 0x4069930: r_make_number (node.c:369)
==745741==    by 0x4058013: update_PROCINFO_num (field.c:1675)
==745741==    by 0x400E7EE: load_procinfo (main.c:1064)
==745741==    by 0x400E7EE: init_vars (main.c:878)
==745741==    by 0x400E7EE: main (main.c:403)
==745741== 
==745741== 88 bytes in 1 blocks are still reachable in loss record 130 of 225
==745741==    at 0x497D858: malloc (vg_replace_malloc.c:447)
==745741==    by 0x4068FEB: emalloc_real (awk.h:2156)
==745741==    by 0x4068FEB: r_getblock (node.c:1164)
==745741==    by 0x40693C1: make_str_node (node.c:406)
==745741==    by 0x4058004: update_PROCINFO_num (field.c:1674)
==745741==    by 0x400E80A: load_procinfo (main.c:1067)
==745741==    by 0x400E80A: init_vars (main.c:878)
==745741==    by 0x400E80A: main (main.c:403)
==745741== 
==745741== 88 bytes in 1 blocks are still reachable in loss record 131 of 225
==745741==    at 0x497D858: malloc (vg_replace_malloc.c:447)
==745741==    by 0x4068FEB: emalloc_real (awk.h:2156)
==745741==    by 0x4068FEB: r_getblock (node.c:1164)
==745741==    by 0x4069930: make_number_node (awk.h:2206)
==745741==    by 0x4069930: r_make_number (node.c:369)
==745741==    by 0x4058013: update_PROCINFO_num (field.c:1675)
==745741==    by 0x400E80A: load_procinfo (main.c:1067)
==745741==    by 0x400E80A: init_vars (main.c:878)
==745741==    by 0x400E80A: main (main.c:403)
==745741== 
==745741== 88 bytes in 1 blocks are still reachable in loss record 132 of 225
==745741==    at 0x497D858: malloc (vg_replace_malloc.c:447)
==745741==    by 0x4068FEB: emalloc_real (awk.h:2156)
==745741==    by 0x4068FEB: r_getblock (node.c:1164)
==745741==    by 0x40693C1: make_str_node (node.c:406)
==745741==    by 0x4058004: update_PROCINFO_num (field.c:1674)
==745741==    by 0x400E826: load_procinfo (main.c:1070)
==745741==    by 0x400E826: init_vars (main.c:878)
==745741==    by 0x400E826: main (main.c:403)
==745741== 
==745741== 88 bytes in 1 blocks are still reachable in loss record 133 of 225
==745741==    at 0x497D858: malloc (vg_replace_malloc.c:447)
==745741==    by 0x4068FEB: emalloc_real (awk.h:2156)
==745741==    by 0x4068FEB: r_getblock (node.c:1164)
==745741==    by 0x4069930: make_number_node (awk.h:2206)
==745741==    by 0x4069930: r_make_number (node.c:369)
==745741==    by 0x4058013: update_PROCINFO_num (field.c:1675)
==745741==    by 0x400E826: load_procinfo (main.c:1070)
==745741==    by 0x400E826: init_vars (main.c:878)
==745741==    by 0x400E826: main (main.c:403)
==745741== 
==745741== 88 bytes in 1 blocks are still reachable in loss record 134 of 225
==745741==    at 0x497D858: malloc (vg_replace_malloc.c:447)
==745741==    by 0x4068FEB: emalloc_real (awk.h:2156)
==745741==    by 0x4068FEB: r_getblock (node.c:1164)
==745741==    by 0x40693C1: make_str_node (node.c:406)
==745741==    by 0x4054B6F: update_PROCINFO_str.part.0 (field.c:1661)
==745741==    by 0x400E83A: load_procinfo (main.c:1072)
==745741==    by 0x400E83A: init_vars (main.c:878)
==745741==    by 0x400E83A: main (main.c:403)
==745741== 
==745741== 88 bytes in 1 blocks are still reachable in loss record 135 of 225
==745741==    at 0x497D858: malloc (vg_replace_malloc.c:447)
==745741==    by 0x4068FEB: emalloc_real (awk.h:2156)
==745741==    by 0x4068FEB: r_getblock (node.c:1164)
==745741==    by 0x40693C1: make_str_node (node.c:406)
==745741==    by 0x4054B87: update_PROCINFO_str.part.0 (field.c:1662)
==745741==    by 0x400E83A: load_procinfo (main.c:1072)
==745741==    by 0x400E83A: init_vars (main.c:878)
==745741==    by 0x400E83A: main (main.c:403)
==745741== 
==745741== 88 bytes in 1 blocks are still reachable in loss record 136 of 225
==745741==    at 0x497D858: malloc (vg_replace_malloc.c:447)
==745741==    by 0x4068FEB: emalloc_real (awk.h:2156)
==745741==    by 0x4068FEB: r_getblock (node.c:1164)
==745741==    by 0x40693C1: make_str_node (node.c:406)
==745741==    by 0x4054B6F: update_PROCINFO_str.part.0 (field.c:1661)
==745741==    by 0x400E8D2: load_procinfo (main.c:1087)
==745741==    by 0x400E8D2: init_vars (main.c:878)
==745741==    by 0x400E8D2: main (main.c:403)
==745741== 
==745741== 88 bytes in 1 blocks are still reachable in loss record 137 of 225
==745741==    at 0x497D858: malloc (vg_replace_malloc.c:447)
==745741==    by 0x4068FEB: emalloc_real (awk.h:2156)
==745741==    by 0x4068FEB: r_getblock (node.c:1164)
==745741==    by 0x40693C1: make_str_node (node.c:406)
==745741==    by 0x4054B87: update_PROCINFO_str.part.0 (field.c:1662)
==745741==    by 0x400E8D2: load_procinfo (main.c:1087)
==745741==    by 0x400E8D2: init_vars (main.c:878)
==745741==    by 0x400E8D2: main (main.c:403)
==745741== 
==745741== 88 bytes in 1 blocks are still reachable in loss record 138 of 225
==745741==    at 0x497D858: malloc (vg_replace_malloc.c:447)
==745741==    by 0x4068FEB: emalloc_real (awk.h:2156)
==745741==    by 0x4068FEB: r_getblock (node.c:1164)
==745741==    by 0x400E8E9: load_procinfo_argv (main.c:984)
==745741==    by 0x400E8E9: load_procinfo (main.c:1093)
==745741==    by 0x400E8E9: init_vars (main.c:878)
==745741==    by 0x400E8E9: main (main.c:403)
==745741== 
==745741== 88 bytes in 1 blocks are still reachable in loss record 139 of 225
==745741==    at 0x497D858: malloc (vg_replace_malloc.c:447)
==745741==    by 0x4068FEB: emalloc_real (awk.h:2156)
==745741==    by 0x4068FEB: r_getblock (node.c:1164)
==745741==    by 0x40348D2: make_node (cint_array.c:731)
==745741==    by 0x40348D2: cint_lookup (cint_array.c:256)
==745741==    by 0x400E9D6: assoc_set (awk.h:2220)
==745741==    by 0x400E9D6: load_procinfo_argv (main.c:992)
==745741==    by 0x400E9D6: load_procinfo (main.c:1093)
==745741==    by 0x400E9D6: init_vars (main.c:878)
==745741==    by 0x400E9D6: main (main.c:403)
==745741== 
==745741== 88 bytes in 1 blocks are still reachable in loss record 140 of 225
==745741==    at 0x497D858: malloc (vg_replace_malloc.c:447)
==745741==    by 0x4068FEB: emalloc_real (awk.h:2156)
==745741==    by 0x4068FEB: r_getblock (node.c:1164)
==745741==    by 0x40344E7: make_node (cint_array.c:731)
==745741==    by 0x40344E7: tree_lookup (cint_array.c:796)
==745741==    by 0x400E9D6: assoc_set (awk.h:2220)
==745741==    by 0x400E9D6: load_procinfo_argv (main.c:992)
==745741==    by 0x400E9D6: load_procinfo (main.c:1093)
==745741==    by 0x400E9D6: init_vars (main.c:878)
==745741==    by 0x400E9D6: main (main.c:403)
==745741== 
==745741== 88 bytes in 1 blocks are still reachable in loss record 141 of 225
==745741==    at 0x497D858: malloc (vg_replace_malloc.c:447)
==745741==    by 0x4068FEB: emalloc_real (awk.h:2156)
==745741==    by 0x4068FEB: r_getblock (node.c:1164)
==745741==    by 0x40693C1: make_str_node (node.c:406)
==745741==    by 0x400EC1B: load_procinfo_argv (main.c:996)
==745741==    by 0x400EC1B: load_procinfo (main.c:1093)
==745741==    by 0x400EC1B: init_vars (main.c:878)
==745741==    by 0x400EC1B: main (main.c:403)
==745741== 
==745741== 88 bytes in 1 blocks are still reachable in loss record 142 of 225
==745741==    at 0x497D858: malloc (vg_replace_malloc.c:447)
==745741==    by 0x4068FEB: emalloc_real (awk.h:2156)
==745741==    by 0x4068FEB: r_getblock (node.c:1164)
==745741==    by 0x40693C1: make_str_node (node.c:406)
==745741==    by 0x4077055: install (symbol.c:399)
==745741==    by 0x400E038: load_environ (main.c:930)
==745741==    by 0x400E038: init_vars (main.c:879)
==745741==    by 0x400E038: main (main.c:403)
==745741== 
==745741== 88 bytes in 1 blocks are still reachable in loss record 143 of 225
==745741==    at 0x497D858: malloc (vg_replace_malloc.c:447)
==745741==    by 0x4068FEB: emalloc_real (awk.h:2156)
==745741==    by 0x4068FEB: r_getblock (node.c:1164)
==745741==    by 0x4077133: make_symbol (symbol.c:376)
==745741==    by 0x4077133: install (symbol.c:417)
==745741==    by 0x400E038: load_environ (main.c:930)
==745741==    by 0x400E038: init_vars (main.c:879)
==745741==    by 0x400E038: main (main.c:403)
==745741== 
==745741== 88 bytes in 1 blocks are still reachable in loss record 144 of 225
==745741==    at 0x497D858: malloc (vg_replace_malloc.c:447)
==745741==    by 0x4068FEB: emalloc_real (awk.h:2156)
==745741==    by 0x4068FEB: r_getblock (node.c:1164)
==745741==    by 0x40693C1: make_str_node (node.c:406)
==745741==    by 0x4055395: init_fields (field.c:105)
==745741==    by 0x400E1A4: main (main.c:410)
==745741== 
==745741== 88 bytes in 1 blocks are still reachable in loss record 145 of 225
==745741==    at 0x497D858: malloc (vg_replace_malloc.c:447)
==745741==    by 0x4068FEB: emalloc_real (awk.h:2156)
==745741==    by 0x4068FEB: r_getblock (node.c:1164)
==745741==    by 0x40693C1: make_str_node (node.c:406)
==745741==    by 0x40553E0: init_fields (field.c:111)
==745741==    by 0x400E1A4: main (main.c:410)
==745741== 
==745741== 88 bytes in 1 blocks are still reachable in loss record 146 of 225
==745741==    at 0x497D858: malloc (vg_replace_malloc.c:447)
==745741==    by 0x4068FEB: emalloc_real (awk.h:2156)
==745741==    by 0x4068FEB: r_getblock (node.c:1164)
==745741==    by 0x4048A91: init_interpret (eval.c:1902)
==745741==    by 0x400E3D5: main (main.c:468)
==745741== 
==745741== 88 bytes in 1 blocks are still reachable in loss record 147 of 225
==745741==    at 0x497D858: malloc (vg_replace_malloc.c:447)
==745741==    by 0x4068FEB: emalloc_real (awk.h:2156)
==745741==    by 0x4068FEB: r_getblock (node.c:1164)
==745741==    by 0x4069930: make_number_node (awk.h:2206)
==745741==    by 0x4069930: r_make_number (node.c:369)
==745741==    by 0x4048AE5: init_interpret (eval.c:1910)
==745741==    by 0x400E3D5: main (main.c:468)
==745741== 
==745741== 88 bytes in 1 blocks are still reachable in loss record 148 of 225
==745741==    at 0x497D858: malloc (vg_replace_malloc.c:447)
==745741==    by 0x4068FEB: emalloc_real (awk.h:2156)
==745741==    by 0x4068FEB: r_getblock (node.c:1164)
==745741==    by 0x4069930: make_number_node (awk.h:2206)
==745741==    by 0x4069930: r_make_number (node.c:369)
==745741==    by 0x4048AFA: init_interpret (eval.c:1911)
==745741==    by 0x400E3D5: main (main.c:468)
==745741== 
==745741== 88 bytes in 1 blocks are still reachable in loss record 149 of 225
==745741==    at 0x497D858: malloc (vg_replace_malloc.c:447)
==745741==    by 0x4068FEB: emalloc_real (awk.h:2156)
==745741==    by 0x4068FEB: r_getblock (node.c:1164)
==745741==    by 0x40693C1: make_str_node (node.c:406)
==745741==    by 0x4077055: install (symbol.c:399)
==745741==    by 0x400E414: init_args (main.c:764)
==745741==    by 0x400E414: main (main.c:470)
==745741== 
==745741== 88 bytes in 1 blocks are still reachable in loss record 150 of 225
==745741==    at 0x497D858: malloc (vg_replace_malloc.c:447)
==745741==    by 0x4068FEB: emalloc_real (awk.h:2156)
==745741==    by 0x4068FEB: r_getblock (node.c:1164)
==745741==    by 0x4077133: make_symbol (symbol.c:376)
==745741==    by 0x4077133: install (symbol.c:417)
==745741==    by 0x400E414: init_args (main.c:764)
==745741==    by 0x400E414: main (main.c:470)
==745741== 
==745741== 88 bytes in 1 blocks are still reachable in loss record 151 of 225
==745741==    at 0x497D858: malloc (vg_replace_malloc.c:447)
==745741==    by 0x4068FEB: emalloc_real (awk.h:2156)
==745741==    by 0x4068FEB: r_getblock (node.c:1164)
==745741==    by 0x40693C1: make_str_node (node.c:406)
==745741==    by 0x400E43D: init_args (main.c:766)
==745741==    by 0x400E43D: main (main.c:470)
==745741== 
==745741== 88 bytes in 1 blocks are still reachable in loss record 152 of 225
==745741==    at 0x497D858: malloc (vg_replace_malloc.c:447)
==745741==    by 0x4068FEB: emalloc_real (awk.h:2156)
==745741==    by 0x4068FEB: r_getblock (node.c:1164)
==745741==    by 0x40348D2: make_node (cint_array.c:731)
==745741==    by 0x40348D2: cint_lookup (cint_array.c:256)
==745741==    by 0x40662E6: assoc_set (awk.h:2220)
==745741==    by 0x400E453: init_args (main.c:768)
==745741==    by 0x400E453: main (main.c:470)
==745741== 
==745741== 88 bytes in 1 blocks are still reachable in loss record 153 of 225
==745741==    at 0x497D858: malloc (vg_replace_malloc.c:447)
==745741==    by 0x4068FEB: emalloc_real (awk.h:2156)
==745741==    by 0x4068FEB: r_getblock (node.c:1164)
==745741==    by 0x40344E7: make_node (cint_array.c:731)
==745741==    by 0x40344E7: tree_lookup (cint_array.c:796)
==745741==    by 0x40662E6: assoc_set (awk.h:2220)
==745741==    by 0x400E453: init_args (main.c:768)
==745741==    by 0x400E453: main (main.c:470)
==745741== 
==745741== 88 bytes in 1 blocks are still reachable in loss record 154 of 225
==745741==    at 0x497D858: malloc (vg_replace_malloc.c:447)
==745741==    by 0x4068FEB: emalloc_real (awk.h:2156)
==745741==    by 0x4068FEB: r_getblock (node.c:1164)
==745741==    by 0x40693C1: make_str_node (node.c:406)
==745741==    by 0x4077055: install (symbol.c:399)
==745741==    by 0x400EA90: init_args (main.c:791)
==745741==    by 0x400EA90: main (main.c:470)
==745741== 
==745741== 88 bytes in 1 blocks are still reachable in loss record 155 of 225
==745741==    at 0x497D858: malloc (vg_replace_malloc.c:447)
==745741==    by 0x4068FEB: emalloc_real (awk.h:2156)
==745741==    by 0x4068FEB: r_getblock (node.c:1164)
==745741==    by 0x4077133: make_symbol (symbol.c:376)
==745741==    by 0x4077133: install (symbol.c:417)
==745741==    by 0x400EA90: init_args (main.c:791)
==745741==    by 0x400EA90: main (main.c:470)
==745741== 
==745741== 88 bytes in 1 blocks are still reachable in loss record 156 of 225
==745741==    at 0x497D858: malloc (vg_replace_malloc.c:447)
==745741==    by 0x4068FEB: emalloc_real (awk.h:2156)
==745741==    by 0x4068FEB: r_getblock (node.c:1164)
==745741==    by 0x4069930: make_number_node (awk.h:2206)
==745741==    by 0x4069930: r_make_number (node.c:369)
==745741==    by 0x400EAA8: init_args (main.c:792)
==745741==    by 0x400EAA8: main (main.c:470)
==745741== 
==745741== 88 bytes in 1 blocks are still reachable in loss record 157 of 225
==745741==    at 0x497D858: malloc (vg_replace_malloc.c:447)
==745741==    by 0x4068FEB: emalloc_real (awk.h:2156)
==745741==    by 0x4068FEB: r_getblock (node.c:1164)
==745741==    by 0x40693C1: make_str_node (node.c:406)
==745741==    by 0x4077FD7: load_symbols (symbol.c:663)
==745741==    by 0x400ED85: main (main.c:499)
==745741== 
==745741== 88 bytes in 1 blocks are still reachable in loss record 158 of 225
==745741==    at 0x497D858: malloc (vg_replace_malloc.c:447)
==745741==    by 0x4068FEB: emalloc_real (awk.h:2156)
==745741==    by 0x4068FEB: r_getblock (node.c:1164)
==745741==    by 0x4077FF4: load_symbols (symbol.c:666)
==745741==    by 0x400ED85: main (main.c:499)
==745741== 
==745741== 88 bytes in 1 blocks are still reachable in loss record 159 of 225
==745741==    at 0x497D858: malloc (vg_replace_malloc.c:447)
==745741==    by 0x4068FEB: emalloc_real (awk.h:2156)
==745741==    by 0x4068FEB: r_getblock (node.c:1164)
==745741==    by 0x40693C1: make_str_node (node.c:406)
==745741==    by 0x40780AA: load_symbols (symbol.c:677)
==745741==    by 0x400ED85: main (main.c:499)
==745741== 
==745741== 88 bytes in 1 blocks are still reachable in loss record 160 of 225
==745741==    at 0x497D858: malloc (vg_replace_malloc.c:447)
==745741==    by 0x4068FEB: emalloc_real (awk.h:2156)
==745741==    by 0x4068FEB: r_getblock (node.c:1164)
==745741==    by 0x40693C1: make_str_node (node.c:406)
==745741==    by 0x40780DA: load_symbols (symbol.c:679)
==745741==    by 0x400ED85: main (main.c:499)
==745741== 
==745741== 88 bytes in 1 blocks are still reachable in loss record 161 of 225
==745741==    at 0x497D858: malloc (vg_replace_malloc.c:447)
==745741==    by 0x4068FEB: emalloc_real (awk.h:2156)
==745741==    by 0x4068FEB: r_getblock (node.c:1164)
==745741==    by 0x40693C1: make_str_node (node.c:406)
==745741==    by 0x40780F2: load_symbols (symbol.c:680)
==745741==    by 0x400ED85: main (main.c:499)
==745741== 
==745741== 88 bytes in 1 blocks are still reachable in loss record 162 of 225
==745741==    at 0x497D858: malloc (vg_replace_malloc.c:447)
==745741==    by 0x4068FEB: emalloc_real (awk.h:2156)
==745741==    by 0x4068FEB: r_getblock (node.c:1164)
==745741==    by 0x40693C1: make_str_node (node.c:406)
==745741==    by 0x407810A: load_symbols (symbol.c:681)
==745741==    by 0x400ED85: main (main.c:499)
==745741== 
==745741== 88 bytes in 1 blocks are still reachable in loss record 163 of 225
==745741==    at 0x497D858: malloc (vg_replace_malloc.c:447)
==745741==    by 0x4068FEB: emalloc_real (awk.h:2156)
==745741==    by 0x4068FEB: r_getblock (node.c:1164)
==745741==    by 0x40693C1: make_str_node (node.c:406)
==745741==    by 0x4078122: load_symbols (symbol.c:682)
==745741==    by 0x400ED85: main (main.c:499)
==745741== 
==745741== 88 bytes in 1 blocks are still reachable in loss record 164 of 225
==745741==    at 0x497D858: malloc (vg_replace_malloc.c:447)
==745741==    by 0x4068FEB: emalloc_real (awk.h:2156)
==745741==    by 0x4068FEB: r_getblock (node.c:1164)
==745741==    by 0x401010E: make_array (array.c:95)
==745741==    by 0x4051E8E: r_interpret (interpret.h:394)
==745741==    by 0x400EDDE: main (main.c:532)
==745741== 
==745741== 88 bytes in 1 blocks are still reachable in loss record 165 of 225
==745741==    at 0x497D858: malloc (vg_replace_malloc.c:447)
==745741==    by 0x4068FEB: emalloc_real (awk.h:2156)
==745741==    by 0x4068FEB: r_getblock (node.c:1164)
==745741==    by 0x4069930: make_number_node (awk.h:2206)
==745741==    by 0x4069930: r_make_number (node.c:369)
==745741==    by 0x404E0D1: r_interpret (interpret.h:731)
==745741==    by 0x400EDDE: main (main.c:532)
==745741== 
==745741== 88 bytes in 1 blocks are still reachable in loss record 166 of 225
==745741==    at 0x497D858: malloc (vg_replace_malloc.c:447)
==745741==    by 0x4068FEB: emalloc_real (awk.h:2156)
==745741==    by 0x4068FEB: r_getblock (node.c:1164)
==745741==    by 0x40693C1: make_str_node (node.c:406)
==745741==    by 0x4052611: r_interpret (interpret.h:1052)
==745741==    by 0x400EDDE: main (main.c:532)
==745741== 
==745741== 96 bytes in 2 blocks are still reachable in loss record 167 of 225
==745741==    at 0x497D858: malloc (vg_replace_malloc.c:447)
==745741==    by 0x4068FEB: emalloc_real (awk.h:2156)
==745741==    by 0x4068FEB: r_getblock (node.c:1164)
==745741==    by 0x40768D9: str_lookup (str_array.c:214)
==745741==    by 0x407708C: assoc_set (awk.h:2220)
==745741==    by 0x407708C: install (symbol.c:430)
==745741==    by 0x401CA63: yyparse (awkgram.y:2148)
==745741==    by 0x402073A: parse_program (awkgram.y:2797)
==745741==    by 0x400EAD8: main (main.c:483)
==745741== 
==745741== 104 bytes in 1 blocks are still reachable in loss record 168 of 225
==745741==    at 0x4984E43: calloc (vg_replace_malloc.c:1678)
==745741==    by 0x4075D54: ezalloc_real (awk.h:2174)
==745741==    by 0x4075D54: grow_table (str_array.c:682)
==745741==    by 0x407693C: str_lookup (str_array.c:150)
==745741==    by 0x407708C: assoc_set (awk.h:2220)
==745741==    by 0x407708C: install (symbol.c:430)
==745741==    by 0x4077369: install_symbol (symbol.c:173)
==745741==    by 0x4077369: init_the_tables (symbol.c:77)
==745741==    by 0x400D60A: main (main.c:287)
==745741== 
==745741== 104 bytes in 1 blocks are still reachable in loss record 169 of 225
==745741==    at 0x4984E43: calloc (vg_replace_malloc.c:1678)
==745741==    by 0x4075D54: ezalloc_real (awk.h:2174)
==745741==    by 0x4075D54: grow_table (str_array.c:682)
==745741==    by 0x407693C: str_lookup (str_array.c:150)
==745741==    by 0x407708C: assoc_set (awk.h:2220)
==745741==    by 0x407708C: install (symbol.c:430)
==745741==    by 0x400DA01: init_vars (main.c:865)
==745741==    by 0x400DA01: main (main.c:403)
==745741== 
==745741== 104 bytes in 1 blocks are still reachable in loss record 170 of 225
==745741==    at 0x4984E43: calloc (vg_replace_malloc.c:1678)
==745741==    by 0x4075D54: ezalloc_real (awk.h:2174)
==745741==    by 0x4075D54: grow_table (str_array.c:682)
==745741==    by 0x407693C: str_lookup (str_array.c:150)
==745741==    by 0x4054B9E: assoc_set (awk.h:2220)
==745741==    by 0x4054B9E: update_PROCINFO_str.part.0 (field.c:1662)
==745741==    by 0x400E71D: load_procinfo (main.c:1021)
==745741==    by 0x400E71D: init_vars (main.c:878)
==745741==    by 0x400E71D: main (main.c:403)
==745741== 
==745741== 104 bytes in 1 blocks are still reachable in loss record 171 of 225
==745741==    at 0x4984E43: calloc (vg_replace_malloc.c:1678)
==745741==    by 0x4075D54: ezalloc_real (awk.h:2174)
==745741==    by 0x4075D54: grow_table (str_array.c:682)
==745741==    by 0x407693C: str_lookup (str_array.c:150)
==745741==    by 0x400E127: assoc_set (awk.h:2220)
==745741==    by 0x400E127: load_environ (main.c:949)
==745741==    by 0x400E127: init_vars (main.c:879)
==745741==    by 0x400E127: main (main.c:403)
==745741== 
==745741== 104 bytes in 1 blocks are still reachable in loss record 172 of 225
==745741==    at 0x4984E43: calloc (vg_replace_malloc.c:1678)
==745741==    by 0x4075D54: ezalloc_real (awk.h:2174)
==745741==    by 0x4075D54: grow_table (str_array.c:682)
==745741==    by 0x407693C: str_lookup (str_array.c:150)
==745741==    by 0x407708C: assoc_set (awk.h:2220)
==745741==    by 0x407708C: install (symbol.c:430)
==745741==    by 0x401E274: install_function (awkgram.y:5083)
==745741==    by 0x401E274: yyparse (awkgram.y:546)
==745741==    by 0x402073A: parse_program (awkgram.y:2797)
==745741==    by 0x400EAD8: main (main.c:483)
==745741== 
==745741== 104 bytes in 1 blocks are still reachable in loss record 173 of 225
==745741==    at 0x4984E43: calloc (vg_replace_malloc.c:1678)
==745741==    by 0x4075D54: ezalloc_real (awk.h:2174)
==745741==    by 0x4075D54: grow_table (str_array.c:682)
==745741==    by 0x407693C: str_lookup (str_array.c:150)
==745741==    by 0x40782E9: load_symbols (symbol.c:701)
==745741==    by 0x400ED85: main (main.c:499)
==745741== 
==745741== 120 bytes in 1 blocks are still reachable in loss record 174 of 225
==745741==    at 0x498507F: realloc (vg_replace_malloc.c:1804)
==745741==    by 0x4014E11: erealloc_real (awk.h:2192)
==745741==    by 0x4014E11: tokexpand (awkgram.y:3290)
==745741==    by 0x401AEE8: yylex (awkgram.y:4055)
==745741==    by 0x401C83C: yyparse (awkgram.c:1879)
==745741==    by 0x402073A: parse_program (awkgram.y:2797)
==745741==    by 0x400EAD8: main (main.c:483)
==745741== 
==745741== 151 bytes in 24 blocks are still reachable in loss record 175 of 225
==745741==    at 0x497D858: malloc (vg_replace_malloc.c:447)
==745741==    by 0x4066564: emalloc_real (awk.h:2156)
==745741==    by 0x4066564: estrdup (main.c:1451)
==745741==    by 0x400D9F0: init_vars (main.c:865)
==745741==    by 0x400D9F0: main (main.c:403)
==745741== 
==745741== 151 bytes in 24 blocks are still reachable in loss record 176 of 225
==745741==    at 0x497D858: malloc (vg_replace_malloc.c:447)
==745741==    by 0x4069457: emalloc_real (awk.h:2156)
==745741==    by 0x4069457: make_str_node (node.c:422)
==745741==    by 0x4077055: install (symbol.c:399)
==745741==    by 0x400DA01: init_vars (main.c:865)
==745741==    by 0x400DA01: main (main.c:403)
==745741== 
==745741== 176 bytes in 2 blocks are still reachable in loss record 177 of 225
==745741==    at 0x497D858: malloc (vg_replace_malloc.c:447)
==745741==    by 0x4068FEB: emalloc_real (awk.h:2156)
==745741==    by 0x4068FEB: r_getblock (node.c:1164)
==745741==    by 0x40693C1: make_str_node (node.c:406)
==745741==    by 0x4077055: install (symbol.c:399)
==745741==    by 0x401CA63: yyparse (awkgram.y:2148)
==745741==    by 0x402073A: parse_program (awkgram.y:2797)
==745741==    by 0x400EAD8: main (main.c:483)
==745741== 
==745741== 176 bytes in 2 blocks are still reachable in loss record 178 of 225
==745741==    at 0x497D858: malloc (vg_replace_malloc.c:447)
==745741==    by 0x4068FEB: emalloc_real (awk.h:2156)
==745741==    by 0x4068FEB: r_getblock (node.c:1164)
==745741==    by 0x4077133: make_symbol (symbol.c:376)
==745741==    by 0x4077133: install (symbol.c:417)
==745741==    by 0x401CA63: yyparse (awkgram.y:2148)
==745741==    by 0x402073A: parse_program (awkgram.y:2797)
==745741==    by 0x400EAD8: main (main.c:483)
==745741== 
==745741== 176 bytes in 2 blocks are still reachable in loss record 179 of 225
==745741==    at 0x497D858: malloc (vg_replace_malloc.c:447)
==745741==    by 0x4068FEB: emalloc_real (awk.h:2156)
==745741==    by 0x4068FEB: r_getblock (node.c:1164)
==745741==    by 0x40348D2: make_node (cint_array.c:731)
==745741==    by 0x40348D2: cint_lookup (cint_array.c:256)
==745741==    by 0x404EEEF: r_interpret (interpret.h:427)
==745741==    by 0x400EDDE: main (main.c:532)
==745741== 
==745741== 176 bytes in 2 blocks are still reachable in loss record 180 of 225
==745741==    at 0x497D858: malloc (vg_replace_malloc.c:447)
==745741==    by 0x4068FEB: emalloc_real (awk.h:2156)
==745741==    by 0x4068FEB: r_getblock (node.c:1164)
==745741==    by 0x40344E7: make_node (cint_array.c:731)
==745741==    by 0x40344E7: tree_lookup (cint_array.c:796)
==745741==    by 0x404EEEF: r_interpret (interpret.h:427)
==745741==    by 0x400EDDE: main (main.c:532)
==745741== 
==745741== 192 bytes in 4 blocks are still reachable in loss record 181 of 225
==745741==    at 0x497D858: malloc (vg_replace_malloc.c:447)
==745741==    by 0x4068FEB: emalloc_real (awk.h:2156)
==745741==    by 0x4068FEB: r_getblock (node.c:1164)
==745741==    by 0x40768D9: str_lookup (str_array.c:214)
==745741==    by 0x407708C: assoc_set (awk.h:2220)
==745741==    by 0x407708C: install (symbol.c:430)
==745741==    by 0x401E274: install_function (awkgram.y:5083)
==745741==    by 0x401E274: yyparse (awkgram.y:546)
==745741==    by 0x402073A: parse_program (awkgram.y:2797)
==745741==    by 0x400EAD8: main (main.c:483)
==745741== 
==745741== 205 bytes in 24 blocks are still reachable in loss record 182 of 225
==745741==    at 0x497D858: malloc (vg_replace_malloc.c:447)
==745741==    by 0x4069457: emalloc_real (awk.h:2156)
==745741==    by 0x4069457: make_str_node (node.c:422)
==745741==    by 0x400E0F5: load_environ (main.c:946)
==745741==    by 0x400E0F5: init_vars (main.c:879)
==745741==    by 0x400E0F5: main (main.c:403)
==745741== 
==745741== 211 bytes in 29 blocks are still reachable in loss record 183 of 225
==745741==    at 0x497D858: malloc (vg_replace_malloc.c:447)
==745741==    by 0x4066564: emalloc_real (awk.h:2156)
==745741==    by 0x4066564: estrdup (main.c:1451)
==745741==    by 0x401E3D7: yyparse (awkgram.y:2042)
==745741==    by 0x402073A: parse_program (awkgram.y:2797)
==745741==    by 0x400EAD8: main (main.c:483)
==745741== 
==745741== 221 bytes in 43 blocks are still reachable in loss record 184 of 225
==745741==    at 0x497D858: malloc (vg_replace_malloc.c:447)
==745741==    by 0x4069457: emalloc_real (awk.h:2156)
==745741==    by 0x4069457: make_str_node (node.c:422)
==745741==    by 0x401B194: yylex (awkgram.y:4074)
==745741==    by 0x401C83C: yyparse (awkgram.c:1879)
==745741==    by 0x402073A: parse_program (awkgram.y:2797)
==745741==    by 0x400EAD8: main (main.c:483)
==745741== 
==745741== 256 bytes in 1 blocks are still reachable in loss record 185 of 225
==745741==    at 0x4984E43: calloc (vg_replace_malloc.c:1678)
==745741==    by 0x4034892: ezalloc_real (awk.h:2174)
==745741==    by 0x4034892: cint_lookup (cint_array.c:249)
==745741==    by 0x400E9D6: assoc_set (awk.h:2220)
==745741==    by 0x400E9D6: load_procinfo_argv (main.c:992)
==745741==    by 0x400E9D6: load_procinfo (main.c:1093)
==745741==    by 0x400E9D6: init_vars (main.c:878)
==745741==    by 0x400E9D6: main (main.c:403)
==745741== 
==745741== 256 bytes in 1 blocks are still reachable in loss record 186 of 225
==745741==    at 0x4984E43: calloc (vg_replace_malloc.c:1678)
==745741==    by 0x4034297: ezalloc_real (awk.h:2174)
==745741==    by 0x4034297: tree_lookup (cint_array.c:773)
==745741==    by 0x400E9D6: assoc_set (awk.h:2220)
==745741==    by 0x400E9D6: load_procinfo_argv (main.c:992)
==745741==    by 0x400E9D6: load_procinfo (main.c:1093)
==745741==    by 0x400E9D6: init_vars (main.c:878)
==745741==    by 0x400E9D6: main (main.c:403)
==745741== 
==745741== 256 bytes in 1 blocks are still reachable in loss record 187 of 225
==745741==    at 0x4984E43: calloc (vg_replace_malloc.c:1678)
==745741==    by 0x40344C0: ezalloc_real (awk.h:2174)
==745741==    by 0x40344C0: leaf_lookup (cint_array.c:1064)
==745741==    by 0x40344C0: tree_lookup (cint_array.c:797)
==745741==    by 0x400E9D6: assoc_set (awk.h:2220)
==745741==    by 0x400E9D6: load_procinfo_argv (main.c:992)
==745741==    by 0x400E9D6: load_procinfo (main.c:1093)
==745741==    by 0x400E9D6: init_vars (main.c:878)
==745741==    by 0x400E9D6: main (main.c:403)
==745741== 
==745741== 256 bytes in 1 blocks are still reachable in loss record 188 of 225
==745741==    at 0x4984E43: calloc (vg_replace_malloc.c:1678)
==745741==    by 0x4034892: ezalloc_real (awk.h:2174)
==745741==    by 0x4034892: cint_lookup (cint_array.c:249)
==745741==    by 0x40662E6: assoc_set (awk.h:2220)
==745741==    by 0x400E453: init_args (main.c:768)
==745741==    by 0x400E453: main (main.c:470)
==745741== 
==745741== 256 bytes in 1 blocks are still reachable in loss record 189 of 225
==745741==    at 0x4984E43: calloc (vg_replace_malloc.c:1678)
==745741==    by 0x4034297: ezalloc_real (awk.h:2174)
==745741==    by 0x4034297: tree_lookup (cint_array.c:773)
==745741==    by 0x40662E6: assoc_set (awk.h:2220)
==745741==    by 0x400E453: init_args (main.c:768)
==745741==    by 0x400E453: main (main.c:470)
==745741== 
==745741== 256 bytes in 1 blocks are still reachable in loss record 190 of 225
==745741==    at 0x4984E43: calloc (vg_replace_malloc.c:1678)
==745741==    by 0x40344C0: ezalloc_real (awk.h:2174)
==745741==    by 0x40344C0: leaf_lookup (cint_array.c:1064)
==745741==    by 0x40344C0: tree_lookup (cint_array.c:797)
==745741==    by 0x40662E6: assoc_set (awk.h:2220)
==745741==    by 0x400E453: init_args (main.c:768)
==745741==    by 0x400E453: main (main.c:470)
==745741== 
==745741== 264 bytes in 3 blocks are still reachable in loss record 191 of 225
==745741==    at 0x497D858: malloc (vg_replace_malloc.c:447)
==745741==    by 0x4068FEB: emalloc_real (awk.h:2156)
==745741==    by 0x4068FEB: r_getblock (node.c:1164)
==745741==    by 0x40693C1: make_str_node (node.c:406)
==745741==    by 0x400E9C6: load_procinfo_argv (main.c:991)
==745741==    by 0x400E9C6: load_procinfo (main.c:1093)
==745741==    by 0x400E9C6: init_vars (main.c:878)
==745741==    by 0x400E9C6: main (main.c:403)
==745741== 
==745741== 278 bytes in 42 blocks are still reachable in loss record 192 of 225
==745741==    at 0x497D858: malloc (vg_replace_malloc.c:447)
==745741==    by 0x4069457: emalloc_real (awk.h:2156)
==745741==    by 0x4069457: make_str_node (node.c:422)
==745741==    by 0x4077055: install (symbol.c:399)
==745741==    by 0x401982E: install_builtins (awkgram.y:6601)
==745741==    by 0x400ED71: main (main.c:491)
==745741== 
==745741== 296 bytes in 1 blocks are still reachable in loss record 193 of 225
==745741==    at 0x4984E43: calloc (vg_replace_malloc.c:1678)
==745741==    by 0x4014A06: ezalloc_real (awk.h:2174)
==745741==    by 0x4014A06: do_add_srcfile (awkgram.y:2833)
==745741==    by 0x4018A70: add_srcfile (awkgram.y:2916)
==745741==    by 0x400D7E5: parse_args (main.c:1585)
==745741==    by 0x400D7E5: main (main.c:294)
==745741== 
==745741== 352 bytes in 4 blocks are still reachable in loss record 194 of 225
==745741==    at 0x497D858: malloc (vg_replace_malloc.c:447)
==745741==    by 0x4068FEB: emalloc_real (awk.h:2156)
==745741==    by 0x4068FEB: r_getblock (node.c:1164)
==745741==    by 0x40693C1: make_str_node (node.c:406)
==745741==    by 0x4077055: install (symbol.c:399)
==745741==    by 0x401E274: install_function (awkgram.y:5083)
==745741==    by 0x401E274: yyparse (awkgram.y:546)
==745741==    by 0x402073A: parse_program (awkgram.y:2797)
==745741==    by 0x400EAD8: main (main.c:483)
==745741== 
==745741== 352 bytes in 4 blocks are still reachable in loss record 195 of 225
==745741==    at 0x497D858: malloc (vg_replace_malloc.c:447)
==745741==    by 0x4068FEB: emalloc_real (awk.h:2156)
==745741==    by 0x4068FEB: r_getblock (node.c:1164)
==745741==    by 0x407721E: make_symbol (symbol.c:376)
==745741==    by 0x407721E: install (symbol.c:417)
==745741==    by 0x401E274: install_function (awkgram.y:5083)
==745741==    by 0x401E274: yyparse (awkgram.y:546)
==745741==    by 0x402073A: parse_program (awkgram.y:2797)
==745741==    by 0x400EAD8: main (main.c:483)
==745741== 
==745741== 512 bytes in 2 blocks are still reachable in loss record 196 of 225
==745741==    at 0x4984E43: calloc (vg_replace_malloc.c:1678)
==745741==    by 0x4034892: ezalloc_real (awk.h:2174)
==745741==    by 0x4034892: cint_lookup (cint_array.c:249)
==745741==    by 0x404EEEF: r_interpret (interpret.h:427)
==745741==    by 0x400EDDE: main (main.c:532)
==745741== 
==745741== 512 bytes in 2 blocks are still reachable in loss record 197 of 225
==745741==    at 0x4984E43: calloc (vg_replace_malloc.c:1678)
==745741==    by 0x4034297: ezalloc_real (awk.h:2174)
==745741==    by 0x4034297: tree_lookup (cint_array.c:773)
==745741==    by 0x404EEEF: r_interpret (interpret.h:427)
==745741==    by 0x400EDDE: main (main.c:532)
==745741== 
==745741== 512 bytes in 2 blocks are still reachable in loss record 198 of 225
==745741==    at 0x4984E43: calloc (vg_replace_malloc.c:1678)
==745741==    by 0x40344C0: ezalloc_real (awk.h:2174)
==745741==    by 0x40344C0: leaf_lookup (cint_array.c:1064)
==745741==    by 0x40344C0: tree_lookup (cint_array.c:797)
==745741==    by 0x404EEEF: r_interpret (interpret.h:427)
==745741==    by 0x400EDDE: main (main.c:532)
==745741== 
==745741== 512 bytes in 78 blocks are still reachable in loss record 199 of 225
==745741==    at 0x497D858: malloc (vg_replace_malloc.c:447)
==745741==    by 0x4069457: emalloc_real (awk.h:2156)
==745741==    by 0x4069457: make_str_node (node.c:422)
==745741==    by 0x4078494: load_symbols (symbol.c:700)
==745741==    by 0x400ED85: main (main.c:499)
==745741== 
==745741== 552 bytes in 1 blocks are still reachable in loss record 200 of 225
==745741==    at 0x4984E43: calloc (vg_replace_malloc.c:1678)
==745741==    by 0x4078976: ezalloc_real (awk.h:2174)
==745741==    by 0x4078976: new_context (symbol.c:870)
==745741==    by 0x400D61D: main (main.c:292)
==745741== 
==745741== 680 bytes in 16 blocks are still reachable in loss record 201 of 225
==745741==    at 0x498507F: realloc (vg_replace_malloc.c:1804)
==745741==    by 0x406956E: erealloc_real (awk.h:2192)
==745741==    by 0x406956E: make_str_node (node.c:494)
==745741==    by 0x401B194: yylex (awkgram.y:4074)
==745741==    by 0x401C83C: yyparse (awkgram.c:1879)
==745741==    by 0x402073A: parse_program (awkgram.y:2797)
==745741==    by 0x400EAD8: main (main.c:483)
==745741== 
==745741== 792 bytes in 9 blocks are still reachable in loss record 202 of 225
==745741==    at 0x497D858: malloc (vg_replace_malloc.c:447)
==745741==    by 0x4068FEB: emalloc_real (awk.h:2156)
==745741==    by 0x4068FEB: r_getblock (node.c:1164)
==745741==    by 0x4069930: make_number_node (awk.h:2206)
==745741==    by 0x4069930: r_make_number (node.c:369)
==745741==    by 0x400DA23: init_vars (main.c:869)
==745741==    by 0x400DA23: main (main.c:403)
==745741== 
==745741== 830 bytes in 24 blocks are still reachable in loss record 203 of 225
==745741==    at 0x497D858: malloc (vg_replace_malloc.c:447)
==745741==    by 0x4069457: emalloc_real (awk.h:2156)
==745741==    by 0x4069457: make_str_node (node.c:422)
==745741==    by 0x400E10D: load_environ (main.c:947)
==745741==    by 0x400E10D: init_vars (main.c:879)
==745741==    by 0x400E10D: main (main.c:403)
==745741== 
==745741== 1,144 bytes in 4 blocks are still reachable in loss record 204 of 225
==745741==    at 0x4984E43: calloc (vg_replace_malloc.c:1678)
==745741==    by 0x40778BB: ezalloc_real (awk.h:2174)
==745741==    by 0x40778BB: make_params (symbol.c:229)
==745741==    by 0x401E2B5: install_function (awkgram.y:5096)
==745741==    by 0x401E2B5: yyparse (awkgram.y:546)
==745741==    by 0x402073A: parse_program (awkgram.y:2797)
==745741==    by 0x400EAD8: main (main.c:483)
==745741== 
==745741== 1,152 bytes in 24 blocks are still reachable in loss record 205 of 225
==745741==    at 0x497D858: malloc (vg_replace_malloc.c:447)
==745741==    by 0x4068FEB: emalloc_real (awk.h:2156)
==745741==    by 0x4068FEB: r_getblock (node.c:1164)
==745741==    by 0x40768D9: str_lookup (str_array.c:214)
==745741==    by 0x407708C: assoc_set (awk.h:2220)
==745741==    by 0x407708C: install (symbol.c:430)
==745741==    by 0x400DA01: init_vars (main.c:865)
==745741==    by 0x400DA01: main (main.c:403)
==745741== 
==745741== 1,152 bytes in 24 blocks are still reachable in loss record 206 of 225
==745741==    at 0x497D858: malloc (vg_replace_malloc.c:447)
==745741==    by 0x4068FEB: emalloc_real (awk.h:2156)
==745741==    by 0x4068FEB: r_getblock (node.c:1164)
==745741==    by 0x40768D9: str_lookup (str_array.c:214)
==745741==    by 0x400E127: assoc_set (awk.h:2220)
==745741==    by 0x400E127: load_environ (main.c:949)
==745741==    by 0x400E127: init_vars (main.c:879)
==745741==    by 0x400E127: main (main.c:403)
==745741== 
==745741== 1,232 bytes in 14 blocks are still reachable in loss record 207 of 225
==745741==    at 0x497D858: malloc (vg_replace_malloc.c:447)
==745741==    by 0x4068FEB: emalloc_real (awk.h:2156)
==745741==    by 0x4068FEB: r_getblock (node.c:1164)
==745741==    by 0x40693C1: make_str_node (node.c:406)
==745741==    by 0x400D984: init_vars (main.c:867)
==745741==    by 0x400D984: main (main.c:403)
==745741== 
==745741== 2,016 bytes in 42 blocks are still reachable in loss record 208 of 225
==745741==    at 0x497D858: malloc (vg_replace_malloc.c:447)
==745741==    by 0x4068FEB: emalloc_real (awk.h:2156)
==745741==    by 0x4068FEB: r_getblock (node.c:1164)
==745741==    by 0x40768D9: str_lookup (str_array.c:214)
==745741==    by 0x407708C: assoc_set (awk.h:2220)
==745741==    by 0x407708C: install (symbol.c:430)
==745741==    by 0x401982E: install_builtins (awkgram.y:6601)
==745741==    by 0x400ED71: main (main.c:491)
==745741== 
==745741== 2,024 bytes in 23 blocks are still reachable in loss record 209 of 225
==745741==    at 0x497D858: malloc (vg_replace_malloc.c:447)
==745741==    by 0x4068FEB: emalloc_real (awk.h:2156)
==745741==    by 0x4068FEB: r_getblock (node.c:1164)
==745741==    by 0x4069930: make_number_node (awk.h:2206)
==745741==    by 0x4069930: r_make_number (node.c:369)
==745741==    by 0x401A26C: yylex (awkgram.y:4256)
==745741==    by 0x401C83C: yyparse (awkgram.c:1879)
==745741==    by 0x402073A: parse_program (awkgram.y:2797)
==745741==    by 0x400EAD8: main (main.c:483)
==745741== 
==745741== 2,048 bytes in 1 blocks are still reachable in loss record 210 of 225
==745741==    at 0x497D858: malloc (vg_replace_malloc.c:447)
==745741==    by 0x4048A59: emalloc_real (awk.h:2156)
==745741==    by 0x4048A59: init_interpret (eval.c:1897)
==745741==    by 0x400E3D5: main (main.c:468)
==745741== 
==745741== 2,112 bytes in 24 blocks are still reachable in loss record 211 of 225
==745741==    at 0x497D858: malloc (vg_replace_malloc.c:447)
==745741==    by 0x4068FEB: emalloc_real (awk.h:2156)
==745741==    by 0x4068FEB: r_getblock (node.c:1164)
==745741==    by 0x40693C1: make_str_node (node.c:406)
==745741==    by 0x4077055: install (symbol.c:399)
==745741==    by 0x400DA01: init_vars (main.c:865)
==745741==    by 0x400DA01: main (main.c:403)
==745741== 
==745741== 2,112 bytes in 24 blocks are still reachable in loss record 212 of 225
==745741==    at 0x497D858: malloc (vg_replace_malloc.c:447)
==745741==    by 0x4068FEB: emalloc_real (awk.h:2156)
==745741==    by 0x4068FEB: r_getblock (node.c:1164)
==745741==    by 0x4077133: make_symbol (symbol.c:376)
==745741==    by 0x4077133: install (symbol.c:417)
==745741==    by 0x400DA01: init_vars (main.c:865)
==745741==    by 0x400DA01: main (main.c:403)
==745741== 
==745741== 2,112 bytes in 24 blocks are still reachable in loss record 213 of 225
==745741==    at 0x497D858: malloc (vg_replace_malloc.c:447)
==745741==    by 0x4068FEB: emalloc_real (awk.h:2156)
==745741==    by 0x4068FEB: r_getblock (node.c:1164)
==745741==    by 0x40693C1: make_str_node (node.c:406)
==745741==    by 0x400E0F5: load_environ (main.c:946)
==745741==    by 0x400E0F5: init_vars (main.c:879)
==745741==    by 0x400E0F5: main (main.c:403)
==745741== 
==745741== 2,112 bytes in 24 blocks are still reachable in loss record 214 of 225
==745741==    at 0x497D858: malloc (vg_replace_malloc.c:447)
==745741==    by 0x4068FEB: emalloc_real (awk.h:2156)
==745741==    by 0x4068FEB: r_getblock (node.c:1164)
==745741==    by 0x40693C1: make_str_node (node.c:406)
==745741==    by 0x400E10D: load_environ (main.c:947)
==745741==    by 0x400E10D: init_vars (main.c:879)
==745741==    by 0x400E10D: main (main.c:403)
==745741== 
==745741== 3,696 bytes in 42 blocks are still reachable in loss record 215 of 225
==745741==    at 0x497D858: malloc (vg_replace_malloc.c:447)
==745741==    by 0x4068FEB: emalloc_real (awk.h:2156)
==745741==    by 0x4068FEB: r_getblock (node.c:1164)
==745741==    by 0x40693C1: make_str_node (node.c:406)
==745741==    by 0x4077055: install (symbol.c:399)
==745741==    by 0x401982E: install_builtins (awkgram.y:6601)
==745741==    by 0x400ED71: main (main.c:491)
==745741== 
==745741== 3,696 bytes in 42 blocks are still reachable in loss record 216 of 225
==745741==    at 0x497D858: malloc (vg_replace_malloc.c:447)
==745741==    by 0x4068FEB: emalloc_real (awk.h:2156)
==745741==    by 0x4068FEB: r_getblock (node.c:1164)
==745741==    by 0x407721E: make_symbol (symbol.c:376)
==745741==    by 0x407721E: install (symbol.c:417)
==745741==    by 0x401982E: install_builtins (awkgram.y:6601)
==745741==    by 0x400ED71: main (main.c:491)
==745741== 
==745741== 3,744 bytes in 78 blocks are still reachable in loss record 217 of 225
==745741==    at 0x497D858: malloc (vg_replace_malloc.c:447)
==745741==    by 0x4068FEB: emalloc_real (awk.h:2156)
==745741==    by 0x4068FEB: r_getblock (node.c:1164)
==745741==    by 0x40768D9: str_lookup (str_array.c:214)
==745741==    by 0x40782E9: load_symbols (symbol.c:701)
==745741==    by 0x400ED85: main (main.c:499)
==745741== 
==745741== 5,048 bytes in 1 blocks are still reachable in loss record 218 of 225
==745741==    at 0x497D858: malloc (vg_replace_malloc.c:447)
==745741==    by 0x4078891: emalloc_real (awk.h:2156)
==745741==    by 0x4078891: bcalloc (symbol.c:849)
==745741==    by 0x402065C: parse_program (awkgram.y:2770)
==745741==    by 0x400EAD8: main (main.c:483)
==745741== 
==745741== 5,048 bytes in 1 blocks are still reachable in loss record 219 of 225
==745741==    at 0x497D858: malloc (vg_replace_malloc.c:447)
==745741==    by 0x4078891: emalloc_real (awk.h:2156)
==745741==    by 0x4078891: bcalloc (symbol.c:849)
==745741==    by 0x4020B58: parse_program (awkgram.y:2778)
==745741==    by 0x400EAD8: main (main.c:483)
==745741== 
==745741== 5,048 bytes in 1 blocks are still reachable in loss record 220 of 225
==745741==    at 0x497D858: malloc (vg_replace_malloc.c:447)
==745741==    by 0x4078891: emalloc_real (awk.h:2156)
==745741==    by 0x4078891: bcalloc (symbol.c:849)
==745741==    by 0x401C2EA: yylex (awkgram.y:4447)
==745741==    by 0x401C83C: yyparse (awkgram.c:1879)
==745741==    by 0x402073A: parse_program (awkgram.y:2797)
==745741==    by 0x400EAD8: main (main.c:483)
==745741== 
==745741== 5,048 bytes in 1 blocks are still reachable in loss record 221 of 225
==745741==    at 0x497D858: malloc (vg_replace_malloc.c:447)
==745741==    by 0x4078891: emalloc_real (awk.h:2156)
==745741==    by 0x4078891: bcalloc (symbol.c:849)
==745741==    by 0x401A0E0: yylex (awkgram.y:4504)
==745741==    by 0x401C83C: yyparse (awkgram.c:1879)
==745741==    by 0x402073A: parse_program (awkgram.y:2797)
==745741==    by 0x400EAD8: main (main.c:483)
==745741== 
==745741== 5,048 bytes in 1 blocks are still reachable in loss record 222 of 225
==745741==    at 0x497D858: malloc (vg_replace_malloc.c:447)
==745741==    by 0x4078891: emalloc_real (awk.h:2156)
==745741==    by 0x4078891: bcalloc (symbol.c:849)
==745741==    by 0x401CA87: list_create (awkgram.y:6411)
==745741==    by 0x401CA87: yyparse (awkgram.y:2149)
==745741==    by 0x402073A: parse_program (awkgram.y:2797)
==745741==    by 0x400EAD8: main (main.c:483)
==745741== 
==745741== 5,048 bytes in 1 blocks are still reachable in loss record 223 of 225
==745741==    at 0x497D858: malloc (vg_replace_malloc.c:447)
==745741==    by 0x4078891: emalloc_real (awk.h:2156)
==745741==    by 0x4078891: bcalloc (symbol.c:849)
==745741==    by 0x401AF98: yylex (awkgram.y:4064)
==745741==    by 0x401C83C: yyparse (awkgram.c:1879)
==745741==    by 0x402073A: parse_program (awkgram.y:2797)
==745741==    by 0x400EAD8: main (main.c:483)
==745741== 
==745741== 5,192 bytes in 59 blocks are still reachable in loss record 224 of 225
==745741==    at 0x497D858: malloc (vg_replace_malloc.c:447)
==745741==    by 0x4068FEB: emalloc_real (awk.h:2156)
==745741==    by 0x4068FEB: r_getblock (node.c:1164)
==745741==    by 0x40693C1: make_str_node (node.c:406)
==745741==    by 0x401B194: yylex (awkgram.y:4074)
==745741==    by 0x401C83C: yyparse (awkgram.c:1879)
==745741==    by 0x402073A: parse_program (awkgram.y:2797)
==745741==    by 0x400EAD8: main (main.c:483)
==745741== 
==745741== 6,864 bytes in 78 blocks are still reachable in loss record 225 of 225
==745741==    at 0x497D858: malloc (vg_replace_malloc.c:447)
==745741==    by 0x4068FEB: emalloc_real (awk.h:2156)
==745741==    by 0x4068FEB: r_getblock (node.c:1164)
==745741==    by 0x40693C1: make_str_node (node.c:406)
==745741==    by 0x4078494: load_symbols (symbol.c:700)
==745741==    by 0x400ED85: main (main.c:499)
==745741== 
==745741== LEAK SUMMARY:
==745741==    definitely lost: 0 bytes in 0 blocks
==745741==    indirectly lost: 0 bytes in 0 blocks
==745741==      possibly lost: 0 bytes in 0 blocks
==745741==    still reachable: 91,017 bytes in 1,099 blocks
==745741==         suppressed: 0 bytes in 0 blocks
==745741== 
==745741== For lists of detected and suppressed errors, rerun with: -s
==745741== ERROR SUMMARY: 0 errors from 0 contexts (suppressed: 0 from 0)
