==745630== Memcheck, a memory error detector
==745630== Copyright (C) 2002-2024, and GNU GPL'd, by Julian Seward et al.
==745630== Using Valgrind-3.26.0 and LibVEX; rerun with -h for copyright info
==745630== Command: gawk -f rwarray.awk
==745630== Parent PID: 745629
==745630== 
==745630== 
==745630== FILE DESCRIPTORS: 2 open (2 inherited) at exit.
==745630== 
==745630== HEAP SUMMARY:
==745630==     in use at exit: 293,245 bytes in 5,079 blocks
==745630==   total heap usage: 26,464 allocs, 21,385 frees, 1,784,560 bytes allocated
==745630== 
==745630== 1 bytes in 1 blocks are still reachable in loss record 1 of 287
==745630==    at 0x586E858: malloc (vg_replace_malloc.c:447)
==745630==    by 0x44390B0: rboxc_gawk_estrdup (in /root/rboxc/target/gawk-format-lifetime-candidate/release/rboxc)
==745630==    by 0x443E31E: single_binary_main_gawk (in /root/rboxc/target/gawk-format-lifetime-candidate/release/rboxc)
==745630==    by 0x5A18600: (below main) (libc_start_call_main.h:59)
==745630== 
==745630== 1 bytes in 1 blocks are still reachable in loss record 2 of 287
==745630==    at 0x586E858: malloc (vg_replace_malloc.c:447)
==745630==    by 0x44390B0: rboxc_gawk_estrdup (in /root/rboxc/target/gawk-format-lifetime-candidate/release/rboxc)
==745630==    by 0x443E34D: single_binary_main_gawk (in /root/rboxc/target/gawk-format-lifetime-candidate/release/rboxc)
==745630==    by 0x5A18600: (below main) (libc_start_call_main.h:59)
==745630== 
==745630== 1 bytes in 1 blocks are still reachable in loss record 3 of 287
==745630==    at 0x586E858: malloc (vg_replace_malloc.c:447)
==745630==    by 0x44390B0: rboxc_gawk_estrdup (in /root/rboxc/target/gawk-format-lifetime-candidate/release/rboxc)
==745630==    by 0x443E365: single_binary_main_gawk (in /root/rboxc/target/gawk-format-lifetime-candidate/release/rboxc)
==745630==    by 0x5A18600: (below main) (libc_start_call_main.h:59)
==745630== 
==745630== 1 bytes in 1 blocks are still reachable in loss record 4 of 287
==745630==    at 0x586E858: malloc (vg_replace_malloc.c:447)
==745630==    by 0x44390B0: rboxc_gawk_estrdup (in /root/rboxc/target/gawk-format-lifetime-candidate/release/rboxc)
==745630==    by 0x443E37D: single_binary_main_gawk (in /root/rboxc/target/gawk-format-lifetime-candidate/release/rboxc)
==745630==    by 0x5A18600: (below main) (libc_start_call_main.h:59)
==745630== 
==745630== 1 bytes in 1 blocks are still reachable in loss record 5 of 287
==745630==    at 0x586E858: malloc (vg_replace_malloc.c:447)
==745630==    by 0x44390B0: rboxc_gawk_estrdup (in /root/rboxc/target/gawk-format-lifetime-candidate/release/rboxc)
==745630==    by 0x443E395: single_binary_main_gawk (in /root/rboxc/target/gawk-format-lifetime-candidate/release/rboxc)
==745630==    by 0x5A18600: (below main) (libc_start_call_main.h:59)
==745630== 
==745630== 1 bytes in 1 blocks are still reachable in loss record 6 of 287
==745630==    at 0x586E858: malloc (vg_replace_malloc.c:447)
==745630==    by 0x44390B0: rboxc_gawk_estrdup (in /root/rboxc/target/gawk-format-lifetime-candidate/release/rboxc)
==745630==    by 0x443E3AD: single_binary_main_gawk (in /root/rboxc/target/gawk-format-lifetime-candidate/release/rboxc)
==745630==    by 0x5A18600: (below main) (libc_start_call_main.h:59)
==745630== 
==745630== 1 bytes in 1 blocks are still reachable in loss record 7 of 287
==745630==    at 0x586E858: malloc (vg_replace_malloc.c:447)
==745630==    by 0x44390B0: rboxc_gawk_estrdup (in /root/rboxc/target/gawk-format-lifetime-candidate/release/rboxc)
==745630==    by 0x443E3C5: single_binary_main_gawk (in /root/rboxc/target/gawk-format-lifetime-candidate/release/rboxc)
==745630==    by 0x5A18600: (below main) (libc_start_call_main.h:59)
==745630== 
==745630== 1 bytes in 1 blocks are still reachable in loss record 8 of 287
==745630==    at 0x586E858: malloc (vg_replace_malloc.c:447)
==745630==    by 0x44390B0: rboxc_gawk_estrdup (in /root/rboxc/target/gawk-format-lifetime-candidate/release/rboxc)
==745630==    by 0x443E3DD: single_binary_main_gawk (in /root/rboxc/target/gawk-format-lifetime-candidate/release/rboxc)
==745630==    by 0x5A18600: (below main) (libc_start_call_main.h:59)
==745630== 
==745630== 1 bytes in 1 blocks are still reachable in loss record 9 of 287
==745630==    at 0x586E858: malloc (vg_replace_malloc.c:447)
==745630==    by 0x44390B0: rboxc_gawk_estrdup (in /root/rboxc/target/gawk-format-lifetime-candidate/release/rboxc)
==745630==    by 0x443E3F5: single_binary_main_gawk (in /root/rboxc/target/gawk-format-lifetime-candidate/release/rboxc)
==745630==    by 0x5A18600: (below main) (libc_start_call_main.h:59)
==745630== 
==745630== 1 bytes in 1 blocks are still reachable in loss record 10 of 287
==745630==    at 0x586E858: malloc (vg_replace_malloc.c:447)
==745630==    by 0x473F017: rboxc_gawk_make_str_node (in /root/rboxc/target/gawk-format-lifetime-candidate/release/rboxc)
==745630==    by 0x443E47C: single_binary_main_gawk (in /root/rboxc/target/gawk-format-lifetime-candidate/release/rboxc)
==745630==    by 0x5A18600: (below main) (libc_start_call_main.h:59)
==745630== 
==745630== 1 bytes in 1 blocks are still reachable in loss record 11 of 287
==745630==    at 0x586E858: malloc (vg_replace_malloc.c:447)
==745630==    by 0x473F017: rboxc_gawk_make_str_node (in /root/rboxc/target/gawk-format-lifetime-candidate/release/rboxc)
==745630==    by 0x472BED5: rboxc_gawk_init_fields (in /root/rboxc/target/gawk-format-lifetime-candidate/release/rboxc)
==745630==    by 0x443F9A0: single_binary_main_gawk (in /root/rboxc/target/gawk-format-lifetime-candidate/release/rboxc)
==745630==    by 0x5A18600: (below main) (libc_start_call_main.h:59)
==745630== 
==745630== 1 bytes in 1 blocks are still reachable in loss record 12 of 287
==745630==    at 0x586E858: malloc (vg_replace_malloc.c:447)
==745630==    by 0x473F017: rboxc_gawk_make_str_node (in /root/rboxc/target/gawk-format-lifetime-candidate/release/rboxc)
==745630==    by 0x472BF20: rboxc_gawk_init_fields (in /root/rboxc/target/gawk-format-lifetime-candidate/release/rboxc)
==745630==    by 0x443F9A0: single_binary_main_gawk (in /root/rboxc/target/gawk-format-lifetime-candidate/release/rboxc)
==745630==    by 0x5A18600: (below main) (libc_start_call_main.h:59)
==745630== 
==745630== 1 bytes in 1 blocks are still reachable in loss record 13 of 287
==745630==    at 0x586E858: malloc (vg_replace_malloc.c:447)
==745630==    by 0x473F017: rboxc_gawk_make_str_node (in /root/rboxc/target/gawk-format-lifetime-candidate/release/rboxc)
==745630==    by 0x471DABB: rboxc_gawk_update_ERRNO_int (in /root/rboxc/target/gawk-format-lifetime-candidate/release/rboxc)
==745630==    by 0x47383E8: rboxc_gawk_nextfile (in /root/rboxc/target/gawk-format-lifetime-candidate/release/rboxc)
==745630==    by 0x4726299: rboxc_gawk_r_interpret (in /root/rboxc/target/gawk-format-lifetime-candidate/release/rboxc)
==745630==    by 0x4440403: single_binary_main_gawk (in /root/rboxc/target/gawk-format-lifetime-candidate/release/rboxc)
==745630==    by 0x5A18600: (below main) (libc_start_call_main.h:59)
==745630== 
==745630== 2 bytes in 1 blocks are still reachable in loss record 14 of 287
==745630==    at 0x586E858: malloc (vg_replace_malloc.c:447)
==745630==    by 0x44390B0: rboxc_gawk_estrdup (in /root/rboxc/target/gawk-format-lifetime-candidate/release/rboxc)
==745630==    by 0x443E335: single_binary_main_gawk (in /root/rboxc/target/gawk-format-lifetime-candidate/release/rboxc)
==745630==    by 0x5A18600: (below main) (libc_start_call_main.h:59)
==745630== 
==745630== 2 bytes in 1 blocks are still reachable in loss record 15 of 287
==745630==    at 0x586E858: malloc (vg_replace_malloc.c:447)
==745630==    by 0x471D3BF: rboxc_gawk_set_OFS (in /root/rboxc/target/gawk-format-lifetime-candidate/release/rboxc)
==745630==    by 0x443F2E8: single_binary_main_gawk (in /root/rboxc/target/gawk-format-lifetime-candidate/release/rboxc)
==745630==    by 0x5A18600: (below main) (libc_start_call_main.h:59)
==745630== 
==745630== 2 bytes in 1 blocks are still reachable in loss record 16 of 287
==745630==    at 0x586E858: malloc (vg_replace_malloc.c:447)
==745630==    by 0x473F017: rboxc_gawk_make_str_node (in /root/rboxc/target/gawk-format-lifetime-candidate/release/rboxc)
==745630==    by 0x4738425: rboxc_gawk_nextfile (in /root/rboxc/target/gawk-format-lifetime-candidate/release/rboxc)
==745630==    by 0x4726299: rboxc_gawk_r_interpret (in /root/rboxc/target/gawk-format-lifetime-candidate/release/rboxc)
==745630==    by 0x4440403: single_binary_main_gawk (in /root/rboxc/target/gawk-format-lifetime-candidate/release/rboxc)
==745630==    by 0x5A18600: (below main) (libc_start_call_main.h:59)
==745630== 
==745630== 2 bytes in 1 blocks are still reachable in loss record 17 of 287
==745630==    at 0x586E858: malloc (vg_replace_malloc.c:447)
==745630==    by 0x473F017: rboxc_gawk_make_str_node (in /root/rboxc/target/gawk-format-lifetime-candidate/release/rboxc)
==745630==    by 0x4737528: get_a_record (in /root/rboxc/target/gawk-format-lifetime-candidate/release/rboxc)
==745630==    by 0x473BEEF: rboxc_gawk_do_getline (in /root/rboxc/target/gawk-format-lifetime-candidate/release/rboxc)
==745630==    by 0x4726286: rboxc_gawk_r_interpret (in /root/rboxc/target/gawk-format-lifetime-candidate/release/rboxc)
==745630==    by 0x4440403: single_binary_main_gawk (in /root/rboxc/target/gawk-format-lifetime-candidate/release/rboxc)
==745630==    by 0x5A18600: (below main) (libc_start_call_main.h:59)
==745630== 
==745630== 2 bytes in 1 blocks are still reachable in loss record 18 of 287
==745630==    at 0x586E858: malloc (vg_replace_malloc.c:447)
==745630==    by 0x44390B0: rboxc_gawk_estrdup (in /root/rboxc/target/gawk-format-lifetime-candidate/release/rboxc)
==745630==    by 0x473F573: rboxc_gawk_make_bool_node (in /root/rboxc/target/gawk-format-lifetime-candidate/release/rboxc)
==745630==    by 0x47316CC: api_set_array_element (in /root/rboxc/target/gawk-format-lifetime-candidate/release/rboxc)
==745630==    by 0x58878E8: read_array (rwarray.c:646)
==745630==    by 0x5886C90: read_backend (rwarray.c:589)
==745630==    by 0x5886DBB: do_reada (rwarray.c:616)
==745630==    by 0x472592E: rboxc_gawk_r_interpret (in /root/rboxc/target/gawk-format-lifetime-candidate/release/rboxc)
==745630==    by 0x4440403: single_binary_main_gawk (in /root/rboxc/target/gawk-format-lifetime-candidate/release/rboxc)
==745630==    by 0x5A18600: (below main) (libc_start_call_main.h:59)
==745630== 
==745630== 3 bytes in 1 blocks are still reachable in loss record 19 of 287
==745630==    at 0x586E858: malloc (vg_replace_malloc.c:447)
==745630==    by 0x473F017: rboxc_gawk_make_str_node (in /root/rboxc/target/gawk-format-lifetime-candidate/release/rboxc)
==745630==    by 0x472B6AF: update_PROCINFO_str.part.0 (in /root/rboxc/target/gawk-format-lifetime-candidate/release/rboxc)
==745630==    by 0x443F5CC: single_binary_main_gawk (in /root/rboxc/target/gawk-format-lifetime-candidate/release/rboxc)
==745630==    by 0x5A18600: (below main) (libc_start_call_main.h:59)
==745630== 
==745630== 3 bytes in 1 blocks are still reachable in loss record 20 of 287
==745630==    at 0x586E858: malloc (vg_replace_malloc.c:447)
==745630==    by 0x473F017: rboxc_gawk_make_str_node (in /root/rboxc/target/gawk-format-lifetime-candidate/release/rboxc)
==745630==    by 0x472B6C7: update_PROCINFO_str.part.0 (in /root/rboxc/target/gawk-format-lifetime-candidate/release/rboxc)
==745630==    by 0x443F5CC: single_binary_main_gawk (in /root/rboxc/target/gawk-format-lifetime-candidate/release/rboxc)
==745630==    by 0x5A18600: (below main) (libc_start_call_main.h:59)
==745630== 
==745630== 4 bytes in 1 blocks are still reachable in loss record 21 of 287
==745630==    at 0x586E858: malloc (vg_replace_malloc.c:447)
==745630==    by 0x473F017: rboxc_gawk_make_str_node (in /root/rboxc/target/gawk-format-lifetime-candidate/release/rboxc)
==745630==    by 0x472EB44: rboxc_gawk_update_PROCINFO_num (in /root/rboxc/target/gawk-format-lifetime-candidate/release/rboxc)
==745630==    by 0x443F53B: single_binary_main_gawk (in /root/rboxc/target/gawk-format-lifetime-candidate/release/rboxc)
==745630==    by 0x5A18600: (below main) (libc_start_call_main.h:59)
==745630== 
==745630== 4 bytes in 1 blocks are still reachable in loss record 22 of 287
==745630==    at 0x586E858: malloc (vg_replace_malloc.c:447)
==745630==    by 0x473F017: rboxc_gawk_make_str_node (in /root/rboxc/target/gawk-format-lifetime-candidate/release/rboxc)
==745630==    by 0x472EB44: rboxc_gawk_update_PROCINFO_num (in /root/rboxc/target/gawk-format-lifetime-candidate/release/rboxc)
==745630==    by 0x443F56C: single_binary_main_gawk (in /root/rboxc/target/gawk-format-lifetime-candidate/release/rboxc)
==745630==    by 0x5A18600: (below main) (libc_start_call_main.h:59)
==745630== 
==745630== 4 bytes in 1 blocks are still reachable in loss record 23 of 287
==745630==    at 0x586E858: malloc (vg_replace_malloc.c:447)
==745630==    by 0x473F017: rboxc_gawk_make_str_node (in /root/rboxc/target/gawk-format-lifetime-candidate/release/rboxc)
==745630==    by 0x472EB44: rboxc_gawk_update_PROCINFO_num (in /root/rboxc/target/gawk-format-lifetime-candidate/release/rboxc)
==745630==    by 0x443F5A0: single_binary_main_gawk (in /root/rboxc/target/gawk-format-lifetime-candidate/release/rboxc)
==745630==    by 0x5A18600: (below main) (libc_start_call_main.h:59)
==745630== 
==745630== 4 bytes in 1 blocks are still reachable in loss record 24 of 287
==745630==    at 0x586E858: malloc (vg_replace_malloc.c:447)
==745630==    by 0x473F017: rboxc_gawk_make_str_node (in /root/rboxc/target/gawk-format-lifetime-candidate/release/rboxc)
==745630==    by 0x472B6AF: update_PROCINFO_str.part.0 (in /root/rboxc/target/gawk-format-lifetime-candidate/release/rboxc)
==745630==    by 0x443F758: single_binary_main_gawk (in /root/rboxc/target/gawk-format-lifetime-candidate/release/rboxc)
==745630==    by 0x5A18600: (below main) (libc_start_call_main.h:59)
==745630== 
==745630== 5 bytes in 1 blocks are still reachable in loss record 25 of 287
==745630==    at 0x586E858: malloc (vg_replace_malloc.c:447)
==745630==    by 0x473F017: rboxc_gawk_make_str_node (in /root/rboxc/target/gawk-format-lifetime-candidate/release/rboxc)
==745630==    by 0x472EB44: rboxc_gawk_update_PROCINFO_num (in /root/rboxc/target/gawk-format-lifetime-candidate/release/rboxc)
==745630==    by 0x443F552: single_binary_main_gawk (in /root/rboxc/target/gawk-format-lifetime-candidate/release/rboxc)
==745630==    by 0x5A18600: (below main) (libc_start_call_main.h:59)
==745630== 
==745630== 5 bytes in 1 blocks are still reachable in loss record 26 of 287
==745630==    at 0x586E858: malloc (vg_replace_malloc.c:447)
==745630==    by 0x473F017: rboxc_gawk_make_str_node (in /root/rboxc/target/gawk-format-lifetime-candidate/release/rboxc)
==745630==    by 0x472EB44: rboxc_gawk_update_PROCINFO_num (in /root/rboxc/target/gawk-format-lifetime-candidate/release/rboxc)
==745630==    by 0x443F586: single_binary_main_gawk (in /root/rboxc/target/gawk-format-lifetime-candidate/release/rboxc)
==745630==    by 0x5A18600: (below main) (libc_start_call_main.h:59)
==745630== 
==745630== 5 bytes in 1 blocks are still reachable in loss record 27 of 287
==745630==    at 0x586E858: malloc (vg_replace_malloc.c:447)
==745630==    by 0x473F017: rboxc_gawk_make_str_node (in /root/rboxc/target/gawk-format-lifetime-candidate/release/rboxc)
==745630==    by 0x472EB44: rboxc_gawk_update_PROCINFO_num (in /root/rboxc/target/gawk-format-lifetime-candidate/release/rboxc)
==745630==    by 0x443F5BA: single_binary_main_gawk (in /root/rboxc/target/gawk-format-lifetime-candidate/release/rboxc)
==745630==    by 0x5A18600: (below main) (libc_start_call_main.h:59)
==745630== 
==745630== 5 bytes in 1 blocks are still reachable in loss record 28 of 287
==745630==    at 0x586E858: malloc (vg_replace_malloc.c:447)
==745630==    by 0x443F7C5: single_binary_main_gawk (in /root/rboxc/target/gawk-format-lifetime-candidate/release/rboxc)
==745630==    by 0x5A18600: (below main) (libc_start_call_main.h:59)
==745630== 
==745630== 5 bytes in 1 blocks are still reachable in loss record 29 of 287
==745630==    at 0x586E858: malloc (vg_replace_malloc.c:447)
==745630==    by 0x473F017: rboxc_gawk_make_str_node (in /root/rboxc/target/gawk-format-lifetime-candidate/release/rboxc)
==745630==    by 0x443F86B: single_binary_main_gawk (in /root/rboxc/target/gawk-format-lifetime-candidate/release/rboxc)
==745630==    by 0x5A18600: (below main) (libc_start_call_main.h:59)
==745630== 
==745630== 5 bytes in 1 blocks are still reachable in loss record 30 of 287
==745630==    at 0x586E858: malloc (vg_replace_malloc.c:447)
==745630==    by 0x443FED2: single_binary_main_gawk (in /root/rboxc/target/gawk-format-lifetime-candidate/release/rboxc)
==745630==    by 0x5A18600: (below main) (libc_start_call_main.h:59)
==745630== 
==745630== 5 bytes in 1 blocks are still reachable in loss record 31 of 287
==745630==    at 0x586E858: malloc (vg_replace_malloc.c:447)
==745630==    by 0x473F017: rboxc_gawk_make_str_node (in /root/rboxc/target/gawk-format-lifetime-candidate/release/rboxc)
==745630==    by 0x474D135: install (in /root/rboxc/target/gawk-format-lifetime-candidate/release/rboxc)
==745630==    by 0x443FF58: single_binary_main_gawk (in /root/rboxc/target/gawk-format-lifetime-candidate/release/rboxc)
==745630==    by 0x5A18600: (below main) (libc_start_call_main.h:59)
==745630== 
==745630== 5 bytes in 1 blocks are still reachable in loss record 32 of 287
==745630==    at 0x586E858: malloc (vg_replace_malloc.c:447)
==745630==    by 0x473F017: rboxc_gawk_make_str_node (in /root/rboxc/target/gawk-format-lifetime-candidate/release/rboxc)
==745630==    by 0x443FF98: single_binary_main_gawk (in /root/rboxc/target/gawk-format-lifetime-candidate/release/rboxc)
==745630==    by 0x5A18600: (below main) (libc_start_call_main.h:59)
==745630== 
==745630== 5 bytes in 1 blocks are still reachable in loss record 33 of 287
==745630==    at 0x586E858: malloc (vg_replace_malloc.c:447)
==745630==    by 0x44401AB: single_binary_main_gawk (in /root/rboxc/target/gawk-format-lifetime-candidate/release/rboxc)
==745630==    by 0x5A18600: (below main) (libc_start_call_main.h:59)
==745630== 
==745630== 5 bytes in 1 blocks are still reachable in loss record 34 of 287
==745630==    at 0x586E858: malloc (vg_replace_malloc.c:447)
==745630==    by 0x473F017: rboxc_gawk_make_str_node (in /root/rboxc/target/gawk-format-lifetime-candidate/release/rboxc)
==745630==    by 0x474D135: install (in /root/rboxc/target/gawk-format-lifetime-candidate/release/rboxc)
==745630==    by 0x4440233: single_binary_main_gawk (in /root/rboxc/target/gawk-format-lifetime-candidate/release/rboxc)
==745630==    by 0x5A18600: (below main) (libc_start_call_main.h:59)
==745630== 
==745630== 5 bytes in 1 blocks are still reachable in loss record 35 of 287
==745630==    at 0x586E858: malloc (vg_replace_malloc.c:447)
==745630==    by 0x473F017: rboxc_gawk_make_str_node (in /root/rboxc/target/gawk-format-lifetime-candidate/release/rboxc)
==745630==    by 0x474D135: install (in /root/rboxc/target/gawk-format-lifetime-candidate/release/rboxc)
==745630==    by 0x46F2685: rboxc_gawk_yyparse (in /root/rboxc/target/gawk-format-lifetime-candidate/release/rboxc)
==745630==    by 0x46F639A: rboxc_gawk_parse_program (in /root/rboxc/target/gawk-format-lifetime-candidate/release/rboxc)
==745630==    by 0x44402A4: single_binary_main_gawk (in /root/rboxc/target/gawk-format-lifetime-candidate/release/rboxc)
==745630==    by 0x5A18600: (below main) (libc_start_call_main.h:59)
==745630== 
==745630== 5 bytes in 1 blocks are still reachable in loss record 36 of 287
==745630==    at 0x586E858: malloc (vg_replace_malloc.c:447)
==745630==    by 0x473F017: rboxc_gawk_make_str_node (in /root/rboxc/target/gawk-format-lifetime-candidate/release/rboxc)
==745630==    by 0x472A9CE: set_element (in /root/rboxc/target/gawk-format-lifetime-candidate/release/rboxc)
==745630==    by 0x472ABC8: def_parse_field (in /root/rboxc/target/gawk-format-lifetime-candidate/release/rboxc)
==745630==    by 0x472D215: rboxc_gawk_do_split (in /root/rboxc/target/gawk-format-lifetime-candidate/release/rboxc)
==745630==    by 0x47262FC: rboxc_gawk_r_interpret (in /root/rboxc/target/gawk-format-lifetime-candidate/release/rboxc)
==745630==    by 0x4440403: single_binary_main_gawk (in /root/rboxc/target/gawk-format-lifetime-candidate/release/rboxc)
==745630==    by 0x5A18600: (below main) (libc_start_call_main.h:59)
==745630== 
==745630== 6 bytes in 1 blocks are still reachable in loss record 37 of 287
==745630==    at 0x586E858: malloc (vg_replace_malloc.c:447)
==745630==    by 0x473F017: rboxc_gawk_make_str_node (in /root/rboxc/target/gawk-format-lifetime-candidate/release/rboxc)
==745630==    by 0x472B6C7: update_PROCINFO_str.part.0 (in /root/rboxc/target/gawk-format-lifetime-candidate/release/rboxc)
==745630==    by 0x443F4C2: single_binary_main_gawk (in /root/rboxc/target/gawk-format-lifetime-candidate/release/rboxc)
==745630==    by 0x5A18600: (below main) (libc_start_call_main.h:59)
==745630== 
==745630== 6 bytes in 1 blocks are still reachable in loss record 38 of 287
==745630==    at 0x586E858: malloc (vg_replace_malloc.c:447)
==745630==    by 0x473F017: rboxc_gawk_make_str_node (in /root/rboxc/target/gawk-format-lifetime-candidate/release/rboxc)
==745630==    by 0x472B6C7: update_PROCINFO_str.part.0 (in /root/rboxc/target/gawk-format-lifetime-candidate/release/rboxc)
==745630==    by 0x443F4E2: single_binary_main_gawk (in /root/rboxc/target/gawk-format-lifetime-candidate/release/rboxc)
==745630==    by 0x5A18600: (below main) (libc_start_call_main.h:59)
==745630== 
==745630== 6 bytes in 1 blocks are still reachable in loss record 39 of 287
==745630==    at 0x586E858: malloc (vg_replace_malloc.c:447)
==745630==    by 0x473F017: rboxc_gawk_make_str_node (in /root/rboxc/target/gawk-format-lifetime-candidate/release/rboxc)
==745630==    by 0x474E1EA: rboxc_gawk_load_symbols (in /root/rboxc/target/gawk-format-lifetime-candidate/release/rboxc)
==745630==    by 0x444037C: single_binary_main_gawk (in /root/rboxc/target/gawk-format-lifetime-candidate/release/rboxc)
==745630==    by 0x5A18600: (below main) (libc_start_call_main.h:59)
==745630== 
==745630== 6 bytes in 1 blocks are still reachable in loss record 40 of 287
==745630==    at 0x586E858: malloc (vg_replace_malloc.c:447)
==745630==    by 0x473F017: rboxc_gawk_make_str_node (in /root/rboxc/target/gawk-format-lifetime-candidate/release/rboxc)
==745630==    by 0x472EB44: rboxc_gawk_update_PROCINFO_num (in /root/rboxc/target/gawk-format-lifetime-candidate/release/rboxc)
==745630==    by 0x471DA73: rboxc_gawk_update_ERRNO_int (in /root/rboxc/target/gawk-format-lifetime-candidate/release/rboxc)
==745630==    by 0x47383E8: rboxc_gawk_nextfile (in /root/rboxc/target/gawk-format-lifetime-candidate/release/rboxc)
==745630==    by 0x4726299: rboxc_gawk_r_interpret (in /root/rboxc/target/gawk-format-lifetime-candidate/release/rboxc)
==745630==    by 0x4440403: single_binary_main_gawk (in /root/rboxc/target/gawk-format-lifetime-candidate/release/rboxc)
==745630==    by 0x5A18600: (below main) (libc_start_call_main.h:59)
==745630== 
==745630== 6 bytes in 1 blocks are still reachable in loss record 41 of 287
==745630==    at 0x586E858: malloc (vg_replace_malloc.c:447)
==745630==    by 0x473F017: rboxc_gawk_make_str_node (in /root/rboxc/target/gawk-format-lifetime-candidate/release/rboxc)
==745630==    by 0x473BFD7: rboxc_gawk_do_getline (in /root/rboxc/target/gawk-format-lifetime-candidate/release/rboxc)
==745630==    by 0x4726286: rboxc_gawk_r_interpret (in /root/rboxc/target/gawk-format-lifetime-candidate/release/rboxc)
==745630==    by 0x4440403: single_binary_main_gawk (in /root/rboxc/target/gawk-format-lifetime-candidate/release/rboxc)
==745630==    by 0x5A18600: (below main) (libc_start_call_main.h:59)
==745630== 
==745630== 6 bytes in 2 blocks are still reachable in loss record 42 of 287
==745630==    at 0x586E858: malloc (vg_replace_malloc.c:447)
==745630==    by 0x473E26D: r_format_val.part.0 (in /root/rboxc/target/gawk-format-lifetime-candidate/release/rboxc)
==745630==    by 0x474175C: rboxc_gawk_format_args (in /root/rboxc/target/gawk-format-lifetime-candidate/release/rboxc)
==745630==    by 0x47442D4: printf_common (in /root/rboxc/target/gawk-format-lifetime-candidate/release/rboxc)
==745630==    by 0x474477A: rboxc_gawk_do_printf (in /root/rboxc/target/gawk-format-lifetime-candidate/release/rboxc)
==745630==    by 0x47262DB: rboxc_gawk_r_interpret (in /root/rboxc/target/gawk-format-lifetime-candidate/release/rboxc)
==745630==    by 0x4440403: single_binary_main_gawk (in /root/rboxc/target/gawk-format-lifetime-candidate/release/rboxc)
==745630==    by 0x5A18600: (below main) (libc_start_call_main.h:59)
==745630== 
==745630== 7 bytes in 1 blocks are still reachable in loss record 43 of 287
==745630==    at 0x586E858: malloc (vg_replace_malloc.c:447)
==745630==    by 0x44390B0: rboxc_gawk_estrdup (in /root/rboxc/target/gawk-format-lifetime-candidate/release/rboxc)
==745630==    by 0x474D461: init_the_tables (in /root/rboxc/target/gawk-format-lifetime-candidate/release/rboxc)
==745630==    by 0x443E550: single_binary_main_gawk (in /root/rboxc/target/gawk-format-lifetime-candidate/release/rboxc)
==745630==    by 0x5A18600: (below main) (libc_start_call_main.h:59)
==745630== 
==745630== 7 bytes in 1 blocks are still reachable in loss record 44 of 287
==745630==    at 0x586E858: malloc (vg_replace_malloc.c:447)
==745630==    by 0x473F017: rboxc_gawk_make_str_node (in /root/rboxc/target/gawk-format-lifetime-candidate/release/rboxc)
==745630==    by 0x474D135: install (in /root/rboxc/target/gawk-format-lifetime-candidate/release/rboxc)
==745630==    by 0x474D470: init_the_tables (in /root/rboxc/target/gawk-format-lifetime-candidate/release/rboxc)
==745630==    by 0x443E550: single_binary_main_gawk (in /root/rboxc/target/gawk-format-lifetime-candidate/release/rboxc)
==745630==    by 0x5A18600: (below main) (libc_start_call_main.h:59)
==745630== 
==745630== 7 bytes in 1 blocks are still reachable in loss record 45 of 287
==745630==    at 0x586E858: malloc (vg_replace_malloc.c:447)
==745630==    by 0x473F017: rboxc_gawk_make_str_node (in /root/rboxc/target/gawk-format-lifetime-candidate/release/rboxc)
==745630==    by 0x472EB44: rboxc_gawk_update_PROCINFO_num (in /root/rboxc/target/gawk-format-lifetime-candidate/release/rboxc)
==745630==    by 0x443F524: single_binary_main_gawk (in /root/rboxc/target/gawk-format-lifetime-candidate/release/rboxc)
==745630==    by 0x5A18600: (below main) (libc_start_call_main.h:59)
==745630== 
==745630== 7 bytes in 1 blocks are still reachable in loss record 46 of 287
==745630==    at 0x586E858: malloc (vg_replace_malloc.c:447)
==745630==    by 0x473F017: rboxc_gawk_make_str_node (in /root/rboxc/target/gawk-format-lifetime-candidate/release/rboxc)
==745630==    by 0x474E1BA: rboxc_gawk_load_symbols (in /root/rboxc/target/gawk-format-lifetime-candidate/release/rboxc)
==745630==    by 0x444037C: single_binary_main_gawk (in /root/rboxc/target/gawk-format-lifetime-candidate/release/rboxc)
==745630==    by 0x5A18600: (below main) (libc_start_call_main.h:59)
==745630== 
==745630== 8 bytes in 1 blocks are still reachable in loss record 47 of 287
==745630==    at 0x586E858: malloc (vg_replace_malloc.c:447)
==745630==    by 0x44390B0: rboxc_gawk_estrdup (in /root/rboxc/target/gawk-format-lifetime-candidate/release/rboxc)
==745630==    by 0x474D43A: init_the_tables (in /root/rboxc/target/gawk-format-lifetime-candidate/release/rboxc)
==745630==    by 0x443E550: single_binary_main_gawk (in /root/rboxc/target/gawk-format-lifetime-candidate/release/rboxc)
==745630==    by 0x5A18600: (below main) (libc_start_call_main.h:59)
==745630== 
==745630== 8 bytes in 1 blocks are still reachable in loss record 48 of 287
==745630==    at 0x586E858: malloc (vg_replace_malloc.c:447)
==745630==    by 0x473F017: rboxc_gawk_make_str_node (in /root/rboxc/target/gawk-format-lifetime-candidate/release/rboxc)
==745630==    by 0x474D135: install (in /root/rboxc/target/gawk-format-lifetime-candidate/release/rboxc)
==745630==    by 0x474D449: init_the_tables (in /root/rboxc/target/gawk-format-lifetime-candidate/release/rboxc)
==745630==    by 0x443E550: single_binary_main_gawk (in /root/rboxc/target/gawk-format-lifetime-candidate/release/rboxc)
==745630==    by 0x5A18600: (below main) (libc_start_call_main.h:59)
==745630== 
==745630== 8 bytes in 1 blocks are still reachable in loss record 49 of 287
==745630==    at 0x586E858: malloc (vg_replace_malloc.c:447)
==745630==    by 0x473F017: rboxc_gawk_make_str_node (in /root/rboxc/target/gawk-format-lifetime-candidate/release/rboxc)
==745630==    by 0x472B6AF: update_PROCINFO_str.part.0 (in /root/rboxc/target/gawk-format-lifetime-candidate/release/rboxc)
==745630==    by 0x443F4C2: single_binary_main_gawk (in /root/rboxc/target/gawk-format-lifetime-candidate/release/rboxc)
==745630==    by 0x5A18600: (below main) (libc_start_call_main.h:59)
==745630== 
==745630== 8 bytes in 1 blocks are still reachable in loss record 50 of 287
==745630==    at 0x586E858: malloc (vg_replace_malloc.c:447)
==745630==    by 0x443F8A0: single_binary_main_gawk (in /root/rboxc/target/gawk-format-lifetime-candidate/release/rboxc)
==745630==    by 0x5A18600: (below main) (libc_start_call_main.h:59)
==745630== 
==745630== 8 bytes in 1 blocks are still reachable in loss record 51 of 287
==745630==    at 0x586E858: malloc (vg_replace_malloc.c:447)
==745630==    by 0x473F017: rboxc_gawk_make_str_node (in /root/rboxc/target/gawk-format-lifetime-candidate/release/rboxc)
==745630==    by 0x474D135: install (in /root/rboxc/target/gawk-format-lifetime-candidate/release/rboxc)
==745630==    by 0x443F92D: single_binary_main_gawk (in /root/rboxc/target/gawk-format-lifetime-candidate/release/rboxc)
==745630==    by 0x5A18600: (below main) (libc_start_call_main.h:59)
==745630== 
==745630== 8 bytes in 1 blocks are still reachable in loss record 52 of 287
==745630==    at 0x586E858: malloc (vg_replace_malloc.c:447)
==745630==    by 0x472BEB2: rboxc_gawk_init_fields (in /root/rboxc/target/gawk-format-lifetime-candidate/release/rboxc)
==745630==    by 0x443F9A0: single_binary_main_gawk (in /root/rboxc/target/gawk-format-lifetime-candidate/release/rboxc)
==745630==    by 0x5A18600: (below main) (libc_start_call_main.h:59)
==745630== 
==745630== 8 bytes in 1 blocks are still reachable in loss record 53 of 287
==745630==    at 0x586E858: malloc (vg_replace_malloc.c:447)
==745630==    by 0x44390B0: rboxc_gawk_estrdup (in /root/rboxc/target/gawk-format-lifetime-candidate/release/rboxc)
==745630==    by 0x46EA661: do_add_srcfile (in /root/rboxc/target/gawk-format-lifetime-candidate/release/rboxc)
==745630==    by 0x46EE6D0: rboxc_gawk_add_srcfile (in /root/rboxc/target/gawk-format-lifetime-candidate/release/rboxc)
==745630==    by 0x46EEC1B: load_library (in /root/rboxc/target/gawk-format-lifetime-candidate/release/rboxc)
==745630==    by 0x46F273F: rboxc_gawk_yyparse (in /root/rboxc/target/gawk-format-lifetime-candidate/release/rboxc)
==745630==    by 0x46F639A: rboxc_gawk_parse_program (in /root/rboxc/target/gawk-format-lifetime-candidate/release/rboxc)
==745630==    by 0x44402A4: single_binary_main_gawk (in /root/rboxc/target/gawk-format-lifetime-candidate/release/rboxc)
==745630==    by 0x5A18600: (below main) (libc_start_call_main.h:59)
==745630== 
==745630== 8 bytes in 1 blocks are still reachable in loss record 54 of 287
==745630==    at 0x586E858: malloc (vg_replace_malloc.c:447)
==745630==    by 0x475D1BA: compile.constprop.0 (in /root/rboxc/target/gawk-format-lifetime-candidate/release/rboxc)
==745630==    by 0x475FE38: rboxc_gawk_minrx_regncomp (in /root/rboxc/target/gawk-format-lifetime-candidate/release/rboxc)
==745630==    by 0x474A2BD: rboxc_gawk_make_regexp (in /root/rboxc/target/gawk-format-lifetime-candidate/release/rboxc)
==745630==    by 0x46EF24B: rboxc_gawk_make_regnode (in /root/rboxc/target/gawk-format-lifetime-candidate/release/rboxc)
==745630==    by 0x473F404: rboxc_gawk_make_typed_regex (in /root/rboxc/target/gawk-format-lifetime-candidate/release/rboxc)
==745630==    by 0x46F342D: rboxc_gawk_yyparse (in /root/rboxc/target/gawk-format-lifetime-candidate/release/rboxc)
==745630==    by 0x46F639A: rboxc_gawk_parse_program (in /root/rboxc/target/gawk-format-lifetime-candidate/release/rboxc)
==745630==    by 0x44402A4: single_binary_main_gawk (in /root/rboxc/target/gawk-format-lifetime-candidate/release/rboxc)
==745630==    by 0x5A18600: (below main) (libc_start_call_main.h:59)
==745630== 
==745630== 8 bytes in 1 blocks are still reachable in loss record 55 of 287
==745630==    at 0x586E858: malloc (vg_replace_malloc.c:447)
==745630==    by 0x473F017: rboxc_gawk_make_str_node (in /root/rboxc/target/gawk-format-lifetime-candidate/release/rboxc)
==745630==    by 0x474E1D2: rboxc_gawk_load_symbols (in /root/rboxc/target/gawk-format-lifetime-candidate/release/rboxc)
==745630==    by 0x444037C: single_binary_main_gawk (in /root/rboxc/target/gawk-format-lifetime-candidate/release/rboxc)
==745630==    by 0x5A18600: (below main) (libc_start_call_main.h:59)
==745630== 
==745630== 8 bytes in 1 blocks are still reachable in loss record 56 of 287
==745630==    at 0x586E858: malloc (vg_replace_malloc.c:447)
==745630==    by 0x473F017: rboxc_gawk_make_str_node (in /root/rboxc/target/gawk-format-lifetime-candidate/release/rboxc)
==745630==    by 0x474E202: rboxc_gawk_load_symbols (in /root/rboxc/target/gawk-format-lifetime-candidate/release/rboxc)
==745630==    by 0x444037C: single_binary_main_gawk (in /root/rboxc/target/gawk-format-lifetime-candidate/release/rboxc)
==745630==    by 0x5A18600: (below main) (libc_start_call_main.h:59)
==745630== 
==745630== 8 bytes in 1 blocks are still reachable in loss record 57 of 287
==745630==    at 0x586E858: malloc (vg_replace_malloc.c:447)
==745630==    by 0x475D1BA: compile.constprop.0 (in /root/rboxc/target/gawk-format-lifetime-candidate/release/rboxc)
==745630==    by 0x475FE38: rboxc_gawk_minrx_regncomp (in /root/rboxc/target/gawk-format-lifetime-candidate/release/rboxc)
==745630==    by 0x474A2BD: rboxc_gawk_make_regexp (in /root/rboxc/target/gawk-format-lifetime-candidate/release/rboxc)
==745630==    by 0x46EF24B: rboxc_gawk_make_regnode (in /root/rboxc/target/gawk-format-lifetime-candidate/release/rboxc)
==745630==    by 0x473F404: rboxc_gawk_make_typed_regex (in /root/rboxc/target/gawk-format-lifetime-candidate/release/rboxc)
==745630==    by 0x47316CC: api_set_array_element (in /root/rboxc/target/gawk-format-lifetime-candidate/release/rboxc)
==745630==    by 0x58878E8: read_array (rwarray.c:646)
==745630==    by 0x5886C90: read_backend (rwarray.c:589)
==745630==    by 0x5886DBB: do_reada (rwarray.c:616)
==745630==    by 0x472592E: rboxc_gawk_r_interpret (in /root/rboxc/target/gawk-format-lifetime-candidate/release/rboxc)
==745630==    by 0x4440403: single_binary_main_gawk (in /root/rboxc/target/gawk-format-lifetime-candidate/release/rboxc)
==745630== 
==745630== 9 bytes in 1 blocks are still reachable in loss record 58 of 287
==745630==    at 0x586E858: malloc (vg_replace_malloc.c:447)
==745630==    by 0x443F414: single_binary_main_gawk (in /root/rboxc/target/gawk-format-lifetime-candidate/release/rboxc)
==745630==    by 0x5A18600: (below main) (libc_start_call_main.h:59)
==745630== 
==745630== 9 bytes in 1 blocks are still reachable in loss record 59 of 287
==745630==    at 0x586E858: malloc (vg_replace_malloc.c:447)
==745630==    by 0x473F017: rboxc_gawk_make_str_node (in /root/rboxc/target/gawk-format-lifetime-candidate/release/rboxc)
==745630==    by 0x474D135: install (in /root/rboxc/target/gawk-format-lifetime-candidate/release/rboxc)
==745630==    by 0x443F4A1: single_binary_main_gawk (in /root/rboxc/target/gawk-format-lifetime-candidate/release/rboxc)
==745630==    by 0x5A18600: (below main) (libc_start_call_main.h:59)
==745630== 
==745630== 9 bytes in 1 blocks are still reachable in loss record 60 of 287
==745630==    at 0x586E858: malloc (vg_replace_malloc.c:447)
==745630==    by 0x473F017: rboxc_gawk_make_str_node (in /root/rboxc/target/gawk-format-lifetime-candidate/release/rboxc)
==745630==    by 0x472B6AF: update_PROCINFO_str.part.0 (in /root/rboxc/target/gawk-format-lifetime-candidate/release/rboxc)
==745630==    by 0x443F4D2: single_binary_main_gawk (in /root/rboxc/target/gawk-format-lifetime-candidate/release/rboxc)
==745630==    by 0x5A18600: (below main) (libc_start_call_main.h:59)
==745630== 
==745630== 9 bytes in 1 blocks are still reachable in loss record 61 of 287
==745630==    at 0x586E858: malloc (vg_replace_malloc.c:447)
==745630==    by 0x473F017: rboxc_gawk_make_str_node (in /root/rboxc/target/gawk-format-lifetime-candidate/release/rboxc)
==745630==    by 0x472B6AF: update_PROCINFO_str.part.0 (in /root/rboxc/target/gawk-format-lifetime-candidate/release/rboxc)
==745630==    by 0x443F4E2: single_binary_main_gawk (in /root/rboxc/target/gawk-format-lifetime-candidate/release/rboxc)
==745630==    by 0x5A18600: (below main) (libc_start_call_main.h:59)
==745630== 
==745630== 10 bytes in 1 blocks are still reachable in loss record 62 of 287
==745630==    at 0x586E858: malloc (vg_replace_malloc.c:447)
==745630==    by 0x473F017: rboxc_gawk_make_str_node (in /root/rboxc/target/gawk-format-lifetime-candidate/release/rboxc)
==745630==    by 0x472EB44: rboxc_gawk_update_PROCINFO_num (in /root/rboxc/target/gawk-format-lifetime-candidate/release/rboxc)
==745630==    by 0x443F4FB: single_binary_main_gawk (in /root/rboxc/target/gawk-format-lifetime-candidate/release/rboxc)
==745630==    by 0x5A18600: (below main) (libc_start_call_main.h:59)
==745630== 
==745630== 10 bytes in 1 blocks are still reachable in loss record 63 of 287
==745630==    at 0x586E858: malloc (vg_replace_malloc.c:447)
==745630==    by 0x473F017: rboxc_gawk_make_str_node (in /root/rboxc/target/gawk-format-lifetime-candidate/release/rboxc)
==745630==    by 0x472EB44: rboxc_gawk_update_PROCINFO_num (in /root/rboxc/target/gawk-format-lifetime-candidate/release/rboxc)
==745630==    by 0x443F50D: single_binary_main_gawk (in /root/rboxc/target/gawk-format-lifetime-candidate/release/rboxc)
==745630==    by 0x5A18600: (below main) (libc_start_call_main.h:59)
==745630== 
==745630== 10 bytes in 1 blocks are still reachable in loss record 64 of 287
==745630==    at 0x586E858: malloc (vg_replace_malloc.c:447)
==745630==    by 0x473F017: rboxc_gawk_make_str_node (in /root/rboxc/target/gawk-format-lifetime-candidate/release/rboxc)
==745630==    by 0x472B6C7: update_PROCINFO_str.part.0 (in /root/rboxc/target/gawk-format-lifetime-candidate/release/rboxc)
==745630==    by 0x443F758: single_binary_main_gawk (in /root/rboxc/target/gawk-format-lifetime-candidate/release/rboxc)
==745630==    by 0x5A18600: (below main) (libc_start_call_main.h:59)
==745630== 
==745630== 10 bytes in 1 blocks are still reachable in loss record 65 of 287
==745630==    at 0x586E858: malloc (vg_replace_malloc.c:447)
==745630==    by 0x44390B0: rboxc_gawk_estrdup (in /root/rboxc/target/gawk-format-lifetime-candidate/release/rboxc)
==745630==    by 0x46EF93E: yylex (in /root/rboxc/target/gawk-format-lifetime-candidate/release/rboxc)
==745630==    by 0x46F249C: rboxc_gawk_yyparse (in /root/rboxc/target/gawk-format-lifetime-candidate/release/rboxc)
==745630==    by 0x46F639A: rboxc_gawk_parse_program (in /root/rboxc/target/gawk-format-lifetime-candidate/release/rboxc)
==745630==    by 0x44402A4: single_binary_main_gawk (in /root/rboxc/target/gawk-format-lifetime-candidate/release/rboxc)
==745630==    by 0x5A18600: (below main) (libc_start_call_main.h:59)
==745630== 
==745630== 10 bytes in 1 blocks are still reachable in loss record 66 of 287
==745630==    at 0x586E858: malloc (vg_replace_malloc.c:447)
==745630==    by 0x474A8C6: rboxc_gawk_make_regexp (in /root/rboxc/target/gawk-format-lifetime-candidate/release/rboxc)
==745630==    by 0x46EF24B: rboxc_gawk_make_regnode (in /root/rboxc/target/gawk-format-lifetime-candidate/release/rboxc)
==745630==    by 0x473F404: rboxc_gawk_make_typed_regex (in /root/rboxc/target/gawk-format-lifetime-candidate/release/rboxc)
==745630==    by 0x46F342D: rboxc_gawk_yyparse (in /root/rboxc/target/gawk-format-lifetime-candidate/release/rboxc)
==745630==    by 0x46F639A: rboxc_gawk_parse_program (in /root/rboxc/target/gawk-format-lifetime-candidate/release/rboxc)
==745630==    by 0x44402A4: single_binary_main_gawk (in /root/rboxc/target/gawk-format-lifetime-candidate/release/rboxc)
==745630==    by 0x5A18600: (below main) (libc_start_call_main.h:59)
==745630== 
==745630== 10 bytes in 1 blocks are still reachable in loss record 67 of 287
==745630==    at 0x586E858: malloc (vg_replace_malloc.c:447)
==745630==    by 0x473F017: rboxc_gawk_make_str_node (in /root/rboxc/target/gawk-format-lifetime-candidate/release/rboxc)
==745630==    by 0x473F419: rboxc_gawk_make_typed_regex (in /root/rboxc/target/gawk-format-lifetime-candidate/release/rboxc)
==745630==    by 0x46F342D: rboxc_gawk_yyparse (in /root/rboxc/target/gawk-format-lifetime-candidate/release/rboxc)
==745630==    by 0x46F639A: rboxc_gawk_parse_program (in /root/rboxc/target/gawk-format-lifetime-candidate/release/rboxc)
==745630==    by 0x44402A4: single_binary_main_gawk (in /root/rboxc/target/gawk-format-lifetime-candidate/release/rboxc)
==745630==    by 0x5A18600: (below main) (libc_start_call_main.h:59)
==745630== 
==745630== 10 bytes in 1 blocks are still reachable in loss record 68 of 287
==745630==    at 0x586E858: malloc (vg_replace_malloc.c:447)
==745630==    by 0x473F017: rboxc_gawk_make_str_node (in /root/rboxc/target/gawk-format-lifetime-candidate/release/rboxc)
==745630==    by 0x474E1A2: rboxc_gawk_load_symbols (in /root/rboxc/target/gawk-format-lifetime-candidate/release/rboxc)
==745630==    by 0x444037C: single_binary_main_gawk (in /root/rboxc/target/gawk-format-lifetime-candidate/release/rboxc)
==745630==    by 0x5A18600: (below main) (libc_start_call_main.h:59)
==745630== 
==745630== 10 bytes in 1 blocks are still reachable in loss record 69 of 287
==745630==    at 0x586E858: malloc (vg_replace_malloc.c:447)
==745630==    by 0x473F017: rboxc_gawk_make_str_node (in /root/rboxc/target/gawk-format-lifetime-candidate/release/rboxc)
==745630==    by 0x473F419: rboxc_gawk_make_typed_regex (in /root/rboxc/target/gawk-format-lifetime-candidate/release/rboxc)
==745630==    by 0x47316CC: api_set_array_element (in /root/rboxc/target/gawk-format-lifetime-candidate/release/rboxc)
==745630==    by 0x58878E8: read_array (rwarray.c:646)
==745630==    by 0x5886C90: read_backend (rwarray.c:589)
==745630==    by 0x5886DBB: do_reada (rwarray.c:616)
==745630==    by 0x472592E: rboxc_gawk_r_interpret (in /root/rboxc/target/gawk-format-lifetime-candidate/release/rboxc)
==745630==    by 0x4440403: single_binary_main_gawk (in /root/rboxc/target/gawk-format-lifetime-candidate/release/rboxc)
==745630==    by 0x5A18600: (below main) (libc_start_call_main.h:59)
==745630== 
==745630== 12 bytes in 1 blocks are still reachable in loss record 70 of 287
==745630==    at 0x586E858: malloc (vg_replace_malloc.c:447)
==745630==    by 0x44390B0: rboxc_gawk_estrdup (in /root/rboxc/target/gawk-format-lifetime-candidate/release/rboxc)
==745630==    by 0x46EA661: do_add_srcfile (in /root/rboxc/target/gawk-format-lifetime-candidate/release/rboxc)
==745630==    by 0x46EE6D0: rboxc_gawk_add_srcfile (in /root/rboxc/target/gawk-format-lifetime-candidate/release/rboxc)
==745630==    by 0x443E939: single_binary_main_gawk (in /root/rboxc/target/gawk-format-lifetime-candidate/release/rboxc)
==745630==    by 0x5A18600: (below main) (libc_start_call_main.h:59)
==745630== 
==745630== 12 bytes in 1 blocks are still reachable in loss record 71 of 287
==745630==    at 0x586E858: malloc (vg_replace_malloc.c:447)
==745630==    by 0x473F017: rboxc_gawk_make_str_node (in /root/rboxc/target/gawk-format-lifetime-candidate/release/rboxc)
==745630==    by 0x474E0B7: rboxc_gawk_load_symbols (in /root/rboxc/target/gawk-format-lifetime-candidate/release/rboxc)
==745630==    by 0x444037C: single_binary_main_gawk (in /root/rboxc/target/gawk-format-lifetime-candidate/release/rboxc)
==745630==    by 0x5A18600: (below main) (libc_start_call_main.h:59)
==745630== 
==745630== 12 bytes in 1 blocks are still reachable in loss record 72 of 287
==745630==    at 0x586E858: malloc (vg_replace_malloc.c:447)
==745630==    by 0x44390B0: rboxc_gawk_estrdup (in /root/rboxc/target/gawk-format-lifetime-candidate/release/rboxc)
==745630==    by 0x474E173: rboxc_gawk_load_symbols (in /root/rboxc/target/gawk-format-lifetime-candidate/release/rboxc)
==745630==    by 0x444037C: single_binary_main_gawk (in /root/rboxc/target/gawk-format-lifetime-candidate/release/rboxc)
==745630==    by 0x5A18600: (below main) (libc_start_call_main.h:59)
==745630== 
==745630== 13 bytes in 2 blocks are still reachable in loss record 73 of 287
==745630==    at 0x586E858: malloc (vg_replace_malloc.c:447)
==745630==    by 0x44390B0: rboxc_gawk_estrdup (in /root/rboxc/target/gawk-format-lifetime-candidate/release/rboxc)
==745630==    by 0x46F4037: rboxc_gawk_yyparse (in /root/rboxc/target/gawk-format-lifetime-candidate/release/rboxc)
==745630==    by 0x46F639A: rboxc_gawk_parse_program (in /root/rboxc/target/gawk-format-lifetime-candidate/release/rboxc)
==745630==    by 0x44402A4: single_binary_main_gawk (in /root/rboxc/target/gawk-format-lifetime-candidate/release/rboxc)
==745630==    by 0x5A18600: (below main) (libc_start_call_main.h:59)
==745630== 
==745630== 15 bytes in 1 blocks are still reachable in loss record 74 of 287
==745630==    at 0x587607F: realloc (vg_replace_malloc.c:1804)
==745630==    by 0x5887234: read_elem.isra.0 (rwarray.c:684)
==745630==    by 0x5887904: read_array (rwarray.c:644)
==745630==    by 0x5886C90: read_backend (rwarray.c:589)
==745630==    by 0x5886DBB: do_reada (rwarray.c:616)
==745630==    by 0x472592E: rboxc_gawk_r_interpret (in /root/rboxc/target/gawk-format-lifetime-candidate/release/rboxc)
==745630==    by 0x4440403: single_binary_main_gawk (in /root/rboxc/target/gawk-format-lifetime-candidate/release/rboxc)
==745630==    by 0x5A18600: (below main) (libc_start_call_main.h:59)
==745630== 
==745630== 16 bytes in 1 blocks are still reachable in loss record 75 of 287
==745630==    at 0x586E858: malloc (vg_replace_malloc.c:447)
==745630==    by 0x472FCDA: api_register_ext_version (in /root/rboxc/target/gawk-format-lifetime-candidate/release/rboxc)
==745630==    by 0x5887A8D: dl_load (rwarray.c:843)
==745630==    by 0x47296C2: rboxc_gawk_load_ext (in /root/rboxc/target/gawk-format-lifetime-candidate/release/rboxc)
==745630==    by 0x46EEC3A: load_library (in /root/rboxc/target/gawk-format-lifetime-candidate/release/rboxc)
==745630==    by 0x46F273F: rboxc_gawk_yyparse (in /root/rboxc/target/gawk-format-lifetime-candidate/release/rboxc)
==745630==    by 0x46F639A: rboxc_gawk_parse_program (in /root/rboxc/target/gawk-format-lifetime-candidate/release/rboxc)
==745630==    by 0x44402A4: single_binary_main_gawk (in /root/rboxc/target/gawk-format-lifetime-candidate/release/rboxc)
==745630==    by 0x5A18600: (below main) (libc_start_call_main.h:59)
==745630== 
==745630== 16 bytes in 1 blocks are still reachable in loss record 76 of 287
==745630==    at 0x586E858: malloc (vg_replace_malloc.c:447)
==745630==    by 0x474A78B: rboxc_gawk_make_regexp (in /root/rboxc/target/gawk-format-lifetime-candidate/release/rboxc)
==745630==    by 0x46EF24B: rboxc_gawk_make_regnode (in /root/rboxc/target/gawk-format-lifetime-candidate/release/rboxc)
==745630==    by 0x473F404: rboxc_gawk_make_typed_regex (in /root/rboxc/target/gawk-format-lifetime-candidate/release/rboxc)
==745630==    by 0x46F342D: rboxc_gawk_yyparse (in /root/rboxc/target/gawk-format-lifetime-candidate/release/rboxc)
==745630==    by 0x46F639A: rboxc_gawk_parse_program (in /root/rboxc/target/gawk-format-lifetime-candidate/release/rboxc)
==745630==    by 0x44402A4: single_binary_main_gawk (in /root/rboxc/target/gawk-format-lifetime-candidate/release/rboxc)
==745630==    by 0x5A18600: (below main) (libc_start_call_main.h:59)
==745630== 
==745630== 16 bytes in 1 blocks are still reachable in loss record 77 of 287
==745630==    at 0x586E858: malloc (vg_replace_malloc.c:447)
==745630==    by 0x474A78B: rboxc_gawk_make_regexp (in /root/rboxc/target/gawk-format-lifetime-candidate/release/rboxc)
==745630==    by 0x46EF24B: rboxc_gawk_make_regnode (in /root/rboxc/target/gawk-format-lifetime-candidate/release/rboxc)
==745630==    by 0x473F404: rboxc_gawk_make_typed_regex (in /root/rboxc/target/gawk-format-lifetime-candidate/release/rboxc)
==745630==    by 0x47316CC: api_set_array_element (in /root/rboxc/target/gawk-format-lifetime-candidate/release/rboxc)
==745630==    by 0x58878E8: read_array (rwarray.c:646)
==745630==    by 0x5886C90: read_backend (rwarray.c:589)
==745630==    by 0x5886DBB: do_reada (rwarray.c:616)
==745630==    by 0x472592E: rboxc_gawk_r_interpret (in /root/rboxc/target/gawk-format-lifetime-candidate/release/rboxc)
==745630==    by 0x4440403: single_binary_main_gawk (in /root/rboxc/target/gawk-format-lifetime-candidate/release/rboxc)
==745630==    by 0x5A18600: (below main) (libc_start_call_main.h:59)
==745630== 
==745630== 20 bytes in 1 blocks are still reachable in loss record 78 of 287
==745630==    at 0x586E858: malloc (vg_replace_malloc.c:447)
==745630==    by 0x4735927: do_find_source (in /root/rboxc/target/gawk-format-lifetime-candidate/release/rboxc)
==745630==    by 0x473C081: rboxc_gawk_find_source (in /root/rboxc/target/gawk-format-lifetime-candidate/release/rboxc)
==745630==    by 0x46EE658: rboxc_gawk_add_srcfile (in /root/rboxc/target/gawk-format-lifetime-candidate/release/rboxc)
==745630==    by 0x46EEC1B: load_library (in /root/rboxc/target/gawk-format-lifetime-candidate/release/rboxc)
==745630==    by 0x46F273F: rboxc_gawk_yyparse (in /root/rboxc/target/gawk-format-lifetime-candidate/release/rboxc)
==745630==    by 0x46F639A: rboxc_gawk_parse_program (in /root/rboxc/target/gawk-format-lifetime-candidate/release/rboxc)
==745630==    by 0x44402A4: single_binary_main_gawk (in /root/rboxc/target/gawk-format-lifetime-candidate/release/rboxc)
==745630==    by 0x5A18600: (below main) (libc_start_call_main.h:59)
==745630== 
==745630== 20 bytes in 3 blocks are still reachable in loss record 79 of 287
==745630==    at 0x586E858: malloc (vg_replace_malloc.c:447)
==745630==    by 0x443E678: single_binary_main_gawk (in /root/rboxc/target/gawk-format-lifetime-candidate/release/rboxc)
==745630==    by 0x5A18600: (below main) (libc_start_call_main.h:59)
==745630== 
==745630== 20 bytes in 3 blocks are still reachable in loss record 80 of 287
==745630==    at 0x586E858: malloc (vg_replace_malloc.c:447)
==745630==    by 0x473F017: rboxc_gawk_make_str_node (in /root/rboxc/target/gawk-format-lifetime-candidate/release/rboxc)
==745630==    by 0x4440154: single_binary_main_gawk (in /root/rboxc/target/gawk-format-lifetime-candidate/release/rboxc)
==745630==    by 0x5A18600: (below main) (libc_start_call_main.h:59)
==745630== 
==745630== 24 bytes in 1 blocks are still reachable in loss record 81 of 287
==745630==    at 0x5875E43: calloc (vg_replace_malloc.c:1678)
==745630==    by 0x4735832: do_find_source (in /root/rboxc/target/gawk-format-lifetime-candidate/release/rboxc)
==745630==    by 0x473C081: rboxc_gawk_find_source (in /root/rboxc/target/gawk-format-lifetime-candidate/release/rboxc)
==745630==    by 0x46EE658: rboxc_gawk_add_srcfile (in /root/rboxc/target/gawk-format-lifetime-candidate/release/rboxc)
==745630==    by 0x443E939: single_binary_main_gawk (in /root/rboxc/target/gawk-format-lifetime-candidate/release/rboxc)
==745630==    by 0x5A18600: (below main) (libc_start_call_main.h:59)
==745630== 
==745630== 24 bytes in 1 blocks are still reachable in loss record 82 of 287
==745630==    at 0x586E858: malloc (vg_replace_malloc.c:447)
==745630==    by 0x473F017: rboxc_gawk_make_str_node (in /root/rboxc/target/gawk-format-lifetime-candidate/release/rboxc)
==745630==    by 0x472B6C7: update_PROCINFO_str.part.0 (in /root/rboxc/target/gawk-format-lifetime-candidate/release/rboxc)
==745630==    by 0x443F4D2: single_binary_main_gawk (in /root/rboxc/target/gawk-format-lifetime-candidate/release/rboxc)
==745630==    by 0x5A18600: (below main) (libc_start_call_main.h:59)
==745630== 
==745630== 24 bytes in 1 blocks are still reachable in loss record 83 of 287
==745630==    at 0x5875E43: calloc (vg_replace_malloc.c:1678)
==745630==    by 0x4735832: do_find_source (in /root/rboxc/target/gawk-format-lifetime-candidate/release/rboxc)
==745630==    by 0x473C081: rboxc_gawk_find_source (in /root/rboxc/target/gawk-format-lifetime-candidate/release/rboxc)
==745630==    by 0x46EE658: rboxc_gawk_add_srcfile (in /root/rboxc/target/gawk-format-lifetime-candidate/release/rboxc)
==745630==    by 0x46EEC1B: load_library (in /root/rboxc/target/gawk-format-lifetime-candidate/release/rboxc)
==745630==    by 0x46F273F: rboxc_gawk_yyparse (in /root/rboxc/target/gawk-format-lifetime-candidate/release/rboxc)
==745630==    by 0x46F639A: rboxc_gawk_parse_program (in /root/rboxc/target/gawk-format-lifetime-candidate/release/rboxc)
==745630==    by 0x44402A4: single_binary_main_gawk (in /root/rboxc/target/gawk-format-lifetime-candidate/release/rboxc)
==745630==    by 0x5A18600: (below main) (libc_start_call_main.h:59)
==745630== 
==745630== 26 bytes in 1 blocks are still reachable in loss record 84 of 287
==745630==    at 0x586E858: malloc (vg_replace_malloc.c:447)
==745630==    by 0x4735927: do_find_source (in /root/rboxc/target/gawk-format-lifetime-candidate/release/rboxc)
==745630==    by 0x473C081: rboxc_gawk_find_source (in /root/rboxc/target/gawk-format-lifetime-candidate/release/rboxc)
==745630==    by 0x46EE658: rboxc_gawk_add_srcfile (in /root/rboxc/target/gawk-format-lifetime-candidate/release/rboxc)
==745630==    by 0x443E939: single_binary_main_gawk (in /root/rboxc/target/gawk-format-lifetime-candidate/release/rboxc)
==745630==    by 0x5A18600: (below main) (libc_start_call_main.h:59)
==745630== 
==745630== 30 bytes in 1 blocks are still reachable in loss record 85 of 287
==745630==    at 0x586E858: malloc (vg_replace_malloc.c:447)
==745630==    by 0x47355F3: do_find_source (in /root/rboxc/target/gawk-format-lifetime-candidate/release/rboxc)
==745630==    by 0x473C120: rboxc_gawk_find_source (in /root/rboxc/target/gawk-format-lifetime-candidate/release/rboxc)
==745630==    by 0x46EE658: rboxc_gawk_add_srcfile (in /root/rboxc/target/gawk-format-lifetime-candidate/release/rboxc)
==745630==    by 0x46EEC1B: load_library (in /root/rboxc/target/gawk-format-lifetime-candidate/release/rboxc)
==745630==    by 0x46F273F: rboxc_gawk_yyparse (in /root/rboxc/target/gawk-format-lifetime-candidate/release/rboxc)
==745630==    by 0x46F639A: rboxc_gawk_parse_program (in /root/rboxc/target/gawk-format-lifetime-candidate/release/rboxc)
==745630==    by 0x44402A4: single_binary_main_gawk (in /root/rboxc/target/gawk-format-lifetime-candidate/release/rboxc)
==745630==    by 0x5A18600: (below main) (libc_start_call_main.h:59)
==745630== 
==745630== 30 bytes in 1 blocks are still reachable in loss record 86 of 287
==745630==    at 0x586E858: malloc (vg_replace_malloc.c:447)
==745630==    by 0x504FB1F: malloc (rtld-malloc.h:56)
==745630==    by 0x504FB1F: strdup (strdup.c:42)
==745630==    by 0x502D90D: _dl_map_new_object (dl-load.c:2139)
==745630==    by 0x5032460: dl_open_worker_begin (dl-open.c:535)
==745630==    by 0x5025512: _dl_catch_exception (dl-catch.c:241)
==745630==    by 0x503120B: dl_open_worker (dl-open.c:762)
==745630==    by 0x5025512: _dl_catch_exception (dl-catch.c:241)
==745630==    by 0x5031749: _dl_open (dl-open.c:900)
==745630==    by 0x5A8DEA3: dlopen_doit (dlopen.c:56)
==745630==    by 0x5025512: _dl_catch_exception (dl-catch.c:241)
==745630==    by 0x5025658: _dl_catch_error (dl-catch.c:260)
==745630==    by 0x5A8D992: _dlerror_run (dlerror.c:138)
==745630== 
==745630== 30 bytes in 4 blocks are still reachable in loss record 87 of 287
==745630==    at 0x586E858: malloc (vg_replace_malloc.c:447)
==745630==    by 0x44390B0: rboxc_gawk_estrdup (in /root/rboxc/target/gawk-format-lifetime-candidate/release/rboxc)
==745630==    by 0x4729ABE: rboxc_gawk_make_builtin (in /root/rboxc/target/gawk-format-lifetime-candidate/release/rboxc)
==745630==    by 0x5887A4A: dl_load (rwarray.c:843)
==745630==    by 0x47296C2: rboxc_gawk_load_ext (in /root/rboxc/target/gawk-format-lifetime-candidate/release/rboxc)
==745630==    by 0x46EEC3A: load_library (in /root/rboxc/target/gawk-format-lifetime-candidate/release/rboxc)
==745630==    by 0x46F273F: rboxc_gawk_yyparse (in /root/rboxc/target/gawk-format-lifetime-candidate/release/rboxc)
==745630==    by 0x46F639A: rboxc_gawk_parse_program (in /root/rboxc/target/gawk-format-lifetime-candidate/release/rboxc)
==745630==    by 0x44402A4: single_binary_main_gawk (in /root/rboxc/target/gawk-format-lifetime-candidate/release/rboxc)
==745630==    by 0x5A18600: (below main) (libc_start_call_main.h:59)
==745630== 
==745630== 30 bytes in 4 blocks are still reachable in loss record 88 of 287
==745630==    at 0x586E858: malloc (vg_replace_malloc.c:447)
==745630==    by 0x473F017: rboxc_gawk_make_str_node (in /root/rboxc/target/gawk-format-lifetime-candidate/release/rboxc)
==745630==    by 0x474D135: install (in /root/rboxc/target/gawk-format-lifetime-candidate/release/rboxc)
==745630==    by 0x4729C17: rboxc_gawk_make_builtin (in /root/rboxc/target/gawk-format-lifetime-candidate/release/rboxc)
==745630==    by 0x5887A4A: dl_load (rwarray.c:843)
==745630==    by 0x47296C2: rboxc_gawk_load_ext (in /root/rboxc/target/gawk-format-lifetime-candidate/release/rboxc)
==745630==    by 0x46EEC3A: load_library (in /root/rboxc/target/gawk-format-lifetime-candidate/release/rboxc)
==745630==    by 0x46F273F: rboxc_gawk_yyparse (in /root/rboxc/target/gawk-format-lifetime-candidate/release/rboxc)
==745630==    by 0x46F639A: rboxc_gawk_parse_program (in /root/rboxc/target/gawk-format-lifetime-candidate/release/rboxc)
==745630==    by 0x44402A4: single_binary_main_gawk (in /root/rboxc/target/gawk-format-lifetime-candidate/release/rboxc)
==745630==    by 0x5A18600: (below main) (libc_start_call_main.h:59)
==745630== 
==745630== 32 bytes in 1 blocks are still reachable in loss record 89 of 287
==745630==    at 0x586E858: malloc (vg_replace_malloc.c:447)
==745630==    by 0x443E5D9: single_binary_main_gawk (in /root/rboxc/target/gawk-format-lifetime-candidate/release/rboxc)
==745630==    by 0x5A18600: (below main) (libc_start_call_main.h:59)
==745630== 
==745630== 32 bytes in 1 blocks are still reachable in loss record 90 of 287
==745630==    at 0x586E858: malloc (vg_replace_malloc.c:447)
==745630==    by 0x471C517: fmt_index (in /root/rboxc/target/gawk-format-lifetime-candidate/release/rboxc)
==745630==    by 0x471D606: rboxc_gawk_set_CONVFMT (in /root/rboxc/target/gawk-format-lifetime-candidate/release/rboxc)
==745630==    by 0x443F2E8: single_binary_main_gawk (in /root/rboxc/target/gawk-format-lifetime-candidate/release/rboxc)
==745630==    by 0x5A18600: (below main) (libc_start_call_main.h:59)
==745630== 
==745630== 37 bytes in 1 blocks are still reachable in loss record 91 of 287
==745630==    at 0x586E858: malloc (vg_replace_malloc.c:447)
==745630==    by 0x47355F3: do_find_source (in /root/rboxc/target/gawk-format-lifetime-candidate/release/rboxc)
==745630==    by 0x473C081: rboxc_gawk_find_source (in /root/rboxc/target/gawk-format-lifetime-candidate/release/rboxc)
==745630==    by 0x46EE658: rboxc_gawk_add_srcfile (in /root/rboxc/target/gawk-format-lifetime-candidate/release/rboxc)
==745630==    by 0x443E939: single_binary_main_gawk (in /root/rboxc/target/gawk-format-lifetime-candidate/release/rboxc)
==745630==    by 0x5A18600: (below main) (libc_start_call_main.h:59)
==745630== 
==745630== 40 bytes in 1 blocks are still reachable in loss record 92 of 287
==745630==    at 0x586E858: malloc (vg_replace_malloc.c:447)
==745630==    by 0x4758359: add_char_to_set (in /root/rboxc/target/gawk-format-lifetime-candidate/release/rboxc)
==745630==    by 0x4758F22: charset_add_char.part.0 (in /root/rboxc/target/gawk-format-lifetime-candidate/release/rboxc)
==745630==    by 0x475D277: compile.constprop.0 (in /root/rboxc/target/gawk-format-lifetime-candidate/release/rboxc)
==745630==    by 0x475FE38: rboxc_gawk_minrx_regncomp (in /root/rboxc/target/gawk-format-lifetime-candidate/release/rboxc)
==745630==    by 0x474A2BD: rboxc_gawk_make_regexp (in /root/rboxc/target/gawk-format-lifetime-candidate/release/rboxc)
==745630==    by 0x46EF24B: rboxc_gawk_make_regnode (in /root/rboxc/target/gawk-format-lifetime-candidate/release/rboxc)
==745630==    by 0x473F404: rboxc_gawk_make_typed_regex (in /root/rboxc/target/gawk-format-lifetime-candidate/release/rboxc)
==745630==    by 0x46F342D: rboxc_gawk_yyparse (in /root/rboxc/target/gawk-format-lifetime-candidate/release/rboxc)
==745630==    by 0x46F639A: rboxc_gawk_parse_program (in /root/rboxc/target/gawk-format-lifetime-candidate/release/rboxc)
==745630==    by 0x44402A4: single_binary_main_gawk (in /root/rboxc/target/gawk-format-lifetime-candidate/release/rboxc)
==745630==    by 0x5A18600: (below main) (libc_start_call_main.h:59)
==745630== 
==745630== 40 bytes in 1 blocks are still reachable in loss record 93 of 287
==745630==    at 0x586E858: malloc (vg_replace_malloc.c:447)
==745630==    by 0x46F697E: rboxc_gawk_parse_program (in /root/rboxc/target/gawk-format-lifetime-candidate/release/rboxc)
==745630==    by 0x44402A4: single_binary_main_gawk (in /root/rboxc/target/gawk-format-lifetime-candidate/release/rboxc)
==745630==    by 0x5A18600: (below main) (libc_start_call_main.h:59)
==745630== 
==745630== 40 bytes in 1 blocks are still reachable in loss record 94 of 287
==745630==    at 0x586E858: malloc (vg_replace_malloc.c:447)
==745630==    by 0x4758359: add_char_to_set (in /root/rboxc/target/gawk-format-lifetime-candidate/release/rboxc)
==745630==    by 0x4758F22: charset_add_char.part.0 (in /root/rboxc/target/gawk-format-lifetime-candidate/release/rboxc)
==745630==    by 0x475D277: compile.constprop.0 (in /root/rboxc/target/gawk-format-lifetime-candidate/release/rboxc)
==745630==    by 0x475FE38: rboxc_gawk_minrx_regncomp (in /root/rboxc/target/gawk-format-lifetime-candidate/release/rboxc)
==745630==    by 0x474A2BD: rboxc_gawk_make_regexp (in /root/rboxc/target/gawk-format-lifetime-candidate/release/rboxc)
==745630==    by 0x46EF24B: rboxc_gawk_make_regnode (in /root/rboxc/target/gawk-format-lifetime-candidate/release/rboxc)
==745630==    by 0x473F404: rboxc_gawk_make_typed_regex (in /root/rboxc/target/gawk-format-lifetime-candidate/release/rboxc)
==745630==    by 0x47316CC: api_set_array_element (in /root/rboxc/target/gawk-format-lifetime-candidate/release/rboxc)
==745630==    by 0x58878E8: read_array (rwarray.c:646)
==745630==    by 0x5886C90: read_backend (rwarray.c:589)
==745630==    by 0x5886DBB: do_reada (rwarray.c:616)
==745630== 
==745630== 46 bytes in 11 blocks are still reachable in loss record 95 of 287
==745630==    at 0x586E858: malloc (vg_replace_malloc.c:447)
==745630==    by 0x473F017: rboxc_gawk_make_str_node (in /root/rboxc/target/gawk-format-lifetime-candidate/release/rboxc)
==745630==    by 0x443F2AA: single_binary_main_gawk (in /root/rboxc/target/gawk-format-lifetime-candidate/release/rboxc)
==745630==    by 0x5A18600: (below main) (libc_start_call_main.h:59)
==745630== 
==745630== 48 bytes in 1 blocks are still reachable in loss record 96 of 287
==745630==    at 0x586E858: malloc (vg_replace_malloc.c:447)
==745630==    by 0x473EBAB: rboxc_gawk_r_getblock (in /root/rboxc/target/gawk-format-lifetime-candidate/release/rboxc)
==745630==    by 0x474C959: str_lookup (in /root/rboxc/target/gawk-format-lifetime-candidate/release/rboxc)
==745630==    by 0x474D16C: install (in /root/rboxc/target/gawk-format-lifetime-candidate/release/rboxc)
==745630==    by 0x474D449: init_the_tables (in /root/rboxc/target/gawk-format-lifetime-candidate/release/rboxc)
==745630==    by 0x443E550: single_binary_main_gawk (in /root/rboxc/target/gawk-format-lifetime-candidate/release/rboxc)
==745630==    by 0x5A18600: (below main) (libc_start_call_main.h:59)
==745630== 
==745630== 48 bytes in 1 blocks are still reachable in loss record 97 of 287
==745630==    at 0x586E858: malloc (vg_replace_malloc.c:447)
==745630==    by 0x473EBAB: rboxc_gawk_r_getblock (in /root/rboxc/target/gawk-format-lifetime-candidate/release/rboxc)
==745630==    by 0x474C959: str_lookup (in /root/rboxc/target/gawk-format-lifetime-candidate/release/rboxc)
==745630==    by 0x474D16C: install (in /root/rboxc/target/gawk-format-lifetime-candidate/release/rboxc)
==745630==    by 0x474D470: init_the_tables (in /root/rboxc/target/gawk-format-lifetime-candidate/release/rboxc)
==745630==    by 0x443E550: single_binary_main_gawk (in /root/rboxc/target/gawk-format-lifetime-candidate/release/rboxc)
==745630==    by 0x5A18600: (below main) (libc_start_call_main.h:59)
==745630== 
==745630== 48 bytes in 1 blocks are still reachable in loss record 98 of 287
==745630==    at 0x586E858: malloc (vg_replace_malloc.c:447)
==745630==    by 0x473EBAB: rboxc_gawk_r_getblock (in /root/rboxc/target/gawk-format-lifetime-candidate/release/rboxc)
==745630==    by 0x474C959: str_lookup (in /root/rboxc/target/gawk-format-lifetime-candidate/release/rboxc)
==745630==    by 0x474D16C: install (in /root/rboxc/target/gawk-format-lifetime-candidate/release/rboxc)
==745630==    by 0x443F4A1: single_binary_main_gawk (in /root/rboxc/target/gawk-format-lifetime-candidate/release/rboxc)
==745630==    by 0x5A18600: (below main) (libc_start_call_main.h:59)
==745630== 
==745630== 48 bytes in 1 blocks are still reachable in loss record 99 of 287
==745630==    at 0x586E858: malloc (vg_replace_malloc.c:447)
==745630==    by 0x473EBAB: rboxc_gawk_r_getblock (in /root/rboxc/target/gawk-format-lifetime-candidate/release/rboxc)
==745630==    by 0x474C959: str_lookup (in /root/rboxc/target/gawk-format-lifetime-candidate/release/rboxc)
==745630==    by 0x472B6DE: update_PROCINFO_str.part.0 (in /root/rboxc/target/gawk-format-lifetime-candidate/release/rboxc)
==745630==    by 0x443F4C2: single_binary_main_gawk (in /root/rboxc/target/gawk-format-lifetime-candidate/release/rboxc)
==745630==    by 0x5A18600: (below main) (libc_start_call_main.h:59)
==745630== 
==745630== 48 bytes in 1 blocks are still reachable in loss record 100 of 287
==745630==    at 0x586E858: malloc (vg_replace_malloc.c:447)
==745630==    by 0x473EBAB: rboxc_gawk_r_getblock (in /root/rboxc/target/gawk-format-lifetime-candidate/release/rboxc)
==745630==    by 0x474C959: str_lookup (in /root/rboxc/target/gawk-format-lifetime-candidate/release/rboxc)
==745630==    by 0x472B6DE: update_PROCINFO_str.part.0 (in /root/rboxc/target/gawk-format-lifetime-candidate/release/rboxc)
==745630==    by 0x443F4D2: single_binary_main_gawk (in /root/rboxc/target/gawk-format-lifetime-candidate/release/rboxc)
==745630==    by 0x5A18600: (below main) (libc_start_call_main.h:59)
==745630== 
==745630== 48 bytes in 1 blocks are still reachable in loss record 101 of 287
==745630==    at 0x586E858: malloc (vg_replace_malloc.c:447)
==745630==    by 0x473EBAB: rboxc_gawk_r_getblock (in /root/rboxc/target/gawk-format-lifetime-candidate/release/rboxc)
==745630==    by 0x474C959: str_lookup (in /root/rboxc/target/gawk-format-lifetime-candidate/release/rboxc)
==745630==    by 0x472B6DE: update_PROCINFO_str.part.0 (in /root/rboxc/target/gawk-format-lifetime-candidate/release/rboxc)
==745630==    by 0x443F4E2: single_binary_main_gawk (in /root/rboxc/target/gawk-format-lifetime-candidate/release/rboxc)
==745630==    by 0x5A18600: (below main) (libc_start_call_main.h:59)
==745630== 
==745630== 48 bytes in 1 blocks are still reachable in loss record 102 of 287
==745630==    at 0x586E858: malloc (vg_replace_malloc.c:447)
==745630==    by 0x473EBAB: rboxc_gawk_r_getblock (in /root/rboxc/target/gawk-format-lifetime-candidate/release/rboxc)
==745630==    by 0x474C959: str_lookup (in /root/rboxc/target/gawk-format-lifetime-candidate/release/rboxc)
==745630==    by 0x472EB6A: rboxc_gawk_update_PROCINFO_num (in /root/rboxc/target/gawk-format-lifetime-candidate/release/rboxc)
==745630==    by 0x443F4FB: single_binary_main_gawk (in /root/rboxc/target/gawk-format-lifetime-candidate/release/rboxc)
==745630==    by 0x5A18600: (below main) (libc_start_call_main.h:59)
==745630== 
==745630== 48 bytes in 1 blocks are still reachable in loss record 103 of 287
==745630==    at 0x586E858: malloc (vg_replace_malloc.c:447)
==745630==    by 0x473EBAB: rboxc_gawk_r_getblock (in /root/rboxc/target/gawk-format-lifetime-candidate/release/rboxc)
==745630==    by 0x474C959: str_lookup (in /root/rboxc/target/gawk-format-lifetime-candidate/release/rboxc)
==745630==    by 0x472EB6A: rboxc_gawk_update_PROCINFO_num (in /root/rboxc/target/gawk-format-lifetime-candidate/release/rboxc)
==745630==    by 0x443F50D: single_binary_main_gawk (in /root/rboxc/target/gawk-format-lifetime-candidate/release/rboxc)
==745630==    by 0x5A18600: (below main) (libc_start_call_main.h:59)
==745630== 
==745630== 48 bytes in 1 blocks are still reachable in loss record 104 of 287
==745630==    at 0x586E858: malloc (vg_replace_malloc.c:447)
==745630==    by 0x473EBAB: rboxc_gawk_r_getblock (in /root/rboxc/target/gawk-format-lifetime-candidate/release/rboxc)
==745630==    by 0x474C959: str_lookup (in /root/rboxc/target/gawk-format-lifetime-candidate/release/rboxc)
==745630==    by 0x472EB6A: rboxc_gawk_update_PROCINFO_num (in /root/rboxc/target/gawk-format-lifetime-candidate/release/rboxc)
==745630==    by 0x443F524: single_binary_main_gawk (in /root/rboxc/target/gawk-format-lifetime-candidate/release/rboxc)
==745630==    by 0x5A18600: (below main) (libc_start_call_main.h:59)
==745630== 
==745630== 48 bytes in 1 blocks are still reachable in loss record 105 of 287
==745630==    at 0x586E858: malloc (vg_replace_malloc.c:447)
==745630==    by 0x473EBAB: rboxc_gawk_r_getblock (in /root/rboxc/target/gawk-format-lifetime-candidate/release/rboxc)
==745630==    by 0x474C959: str_lookup (in /root/rboxc/target/gawk-format-lifetime-candidate/release/rboxc)
==745630==    by 0x472EB6A: rboxc_gawk_update_PROCINFO_num (in /root/rboxc/target/gawk-format-lifetime-candidate/release/rboxc)
==745630==    by 0x443F53B: single_binary_main_gawk (in /root/rboxc/target/gawk-format-lifetime-candidate/release/rboxc)
==745630==    by 0x5A18600: (below main) (libc_start_call_main.h:59)
==745630== 
==745630== 48 bytes in 1 blocks are still reachable in loss record 106 of 287
==745630==    at 0x586E858: malloc (vg_replace_malloc.c:447)
==745630==    by 0x473EBAB: rboxc_gawk_r_getblock (in /root/rboxc/target/gawk-format-lifetime-candidate/release/rboxc)
==745630==    by 0x474C959: str_lookup (in /root/rboxc/target/gawk-format-lifetime-candidate/release/rboxc)
==745630==    by 0x472EB6A: rboxc_gawk_update_PROCINFO_num (in /root/rboxc/target/gawk-format-lifetime-candidate/release/rboxc)
==745630==    by 0x443F552: single_binary_main_gawk (in /root/rboxc/target/gawk-format-lifetime-candidate/release/rboxc)
==745630==    by 0x5A18600: (below main) (libc_start_call_main.h:59)
==745630== 
==745630== 48 bytes in 1 blocks are still reachable in loss record 107 of 287
==745630==    at 0x586E858: malloc (vg_replace_malloc.c:447)
==745630==    by 0x473EBAB: rboxc_gawk_r_getblock (in /root/rboxc/target/gawk-format-lifetime-candidate/release/rboxc)
==745630==    by 0x474C959: str_lookup (in /root/rboxc/target/gawk-format-lifetime-candidate/release/rboxc)
==745630==    by 0x472EB6A: rboxc_gawk_update_PROCINFO_num (in /root/rboxc/target/gawk-format-lifetime-candidate/release/rboxc)
==745630==    by 0x443F56C: single_binary_main_gawk (in /root/rboxc/target/gawk-format-lifetime-candidate/release/rboxc)
==745630==    by 0x5A18600: (below main) (libc_start_call_main.h:59)
==745630== 
==745630== 48 bytes in 1 blocks are still reachable in loss record 108 of 287
==745630==    at 0x586E858: malloc (vg_replace_malloc.c:447)
==745630==    by 0x473EBAB: rboxc_gawk_r_getblock (in /root/rboxc/target/gawk-format-lifetime-candidate/release/rboxc)
==745630==    by 0x474C959: str_lookup (in /root/rboxc/target/gawk-format-lifetime-candidate/release/rboxc)
==745630==    by 0x472EB6A: rboxc_gawk_update_PROCINFO_num (in /root/rboxc/target/gawk-format-lifetime-candidate/release/rboxc)
==745630==    by 0x443F586: single_binary_main_gawk (in /root/rboxc/target/gawk-format-lifetime-candidate/release/rboxc)
==745630==    by 0x5A18600: (below main) (libc_start_call_main.h:59)
==745630== 
==745630== 48 bytes in 1 blocks are still reachable in loss record 109 of 287
==745630==    at 0x586E858: malloc (vg_replace_malloc.c:447)
==745630==    by 0x473EBAB: rboxc_gawk_r_getblock (in /root/rboxc/target/gawk-format-lifetime-candidate/release/rboxc)
==745630==    by 0x474C959: str_lookup (in /root/rboxc/target/gawk-format-lifetime-candidate/release/rboxc)
==745630==    by 0x472EB6A: rboxc_gawk_update_PROCINFO_num (in /root/rboxc/target/gawk-format-lifetime-candidate/release/rboxc)
==745630==    by 0x443F5A0: single_binary_main_gawk (in /root/rboxc/target/gawk-format-lifetime-candidate/release/rboxc)
==745630==    by 0x5A18600: (below main) (libc_start_call_main.h:59)
==745630== 
==745630== 48 bytes in 1 blocks are still reachable in loss record 110 of 287
==745630==    at 0x586E858: malloc (vg_replace_malloc.c:447)
==745630==    by 0x473EBAB: rboxc_gawk_r_getblock (in /root/rboxc/target/gawk-format-lifetime-candidate/release/rboxc)
==745630==    by 0x474C959: str_lookup (in /root/rboxc/target/gawk-format-lifetime-candidate/release/rboxc)
==745630==    by 0x472EB6A: rboxc_gawk_update_PROCINFO_num (in /root/rboxc/target/gawk-format-lifetime-candidate/release/rboxc)
==745630==    by 0x443F5BA: single_binary_main_gawk (in /root/rboxc/target/gawk-format-lifetime-candidate/release/rboxc)
==745630==    by 0x5A18600: (below main) (libc_start_call_main.h:59)
==745630== 
==745630== 48 bytes in 1 blocks are still reachable in loss record 111 of 287
==745630==    at 0x586E858: malloc (vg_replace_malloc.c:447)
==745630==    by 0x473EBAB: rboxc_gawk_r_getblock (in /root/rboxc/target/gawk-format-lifetime-candidate/release/rboxc)
==745630==    by 0x474C959: str_lookup (in /root/rboxc/target/gawk-format-lifetime-candidate/release/rboxc)
==745630==    by 0x472B6DE: update_PROCINFO_str.part.0 (in /root/rboxc/target/gawk-format-lifetime-candidate/release/rboxc)
==745630==    by 0x443F5CC: single_binary_main_gawk (in /root/rboxc/target/gawk-format-lifetime-candidate/release/rboxc)
==745630==    by 0x5A18600: (below main) (libc_start_call_main.h:59)
==745630== 
==745630== 48 bytes in 1 blocks are still reachable in loss record 112 of 287
==745630==    at 0x586E858: malloc (vg_replace_malloc.c:447)
==745630==    by 0x473EBAB: rboxc_gawk_r_getblock (in /root/rboxc/target/gawk-format-lifetime-candidate/release/rboxc)
==745630==    by 0x474C959: str_lookup (in /root/rboxc/target/gawk-format-lifetime-candidate/release/rboxc)
==745630==    by 0x472B6DE: update_PROCINFO_str.part.0 (in /root/rboxc/target/gawk-format-lifetime-candidate/release/rboxc)
==745630==    by 0x443F758: single_binary_main_gawk (in /root/rboxc/target/gawk-format-lifetime-candidate/release/rboxc)
==745630==    by 0x5A18600: (below main) (libc_start_call_main.h:59)
==745630== 
==745630== 48 bytes in 1 blocks are still reachable in loss record 113 of 287
==745630==    at 0x586E858: malloc (vg_replace_malloc.c:447)
==745630==    by 0x473EBAB: rboxc_gawk_r_getblock (in /root/rboxc/target/gawk-format-lifetime-candidate/release/rboxc)
==745630==    by 0x474C959: str_lookup (in /root/rboxc/target/gawk-format-lifetime-candidate/release/rboxc)
==745630==    by 0x4435AE2: rboxc::applet_gawk::assoc_set (in /root/rboxc/target/gawk-format-lifetime-candidate/release/rboxc)
==745630==    by 0x443F87A: single_binary_main_gawk (in /root/rboxc/target/gawk-format-lifetime-candidate/release/rboxc)
==745630==    by 0x5A18600: (below main) (libc_start_call_main.h:59)
==745630== 
==745630== 48 bytes in 1 blocks are still reachable in loss record 114 of 287
==745630==    at 0x586E858: malloc (vg_replace_malloc.c:447)
==745630==    by 0x473EBAB: rboxc_gawk_r_getblock (in /root/rboxc/target/gawk-format-lifetime-candidate/release/rboxc)
==745630==    by 0x474C959: str_lookup (in /root/rboxc/target/gawk-format-lifetime-candidate/release/rboxc)
==745630==    by 0x474D16C: install (in /root/rboxc/target/gawk-format-lifetime-candidate/release/rboxc)
==745630==    by 0x443F92D: single_binary_main_gawk (in /root/rboxc/target/gawk-format-lifetime-candidate/release/rboxc)
==745630==    by 0x5A18600: (below main) (libc_start_call_main.h:59)
==745630== 
==745630== 48 bytes in 1 blocks are still reachable in loss record 115 of 287
==745630==    at 0x586E858: malloc (vg_replace_malloc.c:447)
==745630==    by 0x473EBAB: rboxc_gawk_r_getblock (in /root/rboxc/target/gawk-format-lifetime-candidate/release/rboxc)
==745630==    by 0x474C959: str_lookup (in /root/rboxc/target/gawk-format-lifetime-candidate/release/rboxc)
==745630==    by 0x474D16C: install (in /root/rboxc/target/gawk-format-lifetime-candidate/release/rboxc)
==745630==    by 0x443FF58: single_binary_main_gawk (in /root/rboxc/target/gawk-format-lifetime-candidate/release/rboxc)
==745630==    by 0x5A18600: (below main) (libc_start_call_main.h:59)
==745630== 
==745630== 48 bytes in 1 blocks are still reachable in loss record 116 of 287
==745630==    at 0x586E858: malloc (vg_replace_malloc.c:447)
==745630==    by 0x473EBAB: rboxc_gawk_r_getblock (in /root/rboxc/target/gawk-format-lifetime-candidate/release/rboxc)
==745630==    by 0x474C959: str_lookup (in /root/rboxc/target/gawk-format-lifetime-candidate/release/rboxc)
==745630==    by 0x474D16C: install (in /root/rboxc/target/gawk-format-lifetime-candidate/release/rboxc)
==745630==    by 0x4440233: single_binary_main_gawk (in /root/rboxc/target/gawk-format-lifetime-candidate/release/rboxc)
==745630==    by 0x5A18600: (below main) (libc_start_call_main.h:59)
==745630== 
==745630== 48 bytes in 1 blocks are still reachable in loss record 117 of 287
==745630==    at 0x586E858: malloc (vg_replace_malloc.c:447)
==745630==    by 0x473EBAB: rboxc_gawk_r_getblock (in /root/rboxc/target/gawk-format-lifetime-candidate/release/rboxc)
==745630==    by 0x474C959: str_lookup (in /root/rboxc/target/gawk-format-lifetime-candidate/release/rboxc)
==745630==    by 0x474D16C: install (in /root/rboxc/target/gawk-format-lifetime-candidate/release/rboxc)
==745630==    by 0x46F2685: rboxc_gawk_yyparse (in /root/rboxc/target/gawk-format-lifetime-candidate/release/rboxc)
==745630==    by 0x46F639A: rboxc_gawk_parse_program (in /root/rboxc/target/gawk-format-lifetime-candidate/release/rboxc)
==745630==    by 0x44402A4: single_binary_main_gawk (in /root/rboxc/target/gawk-format-lifetime-candidate/release/rboxc)
==745630==    by 0x5A18600: (below main) (libc_start_call_main.h:59)
==745630== 
==745630== 48 bytes in 1 blocks are still reachable in loss record 118 of 287
==745630==    at 0x586E858: malloc (vg_replace_malloc.c:447)
==745630==    by 0x473EBAB: rboxc_gawk_r_getblock (in /root/rboxc/target/gawk-format-lifetime-candidate/release/rboxc)
==745630==    by 0x474C959: str_lookup (in /root/rboxc/target/gawk-format-lifetime-candidate/release/rboxc)
==745630==    by 0x474E0CA: rboxc_gawk_load_symbols (in /root/rboxc/target/gawk-format-lifetime-candidate/release/rboxc)
==745630==    by 0x444037C: single_binary_main_gawk (in /root/rboxc/target/gawk-format-lifetime-candidate/release/rboxc)
==745630==    by 0x5A18600: (below main) (libc_start_call_main.h:59)
==745630== 
==745630== 48 bytes in 1 blocks are still reachable in loss record 119 of 287
==745630==    at 0x586E858: malloc (vg_replace_malloc.c:447)
==745630==    by 0x473EBAB: rboxc_gawk_r_getblock (in /root/rboxc/target/gawk-format-lifetime-candidate/release/rboxc)
==745630==    by 0x474C959: str_lookup (in /root/rboxc/target/gawk-format-lifetime-candidate/release/rboxc)
==745630==    by 0x472EB6A: rboxc_gawk_update_PROCINFO_num (in /root/rboxc/target/gawk-format-lifetime-candidate/release/rboxc)
==745630==    by 0x471DA73: rboxc_gawk_update_ERRNO_int (in /root/rboxc/target/gawk-format-lifetime-candidate/release/rboxc)
==745630==    by 0x47383E8: rboxc_gawk_nextfile (in /root/rboxc/target/gawk-format-lifetime-candidate/release/rboxc)
==745630==    by 0x4726299: rboxc_gawk_r_interpret (in /root/rboxc/target/gawk-format-lifetime-candidate/release/rboxc)
==745630==    by 0x4440403: single_binary_main_gawk (in /root/rboxc/target/gawk-format-lifetime-candidate/release/rboxc)
==745630==    by 0x5A18600: (below main) (libc_start_call_main.h:59)
==745630== 
==745630== 57 bytes in 10 blocks are still reachable in loss record 120 of 287
==745630==    at 0x586E858: malloc (vg_replace_malloc.c:447)
==745630==    by 0x473F017: rboxc_gawk_make_str_node (in /root/rboxc/target/gawk-format-lifetime-candidate/release/rboxc)
==745630==    by 0x474D135: install (in /root/rboxc/target/gawk-format-lifetime-candidate/release/rboxc)
==745630==    by 0x46F26C3: rboxc_gawk_yyparse (in /root/rboxc/target/gawk-format-lifetime-candidate/release/rboxc)
==745630==    by 0x46F639A: rboxc_gawk_parse_program (in /root/rboxc/target/gawk-format-lifetime-candidate/release/rboxc)
==745630==    by 0x44402A4: single_binary_main_gawk (in /root/rboxc/target/gawk-format-lifetime-candidate/release/rboxc)
==745630==    by 0x5A18600: (below main) (libc_start_call_main.h:59)
==745630== 
==745630== 60 bytes in 1 blocks are still reachable in loss record 121 of 287
==745630==    at 0x586E858: malloc (vg_replace_malloc.c:447)
==745630==    by 0x46EAADC: tokexpand (in /root/rboxc/target/gawk-format-lifetime-candidate/release/rboxc)
==745630==    by 0x46F6C46: rboxc_gawk_parse_program (in /root/rboxc/target/gawk-format-lifetime-candidate/release/rboxc)
==745630==    by 0x44402A4: single_binary_main_gawk (in /root/rboxc/target/gawk-format-lifetime-candidate/release/rboxc)
==745630==    by 0x5A18600: (below main) (libc_start_call_main.h:59)
==745630== 
==745630== 62 bytes in 11 blocks are still reachable in loss record 122 of 287
==745630==    at 0x586E858: malloc (vg_replace_malloc.c:447)
==745630==    by 0x44390B0: rboxc_gawk_estrdup (in /root/rboxc/target/gawk-format-lifetime-candidate/release/rboxc)
==745630==    by 0x46EFD18: yylex (in /root/rboxc/target/gawk-format-lifetime-candidate/release/rboxc)
==745630==    by 0x46F249C: rboxc_gawk_yyparse (in /root/rboxc/target/gawk-format-lifetime-candidate/release/rboxc)
==745630==    by 0x46F639A: rboxc_gawk_parse_program (in /root/rboxc/target/gawk-format-lifetime-candidate/release/rboxc)
==745630==    by 0x44402A4: single_binary_main_gawk (in /root/rboxc/target/gawk-format-lifetime-candidate/release/rboxc)
==745630==    by 0x5A18600: (below main) (libc_start_call_main.h:59)
==745630== 
==745630== 64 bytes in 1 blocks are still reachable in loss record 123 of 287
==745630==    at 0x586E858: malloc (vg_replace_malloc.c:447)
==745630==    by 0x475D20A: compile.constprop.0 (in /root/rboxc/target/gawk-format-lifetime-candidate/release/rboxc)
==745630==    by 0x475FE38: rboxc_gawk_minrx_regncomp (in /root/rboxc/target/gawk-format-lifetime-candidate/release/rboxc)
==745630==    by 0x474A2BD: rboxc_gawk_make_regexp (in /root/rboxc/target/gawk-format-lifetime-candidate/release/rboxc)
==745630==    by 0x46EF24B: rboxc_gawk_make_regnode (in /root/rboxc/target/gawk-format-lifetime-candidate/release/rboxc)
==745630==    by 0x473F404: rboxc_gawk_make_typed_regex (in /root/rboxc/target/gawk-format-lifetime-candidate/release/rboxc)
==745630==    by 0x46F342D: rboxc_gawk_yyparse (in /root/rboxc/target/gawk-format-lifetime-candidate/release/rboxc)
==745630==    by 0x46F639A: rboxc_gawk_parse_program (in /root/rboxc/target/gawk-format-lifetime-candidate/release/rboxc)
==745630==    by 0x44402A4: single_binary_main_gawk (in /root/rboxc/target/gawk-format-lifetime-candidate/release/rboxc)
==745630==    by 0x5A18600: (below main) (libc_start_call_main.h:59)
==745630== 
==745630== 64 bytes in 1 blocks are still reachable in loss record 124 of 287
==745630==    at 0x586E858: malloc (vg_replace_malloc.c:447)
==745630==    by 0x475D20A: compile.constprop.0 (in /root/rboxc/target/gawk-format-lifetime-candidate/release/rboxc)
==745630==    by 0x475FE38: rboxc_gawk_minrx_regncomp (in /root/rboxc/target/gawk-format-lifetime-candidate/release/rboxc)
==745630==    by 0x474A2BD: rboxc_gawk_make_regexp (in /root/rboxc/target/gawk-format-lifetime-candidate/release/rboxc)
==745630==    by 0x46EF24B: rboxc_gawk_make_regnode (in /root/rboxc/target/gawk-format-lifetime-candidate/release/rboxc)
==745630==    by 0x473F404: rboxc_gawk_make_typed_regex (in /root/rboxc/target/gawk-format-lifetime-candidate/release/rboxc)
==745630==    by 0x47316CC: api_set_array_element (in /root/rboxc/target/gawk-format-lifetime-candidate/release/rboxc)
==745630==    by 0x58878E8: read_array (rwarray.c:646)
==745630==    by 0x5886C90: read_backend (rwarray.c:589)
==745630==    by 0x5886DBB: do_reada (rwarray.c:616)
==745630==    by 0x472592E: rboxc_gawk_r_interpret (in /root/rboxc/target/gawk-format-lifetime-candidate/release/rboxc)
==745630==    by 0x4440403: single_binary_main_gawk (in /root/rboxc/target/gawk-format-lifetime-candidate/release/rboxc)
==745630== 
==745630== 80 bytes in 1 blocks are still reachable in loss record 125 of 287
==745630==    at 0x586E858: malloc (vg_replace_malloc.c:447)
==745630==    by 0x4758441: add_range_to_set (in /root/rboxc/target/gawk-format-lifetime-candidate/release/rboxc)
==745630==    by 0x475899F: charset_finalize (in /root/rboxc/target/gawk-format-lifetime-candidate/release/rboxc)
==745630==    by 0x475DA09: compile.constprop.0 (in /root/rboxc/target/gawk-format-lifetime-candidate/release/rboxc)
==745630==    by 0x475FE38: rboxc_gawk_minrx_regncomp (in /root/rboxc/target/gawk-format-lifetime-candidate/release/rboxc)
==745630==    by 0x474A2BD: rboxc_gawk_make_regexp (in /root/rboxc/target/gawk-format-lifetime-candidate/release/rboxc)
==745630==    by 0x46EF24B: rboxc_gawk_make_regnode (in /root/rboxc/target/gawk-format-lifetime-candidate/release/rboxc)
==745630==    by 0x473F404: rboxc_gawk_make_typed_regex (in /root/rboxc/target/gawk-format-lifetime-candidate/release/rboxc)
==745630==    by 0x46F342D: rboxc_gawk_yyparse (in /root/rboxc/target/gawk-format-lifetime-candidate/release/rboxc)
==745630==    by 0x46F639A: rboxc_gawk_parse_program (in /root/rboxc/target/gawk-format-lifetime-candidate/release/rboxc)
==745630==    by 0x44402A4: single_binary_main_gawk (in /root/rboxc/target/gawk-format-lifetime-candidate/release/rboxc)
==745630==    by 0x5A18600: (below main) (libc_start_call_main.h:59)
==745630== 
==745630== 80 bytes in 1 blocks are still reachable in loss record 126 of 287
==745630==    at 0x586E858: malloc (vg_replace_malloc.c:447)
==745630==    by 0x4758441: add_range_to_set (in /root/rboxc/target/gawk-format-lifetime-candidate/release/rboxc)
==745630==    by 0x475899F: charset_finalize (in /root/rboxc/target/gawk-format-lifetime-candidate/release/rboxc)
==745630==    by 0x475DA09: compile.constprop.0 (in /root/rboxc/target/gawk-format-lifetime-candidate/release/rboxc)
==745630==    by 0x475FE38: rboxc_gawk_minrx_regncomp (in /root/rboxc/target/gawk-format-lifetime-candidate/release/rboxc)
==745630==    by 0x474A2BD: rboxc_gawk_make_regexp (in /root/rboxc/target/gawk-format-lifetime-candidate/release/rboxc)
==745630==    by 0x46EF24B: rboxc_gawk_make_regnode (in /root/rboxc/target/gawk-format-lifetime-candidate/release/rboxc)
==745630==    by 0x473F404: rboxc_gawk_make_typed_regex (in /root/rboxc/target/gawk-format-lifetime-candidate/release/rboxc)
==745630==    by 0x47316CC: api_set_array_element (in /root/rboxc/target/gawk-format-lifetime-candidate/release/rboxc)
==745630==    by 0x58878E8: read_array (rwarray.c:646)
==745630==    by 0x5886C90: read_backend (rwarray.c:589)
==745630==    by 0x5886DBB: do_reada (rwarray.c:616)
==745630== 
==745630== 88 bytes in 1 blocks are still reachable in loss record 127 of 287
==745630==    at 0x586E858: malloc (vg_replace_malloc.c:447)
==745630==    by 0x473EBAB: rboxc_gawk_r_getblock (in /root/rboxc/target/gawk-format-lifetime-candidate/release/rboxc)
==745630==    by 0x473EF81: rboxc_gawk_make_str_node (in /root/rboxc/target/gawk-format-lifetime-candidate/release/rboxc)
==745630==    by 0x443E47C: single_binary_main_gawk (in /root/rboxc/target/gawk-format-lifetime-candidate/release/rboxc)
==745630==    by 0x5A18600: (below main) (libc_start_call_main.h:59)
==745630== 
==745630== 88 bytes in 1 blocks are still reachable in loss record 128 of 287
==745630==    at 0x586E858: malloc (vg_replace_malloc.c:447)
==745630==    by 0x473EBAB: rboxc_gawk_r_getblock (in /root/rboxc/target/gawk-format-lifetime-candidate/release/rboxc)
==745630==    by 0x474D3A7: init_the_tables (in /root/rboxc/target/gawk-format-lifetime-candidate/release/rboxc)
==745630==    by 0x443E550: single_binary_main_gawk (in /root/rboxc/target/gawk-format-lifetime-candidate/release/rboxc)
==745630==    by 0x5A18600: (below main) (libc_start_call_main.h:59)
==745630== 
==745630== 88 bytes in 1 blocks are still reachable in loss record 129 of 287
==745630==    at 0x586E858: malloc (vg_replace_malloc.c:447)
==745630==    by 0x473EBAB: rboxc_gawk_r_getblock (in /root/rboxc/target/gawk-format-lifetime-candidate/release/rboxc)
==745630==    by 0x474D3E8: init_the_tables (in /root/rboxc/target/gawk-format-lifetime-candidate/release/rboxc)
==745630==    by 0x443E550: single_binary_main_gawk (in /root/rboxc/target/gawk-format-lifetime-candidate/release/rboxc)
==745630==    by 0x5A18600: (below main) (libc_start_call_main.h:59)
==745630== 
==745630== 88 bytes in 1 blocks are still reachable in loss record 130 of 287
==745630==    at 0x586E858: malloc (vg_replace_malloc.c:447)
==745630==    by 0x473EBAB: rboxc_gawk_r_getblock (in /root/rboxc/target/gawk-format-lifetime-candidate/release/rboxc)
==745630==    by 0x473EF81: rboxc_gawk_make_str_node (in /root/rboxc/target/gawk-format-lifetime-candidate/release/rboxc)
==745630==    by 0x474D135: install (in /root/rboxc/target/gawk-format-lifetime-candidate/release/rboxc)
==745630==    by 0x474D449: init_the_tables (in /root/rboxc/target/gawk-format-lifetime-candidate/release/rboxc)
==745630==    by 0x443E550: single_binary_main_gawk (in /root/rboxc/target/gawk-format-lifetime-candidate/release/rboxc)
==745630==    by 0x5A18600: (below main) (libc_start_call_main.h:59)
==745630== 
==745630== 88 bytes in 1 blocks are still reachable in loss record 131 of 287
==745630==    at 0x586E858: malloc (vg_replace_malloc.c:447)
==745630==    by 0x473EBAB: rboxc_gawk_r_getblock (in /root/rboxc/target/gawk-format-lifetime-candidate/release/rboxc)
==745630==    by 0x474D213: install (in /root/rboxc/target/gawk-format-lifetime-candidate/release/rboxc)
==745630==    by 0x474D449: init_the_tables (in /root/rboxc/target/gawk-format-lifetime-candidate/release/rboxc)
==745630==    by 0x443E550: single_binary_main_gawk (in /root/rboxc/target/gawk-format-lifetime-candidate/release/rboxc)
==745630==    by 0x5A18600: (below main) (libc_start_call_main.h:59)
==745630== 
==745630== 88 bytes in 1 blocks are still reachable in loss record 132 of 287
==745630==    at 0x586E858: malloc (vg_replace_malloc.c:447)
==745630==    by 0x473EBAB: rboxc_gawk_r_getblock (in /root/rboxc/target/gawk-format-lifetime-candidate/release/rboxc)
==745630==    by 0x473EF81: rboxc_gawk_make_str_node (in /root/rboxc/target/gawk-format-lifetime-candidate/release/rboxc)
==745630==    by 0x474D135: install (in /root/rboxc/target/gawk-format-lifetime-candidate/release/rboxc)
==745630==    by 0x474D470: init_the_tables (in /root/rboxc/target/gawk-format-lifetime-candidate/release/rboxc)
==745630==    by 0x443E550: single_binary_main_gawk (in /root/rboxc/target/gawk-format-lifetime-candidate/release/rboxc)
==745630==    by 0x5A18600: (below main) (libc_start_call_main.h:59)
==745630== 
==745630== 88 bytes in 1 blocks are still reachable in loss record 133 of 287
==745630==    at 0x586E858: malloc (vg_replace_malloc.c:447)
==745630==    by 0x473EBAB: rboxc_gawk_r_getblock (in /root/rboxc/target/gawk-format-lifetime-candidate/release/rboxc)
==745630==    by 0x474D213: install (in /root/rboxc/target/gawk-format-lifetime-candidate/release/rboxc)
==745630==    by 0x474D470: init_the_tables (in /root/rboxc/target/gawk-format-lifetime-candidate/release/rboxc)
==745630==    by 0x443E550: single_binary_main_gawk (in /root/rboxc/target/gawk-format-lifetime-candidate/release/rboxc)
==745630==    by 0x5A18600: (below main) (libc_start_call_main.h:59)
==745630== 
==745630== 88 bytes in 1 blocks are still reachable in loss record 134 of 287
==745630==    at 0x586E858: malloc (vg_replace_malloc.c:447)
==745630==    by 0x473EBAB: rboxc_gawk_r_getblock (in /root/rboxc/target/gawk-format-lifetime-candidate/release/rboxc)
==745630==    by 0x473EF81: rboxc_gawk_make_str_node (in /root/rboxc/target/gawk-format-lifetime-candidate/release/rboxc)
==745630==    by 0x474D135: install (in /root/rboxc/target/gawk-format-lifetime-candidate/release/rboxc)
==745630==    by 0x443F4A1: single_binary_main_gawk (in /root/rboxc/target/gawk-format-lifetime-candidate/release/rboxc)
==745630==    by 0x5A18600: (below main) (libc_start_call_main.h:59)
==745630== 
==745630== 88 bytes in 1 blocks are still reachable in loss record 135 of 287
==745630==    at 0x586E858: malloc (vg_replace_malloc.c:447)
==745630==    by 0x473EBAB: rboxc_gawk_r_getblock (in /root/rboxc/target/gawk-format-lifetime-candidate/release/rboxc)
==745630==    by 0x474D213: install (in /root/rboxc/target/gawk-format-lifetime-candidate/release/rboxc)
==745630==    by 0x443F4A1: single_binary_main_gawk (in /root/rboxc/target/gawk-format-lifetime-candidate/release/rboxc)
==745630==    by 0x5A18600: (below main) (libc_start_call_main.h:59)
==745630== 
==745630== 88 bytes in 1 blocks are still reachable in loss record 136 of 287
==745630==    at 0x586E858: malloc (vg_replace_malloc.c:447)
==745630==    by 0x473EBAB: rboxc_gawk_r_getblock (in /root/rboxc/target/gawk-format-lifetime-candidate/release/rboxc)
==745630==    by 0x473EF81: rboxc_gawk_make_str_node (in /root/rboxc/target/gawk-format-lifetime-candidate/release/rboxc)
==745630==    by 0x472B6AF: update_PROCINFO_str.part.0 (in /root/rboxc/target/gawk-format-lifetime-candidate/release/rboxc)
==745630==    by 0x443F4C2: single_binary_main_gawk (in /root/rboxc/target/gawk-format-lifetime-candidate/release/rboxc)
==745630==    by 0x5A18600: (below main) (libc_start_call_main.h:59)
==745630== 
==745630== 88 bytes in 1 blocks are still reachable in loss record 137 of 287
==745630==    at 0x586E858: malloc (vg_replace_malloc.c:447)
==745630==    by 0x473EBAB: rboxc_gawk_r_getblock (in /root/rboxc/target/gawk-format-lifetime-candidate/release/rboxc)
==745630==    by 0x473EF81: rboxc_gawk_make_str_node (in /root/rboxc/target/gawk-format-lifetime-candidate/release/rboxc)
==745630==    by 0x472B6C7: update_PROCINFO_str.part.0 (in /root/rboxc/target/gawk-format-lifetime-candidate/release/rboxc)
==745630==    by 0x443F4C2: single_binary_main_gawk (in /root/rboxc/target/gawk-format-lifetime-candidate/release/rboxc)
==745630==    by 0x5A18600: (below main) (libc_start_call_main.h:59)
==745630== 
==745630== 88 bytes in 1 blocks are still reachable in loss record 138 of 287
==745630==    at 0x586E858: malloc (vg_replace_malloc.c:447)
==745630==    by 0x473EBAB: rboxc_gawk_r_getblock (in /root/rboxc/target/gawk-format-lifetime-candidate/release/rboxc)
==745630==    by 0x473EF81: rboxc_gawk_make_str_node (in /root/rboxc/target/gawk-format-lifetime-candidate/release/rboxc)
==745630==    by 0x472B6AF: update_PROCINFO_str.part.0 (in /root/rboxc/target/gawk-format-lifetime-candidate/release/rboxc)
==745630==    by 0x443F4D2: single_binary_main_gawk (in /root/rboxc/target/gawk-format-lifetime-candidate/release/rboxc)
==745630==    by 0x5A18600: (below main) (libc_start_call_main.h:59)
==745630== 
==745630== 88 bytes in 1 blocks are still reachable in loss record 139 of 287
==745630==    at 0x586E858: malloc (vg_replace_malloc.c:447)
==745630==    by 0x473EBAB: rboxc_gawk_r_getblock (in /root/rboxc/target/gawk-format-lifetime-candidate/release/rboxc)
==745630==    by 0x473EF81: rboxc_gawk_make_str_node (in /root/rboxc/target/gawk-format-lifetime-candidate/release/rboxc)
==745630==    by 0x472B6C7: update_PROCINFO_str.part.0 (in /root/rboxc/target/gawk-format-lifetime-candidate/release/rboxc)
==745630==    by 0x443F4D2: single_binary_main_gawk (in /root/rboxc/target/gawk-format-lifetime-candidate/release/rboxc)
==745630==    by 0x5A18600: (below main) (libc_start_call_main.h:59)
==745630== 
==745630== 88 bytes in 1 blocks are still reachable in loss record 140 of 287
==745630==    at 0x586E858: malloc (vg_replace_malloc.c:447)
==745630==    by 0x473EBAB: rboxc_gawk_r_getblock (in /root/rboxc/target/gawk-format-lifetime-candidate/release/rboxc)
==745630==    by 0x473EF81: rboxc_gawk_make_str_node (in /root/rboxc/target/gawk-format-lifetime-candidate/release/rboxc)
==745630==    by 0x472B6AF: update_PROCINFO_str.part.0 (in /root/rboxc/target/gawk-format-lifetime-candidate/release/rboxc)
==745630==    by 0x443F4E2: single_binary_main_gawk (in /root/rboxc/target/gawk-format-lifetime-candidate/release/rboxc)
==745630==    by 0x5A18600: (below main) (libc_start_call_main.h:59)
==745630== 
==745630== 88 bytes in 1 blocks are still reachable in loss record 141 of 287
==745630==    at 0x586E858: malloc (vg_replace_malloc.c:447)
==745630==    by 0x473EBAB: rboxc_gawk_r_getblock (in /root/rboxc/target/gawk-format-lifetime-candidate/release/rboxc)
==745630==    by 0x473EF81: rboxc_gawk_make_str_node (in /root/rboxc/target/gawk-format-lifetime-candidate/release/rboxc)
==745630==    by 0x472B6C7: update_PROCINFO_str.part.0 (in /root/rboxc/target/gawk-format-lifetime-candidate/release/rboxc)
==745630==    by 0x443F4E2: single_binary_main_gawk (in /root/rboxc/target/gawk-format-lifetime-candidate/release/rboxc)
==745630==    by 0x5A18600: (below main) (libc_start_call_main.h:59)
==745630== 
==745630== 88 bytes in 1 blocks are still reachable in loss record 142 of 287
==745630==    at 0x586E858: malloc (vg_replace_malloc.c:447)
==745630==    by 0x473EBAB: rboxc_gawk_r_getblock (in /root/rboxc/target/gawk-format-lifetime-candidate/release/rboxc)
==745630==    by 0x473EF81: rboxc_gawk_make_str_node (in /root/rboxc/target/gawk-format-lifetime-candidate/release/rboxc)
==745630==    by 0x472EB44: rboxc_gawk_update_PROCINFO_num (in /root/rboxc/target/gawk-format-lifetime-candidate/release/rboxc)
==745630==    by 0x443F4FB: single_binary_main_gawk (in /root/rboxc/target/gawk-format-lifetime-candidate/release/rboxc)
==745630==    by 0x5A18600: (below main) (libc_start_call_main.h:59)
==745630== 
==745630== 88 bytes in 1 blocks are still reachable in loss record 143 of 287
==745630==    at 0x586E858: malloc (vg_replace_malloc.c:447)
==745630==    by 0x473EBAB: rboxc_gawk_r_getblock (in /root/rboxc/target/gawk-format-lifetime-candidate/release/rboxc)
==745630==    by 0x473F4F0: r_make_number (in /root/rboxc/target/gawk-format-lifetime-candidate/release/rboxc)
==745630==    by 0x472EB53: rboxc_gawk_update_PROCINFO_num (in /root/rboxc/target/gawk-format-lifetime-candidate/release/rboxc)
==745630==    by 0x443F4FB: single_binary_main_gawk (in /root/rboxc/target/gawk-format-lifetime-candidate/release/rboxc)
==745630==    by 0x5A18600: (below main) (libc_start_call_main.h:59)
==745630== 
==745630== 88 bytes in 1 blocks are still reachable in loss record 144 of 287
==745630==    at 0x586E858: malloc (vg_replace_malloc.c:447)
==745630==    by 0x473EBAB: rboxc_gawk_r_getblock (in /root/rboxc/target/gawk-format-lifetime-candidate/release/rboxc)
==745630==    by 0x473EF81: rboxc_gawk_make_str_node (in /root/rboxc/target/gawk-format-lifetime-candidate/release/rboxc)
==745630==    by 0x472EB44: rboxc_gawk_update_PROCINFO_num (in /root/rboxc/target/gawk-format-lifetime-candidate/release/rboxc)
==745630==    by 0x443F50D: single_binary_main_gawk (in /root/rboxc/target/gawk-format-lifetime-candidate/release/rboxc)
==745630==    by 0x5A18600: (below main) (libc_start_call_main.h:59)
==745630== 
==745630== 88 bytes in 1 blocks are still reachable in loss record 145 of 287
==745630==    at 0x586E858: malloc (vg_replace_malloc.c:447)
==745630==    by 0x473EBAB: rboxc_gawk_r_getblock (in /root/rboxc/target/gawk-format-lifetime-candidate/release/rboxc)
==745630==    by 0x473F4F0: r_make_number (in /root/rboxc/target/gawk-format-lifetime-candidate/release/rboxc)
==745630==    by 0x472EB53: rboxc_gawk_update_PROCINFO_num (in /root/rboxc/target/gawk-format-lifetime-candidate/release/rboxc)
==745630==    by 0x443F50D: single_binary_main_gawk (in /root/rboxc/target/gawk-format-lifetime-candidate/release/rboxc)
==745630==    by 0x5A18600: (below main) (libc_start_call_main.h:59)
==745630== 
==745630== 88 bytes in 1 blocks are still reachable in loss record 146 of 287
==745630==    at 0x586E858: malloc (vg_replace_malloc.c:447)
==745630==    by 0x473EBAB: rboxc_gawk_r_getblock (in /root/rboxc/target/gawk-format-lifetime-candidate/release/rboxc)
==745630==    by 0x473EF81: rboxc_gawk_make_str_node (in /root/rboxc/target/gawk-format-lifetime-candidate/release/rboxc)
==745630==    by 0x472EB44: rboxc_gawk_update_PROCINFO_num (in /root/rboxc/target/gawk-format-lifetime-candidate/release/rboxc)
==745630==    by 0x443F524: single_binary_main_gawk (in /root/rboxc/target/gawk-format-lifetime-candidate/release/rboxc)
==745630==    by 0x5A18600: (below main) (libc_start_call_main.h:59)
==745630== 
==745630== 88 bytes in 1 blocks are still reachable in loss record 147 of 287
==745630==    at 0x586E858: malloc (vg_replace_malloc.c:447)
==745630==    by 0x473EBAB: rboxc_gawk_r_getblock (in /root/rboxc/target/gawk-format-lifetime-candidate/release/rboxc)
==745630==    by 0x473F4F0: r_make_number (in /root/rboxc/target/gawk-format-lifetime-candidate/release/rboxc)
==745630==    by 0x472EB53: rboxc_gawk_update_PROCINFO_num (in /root/rboxc/target/gawk-format-lifetime-candidate/release/rboxc)
==745630==    by 0x443F524: single_binary_main_gawk (in /root/rboxc/target/gawk-format-lifetime-candidate/release/rboxc)
==745630==    by 0x5A18600: (below main) (libc_start_call_main.h:59)
==745630== 
==745630== 88 bytes in 1 blocks are still reachable in loss record 148 of 287
==745630==    at 0x586E858: malloc (vg_replace_malloc.c:447)
==745630==    by 0x473EBAB: rboxc_gawk_r_getblock (in /root/rboxc/target/gawk-format-lifetime-candidate/release/rboxc)
==745630==    by 0x473EF81: rboxc_gawk_make_str_node (in /root/rboxc/target/gawk-format-lifetime-candidate/release/rboxc)
==745630==    by 0x472EB44: rboxc_gawk_update_PROCINFO_num (in /root/rboxc/target/gawk-format-lifetime-candidate/release/rboxc)
==745630==    by 0x443F53B: single_binary_main_gawk (in /root/rboxc/target/gawk-format-lifetime-candidate/release/rboxc)
==745630==    by 0x5A18600: (below main) (libc_start_call_main.h:59)
==745630== 
==745630== 88 bytes in 1 blocks are still reachable in loss record 149 of 287
==745630==    at 0x586E858: malloc (vg_replace_malloc.c:447)
==745630==    by 0x473EBAB: rboxc_gawk_r_getblock (in /root/rboxc/target/gawk-format-lifetime-candidate/release/rboxc)
==745630==    by 0x473F4F0: r_make_number (in /root/rboxc/target/gawk-format-lifetime-candidate/release/rboxc)
==745630==    by 0x472EB53: rboxc_gawk_update_PROCINFO_num (in /root/rboxc/target/gawk-format-lifetime-candidate/release/rboxc)
==745630==    by 0x443F53B: single_binary_main_gawk (in /root/rboxc/target/gawk-format-lifetime-candidate/release/rboxc)
==745630==    by 0x5A18600: (below main) (libc_start_call_main.h:59)
==745630== 
==745630== 88 bytes in 1 blocks are still reachable in loss record 150 of 287
==745630==    at 0x586E858: malloc (vg_replace_malloc.c:447)
==745630==    by 0x473EBAB: rboxc_gawk_r_getblock (in /root/rboxc/target/gawk-format-lifetime-candidate/release/rboxc)
==745630==    by 0x473EF81: rboxc_gawk_make_str_node (in /root/rboxc/target/gawk-format-lifetime-candidate/release/rboxc)
==745630==    by 0x472EB44: rboxc_gawk_update_PROCINFO_num (in /root/rboxc/target/gawk-format-lifetime-candidate/release/rboxc)
==745630==    by 0x443F552: single_binary_main_gawk (in /root/rboxc/target/gawk-format-lifetime-candidate/release/rboxc)
==745630==    by 0x5A18600: (below main) (libc_start_call_main.h:59)
==745630== 
==745630== 88 bytes in 1 blocks are still reachable in loss record 151 of 287
==745630==    at 0x586E858: malloc (vg_replace_malloc.c:447)
==745630==    by 0x473EBAB: rboxc_gawk_r_getblock (in /root/rboxc/target/gawk-format-lifetime-candidate/release/rboxc)
==745630==    by 0x473F4F0: r_make_number (in /root/rboxc/target/gawk-format-lifetime-candidate/release/rboxc)
==745630==    by 0x472EB53: rboxc_gawk_update_PROCINFO_num (in /root/rboxc/target/gawk-format-lifetime-candidate/release/rboxc)
==745630==    by 0x443F552: single_binary_main_gawk (in /root/rboxc/target/gawk-format-lifetime-candidate/release/rboxc)
==745630==    by 0x5A18600: (below main) (libc_start_call_main.h:59)
==745630== 
==745630== 88 bytes in 1 blocks are still reachable in loss record 152 of 287
==745630==    at 0x586E858: malloc (vg_replace_malloc.c:447)
==745630==    by 0x473EBAB: rboxc_gawk_r_getblock (in /root/rboxc/target/gawk-format-lifetime-candidate/release/rboxc)
==745630==    by 0x473EF81: rboxc_gawk_make_str_node (in /root/rboxc/target/gawk-format-lifetime-candidate/release/rboxc)
==745630==    by 0x472EB44: rboxc_gawk_update_PROCINFO_num (in /root/rboxc/target/gawk-format-lifetime-candidate/release/rboxc)
==745630==    by 0x443F56C: single_binary_main_gawk (in /root/rboxc/target/gawk-format-lifetime-candidate/release/rboxc)
==745630==    by 0x5A18600: (below main) (libc_start_call_main.h:59)
==745630== 
==745630== 88 bytes in 1 blocks are still reachable in loss record 153 of 287
==745630==    at 0x586E858: malloc (vg_replace_malloc.c:447)
==745630==    by 0x473EBAB: rboxc_gawk_r_getblock (in /root/rboxc/target/gawk-format-lifetime-candidate/release/rboxc)
==745630==    by 0x473F4F0: r_make_number (in /root/rboxc/target/gawk-format-lifetime-candidate/release/rboxc)
==745630==    by 0x472EB53: rboxc_gawk_update_PROCINFO_num (in /root/rboxc/target/gawk-format-lifetime-candidate/release/rboxc)
==745630==    by 0x443F56C: single_binary_main_gawk (in /root/rboxc/target/gawk-format-lifetime-candidate/release/rboxc)
==745630==    by 0x5A18600: (below main) (libc_start_call_main.h:59)
==745630== 
==745630== 88 bytes in 1 blocks are still reachable in loss record 154 of 287
==745630==    at 0x586E858: malloc (vg_replace_malloc.c:447)
==745630==    by 0x473EBAB: rboxc_gawk_r_getblock (in /root/rboxc/target/gawk-format-lifetime-candidate/release/rboxc)
==745630==    by 0x473EF81: rboxc_gawk_make_str_node (in /root/rboxc/target/gawk-format-lifetime-candidate/release/rboxc)
==745630==    by 0x472EB44: rboxc_gawk_update_PROCINFO_num (in /root/rboxc/target/gawk-format-lifetime-candidate/release/rboxc)
==745630==    by 0x443F586: single_binary_main_gawk (in /root/rboxc/target/gawk-format-lifetime-candidate/release/rboxc)
==745630==    by 0x5A18600: (below main) (libc_start_call_main.h:59)
==745630== 
==745630== 88 bytes in 1 blocks are still reachable in loss record 155 of 287
==745630==    at 0x586E858: malloc (vg_replace_malloc.c:447)
==745630==    by 0x473EBAB: rboxc_gawk_r_getblock (in /root/rboxc/target/gawk-format-lifetime-candidate/release/rboxc)
==745630==    by 0x473F4F0: r_make_number (in /root/rboxc/target/gawk-format-lifetime-candidate/release/rboxc)
==745630==    by 0x472EB53: rboxc_gawk_update_PROCINFO_num (in /root/rboxc/target/gawk-format-lifetime-candidate/release/rboxc)
==745630==    by 0x443F586: single_binary_main_gawk (in /root/rboxc/target/gawk-format-lifetime-candidate/release/rboxc)
==745630==    by 0x5A18600: (below main) (libc_start_call_main.h:59)
==745630== 
==745630== 88 bytes in 1 blocks are still reachable in loss record 156 of 287
==745630==    at 0x586E858: malloc (vg_replace_malloc.c:447)
==745630==    by 0x473EBAB: rboxc_gawk_r_getblock (in /root/rboxc/target/gawk-format-lifetime-candidate/release/rboxc)
==745630==    by 0x473EF81: rboxc_gawk_make_str_node (in /root/rboxc/target/gawk-format-lifetime-candidate/release/rboxc)
==745630==    by 0x472EB44: rboxc_gawk_update_PROCINFO_num (in /root/rboxc/target/gawk-format-lifetime-candidate/release/rboxc)
==745630==    by 0x443F5A0: single_binary_main_gawk (in /root/rboxc/target/gawk-format-lifetime-candidate/release/rboxc)
==745630==    by 0x5A18600: (below main) (libc_start_call_main.h:59)
==745630== 
==745630== 88 bytes in 1 blocks are still reachable in loss record 157 of 287
==745630==    at 0x586E858: malloc (vg_replace_malloc.c:447)
==745630==    by 0x473EBAB: rboxc_gawk_r_getblock (in /root/rboxc/target/gawk-format-lifetime-candidate/release/rboxc)
==745630==    by 0x473F4F0: r_make_number (in /root/rboxc/target/gawk-format-lifetime-candidate/release/rboxc)
==745630==    by 0x472EB53: rboxc_gawk_update_PROCINFO_num (in /root/rboxc/target/gawk-format-lifetime-candidate/release/rboxc)
==745630==    by 0x443F5A0: single_binary_main_gawk (in /root/rboxc/target/gawk-format-lifetime-candidate/release/rboxc)
==745630==    by 0x5A18600: (below main) (libc_start_call_main.h:59)
==745630== 
==745630== 88 bytes in 1 blocks are still reachable in loss record 158 of 287
==745630==    at 0x586E858: malloc (vg_replace_malloc.c:447)
==745630==    by 0x473EBAB: rboxc_gawk_r_getblock (in /root/rboxc/target/gawk-format-lifetime-candidate/release/rboxc)
==745630==    by 0x473EF81: rboxc_gawk_make_str_node (in /root/rboxc/target/gawk-format-lifetime-candidate/release/rboxc)
==745630==    by 0x472EB44: rboxc_gawk_update_PROCINFO_num (in /root/rboxc/target/gawk-format-lifetime-candidate/release/rboxc)
==745630==    by 0x443F5BA: single_binary_main_gawk (in /root/rboxc/target/gawk-format-lifetime-candidate/release/rboxc)
==745630==    by 0x5A18600: (below main) (libc_start_call_main.h:59)
==745630== 
==745630== 88 bytes in 1 blocks are still reachable in loss record 159 of 287
==745630==    at 0x586E858: malloc (vg_replace_malloc.c:447)
==745630==    by 0x473EBAB: rboxc_gawk_r_getblock (in /root/rboxc/target/gawk-format-lifetime-candidate/release/rboxc)
==745630==    by 0x473F4F0: r_make_number (in /root/rboxc/target/gawk-format-lifetime-candidate/release/rboxc)
==745630==    by 0x472EB53: rboxc_gawk_update_PROCINFO_num (in /root/rboxc/target/gawk-format-lifetime-candidate/release/rboxc)
==745630==    by 0x443F5BA: single_binary_main_gawk (in /root/rboxc/target/gawk-format-lifetime-candidate/release/rboxc)
==745630==    by 0x5A18600: (below main) (libc_start_call_main.h:59)
==745630== 
==745630== 88 bytes in 1 blocks are still reachable in loss record 160 of 287
==745630==    at 0x586E858: malloc (vg_replace_malloc.c:447)
==745630==    by 0x473EBAB: rboxc_gawk_r_getblock (in /root/rboxc/target/gawk-format-lifetime-candidate/release/rboxc)
==745630==    by 0x473EF81: rboxc_gawk_make_str_node (in /root/rboxc/target/gawk-format-lifetime-candidate/release/rboxc)
==745630==    by 0x472B6AF: update_PROCINFO_str.part.0 (in /root/rboxc/target/gawk-format-lifetime-candidate/release/rboxc)
==745630==    by 0x443F5CC: single_binary_main_gawk (in /root/rboxc/target/gawk-format-lifetime-candidate/release/rboxc)
==745630==    by 0x5A18600: (below main) (libc_start_call_main.h:59)
==745630== 
==745630== 88 bytes in 1 blocks are still reachable in loss record 161 of 287
==745630==    at 0x586E858: malloc (vg_replace_malloc.c:447)
==745630==    by 0x473EBAB: rboxc_gawk_r_getblock (in /root/rboxc/target/gawk-format-lifetime-candidate/release/rboxc)
==745630==    by 0x473EF81: rboxc_gawk_make_str_node (in /root/rboxc/target/gawk-format-lifetime-candidate/release/rboxc)
==745630==    by 0x472B6C7: update_PROCINFO_str.part.0 (in /root/rboxc/target/gawk-format-lifetime-candidate/release/rboxc)
==745630==    by 0x443F5CC: single_binary_main_gawk (in /root/rboxc/target/gawk-format-lifetime-candidate/release/rboxc)
==745630==    by 0x5A18600: (below main) (libc_start_call_main.h:59)
==745630== 
==745630== 88 bytes in 1 blocks are still reachable in loss record 162 of 287
==745630==    at 0x586E858: malloc (vg_replace_malloc.c:447)
==745630==    by 0x473EBAB: rboxc_gawk_r_getblock (in /root/rboxc/target/gawk-format-lifetime-candidate/release/rboxc)
==745630==    by 0x473EF81: rboxc_gawk_make_str_node (in /root/rboxc/target/gawk-format-lifetime-candidate/release/rboxc)
==745630==    by 0x472B6AF: update_PROCINFO_str.part.0 (in /root/rboxc/target/gawk-format-lifetime-candidate/release/rboxc)
==745630==    by 0x443F758: single_binary_main_gawk (in /root/rboxc/target/gawk-format-lifetime-candidate/release/rboxc)
==745630==    by 0x5A18600: (below main) (libc_start_call_main.h:59)
==745630== 
==745630== 88 bytes in 1 blocks are still reachable in loss record 163 of 287
==745630==    at 0x586E858: malloc (vg_replace_malloc.c:447)
==745630==    by 0x473EBAB: rboxc_gawk_r_getblock (in /root/rboxc/target/gawk-format-lifetime-candidate/release/rboxc)
==745630==    by 0x473EF81: rboxc_gawk_make_str_node (in /root/rboxc/target/gawk-format-lifetime-candidate/release/rboxc)
==745630==    by 0x472B6C7: update_PROCINFO_str.part.0 (in /root/rboxc/target/gawk-format-lifetime-candidate/release/rboxc)
==745630==    by 0x443F758: single_binary_main_gawk (in /root/rboxc/target/gawk-format-lifetime-candidate/release/rboxc)
==745630==    by 0x5A18600: (below main) (libc_start_call_main.h:59)
==745630== 
==745630== 88 bytes in 1 blocks are still reachable in loss record 164 of 287
==745630==    at 0x586E858: malloc (vg_replace_malloc.c:447)
==745630==    by 0x473EBAB: rboxc_gawk_r_getblock (in /root/rboxc/target/gawk-format-lifetime-candidate/release/rboxc)
==745630==    by 0x443F782: single_binary_main_gawk (in /root/rboxc/target/gawk-format-lifetime-candidate/release/rboxc)
==745630==    by 0x5A18600: (below main) (libc_start_call_main.h:59)
==745630== 
==745630== 88 bytes in 1 blocks are still reachable in loss record 165 of 287
==745630==    at 0x586E858: malloc (vg_replace_malloc.c:447)
==745630==    by 0x473EBAB: rboxc_gawk_r_getblock (in /root/rboxc/target/gawk-format-lifetime-candidate/release/rboxc)
==745630==    by 0x470A932: cint_lookup (in /root/rboxc/target/gawk-format-lifetime-candidate/release/rboxc)
==745630==    by 0x4435AE2: rboxc::applet_gawk::assoc_set (in /root/rboxc/target/gawk-format-lifetime-candidate/release/rboxc)
==745630==    by 0x4440162: single_binary_main_gawk (in /root/rboxc/target/gawk-format-lifetime-candidate/release/rboxc)
==745630==    by 0x5A18600: (below main) (libc_start_call_main.h:59)
==745630== 
==745630== 88 bytes in 1 blocks are still reachable in loss record 166 of 287
==745630==    at 0x586E858: malloc (vg_replace_malloc.c:447)
==745630==    by 0x473EBAB: rboxc_gawk_r_getblock (in /root/rboxc/target/gawk-format-lifetime-candidate/release/rboxc)
==745630==    by 0x470A547: tree_lookup (in /root/rboxc/target/gawk-format-lifetime-candidate/release/rboxc)
==745630==    by 0x4435AE2: rboxc::applet_gawk::assoc_set (in /root/rboxc/target/gawk-format-lifetime-candidate/release/rboxc)
==745630==    by 0x4440162: single_binary_main_gawk (in /root/rboxc/target/gawk-format-lifetime-candidate/release/rboxc)
==745630==    by 0x5A18600: (below main) (libc_start_call_main.h:59)
==745630== 
==745630== 88 bytes in 1 blocks are still reachable in loss record 167 of 287
==745630==    at 0x586E858: malloc (vg_replace_malloc.c:447)
==745630==    by 0x473EBAB: rboxc_gawk_r_getblock (in /root/rboxc/target/gawk-format-lifetime-candidate/release/rboxc)
==745630==    by 0x473EF81: rboxc_gawk_make_str_node (in /root/rboxc/target/gawk-format-lifetime-candidate/release/rboxc)
==745630==    by 0x443F86B: single_binary_main_gawk (in /root/rboxc/target/gawk-format-lifetime-candidate/release/rboxc)
==745630==    by 0x5A18600: (below main) (libc_start_call_main.h:59)
==745630== 
==745630== 88 bytes in 1 blocks are still reachable in loss record 168 of 287
==745630==    at 0x586E858: malloc (vg_replace_malloc.c:447)
==745630==    by 0x473EBAB: rboxc_gawk_r_getblock (in /root/rboxc/target/gawk-format-lifetime-candidate/release/rboxc)
==745630==    by 0x473EF81: rboxc_gawk_make_str_node (in /root/rboxc/target/gawk-format-lifetime-candidate/release/rboxc)
==745630==    by 0x474D135: install (in /root/rboxc/target/gawk-format-lifetime-candidate/release/rboxc)
==745630==    by 0x443F92D: single_binary_main_gawk (in /root/rboxc/target/gawk-format-lifetime-candidate/release/rboxc)
==745630==    by 0x5A18600: (below main) (libc_start_call_main.h:59)
==745630== 
==745630== 88 bytes in 1 blocks are still reachable in loss record 169 of 287
==745630==    at 0x586E858: malloc (vg_replace_malloc.c:447)
==745630==    by 0x473EBAB: rboxc_gawk_r_getblock (in /root/rboxc/target/gawk-format-lifetime-candidate/release/rboxc)
==745630==    by 0x474D213: install (in /root/rboxc/target/gawk-format-lifetime-candidate/release/rboxc)
==745630==    by 0x443F92D: single_binary_main_gawk (in /root/rboxc/target/gawk-format-lifetime-candidate/release/rboxc)
==745630==    by 0x5A18600: (below main) (libc_start_call_main.h:59)
==745630== 
==745630== 88 bytes in 1 blocks are still reachable in loss record 170 of 287
==745630==    at 0x586E858: malloc (vg_replace_malloc.c:447)
==745630==    by 0x473EBAB: rboxc_gawk_r_getblock (in /root/rboxc/target/gawk-format-lifetime-candidate/release/rboxc)
==745630==    by 0x473EF81: rboxc_gawk_make_str_node (in /root/rboxc/target/gawk-format-lifetime-candidate/release/rboxc)
==745630==    by 0x472BED5: rboxc_gawk_init_fields (in /root/rboxc/target/gawk-format-lifetime-candidate/release/rboxc)
==745630==    by 0x443F9A0: single_binary_main_gawk (in /root/rboxc/target/gawk-format-lifetime-candidate/release/rboxc)
==745630==    by 0x5A18600: (below main) (libc_start_call_main.h:59)
==745630== 
==745630== 88 bytes in 1 blocks are still reachable in loss record 171 of 287
==745630==    at 0x586E858: malloc (vg_replace_malloc.c:447)
==745630==    by 0x473EBAB: rboxc_gawk_r_getblock (in /root/rboxc/target/gawk-format-lifetime-candidate/release/rboxc)
==745630==    by 0x473EF81: rboxc_gawk_make_str_node (in /root/rboxc/target/gawk-format-lifetime-candidate/release/rboxc)
==745630==    by 0x472BF20: rboxc_gawk_init_fields (in /root/rboxc/target/gawk-format-lifetime-candidate/release/rboxc)
==745630==    by 0x443F9A0: single_binary_main_gawk (in /root/rboxc/target/gawk-format-lifetime-candidate/release/rboxc)
==745630==    by 0x5A18600: (below main) (libc_start_call_main.h:59)
==745630== 
==745630== 88 bytes in 1 blocks are still reachable in loss record 172 of 287
==745630==    at 0x586E858: malloc (vg_replace_malloc.c:447)
==745630==    by 0x473EBAB: rboxc_gawk_r_getblock (in /root/rboxc/target/gawk-format-lifetime-candidate/release/rboxc)
==745630==    by 0x471F151: rboxc_gawk_init_interpret (in /root/rboxc/target/gawk-format-lifetime-candidate/release/rboxc)
==745630==    by 0x443FE94: single_binary_main_gawk (in /root/rboxc/target/gawk-format-lifetime-candidate/release/rboxc)
==745630==    by 0x5A18600: (below main) (libc_start_call_main.h:59)
==745630== 
==745630== 88 bytes in 1 blocks are still reachable in loss record 173 of 287
==745630==    at 0x586E858: malloc (vg_replace_malloc.c:447)
==745630==    by 0x473EBAB: rboxc_gawk_r_getblock (in /root/rboxc/target/gawk-format-lifetime-candidate/release/rboxc)
==745630==    by 0x473F4F0: r_make_number (in /root/rboxc/target/gawk-format-lifetime-candidate/release/rboxc)
==745630==    by 0x471F1A5: rboxc_gawk_init_interpret (in /root/rboxc/target/gawk-format-lifetime-candidate/release/rboxc)
==745630==    by 0x443FE94: single_binary_main_gawk (in /root/rboxc/target/gawk-format-lifetime-candidate/release/rboxc)
==745630==    by 0x5A18600: (below main) (libc_start_call_main.h:59)
==745630== 
==745630== 88 bytes in 1 blocks are still reachable in loss record 174 of 287
==745630==    at 0x586E858: malloc (vg_replace_malloc.c:447)
==745630==    by 0x473EBAB: rboxc_gawk_r_getblock (in /root/rboxc/target/gawk-format-lifetime-candidate/release/rboxc)
==745630==    by 0x473F4F0: r_make_number (in /root/rboxc/target/gawk-format-lifetime-candidate/release/rboxc)
==745630==    by 0x471F1BA: rboxc_gawk_init_interpret (in /root/rboxc/target/gawk-format-lifetime-candidate/release/rboxc)
==745630==    by 0x443FE94: single_binary_main_gawk (in /root/rboxc/target/gawk-format-lifetime-candidate/release/rboxc)
==745630==    by 0x5A18600: (below main) (libc_start_call_main.h:59)
==745630== 
==745630== 88 bytes in 1 blocks are still reachable in loss record 175 of 287
==745630==    at 0x586E858: malloc (vg_replace_malloc.c:447)
==745630==    by 0x473EBAB: rboxc_gawk_r_getblock (in /root/rboxc/target/gawk-format-lifetime-candidate/release/rboxc)
==745630==    by 0x473EF81: rboxc_gawk_make_str_node (in /root/rboxc/target/gawk-format-lifetime-candidate/release/rboxc)
==745630==    by 0x474D135: install (in /root/rboxc/target/gawk-format-lifetime-candidate/release/rboxc)
==745630==    by 0x443FF58: single_binary_main_gawk (in /root/rboxc/target/gawk-format-lifetime-candidate/release/rboxc)
==745630==    by 0x5A18600: (below main) (libc_start_call_main.h:59)
==745630== 
==745630== 88 bytes in 1 blocks are still reachable in loss record 176 of 287
==745630==    at 0x586E858: malloc (vg_replace_malloc.c:447)
==745630==    by 0x473EBAB: rboxc_gawk_r_getblock (in /root/rboxc/target/gawk-format-lifetime-candidate/release/rboxc)
==745630==    by 0x474D213: install (in /root/rboxc/target/gawk-format-lifetime-candidate/release/rboxc)
==745630==    by 0x443FF58: single_binary_main_gawk (in /root/rboxc/target/gawk-format-lifetime-candidate/release/rboxc)
==745630==    by 0x5A18600: (below main) (libc_start_call_main.h:59)
==745630== 
==745630== 88 bytes in 1 blocks are still reachable in loss record 177 of 287
==745630==    at 0x586E858: malloc (vg_replace_malloc.c:447)
==745630==    by 0x473EBAB: rboxc_gawk_r_getblock (in /root/rboxc/target/gawk-format-lifetime-candidate/release/rboxc)
==745630==    by 0x473EF81: rboxc_gawk_make_str_node (in /root/rboxc/target/gawk-format-lifetime-candidate/release/rboxc)
==745630==    by 0x443FF98: single_binary_main_gawk (in /root/rboxc/target/gawk-format-lifetime-candidate/release/rboxc)
==745630==    by 0x5A18600: (below main) (libc_start_call_main.h:59)
==745630== 
==745630== 88 bytes in 1 blocks are still reachable in loss record 178 of 287
==745630==    at 0x586E858: malloc (vg_replace_malloc.c:447)
==745630==    by 0x473EBAB: rboxc_gawk_r_getblock (in /root/rboxc/target/gawk-format-lifetime-candidate/release/rboxc)
==745630==    by 0x470A932: cint_lookup (in /root/rboxc/target/gawk-format-lifetime-candidate/release/rboxc)
==745630==    by 0x4435AE2: rboxc::applet_gawk::assoc_set (in /root/rboxc/target/gawk-format-lifetime-candidate/release/rboxc)
==745630==    by 0x443FFAB: single_binary_main_gawk (in /root/rboxc/target/gawk-format-lifetime-candidate/release/rboxc)
==745630==    by 0x5A18600: (below main) (libc_start_call_main.h:59)
==745630== 
==745630== 88 bytes in 1 blocks are still reachable in loss record 179 of 287
==745630==    at 0x586E858: malloc (vg_replace_malloc.c:447)
==745630==    by 0x473EBAB: rboxc_gawk_r_getblock (in /root/rboxc/target/gawk-format-lifetime-candidate/release/rboxc)
==745630==    by 0x470A547: tree_lookup (in /root/rboxc/target/gawk-format-lifetime-candidate/release/rboxc)
==745630==    by 0x4435AE2: rboxc::applet_gawk::assoc_set (in /root/rboxc/target/gawk-format-lifetime-candidate/release/rboxc)
==745630==    by 0x443FFAB: single_binary_main_gawk (in /root/rboxc/target/gawk-format-lifetime-candidate/release/rboxc)
==745630==    by 0x5A18600: (below main) (libc_start_call_main.h:59)
==745630== 
==745630== 88 bytes in 1 blocks are still reachable in loss record 180 of 287
==745630==    at 0x586E858: malloc (vg_replace_malloc.c:447)
==745630==    by 0x473EBAB: rboxc_gawk_r_getblock (in /root/rboxc/target/gawk-format-lifetime-candidate/release/rboxc)
==745630==    by 0x473EF81: rboxc_gawk_make_str_node (in /root/rboxc/target/gawk-format-lifetime-candidate/release/rboxc)
==745630==    by 0x474D135: install (in /root/rboxc/target/gawk-format-lifetime-candidate/release/rboxc)
==745630==    by 0x4440233: single_binary_main_gawk (in /root/rboxc/target/gawk-format-lifetime-candidate/release/rboxc)
==745630==    by 0x5A18600: (below main) (libc_start_call_main.h:59)
==745630== 
==745630== 88 bytes in 1 blocks are still reachable in loss record 181 of 287
==745630==    at 0x586E858: malloc (vg_replace_malloc.c:447)
==745630==    by 0x473EBAB: rboxc_gawk_r_getblock (in /root/rboxc/target/gawk-format-lifetime-candidate/release/rboxc)
==745630==    by 0x474D213: install (in /root/rboxc/target/gawk-format-lifetime-candidate/release/rboxc)
==745630==    by 0x4440233: single_binary_main_gawk (in /root/rboxc/target/gawk-format-lifetime-candidate/release/rboxc)
==745630==    by 0x5A18600: (below main) (libc_start_call_main.h:59)
==745630== 
==745630== 88 bytes in 1 blocks are still reachable in loss record 182 of 287
==745630==    at 0x586E858: malloc (vg_replace_malloc.c:447)
==745630==    by 0x473EBAB: rboxc_gawk_r_getblock (in /root/rboxc/target/gawk-format-lifetime-candidate/release/rboxc)
==745630==    by 0x473F4F0: r_make_number (in /root/rboxc/target/gawk-format-lifetime-candidate/release/rboxc)
==745630==    by 0x4440258: single_binary_main_gawk (in /root/rboxc/target/gawk-format-lifetime-candidate/release/rboxc)
==745630==    by 0x5A18600: (below main) (libc_start_call_main.h:59)
==745630== 
==745630== 88 bytes in 1 blocks are still reachable in loss record 183 of 287
==745630==    at 0x586E858: malloc (vg_replace_malloc.c:447)
==745630==    by 0x473EBAB: rboxc_gawk_r_getblock (in /root/rboxc/target/gawk-format-lifetime-candidate/release/rboxc)
==745630==    by 0x473EF81: rboxc_gawk_make_str_node (in /root/rboxc/target/gawk-format-lifetime-candidate/release/rboxc)
==745630==    by 0x474D135: install (in /root/rboxc/target/gawk-format-lifetime-candidate/release/rboxc)
==745630==    by 0x46F2685: rboxc_gawk_yyparse (in /root/rboxc/target/gawk-format-lifetime-candidate/release/rboxc)
==745630==    by 0x46F639A: rboxc_gawk_parse_program (in /root/rboxc/target/gawk-format-lifetime-candidate/release/rboxc)
==745630==    by 0x44402A4: single_binary_main_gawk (in /root/rboxc/target/gawk-format-lifetime-candidate/release/rboxc)
==745630==    by 0x5A18600: (below main) (libc_start_call_main.h:59)
==745630== 
==745630== 88 bytes in 1 blocks are still reachable in loss record 184 of 287
==745630==    at 0x586E858: malloc (vg_replace_malloc.c:447)
==745630==    by 0x473EBAB: rboxc_gawk_r_getblock (in /root/rboxc/target/gawk-format-lifetime-candidate/release/rboxc)
==745630==    by 0x474D213: install (in /root/rboxc/target/gawk-format-lifetime-candidate/release/rboxc)
==745630==    by 0x46F2685: rboxc_gawk_yyparse (in /root/rboxc/target/gawk-format-lifetime-candidate/release/rboxc)
==745630==    by 0x46F639A: rboxc_gawk_parse_program (in /root/rboxc/target/gawk-format-lifetime-candidate/release/rboxc)
==745630==    by 0x44402A4: single_binary_main_gawk (in /root/rboxc/target/gawk-format-lifetime-candidate/release/rboxc)
==745630==    by 0x5A18600: (below main) (libc_start_call_main.h:59)
==745630== 
==745630== 88 bytes in 1 blocks are still reachable in loss record 185 of 287
==745630==    at 0x586E858: malloc (vg_replace_malloc.c:447)
==745630==    by 0x473EBAB: rboxc_gawk_r_getblock (in /root/rboxc/target/gawk-format-lifetime-candidate/release/rboxc)
==745630==    by 0x473EF81: rboxc_gawk_make_str_node (in /root/rboxc/target/gawk-format-lifetime-candidate/release/rboxc)
==745630==    by 0x473F3F7: rboxc_gawk_make_typed_regex (in /root/rboxc/target/gawk-format-lifetime-candidate/release/rboxc)
==745630==    by 0x46F342D: rboxc_gawk_yyparse (in /root/rboxc/target/gawk-format-lifetime-candidate/release/rboxc)
==745630==    by 0x46F639A: rboxc_gawk_parse_program (in /root/rboxc/target/gawk-format-lifetime-candidate/release/rboxc)
==745630==    by 0x44402A4: single_binary_main_gawk (in /root/rboxc/target/gawk-format-lifetime-candidate/release/rboxc)
==745630==    by 0x5A18600: (below main) (libc_start_call_main.h:59)
==745630== 
==745630== 88 bytes in 1 blocks are still reachable in loss record 186 of 287
==745630==    at 0x586E858: malloc (vg_replace_malloc.c:447)
==745630==    by 0x473EBAB: rboxc_gawk_r_getblock (in /root/rboxc/target/gawk-format-lifetime-candidate/release/rboxc)
==745630==    by 0x46EF1E8: rboxc_gawk_make_regnode (in /root/rboxc/target/gawk-format-lifetime-candidate/release/rboxc)
==745630==    by 0x473F404: rboxc_gawk_make_typed_regex (in /root/rboxc/target/gawk-format-lifetime-candidate/release/rboxc)
==745630==    by 0x46F342D: rboxc_gawk_yyparse (in /root/rboxc/target/gawk-format-lifetime-candidate/release/rboxc)
==745630==    by 0x46F639A: rboxc_gawk_parse_program (in /root/rboxc/target/gawk-format-lifetime-candidate/release/rboxc)
==745630==    by 0x44402A4: single_binary_main_gawk (in /root/rboxc/target/gawk-format-lifetime-candidate/release/rboxc)
==745630==    by 0x5A18600: (below main) (libc_start_call_main.h:59)
==745630== 
==745630== 88 bytes in 1 blocks are still reachable in loss record 187 of 287
==745630==    at 0x586E858: malloc (vg_replace_malloc.c:447)
==745630==    by 0x473EBAB: rboxc_gawk_r_getblock (in /root/rboxc/target/gawk-format-lifetime-candidate/release/rboxc)
==745630==    by 0x473EF81: rboxc_gawk_make_str_node (in /root/rboxc/target/gawk-format-lifetime-candidate/release/rboxc)
==745630==    by 0x473F419: rboxc_gawk_make_typed_regex (in /root/rboxc/target/gawk-format-lifetime-candidate/release/rboxc)
==745630==    by 0x46F342D: rboxc_gawk_yyparse (in /root/rboxc/target/gawk-format-lifetime-candidate/release/rboxc)
==745630==    by 0x46F639A: rboxc_gawk_parse_program (in /root/rboxc/target/gawk-format-lifetime-candidate/release/rboxc)
==745630==    by 0x44402A4: single_binary_main_gawk (in /root/rboxc/target/gawk-format-lifetime-candidate/release/rboxc)
==745630==    by 0x5A18600: (below main) (libc_start_call_main.h:59)
==745630== 
==745630== 88 bytes in 1 blocks are still reachable in loss record 188 of 287
==745630==    at 0x586E858: malloc (vg_replace_malloc.c:447)
==745630==    by 0x473EBAB: rboxc_gawk_r_getblock (in /root/rboxc/target/gawk-format-lifetime-candidate/release/rboxc)
==745630==    by 0x46EAC1C: mk_rexp (in /root/rboxc/target/gawk-format-lifetime-candidate/release/rboxc)
==745630==    by 0x46EDD6E: snode (in /root/rboxc/target/gawk-format-lifetime-candidate/release/rboxc)
==745630==    by 0x46F380A: rboxc_gawk_yyparse (in /root/rboxc/target/gawk-format-lifetime-candidate/release/rboxc)
==745630==    by 0x46F639A: rboxc_gawk_parse_program (in /root/rboxc/target/gawk-format-lifetime-candidate/release/rboxc)
==745630==    by 0x44402A4: single_binary_main_gawk (in /root/rboxc/target/gawk-format-lifetime-candidate/release/rboxc)
==745630==    by 0x5A18600: (below main) (libc_start_call_main.h:59)
==745630== 
==745630== 88 bytes in 1 blocks are still reachable in loss record 189 of 287
==745630==    at 0x586E858: malloc (vg_replace_malloc.c:447)
==745630==    by 0x473EBAB: rboxc_gawk_r_getblock (in /root/rboxc/target/gawk-format-lifetime-candidate/release/rboxc)
==745630==    by 0x473EF81: rboxc_gawk_make_str_node (in /root/rboxc/target/gawk-format-lifetime-candidate/release/rboxc)
==745630==    by 0x474E0B7: rboxc_gawk_load_symbols (in /root/rboxc/target/gawk-format-lifetime-candidate/release/rboxc)
==745630==    by 0x444037C: single_binary_main_gawk (in /root/rboxc/target/gawk-format-lifetime-candidate/release/rboxc)
==745630==    by 0x5A18600: (below main) (libc_start_call_main.h:59)
==745630== 
==745630== 88 bytes in 1 blocks are still reachable in loss record 190 of 287
==745630==    at 0x586E858: malloc (vg_replace_malloc.c:447)
==745630==    by 0x473EBAB: rboxc_gawk_r_getblock (in /root/rboxc/target/gawk-format-lifetime-candidate/release/rboxc)
==745630==    by 0x474E0D4: rboxc_gawk_load_symbols (in /root/rboxc/target/gawk-format-lifetime-candidate/release/rboxc)
==745630==    by 0x444037C: single_binary_main_gawk (in /root/rboxc/target/gawk-format-lifetime-candidate/release/rboxc)
==745630==    by 0x5A18600: (below main) (libc_start_call_main.h:59)
==745630== 
==745630== 88 bytes in 1 blocks are still reachable in loss record 191 of 287
==745630==    at 0x586E858: malloc (vg_replace_malloc.c:447)
==745630==    by 0x473EBAB: rboxc_gawk_r_getblock (in /root/rboxc/target/gawk-format-lifetime-candidate/release/rboxc)
==745630==    by 0x473EF81: rboxc_gawk_make_str_node (in /root/rboxc/target/gawk-format-lifetime-candidate/release/rboxc)
==745630==    by 0x474E1A2: rboxc_gawk_load_symbols (in /root/rboxc/target/gawk-format-lifetime-candidate/release/rboxc)
==745630==    by 0x444037C: single_binary_main_gawk (in /root/rboxc/target/gawk-format-lifetime-candidate/release/rboxc)
==745630==    by 0x5A18600: (below main) (libc_start_call_main.h:59)
==745630== 
==745630== 88 bytes in 1 blocks are still reachable in loss record 192 of 287
==745630==    at 0x586E858: malloc (vg_replace_malloc.c:447)
==745630==    by 0x473EBAB: rboxc_gawk_r_getblock (in /root/rboxc/target/gawk-format-lifetime-candidate/release/rboxc)
==745630==    by 0x473EF81: rboxc_gawk_make_str_node (in /root/rboxc/target/gawk-format-lifetime-candidate/release/rboxc)
==745630==    by 0x474E1BA: rboxc_gawk_load_symbols (in /root/rboxc/target/gawk-format-lifetime-candidate/release/rboxc)
==745630==    by 0x444037C: single_binary_main_gawk (in /root/rboxc/target/gawk-format-lifetime-candidate/release/rboxc)
==745630==    by 0x5A18600: (below main) (libc_start_call_main.h:59)
==745630== 
==745630== 88 bytes in 1 blocks are still reachable in loss record 193 of 287
==745630==    at 0x586E858: malloc (vg_replace_malloc.c:447)
==745630==    by 0x473EBAB: rboxc_gawk_r_getblock (in /root/rboxc/target/gawk-format-lifetime-candidate/release/rboxc)
==745630==    by 0x473EF81: rboxc_gawk_make_str_node (in /root/rboxc/target/gawk-format-lifetime-candidate/release/rboxc)
==745630==    by 0x474E1D2: rboxc_gawk_load_symbols (in /root/rboxc/target/gawk-format-lifetime-candidate/release/rboxc)
==745630==    by 0x444037C: single_binary_main_gawk (in /root/rboxc/target/gawk-format-lifetime-candidate/release/rboxc)
==745630==    by 0x5A18600: (below main) (libc_start_call_main.h:59)
==745630== 
==745630== 88 bytes in 1 blocks are still reachable in loss record 194 of 287
==745630==    at 0x586E858: malloc (vg_replace_malloc.c:447)
==745630==    by 0x473EBAB: rboxc_gawk_r_getblock (in /root/rboxc/target/gawk-format-lifetime-candidate/release/rboxc)
==745630==    by 0x473EF81: rboxc_gawk_make_str_node (in /root/rboxc/target/gawk-format-lifetime-candidate/release/rboxc)
==745630==    by 0x474E1EA: rboxc_gawk_load_symbols (in /root/rboxc/target/gawk-format-lifetime-candidate/release/rboxc)
==745630==    by 0x444037C: single_binary_main_gawk (in /root/rboxc/target/gawk-format-lifetime-candidate/release/rboxc)
==745630==    by 0x5A18600: (below main) (libc_start_call_main.h:59)
==745630== 
==745630== 88 bytes in 1 blocks are still reachable in loss record 195 of 287
==745630==    at 0x586E858: malloc (vg_replace_malloc.c:447)
==745630==    by 0x473EBAB: rboxc_gawk_r_getblock (in /root/rboxc/target/gawk-format-lifetime-candidate/release/rboxc)
==745630==    by 0x473EF81: rboxc_gawk_make_str_node (in /root/rboxc/target/gawk-format-lifetime-candidate/release/rboxc)
==745630==    by 0x474E202: rboxc_gawk_load_symbols (in /root/rboxc/target/gawk-format-lifetime-candidate/release/rboxc)
==745630==    by 0x444037C: single_binary_main_gawk (in /root/rboxc/target/gawk-format-lifetime-candidate/release/rboxc)
==745630==    by 0x5A18600: (below main) (libc_start_call_main.h:59)
==745630== 
==745630== 88 bytes in 1 blocks are still reachable in loss record 196 of 287
==745630==    at 0x586E858: malloc (vg_replace_malloc.c:447)
==745630==    by 0x473EBAB: rboxc_gawk_r_getblock (in /root/rboxc/target/gawk-format-lifetime-candidate/release/rboxc)
==745630==    by 0x473EF81: rboxc_gawk_make_str_node (in /root/rboxc/target/gawk-format-lifetime-candidate/release/rboxc)
==745630==    by 0x472EB44: rboxc_gawk_update_PROCINFO_num (in /root/rboxc/target/gawk-format-lifetime-candidate/release/rboxc)
==745630==    by 0x471DA73: rboxc_gawk_update_ERRNO_int (in /root/rboxc/target/gawk-format-lifetime-candidate/release/rboxc)
==745630==    by 0x47383E8: rboxc_gawk_nextfile (in /root/rboxc/target/gawk-format-lifetime-candidate/release/rboxc)
==745630==    by 0x4726299: rboxc_gawk_r_interpret (in /root/rboxc/target/gawk-format-lifetime-candidate/release/rboxc)
==745630==    by 0x4440403: single_binary_main_gawk (in /root/rboxc/target/gawk-format-lifetime-candidate/release/rboxc)
==745630==    by 0x5A18600: (below main) (libc_start_call_main.h:59)
==745630== 
==745630== 88 bytes in 1 blocks are still reachable in loss record 197 of 287
==745630==    at 0x586E858: malloc (vg_replace_malloc.c:447)
==745630==    by 0x473EBAB: rboxc_gawk_r_getblock (in /root/rboxc/target/gawk-format-lifetime-candidate/release/rboxc)
==745630==    by 0x473F4F0: r_make_number (in /root/rboxc/target/gawk-format-lifetime-candidate/release/rboxc)
==745630==    by 0x472EB53: rboxc_gawk_update_PROCINFO_num (in /root/rboxc/target/gawk-format-lifetime-candidate/release/rboxc)
==745630==    by 0x471DA73: rboxc_gawk_update_ERRNO_int (in /root/rboxc/target/gawk-format-lifetime-candidate/release/rboxc)
==745630==    by 0x47383E8: rboxc_gawk_nextfile (in /root/rboxc/target/gawk-format-lifetime-candidate/release/rboxc)
==745630==    by 0x4726299: rboxc_gawk_r_interpret (in /root/rboxc/target/gawk-format-lifetime-candidate/release/rboxc)
==745630==    by 0x4440403: single_binary_main_gawk (in /root/rboxc/target/gawk-format-lifetime-candidate/release/rboxc)
==745630==    by 0x5A18600: (below main) (libc_start_call_main.h:59)
==745630== 
==745630== 88 bytes in 1 blocks are still reachable in loss record 198 of 287
==745630==    at 0x586E858: malloc (vg_replace_malloc.c:447)
==745630==    by 0x473EBAB: rboxc_gawk_r_getblock (in /root/rboxc/target/gawk-format-lifetime-candidate/release/rboxc)
==745630==    by 0x473EF81: rboxc_gawk_make_str_node (in /root/rboxc/target/gawk-format-lifetime-candidate/release/rboxc)
==745630==    by 0x471DABB: rboxc_gawk_update_ERRNO_int (in /root/rboxc/target/gawk-format-lifetime-candidate/release/rboxc)
==745630==    by 0x47383E8: rboxc_gawk_nextfile (in /root/rboxc/target/gawk-format-lifetime-candidate/release/rboxc)
==745630==    by 0x4726299: rboxc_gawk_r_interpret (in /root/rboxc/target/gawk-format-lifetime-candidate/release/rboxc)
==745630==    by 0x4440403: single_binary_main_gawk (in /root/rboxc/target/gawk-format-lifetime-candidate/release/rboxc)
==745630==    by 0x5A18600: (below main) (libc_start_call_main.h:59)
==745630== 
==745630== 88 bytes in 1 blocks are still reachable in loss record 199 of 287
==745630==    at 0x586E858: malloc (vg_replace_malloc.c:447)
==745630==    by 0x473EBAB: rboxc_gawk_r_getblock (in /root/rboxc/target/gawk-format-lifetime-candidate/release/rboxc)
==745630==    by 0x473EF81: rboxc_gawk_make_str_node (in /root/rboxc/target/gawk-format-lifetime-candidate/release/rboxc)
==745630==    by 0x4738425: rboxc_gawk_nextfile (in /root/rboxc/target/gawk-format-lifetime-candidate/release/rboxc)
==745630==    by 0x4726299: rboxc_gawk_r_interpret (in /root/rboxc/target/gawk-format-lifetime-candidate/release/rboxc)
==745630==    by 0x4440403: single_binary_main_gawk (in /root/rboxc/target/gawk-format-lifetime-candidate/release/rboxc)
==745630==    by 0x5A18600: (below main) (libc_start_call_main.h:59)
==745630== 
==745630== 88 bytes in 1 blocks are still reachable in loss record 200 of 287
==745630==    at 0x586E858: malloc (vg_replace_malloc.c:447)
==745630==    by 0x473EBAB: rboxc_gawk_r_getblock (in /root/rboxc/target/gawk-format-lifetime-candidate/release/rboxc)
==745630==    by 0x473EF81: rboxc_gawk_make_str_node (in /root/rboxc/target/gawk-format-lifetime-candidate/release/rboxc)
==745630==    by 0x4737528: get_a_record (in /root/rboxc/target/gawk-format-lifetime-candidate/release/rboxc)
==745630==    by 0x473BEEF: rboxc_gawk_do_getline (in /root/rboxc/target/gawk-format-lifetime-candidate/release/rboxc)
==745630==    by 0x4726286: rboxc_gawk_r_interpret (in /root/rboxc/target/gawk-format-lifetime-candidate/release/rboxc)
==745630==    by 0x4440403: single_binary_main_gawk (in /root/rboxc/target/gawk-format-lifetime-candidate/release/rboxc)
==745630==    by 0x5A18600: (below main) (libc_start_call_main.h:59)
==745630== 
==745630== 88 bytes in 1 blocks are still reachable in loss record 201 of 287
==745630==    at 0x586E858: malloc (vg_replace_malloc.c:447)
==745630==    by 0x473EBAB: rboxc_gawk_r_getblock (in /root/rboxc/target/gawk-format-lifetime-candidate/release/rboxc)
==745630==    by 0x473EF81: rboxc_gawk_make_str_node (in /root/rboxc/target/gawk-format-lifetime-candidate/release/rboxc)
==745630==    by 0x473BFD7: rboxc_gawk_do_getline (in /root/rboxc/target/gawk-format-lifetime-candidate/release/rboxc)
==745630==    by 0x4726286: rboxc_gawk_r_interpret (in /root/rboxc/target/gawk-format-lifetime-candidate/release/rboxc)
==745630==    by 0x4440403: single_binary_main_gawk (in /root/rboxc/target/gawk-format-lifetime-candidate/release/rboxc)
==745630==    by 0x5A18600: (below main) (libc_start_call_main.h:59)
==745630== 
==745630== 88 bytes in 1 blocks are still reachable in loss record 202 of 287
==745630==    at 0x586E858: malloc (vg_replace_malloc.c:447)
==745630==    by 0x473EBAB: rboxc_gawk_r_getblock (in /root/rboxc/target/gawk-format-lifetime-candidate/release/rboxc)
==745630==    by 0x473EF81: rboxc_gawk_make_str_node (in /root/rboxc/target/gawk-format-lifetime-candidate/release/rboxc)
==745630==    by 0x472A9CE: set_element (in /root/rboxc/target/gawk-format-lifetime-candidate/release/rboxc)
==745630==    by 0x472ABC8: def_parse_field (in /root/rboxc/target/gawk-format-lifetime-candidate/release/rboxc)
==745630==    by 0x472D215: rboxc_gawk_do_split (in /root/rboxc/target/gawk-format-lifetime-candidate/release/rboxc)
==745630==    by 0x47262FC: rboxc_gawk_r_interpret (in /root/rboxc/target/gawk-format-lifetime-candidate/release/rboxc)
==745630==    by 0x4440403: single_binary_main_gawk (in /root/rboxc/target/gawk-format-lifetime-candidate/release/rboxc)
==745630==    by 0x5A18600: (below main) (libc_start_call_main.h:59)
==745630== 
==745630== 88 bytes in 1 blocks are still reachable in loss record 203 of 287
==745630==    at 0x586E858: malloc (vg_replace_malloc.c:447)
==745630==    by 0x473EBAB: rboxc_gawk_r_getblock (in /root/rboxc/target/gawk-format-lifetime-candidate/release/rboxc)
==745630==    by 0x470A932: cint_lookup (in /root/rboxc/target/gawk-format-lifetime-candidate/release/rboxc)
==745630==    by 0x472A9F4: set_element (in /root/rboxc/target/gawk-format-lifetime-candidate/release/rboxc)
==745630==    by 0x472ABC8: def_parse_field (in /root/rboxc/target/gawk-format-lifetime-candidate/release/rboxc)
==745630==    by 0x472D215: rboxc_gawk_do_split (in /root/rboxc/target/gawk-format-lifetime-candidate/release/rboxc)
==745630==    by 0x47262FC: rboxc_gawk_r_interpret (in /root/rboxc/target/gawk-format-lifetime-candidate/release/rboxc)
==745630==    by 0x4440403: single_binary_main_gawk (in /root/rboxc/target/gawk-format-lifetime-candidate/release/rboxc)
==745630==    by 0x5A18600: (below main) (libc_start_call_main.h:59)
==745630== 
==745630== 88 bytes in 1 blocks are still reachable in loss record 204 of 287
==745630==    at 0x586E858: malloc (vg_replace_malloc.c:447)
==745630==    by 0x473EBAB: rboxc_gawk_r_getblock (in /root/rboxc/target/gawk-format-lifetime-candidate/release/rboxc)
==745630==    by 0x470A547: tree_lookup (in /root/rboxc/target/gawk-format-lifetime-candidate/release/rboxc)
==745630==    by 0x472A9F4: set_element (in /root/rboxc/target/gawk-format-lifetime-candidate/release/rboxc)
==745630==    by 0x472ABC8: def_parse_field (in /root/rboxc/target/gawk-format-lifetime-candidate/release/rboxc)
==745630==    by 0x472D215: rboxc_gawk_do_split (in /root/rboxc/target/gawk-format-lifetime-candidate/release/rboxc)
==745630==    by 0x47262FC: rboxc_gawk_r_interpret (in /root/rboxc/target/gawk-format-lifetime-candidate/release/rboxc)
==745630==    by 0x4440403: single_binary_main_gawk (in /root/rboxc/target/gawk-format-lifetime-candidate/release/rboxc)
==745630==    by 0x5A18600: (below main) (libc_start_call_main.h:59)
==745630== 
==745630== 88 bytes in 1 blocks are still reachable in loss record 205 of 287
==745630==    at 0x586E858: malloc (vg_replace_malloc.c:447)
==745630==    by 0x473EBAB: rboxc_gawk_r_getblock (in /root/rboxc/target/gawk-format-lifetime-candidate/release/rboxc)
==745630==    by 0x470A932: cint_lookup (in /root/rboxc/target/gawk-format-lifetime-candidate/release/rboxc)
==745630==    by 0x46E861E: asort_actual (in /root/rboxc/target/gawk-format-lifetime-candidate/release/rboxc)
==745630==    by 0x47262FC: rboxc_gawk_r_interpret (in /root/rboxc/target/gawk-format-lifetime-candidate/release/rboxc)
==745630==    by 0x4440403: single_binary_main_gawk (in /root/rboxc/target/gawk-format-lifetime-candidate/release/rboxc)
==745630==    by 0x5A18600: (below main) (libc_start_call_main.h:59)
==745630== 
==745630== 88 bytes in 1 blocks are still reachable in loss record 206 of 287
==745630==    at 0x586E858: malloc (vg_replace_malloc.c:447)
==745630==    by 0x473EBAB: rboxc_gawk_r_getblock (in /root/rboxc/target/gawk-format-lifetime-candidate/release/rboxc)
==745630==    by 0x473F4F0: r_make_number (in /root/rboxc/target/gawk-format-lifetime-candidate/release/rboxc)
==745630==    by 0x4724791: rboxc_gawk_r_interpret (in /root/rboxc/target/gawk-format-lifetime-candidate/release/rboxc)
==745630==    by 0x4440403: single_binary_main_gawk (in /root/rboxc/target/gawk-format-lifetime-candidate/release/rboxc)
==745630==    by 0x5A18600: (below main) (libc_start_call_main.h:59)
==745630== 
==745630== 88 bytes in 1 blocks are still reachable in loss record 207 of 287
==745630==    at 0x586E858: malloc (vg_replace_malloc.c:447)
==745630==    by 0x473EBAB: rboxc_gawk_r_getblock (in /root/rboxc/target/gawk-format-lifetime-candidate/release/rboxc)
==745630==    by 0x473EF81: rboxc_gawk_make_str_node (in /root/rboxc/target/gawk-format-lifetime-candidate/release/rboxc)
==745630==    by 0x4731449: rboxc_gawk_awk_value_to_node (in /root/rboxc/target/gawk-format-lifetime-candidate/release/rboxc)
==745630==    by 0x47316CC: api_set_array_element (in /root/rboxc/target/gawk-format-lifetime-candidate/release/rboxc)
==745630==    by 0x58878E8: read_array (rwarray.c:646)
==745630==    by 0x5886C90: read_backend (rwarray.c:589)
==745630==    by 0x5886DBB: do_reada (rwarray.c:616)
==745630==    by 0x472592E: rboxc_gawk_r_interpret (in /root/rboxc/target/gawk-format-lifetime-candidate/release/rboxc)
==745630==    by 0x4440403: single_binary_main_gawk (in /root/rboxc/target/gawk-format-lifetime-candidate/release/rboxc)
==745630==    by 0x5A18600: (below main) (libc_start_call_main.h:59)
==745630== 
==745630== 88 bytes in 1 blocks are still reachable in loss record 208 of 287
==745630==    at 0x586E858: malloc (vg_replace_malloc.c:447)
==745630==    by 0x473EBAB: rboxc_gawk_r_getblock (in /root/rboxc/target/gawk-format-lifetime-candidate/release/rboxc)
==745630==    by 0x473F4F0: r_make_number (in /root/rboxc/target/gawk-format-lifetime-candidate/release/rboxc)
==745630==    by 0x473F563: rboxc_gawk_make_bool_node (in /root/rboxc/target/gawk-format-lifetime-candidate/release/rboxc)
==745630==    by 0x47316CC: api_set_array_element (in /root/rboxc/target/gawk-format-lifetime-candidate/release/rboxc)
==745630==    by 0x58878E8: read_array (rwarray.c:646)
==745630==    by 0x5886C90: read_backend (rwarray.c:589)
==745630==    by 0x5886DBB: do_reada (rwarray.c:616)
==745630==    by 0x472592E: rboxc_gawk_r_interpret (in /root/rboxc/target/gawk-format-lifetime-candidate/release/rboxc)
==745630==    by 0x4440403: single_binary_main_gawk (in /root/rboxc/target/gawk-format-lifetime-candidate/release/rboxc)
==745630==    by 0x5A18600: (below main) (libc_start_call_main.h:59)
==745630== 
==745630== 88 bytes in 1 blocks are still reachable in loss record 209 of 287
==745630==    at 0x586E858: malloc (vg_replace_malloc.c:447)
==745630==    by 0x473EBAB: rboxc_gawk_r_getblock (in /root/rboxc/target/gawk-format-lifetime-candidate/release/rboxc)
==745630==    by 0x473EF81: rboxc_gawk_make_str_node (in /root/rboxc/target/gawk-format-lifetime-candidate/release/rboxc)
==745630==    by 0x473F3F7: rboxc_gawk_make_typed_regex (in /root/rboxc/target/gawk-format-lifetime-candidate/release/rboxc)
==745630==    by 0x47316CC: api_set_array_element (in /root/rboxc/target/gawk-format-lifetime-candidate/release/rboxc)
==745630==    by 0x58878E8: read_array (rwarray.c:646)
==745630==    by 0x5886C90: read_backend (rwarray.c:589)
==745630==    by 0x5886DBB: do_reada (rwarray.c:616)
==745630==    by 0x472592E: rboxc_gawk_r_interpret (in /root/rboxc/target/gawk-format-lifetime-candidate/release/rboxc)
==745630==    by 0x4440403: single_binary_main_gawk (in /root/rboxc/target/gawk-format-lifetime-candidate/release/rboxc)
==745630==    by 0x5A18600: (below main) (libc_start_call_main.h:59)
==745630== 
==745630== 88 bytes in 1 blocks are still reachable in loss record 210 of 287
==745630==    at 0x586E858: malloc (vg_replace_malloc.c:447)
==745630==    by 0x473EBAB: rboxc_gawk_r_getblock (in /root/rboxc/target/gawk-format-lifetime-candidate/release/rboxc)
==745630==    by 0x46EF1E8: rboxc_gawk_make_regnode (in /root/rboxc/target/gawk-format-lifetime-candidate/release/rboxc)
==745630==    by 0x473F404: rboxc_gawk_make_typed_regex (in /root/rboxc/target/gawk-format-lifetime-candidate/release/rboxc)
==745630==    by 0x47316CC: api_set_array_element (in /root/rboxc/target/gawk-format-lifetime-candidate/release/rboxc)
==745630==    by 0x58878E8: read_array (rwarray.c:646)
==745630==    by 0x5886C90: read_backend (rwarray.c:589)
==745630==    by 0x5886DBB: do_reada (rwarray.c:616)
==745630==    by 0x472592E: rboxc_gawk_r_interpret (in /root/rboxc/target/gawk-format-lifetime-candidate/release/rboxc)
==745630==    by 0x4440403: single_binary_main_gawk (in /root/rboxc/target/gawk-format-lifetime-candidate/release/rboxc)
==745630==    by 0x5A18600: (below main) (libc_start_call_main.h:59)
==745630== 
==745630== 88 bytes in 1 blocks are still reachable in loss record 211 of 287
==745630==    at 0x586E858: malloc (vg_replace_malloc.c:447)
==745630==    by 0x473EBAB: rboxc_gawk_r_getblock (in /root/rboxc/target/gawk-format-lifetime-candidate/release/rboxc)
==745630==    by 0x473EF81: rboxc_gawk_make_str_node (in /root/rboxc/target/gawk-format-lifetime-candidate/release/rboxc)
==745630==    by 0x473F419: rboxc_gawk_make_typed_regex (in /root/rboxc/target/gawk-format-lifetime-candidate/release/rboxc)
==745630==    by 0x47316CC: api_set_array_element (in /root/rboxc/target/gawk-format-lifetime-candidate/release/rboxc)
==745630==    by 0x58878E8: read_array (rwarray.c:646)
==745630==    by 0x5886C90: read_backend (rwarray.c:589)
==745630==    by 0x5886DBB: do_reada (rwarray.c:616)
==745630==    by 0x472592E: rboxc_gawk_r_interpret (in /root/rboxc/target/gawk-format-lifetime-candidate/release/rboxc)
==745630==    by 0x4440403: single_binary_main_gawk (in /root/rboxc/target/gawk-format-lifetime-candidate/release/rboxc)
==745630==    by 0x5A18600: (below main) (libc_start_call_main.h:59)
==745630== 
==745630== 104 bytes in 1 blocks are still reachable in loss record 212 of 287
==745630==    at 0x5875E43: calloc (vg_replace_malloc.c:1678)
==745630==    by 0x474BDD4: grow_table (in /root/rboxc/target/gawk-format-lifetime-candidate/release/rboxc)
==745630==    by 0x474C9BC: str_lookup (in /root/rboxc/target/gawk-format-lifetime-candidate/release/rboxc)
==745630==    by 0x474D16C: install (in /root/rboxc/target/gawk-format-lifetime-candidate/release/rboxc)
==745630==    by 0x474D449: init_the_tables (in /root/rboxc/target/gawk-format-lifetime-candidate/release/rboxc)
==745630==    by 0x443E550: single_binary_main_gawk (in /root/rboxc/target/gawk-format-lifetime-candidate/release/rboxc)
==745630==    by 0x5A18600: (below main) (libc_start_call_main.h:59)
==745630== 
==745630== 104 bytes in 1 blocks are still reachable in loss record 213 of 287
==745630==    at 0x5875E43: calloc (vg_replace_malloc.c:1678)
==745630==    by 0x474BDD4: grow_table (in /root/rboxc/target/gawk-format-lifetime-candidate/release/rboxc)
==745630==    by 0x474C9BC: str_lookup (in /root/rboxc/target/gawk-format-lifetime-candidate/release/rboxc)
==745630==    by 0x474D16C: install (in /root/rboxc/target/gawk-format-lifetime-candidate/release/rboxc)
==745630==    by 0x443F280: single_binary_main_gawk (in /root/rboxc/target/gawk-format-lifetime-candidate/release/rboxc)
==745630==    by 0x5A18600: (below main) (libc_start_call_main.h:59)
==745630== 
==745630== 104 bytes in 1 blocks are still reachable in loss record 214 of 287
==745630==    at 0x5875E43: calloc (vg_replace_malloc.c:1678)
==745630==    by 0x474BDD4: grow_table (in /root/rboxc/target/gawk-format-lifetime-candidate/release/rboxc)
==745630==    by 0x474C9BC: str_lookup (in /root/rboxc/target/gawk-format-lifetime-candidate/release/rboxc)
==745630==    by 0x472B6DE: update_PROCINFO_str.part.0 (in /root/rboxc/target/gawk-format-lifetime-candidate/release/rboxc)
==745630==    by 0x443F4C2: single_binary_main_gawk (in /root/rboxc/target/gawk-format-lifetime-candidate/release/rboxc)
==745630==    by 0x5A18600: (below main) (libc_start_call_main.h:59)
==745630== 
==745630== 104 bytes in 1 blocks are still reachable in loss record 215 of 287
==745630==    at 0x5875E43: calloc (vg_replace_malloc.c:1678)
==745630==    by 0x474BDD4: grow_table (in /root/rboxc/target/gawk-format-lifetime-candidate/release/rboxc)
==745630==    by 0x474C9BC: str_lookup (in /root/rboxc/target/gawk-format-lifetime-candidate/release/rboxc)
==745630==    by 0x443FD46: single_binary_main_gawk (in /root/rboxc/target/gawk-format-lifetime-candidate/release/rboxc)
==745630==    by 0x5A18600: (below main) (libc_start_call_main.h:59)
==745630== 
==745630== 104 bytes in 1 blocks are still reachable in loss record 216 of 287
==745630==    at 0x5875E43: calloc (vg_replace_malloc.c:1678)
==745630==    by 0x474BDD4: grow_table (in /root/rboxc/target/gawk-format-lifetime-candidate/release/rboxc)
==745630==    by 0x474C9BC: str_lookup (in /root/rboxc/target/gawk-format-lifetime-candidate/release/rboxc)
==745630==    by 0x474D16C: install (in /root/rboxc/target/gawk-format-lifetime-candidate/release/rboxc)
==745630==    by 0x4729C17: rboxc_gawk_make_builtin (in /root/rboxc/target/gawk-format-lifetime-candidate/release/rboxc)
==745630==    by 0x5887A4A: dl_load (rwarray.c:843)
==745630==    by 0x47296C2: rboxc_gawk_load_ext (in /root/rboxc/target/gawk-format-lifetime-candidate/release/rboxc)
==745630==    by 0x46EEC3A: load_library (in /root/rboxc/target/gawk-format-lifetime-candidate/release/rboxc)
==745630==    by 0x46F273F: rboxc_gawk_yyparse (in /root/rboxc/target/gawk-format-lifetime-candidate/release/rboxc)
==745630==    by 0x46F639A: rboxc_gawk_parse_program (in /root/rboxc/target/gawk-format-lifetime-candidate/release/rboxc)
==745630==    by 0x44402A4: single_binary_main_gawk (in /root/rboxc/target/gawk-format-lifetime-candidate/release/rboxc)
==745630==    by 0x5A18600: (below main) (libc_start_call_main.h:59)
==745630== 
==745630== 104 bytes in 1 blocks are still reachable in loss record 217 of 287
==745630==    at 0x5875E43: calloc (vg_replace_malloc.c:1678)
==745630==    by 0x474BDD4: grow_table (in /root/rboxc/target/gawk-format-lifetime-candidate/release/rboxc)
==745630==    by 0x474C9BC: str_lookup (in /root/rboxc/target/gawk-format-lifetime-candidate/release/rboxc)
==745630==    by 0x474E3C9: rboxc_gawk_load_symbols (in /root/rboxc/target/gawk-format-lifetime-candidate/release/rboxc)
==745630==    by 0x444037C: single_binary_main_gawk (in /root/rboxc/target/gawk-format-lifetime-candidate/release/rboxc)
==745630==    by 0x5A18600: (below main) (libc_start_call_main.h:59)
==745630== 
==745630== 128 bytes in 2 blocks are still reachable in loss record 218 of 287
==745630==    at 0x586E858: malloc (vg_replace_malloc.c:447)
==745630==    by 0x4740DEF: rboxc_gawk_format_args (in /root/rboxc/target/gawk-format-lifetime-candidate/release/rboxc)
==745630==    by 0x473E1DC: r_format_val.part.0 (in /root/rboxc/target/gawk-format-lifetime-candidate/release/rboxc)
==745630==    by 0x474175C: rboxc_gawk_format_args (in /root/rboxc/target/gawk-format-lifetime-candidate/release/rboxc)
==745630==    by 0x47442D4: printf_common (in /root/rboxc/target/gawk-format-lifetime-candidate/release/rboxc)
==745630==    by 0x474477A: rboxc_gawk_do_printf (in /root/rboxc/target/gawk-format-lifetime-candidate/release/rboxc)
==745630==    by 0x47262DB: rboxc_gawk_r_interpret (in /root/rboxc/target/gawk-format-lifetime-candidate/release/rboxc)
==745630==    by 0x4440403: single_binary_main_gawk (in /root/rboxc/target/gawk-format-lifetime-candidate/release/rboxc)
==745630==    by 0x5A18600: (below main) (libc_start_call_main.h:59)
==745630== 
==745630== 136 bytes in 1 blocks are still reachable in loss record 219 of 287
==745630==    at 0x5875E43: calloc (vg_replace_malloc.c:1678)
==745630==    by 0x474A25C: rboxc_gawk_make_regexp (in /root/rboxc/target/gawk-format-lifetime-candidate/release/rboxc)
==745630==    by 0x46EF24B: rboxc_gawk_make_regnode (in /root/rboxc/target/gawk-format-lifetime-candidate/release/rboxc)
==745630==    by 0x473F404: rboxc_gawk_make_typed_regex (in /root/rboxc/target/gawk-format-lifetime-candidate/release/rboxc)
==745630==    by 0x46F342D: rboxc_gawk_yyparse (in /root/rboxc/target/gawk-format-lifetime-candidate/release/rboxc)
==745630==    by 0x46F639A: rboxc_gawk_parse_program (in /root/rboxc/target/gawk-format-lifetime-candidate/release/rboxc)
==745630==    by 0x44402A4: single_binary_main_gawk (in /root/rboxc/target/gawk-format-lifetime-candidate/release/rboxc)
==745630==    by 0x5A18600: (below main) (libc_start_call_main.h:59)
==745630== 
==745630== 136 bytes in 1 blocks are still reachable in loss record 220 of 287
==745630==    at 0x5875E43: calloc (vg_replace_malloc.c:1678)
==745630==    by 0x474A25C: rboxc_gawk_make_regexp (in /root/rboxc/target/gawk-format-lifetime-candidate/release/rboxc)
==745630==    by 0x46EF24B: rboxc_gawk_make_regnode (in /root/rboxc/target/gawk-format-lifetime-candidate/release/rboxc)
==745630==    by 0x473F404: rboxc_gawk_make_typed_regex (in /root/rboxc/target/gawk-format-lifetime-candidate/release/rboxc)
==745630==    by 0x47316CC: api_set_array_element (in /root/rboxc/target/gawk-format-lifetime-candidate/release/rboxc)
==745630==    by 0x58878E8: read_array (rwarray.c:646)
==745630==    by 0x5886C90: read_backend (rwarray.c:589)
==745630==    by 0x5886DBB: do_reada (rwarray.c:616)
==745630==    by 0x472592E: rboxc_gawk_r_interpret (in /root/rboxc/target/gawk-format-lifetime-candidate/release/rboxc)
==745630==    by 0x4440403: single_binary_main_gawk (in /root/rboxc/target/gawk-format-lifetime-candidate/release/rboxc)
==745630==    by 0x5A18600: (below main) (libc_start_call_main.h:59)
==745630== 
==745630== 151 bytes in 24 blocks are still reachable in loss record 221 of 287
==745630==    at 0x586E858: malloc (vg_replace_malloc.c:447)
==745630==    by 0x443F1EC: single_binary_main_gawk (in /root/rboxc/target/gawk-format-lifetime-candidate/release/rboxc)
==745630==    by 0x5A18600: (below main) (libc_start_call_main.h:59)
==745630== 
==745630== 151 bytes in 24 blocks are still reachable in loss record 222 of 287
==745630==    at 0x586E858: malloc (vg_replace_malloc.c:447)
==745630==    by 0x473F017: rboxc_gawk_make_str_node (in /root/rboxc/target/gawk-format-lifetime-candidate/release/rboxc)
==745630==    by 0x474D135: install (in /root/rboxc/target/gawk-format-lifetime-candidate/release/rboxc)
==745630==    by 0x443F280: single_binary_main_gawk (in /root/rboxc/target/gawk-format-lifetime-candidate/release/rboxc)
==745630==    by 0x5A18600: (below main) (libc_start_call_main.h:59)
==745630== 
==745630== 158 bytes in 1 blocks are still reachable in loss record 223 of 287
==745630==    at 0x587607F: realloc (vg_replace_malloc.c:1804)
==745630==    by 0x5030E8E: realloc (rtld-malloc.h:62)
==745630==    by 0x5030E8E: _dl_new_object (dl-object.c:218)
==745630==    by 0x502BEA0: _dl_map_object_from_fd (dl-load.c:1065)
==745630==    by 0x502D989: _dl_map_new_object (dl-load.c:2206)
==745630==    by 0x5032460: dl_open_worker_begin (dl-open.c:535)
==745630==    by 0x5025512: _dl_catch_exception (dl-catch.c:241)
==745630==    by 0x503120B: dl_open_worker (dl-open.c:762)
==745630==    by 0x5025512: _dl_catch_exception (dl-catch.c:241)
==745630==    by 0x5031749: _dl_open (dl-open.c:900)
==745630==    by 0x5A8DEA3: dlopen_doit (dlopen.c:56)
==745630==    by 0x5025512: _dl_catch_exception (dl-catch.c:241)
==745630==    by 0x5025658: _dl_catch_error (dl-catch.c:260)
==745630== 
==745630== 176 bytes in 2 blocks are still reachable in loss record 224 of 287
==745630==    at 0x586E858: malloc (vg_replace_malloc.c:447)
==745630==    by 0x473EBAB: rboxc_gawk_r_getblock (in /root/rboxc/target/gawk-format-lifetime-candidate/release/rboxc)
==745630==    by 0x473F4F0: r_make_number (in /root/rboxc/target/gawk-format-lifetime-candidate/release/rboxc)
==745630==    by 0x47262FC: rboxc_gawk_r_interpret (in /root/rboxc/target/gawk-format-lifetime-candidate/release/rboxc)
==745630==    by 0x4440403: single_binary_main_gawk (in /root/rboxc/target/gawk-format-lifetime-candidate/release/rboxc)
==745630==    by 0x5A18600: (below main) (libc_start_call_main.h:59)
==745630== 
==745630== 176 bytes in 2 blocks are still reachable in loss record 225 of 287
==745630==    at 0x586E858: malloc (vg_replace_malloc.c:447)
==745630==    by 0x473EBAB: rboxc_gawk_r_getblock (in /root/rboxc/target/gawk-format-lifetime-candidate/release/rboxc)
==745630==    by 0x473F4F0: r_make_number (in /root/rboxc/target/gawk-format-lifetime-candidate/release/rboxc)
==745630==    by 0x47316CC: api_set_array_element (in /root/rboxc/target/gawk-format-lifetime-candidate/release/rboxc)
==745630==    by 0x58878E8: read_array (rwarray.c:646)
==745630==    by 0x5886C90: read_backend (rwarray.c:589)
==745630==    by 0x5886DBB: do_reada (rwarray.c:616)
==745630==    by 0x472592E: rboxc_gawk_r_interpret (in /root/rboxc/target/gawk-format-lifetime-candidate/release/rboxc)
==745630==    by 0x4440403: single_binary_main_gawk (in /root/rboxc/target/gawk-format-lifetime-candidate/release/rboxc)
==745630==    by 0x5A18600: (below main) (libc_start_call_main.h:59)
==745630== 
==745630== 192 bytes in 1 blocks are still reachable in loss record 226 of 287
==745630==    at 0x5875E43: calloc (vg_replace_malloc.c:1678)
==745630==    by 0x503B2BD: calloc (rtld-malloc.h:44)
==745630==    by 0x503B2BD: _dl_check_map_versions (dl-version.c:280)
==745630==    by 0x503210C: dl_open_worker_begin (dl-open.c:617)
==745630==    by 0x5025512: _dl_catch_exception (dl-catch.c:241)
==745630==    by 0x503120B: dl_open_worker (dl-open.c:762)
==745630==    by 0x5025512: _dl_catch_exception (dl-catch.c:241)
==745630==    by 0x5031749: _dl_open (dl-open.c:900)
==745630==    by 0x5A8DEA3: dlopen_doit (dlopen.c:56)
==745630==    by 0x5025512: _dl_catch_exception (dl-catch.c:241)
==745630==    by 0x5025658: _dl_catch_error (dl-catch.c:260)
==745630==    by 0x5A8D992: _dlerror_run (dlerror.c:138)
==745630==    by 0x5A8DF5A: dlopen_implementation (dlopen.c:71)
==745630==    by 0x5A8DF5A: dlopen@@GLIBC_2.34 (dlopen.c:81)
==745630== 
==745630== 192 bytes in 4 blocks are still reachable in loss record 227 of 287
==745630==    at 0x586E858: malloc (vg_replace_malloc.c:447)
==745630==    by 0x473EBAB: rboxc_gawk_r_getblock (in /root/rboxc/target/gawk-format-lifetime-candidate/release/rboxc)
==745630==    by 0x474C959: str_lookup (in /root/rboxc/target/gawk-format-lifetime-candidate/release/rboxc)
==745630==    by 0x474D16C: install (in /root/rboxc/target/gawk-format-lifetime-candidate/release/rboxc)
==745630==    by 0x4729C17: rboxc_gawk_make_builtin (in /root/rboxc/target/gawk-format-lifetime-candidate/release/rboxc)
==745630==    by 0x5887A4A: dl_load (rwarray.c:843)
==745630==    by 0x47296C2: rboxc_gawk_load_ext (in /root/rboxc/target/gawk-format-lifetime-candidate/release/rboxc)
==745630==    by 0x46EEC3A: load_library (in /root/rboxc/target/gawk-format-lifetime-candidate/release/rboxc)
==745630==    by 0x46F273F: rboxc_gawk_yyparse (in /root/rboxc/target/gawk-format-lifetime-candidate/release/rboxc)
==745630==    by 0x46F639A: rboxc_gawk_parse_program (in /root/rboxc/target/gawk-format-lifetime-candidate/release/rboxc)
==745630==    by 0x44402A4: single_binary_main_gawk (in /root/rboxc/target/gawk-format-lifetime-candidate/release/rboxc)
==745630==    by 0x5A18600: (below main) (libc_start_call_main.h:59)
==745630== 
==745630== 205 bytes in 24 blocks are still reachable in loss record 228 of 287
==745630==    at 0x586E858: malloc (vg_replace_malloc.c:447)
==745630==    by 0x473F017: rboxc_gawk_make_str_node (in /root/rboxc/target/gawk-format-lifetime-candidate/release/rboxc)
==745630==    by 0x443FD0C: single_binary_main_gawk (in /root/rboxc/target/gawk-format-lifetime-candidate/release/rboxc)
==745630==    by 0x5A18600: (below main) (libc_start_call_main.h:59)
==745630== 
==745630== 243 bytes in 8 blocks are still reachable in loss record 229 of 287
==745630==    at 0x587607F: realloc (vg_replace_malloc.c:1804)
==745630==    by 0x473F12E: rboxc_gawk_make_str_node (in /root/rboxc/target/gawk-format-lifetime-candidate/release/rboxc)
==745630==    by 0x46F0DF4: yylex (in /root/rboxc/target/gawk-format-lifetime-candidate/release/rboxc)
==745630==    by 0x46F249C: rboxc_gawk_yyparse (in /root/rboxc/target/gawk-format-lifetime-candidate/release/rboxc)
==745630==    by 0x46F639A: rboxc_gawk_parse_program (in /root/rboxc/target/gawk-format-lifetime-candidate/release/rboxc)
==745630==    by 0x44402A4: single_binary_main_gawk (in /root/rboxc/target/gawk-format-lifetime-candidate/release/rboxc)
==745630==    by 0x5A18600: (below main) (libc_start_call_main.h:59)
==745630== 
==745630== 256 bytes in 1 blocks are still reachable in loss record 230 of 287
==745630==    at 0x5875E43: calloc (vg_replace_malloc.c:1678)
==745630==    by 0x470A8F2: cint_lookup (in /root/rboxc/target/gawk-format-lifetime-candidate/release/rboxc)
==745630==    by 0x4435AE2: rboxc::applet_gawk::assoc_set (in /root/rboxc/target/gawk-format-lifetime-candidate/release/rboxc)
==745630==    by 0x4440162: single_binary_main_gawk (in /root/rboxc/target/gawk-format-lifetime-candidate/release/rboxc)
==745630==    by 0x5A18600: (below main) (libc_start_call_main.h:59)
==745630== 
==745630== 256 bytes in 1 blocks are still reachable in loss record 231 of 287
==745630==    at 0x5875E43: calloc (vg_replace_malloc.c:1678)
==745630==    by 0x470A2F7: tree_lookup (in /root/rboxc/target/gawk-format-lifetime-candidate/release/rboxc)
==745630==    by 0x4435AE2: rboxc::applet_gawk::assoc_set (in /root/rboxc/target/gawk-format-lifetime-candidate/release/rboxc)
==745630==    by 0x4440162: single_binary_main_gawk (in /root/rboxc/target/gawk-format-lifetime-candidate/release/rboxc)
==745630==    by 0x5A18600: (below main) (libc_start_call_main.h:59)
==745630== 
==745630== 256 bytes in 1 blocks are still reachable in loss record 232 of 287
==745630==    at 0x5875E43: calloc (vg_replace_malloc.c:1678)
==745630==    by 0x470A520: tree_lookup (in /root/rboxc/target/gawk-format-lifetime-candidate/release/rboxc)
==745630==    by 0x4435AE2: rboxc::applet_gawk::assoc_set (in /root/rboxc/target/gawk-format-lifetime-candidate/release/rboxc)
==745630==    by 0x4440162: single_binary_main_gawk (in /root/rboxc/target/gawk-format-lifetime-candidate/release/rboxc)
==745630==    by 0x5A18600: (below main) (libc_start_call_main.h:59)
==745630== 
==745630== 256 bytes in 1 blocks are still reachable in loss record 233 of 287
==745630==    at 0x5875E43: calloc (vg_replace_malloc.c:1678)
==745630==    by 0x470A8F2: cint_lookup (in /root/rboxc/target/gawk-format-lifetime-candidate/release/rboxc)
==745630==    by 0x4435AE2: rboxc::applet_gawk::assoc_set (in /root/rboxc/target/gawk-format-lifetime-candidate/release/rboxc)
==745630==    by 0x443FFAB: single_binary_main_gawk (in /root/rboxc/target/gawk-format-lifetime-candidate/release/rboxc)
==745630==    by 0x5A18600: (below main) (libc_start_call_main.h:59)
==745630== 
==745630== 256 bytes in 1 blocks are still reachable in loss record 234 of 287
==745630==    at 0x5875E43: calloc (vg_replace_malloc.c:1678)
==745630==    by 0x470A2F7: tree_lookup (in /root/rboxc/target/gawk-format-lifetime-candidate/release/rboxc)
==745630==    by 0x4435AE2: rboxc::applet_gawk::assoc_set (in /root/rboxc/target/gawk-format-lifetime-candidate/release/rboxc)
==745630==    by 0x443FFAB: single_binary_main_gawk (in /root/rboxc/target/gawk-format-lifetime-candidate/release/rboxc)
==745630==    by 0x5A18600: (below main) (libc_start_call_main.h:59)
==745630== 
==745630== 256 bytes in 1 blocks are still reachable in loss record 235 of 287
==745630==    at 0x5875E43: calloc (vg_replace_malloc.c:1678)
==745630==    by 0x470A520: tree_lookup (in /root/rboxc/target/gawk-format-lifetime-candidate/release/rboxc)
==745630==    by 0x4435AE2: rboxc::applet_gawk::assoc_set (in /root/rboxc/target/gawk-format-lifetime-candidate/release/rboxc)
==745630==    by 0x443FFAB: single_binary_main_gawk (in /root/rboxc/target/gawk-format-lifetime-candidate/release/rboxc)
==745630==    by 0x5A18600: (below main) (libc_start_call_main.h:59)
==745630== 
==745630== 256 bytes in 1 blocks are still reachable in loss record 236 of 287
==745630==    at 0x5875E43: calloc (vg_replace_malloc.c:1678)
==745630==    by 0x470A8F2: cint_lookup (in /root/rboxc/target/gawk-format-lifetime-candidate/release/rboxc)
==745630==    by 0x472A9F4: set_element (in /root/rboxc/target/gawk-format-lifetime-candidate/release/rboxc)
==745630==    by 0x472ABC8: def_parse_field (in /root/rboxc/target/gawk-format-lifetime-candidate/release/rboxc)
==745630==    by 0x472D215: rboxc_gawk_do_split (in /root/rboxc/target/gawk-format-lifetime-candidate/release/rboxc)
==745630==    by 0x47262FC: rboxc_gawk_r_interpret (in /root/rboxc/target/gawk-format-lifetime-candidate/release/rboxc)
==745630==    by 0x4440403: single_binary_main_gawk (in /root/rboxc/target/gawk-format-lifetime-candidate/release/rboxc)
==745630==    by 0x5A18600: (below main) (libc_start_call_main.h:59)
==745630== 
==745630== 256 bytes in 1 blocks are still reachable in loss record 237 of 287
==745630==    at 0x5875E43: calloc (vg_replace_malloc.c:1678)
==745630==    by 0x470A2F7: tree_lookup (in /root/rboxc/target/gawk-format-lifetime-candidate/release/rboxc)
==745630==    by 0x472A9F4: set_element (in /root/rboxc/target/gawk-format-lifetime-candidate/release/rboxc)
==745630==    by 0x472ABC8: def_parse_field (in /root/rboxc/target/gawk-format-lifetime-candidate/release/rboxc)
==745630==    by 0x472D215: rboxc_gawk_do_split (in /root/rboxc/target/gawk-format-lifetime-candidate/release/rboxc)
==745630==    by 0x47262FC: rboxc_gawk_r_interpret (in /root/rboxc/target/gawk-format-lifetime-candidate/release/rboxc)
==745630==    by 0x4440403: single_binary_main_gawk (in /root/rboxc/target/gawk-format-lifetime-candidate/release/rboxc)
==745630==    by 0x5A18600: (below main) (libc_start_call_main.h:59)
==745630== 
==745630== 256 bytes in 1 blocks are still reachable in loss record 238 of 287
==745630==    at 0x5875E43: calloc (vg_replace_malloc.c:1678)
==745630==    by 0x470A520: tree_lookup (in /root/rboxc/target/gawk-format-lifetime-candidate/release/rboxc)
==745630==    by 0x472A9F4: set_element (in /root/rboxc/target/gawk-format-lifetime-candidate/release/rboxc)
==745630==    by 0x472ABC8: def_parse_field (in /root/rboxc/target/gawk-format-lifetime-candidate/release/rboxc)
==745630==    by 0x472D215: rboxc_gawk_do_split (in /root/rboxc/target/gawk-format-lifetime-candidate/release/rboxc)
==745630==    by 0x47262FC: rboxc_gawk_r_interpret (in /root/rboxc/target/gawk-format-lifetime-candidate/release/rboxc)
==745630==    by 0x4440403: single_binary_main_gawk (in /root/rboxc/target/gawk-format-lifetime-candidate/release/rboxc)
==745630==    by 0x5A18600: (below main) (libc_start_call_main.h:59)
==745630== 
==745630== 256 bytes in 1 blocks are still reachable in loss record 239 of 287
==745630==    at 0x5875E43: calloc (vg_replace_malloc.c:1678)
==745630==    by 0x470A8F2: cint_lookup (in /root/rboxc/target/gawk-format-lifetime-candidate/release/rboxc)
==745630==    by 0x46E861E: asort_actual (in /root/rboxc/target/gawk-format-lifetime-candidate/release/rboxc)
==745630==    by 0x47262FC: rboxc_gawk_r_interpret (in /root/rboxc/target/gawk-format-lifetime-candidate/release/rboxc)
==745630==    by 0x4440403: single_binary_main_gawk (in /root/rboxc/target/gawk-format-lifetime-candidate/release/rboxc)
==745630==    by 0x5A18600: (below main) (libc_start_call_main.h:59)
==745630== 
==745630== 256 bytes in 1 blocks are still reachable in loss record 240 of 287
==745630==    at 0x5875E43: calloc (vg_replace_malloc.c:1678)
==745630==    by 0x470A2F7: tree_lookup (in /root/rboxc/target/gawk-format-lifetime-candidate/release/rboxc)
==745630==    by 0x46E861E: asort_actual (in /root/rboxc/target/gawk-format-lifetime-candidate/release/rboxc)
==745630==    by 0x47262FC: rboxc_gawk_r_interpret (in /root/rboxc/target/gawk-format-lifetime-candidate/release/rboxc)
==745630==    by 0x4440403: single_binary_main_gawk (in /root/rboxc/target/gawk-format-lifetime-candidate/release/rboxc)
==745630==    by 0x5A18600: (below main) (libc_start_call_main.h:59)
==745630== 
==745630== 264 bytes in 3 blocks are still reachable in loss record 241 of 287
==745630==    at 0x586E858: malloc (vg_replace_malloc.c:447)
==745630==    by 0x473EBAB: rboxc_gawk_r_getblock (in /root/rboxc/target/gawk-format-lifetime-candidate/release/rboxc)
==745630==    by 0x473EF81: rboxc_gawk_make_str_node (in /root/rboxc/target/gawk-format-lifetime-candidate/release/rboxc)
==745630==    by 0x4440154: single_binary_main_gawk (in /root/rboxc/target/gawk-format-lifetime-candidate/release/rboxc)
==745630==    by 0x5A18600: (below main) (libc_start_call_main.h:59)
==745630== 
==745630== 278 bytes in 42 blocks are still reachable in loss record 242 of 287
==745630==    at 0x586E858: malloc (vg_replace_malloc.c:447)
==745630==    by 0x473F017: rboxc_gawk_make_str_node (in /root/rboxc/target/gawk-format-lifetime-candidate/release/rboxc)
==745630==    by 0x474D135: install (in /root/rboxc/target/gawk-format-lifetime-candidate/release/rboxc)
==745630==    by 0x46EF48E: rboxc_gawk_install_builtins (in /root/rboxc/target/gawk-format-lifetime-candidate/release/rboxc)
==745630==    by 0x444030E: single_binary_main_gawk (in /root/rboxc/target/gawk-format-lifetime-candidate/release/rboxc)
==745630==    by 0x5A18600: (below main) (libc_start_call_main.h:59)
==745630== 
==745630== 287 bytes in 29 blocks are still reachable in loss record 243 of 287
==745630==    at 0x586E858: malloc (vg_replace_malloc.c:447)
==745630==    by 0x473F017: rboxc_gawk_make_str_node (in /root/rboxc/target/gawk-format-lifetime-candidate/release/rboxc)
==745630==    by 0x46F0DF4: yylex (in /root/rboxc/target/gawk-format-lifetime-candidate/release/rboxc)
==745630==    by 0x46F249C: rboxc_gawk_yyparse (in /root/rboxc/target/gawk-format-lifetime-candidate/release/rboxc)
==745630==    by 0x46F639A: rboxc_gawk_parse_program (in /root/rboxc/target/gawk-format-lifetime-candidate/release/rboxc)
==745630==    by 0x44402A4: single_binary_main_gawk (in /root/rboxc/target/gawk-format-lifetime-candidate/release/rboxc)
==745630==    by 0x5A18600: (below main) (libc_start_call_main.h:59)
==745630== 
==745630== 296 bytes in 1 blocks are still reachable in loss record 244 of 287
==745630==    at 0x5875E43: calloc (vg_replace_malloc.c:1678)
==745630==    by 0x46EA646: do_add_srcfile (in /root/rboxc/target/gawk-format-lifetime-candidate/release/rboxc)
==745630==    by 0x46EE6D0: rboxc_gawk_add_srcfile (in /root/rboxc/target/gawk-format-lifetime-candidate/release/rboxc)
==745630==    by 0x443E939: single_binary_main_gawk (in /root/rboxc/target/gawk-format-lifetime-candidate/release/rboxc)
==745630==    by 0x5A18600: (below main) (libc_start_call_main.h:59)
==745630== 
==745630== 296 bytes in 1 blocks are still reachable in loss record 245 of 287
==745630==    at 0x5875E43: calloc (vg_replace_malloc.c:1678)
==745630==    by 0x46EA646: do_add_srcfile (in /root/rboxc/target/gawk-format-lifetime-candidate/release/rboxc)
==745630==    by 0x46EE6D0: rboxc_gawk_add_srcfile (in /root/rboxc/target/gawk-format-lifetime-candidate/release/rboxc)
==745630==    by 0x46EEC1B: load_library (in /root/rboxc/target/gawk-format-lifetime-candidate/release/rboxc)
==745630==    by 0x46F273F: rboxc_gawk_yyparse (in /root/rboxc/target/gawk-format-lifetime-candidate/release/rboxc)
==745630==    by 0x46F639A: rboxc_gawk_parse_program (in /root/rboxc/target/gawk-format-lifetime-candidate/release/rboxc)
==745630==    by 0x44402A4: single_binary_main_gawk (in /root/rboxc/target/gawk-format-lifetime-candidate/release/rboxc)
==745630==    by 0x5A18600: (below main) (libc_start_call_main.h:59)
==745630== 
==745630== 320 bytes in 1 blocks are still reachable in loss record 246 of 287
==745630==    at 0x586E858: malloc (vg_replace_malloc.c:447)
==745630==    by 0x475CEDE: compile.constprop.0 (in /root/rboxc/target/gawk-format-lifetime-candidate/release/rboxc)
==745630==    by 0x475FE38: rboxc_gawk_minrx_regncomp (in /root/rboxc/target/gawk-format-lifetime-candidate/release/rboxc)
==745630==    by 0x474A2BD: rboxc_gawk_make_regexp (in /root/rboxc/target/gawk-format-lifetime-candidate/release/rboxc)
==745630==    by 0x46EF24B: rboxc_gawk_make_regnode (in /root/rboxc/target/gawk-format-lifetime-candidate/release/rboxc)
==745630==    by 0x473F404: rboxc_gawk_make_typed_regex (in /root/rboxc/target/gawk-format-lifetime-candidate/release/rboxc)
==745630==    by 0x46F342D: rboxc_gawk_yyparse (in /root/rboxc/target/gawk-format-lifetime-candidate/release/rboxc)
==745630==    by 0x46F639A: rboxc_gawk_parse_program (in /root/rboxc/target/gawk-format-lifetime-candidate/release/rboxc)
==745630==    by 0x44402A4: single_binary_main_gawk (in /root/rboxc/target/gawk-format-lifetime-candidate/release/rboxc)
==745630==    by 0x5A18600: (below main) (libc_start_call_main.h:59)
==745630== 
==745630== 320 bytes in 1 blocks are still reachable in loss record 247 of 287
==745630==    at 0x586E858: malloc (vg_replace_malloc.c:447)
==745630==    by 0x475CEDE: compile.constprop.0 (in /root/rboxc/target/gawk-format-lifetime-candidate/release/rboxc)
==745630==    by 0x475FE38: rboxc_gawk_minrx_regncomp (in /root/rboxc/target/gawk-format-lifetime-candidate/release/rboxc)
==745630==    by 0x474A2BD: rboxc_gawk_make_regexp (in /root/rboxc/target/gawk-format-lifetime-candidate/release/rboxc)
==745630==    by 0x46EF24B: rboxc_gawk_make_regnode (in /root/rboxc/target/gawk-format-lifetime-candidate/release/rboxc)
==745630==    by 0x473F404: rboxc_gawk_make_typed_regex (in /root/rboxc/target/gawk-format-lifetime-candidate/release/rboxc)
==745630==    by 0x47316CC: api_set_array_element (in /root/rboxc/target/gawk-format-lifetime-candidate/release/rboxc)
==745630==    by 0x58878E8: read_array (rwarray.c:646)
==745630==    by 0x5886C90: read_backend (rwarray.c:589)
==745630==    by 0x5886DBB: do_reada (rwarray.c:616)
==745630==    by 0x472592E: rboxc_gawk_r_interpret (in /root/rboxc/target/gawk-format-lifetime-candidate/release/rboxc)
==745630==    by 0x4440403: single_binary_main_gawk (in /root/rboxc/target/gawk-format-lifetime-candidate/release/rboxc)
==745630== 
==745630== 352 bytes in 1 blocks are still reachable in loss record 248 of 287
==745630==    at 0x586E858: malloc (vg_replace_malloc.c:447)
==745630==    by 0x475CCED: compile.constprop.0 (in /root/rboxc/target/gawk-format-lifetime-candidate/release/rboxc)
==745630==    by 0x475FE38: rboxc_gawk_minrx_regncomp (in /root/rboxc/target/gawk-format-lifetime-candidate/release/rboxc)
==745630==    by 0x474A2BD: rboxc_gawk_make_regexp (in /root/rboxc/target/gawk-format-lifetime-candidate/release/rboxc)
==745630==    by 0x46EF24B: rboxc_gawk_make_regnode (in /root/rboxc/target/gawk-format-lifetime-candidate/release/rboxc)
==745630==    by 0x473F404: rboxc_gawk_make_typed_regex (in /root/rboxc/target/gawk-format-lifetime-candidate/release/rboxc)
==745630==    by 0x46F342D: rboxc_gawk_yyparse (in /root/rboxc/target/gawk-format-lifetime-candidate/release/rboxc)
==745630==    by 0x46F639A: rboxc_gawk_parse_program (in /root/rboxc/target/gawk-format-lifetime-candidate/release/rboxc)
==745630==    by 0x44402A4: single_binary_main_gawk (in /root/rboxc/target/gawk-format-lifetime-candidate/release/rboxc)
==745630==    by 0x5A18600: (below main) (libc_start_call_main.h:59)
==745630== 
==745630== 352 bytes in 1 blocks are still reachable in loss record 249 of 287
==745630==    at 0x586E858: malloc (vg_replace_malloc.c:447)
==745630==    by 0x475CCED: compile.constprop.0 (in /root/rboxc/target/gawk-format-lifetime-candidate/release/rboxc)
==745630==    by 0x475FE38: rboxc_gawk_minrx_regncomp (in /root/rboxc/target/gawk-format-lifetime-candidate/release/rboxc)
==745630==    by 0x474A2BD: rboxc_gawk_make_regexp (in /root/rboxc/target/gawk-format-lifetime-candidate/release/rboxc)
==745630==    by 0x46EF24B: rboxc_gawk_make_regnode (in /root/rboxc/target/gawk-format-lifetime-candidate/release/rboxc)
==745630==    by 0x473F404: rboxc_gawk_make_typed_regex (in /root/rboxc/target/gawk-format-lifetime-candidate/release/rboxc)
==745630==    by 0x47316CC: api_set_array_element (in /root/rboxc/target/gawk-format-lifetime-candidate/release/rboxc)
==745630==    by 0x58878E8: read_array (rwarray.c:646)
==745630==    by 0x5886C90: read_backend (rwarray.c:589)
==745630==    by 0x5886DBB: do_reada (rwarray.c:616)
==745630==    by 0x472592E: rboxc_gawk_r_interpret (in /root/rboxc/target/gawk-format-lifetime-candidate/release/rboxc)
==745630==    by 0x4440403: single_binary_main_gawk (in /root/rboxc/target/gawk-format-lifetime-candidate/release/rboxc)
==745630== 
==745630== 352 bytes in 4 blocks are still reachable in loss record 250 of 287
==745630==    at 0x586E858: malloc (vg_replace_malloc.c:447)
==745630==    by 0x473EBAB: rboxc_gawk_r_getblock (in /root/rboxc/target/gawk-format-lifetime-candidate/release/rboxc)
==745630==    by 0x473EF81: rboxc_gawk_make_str_node (in /root/rboxc/target/gawk-format-lifetime-candidate/release/rboxc)
==745630==    by 0x474D135: install (in /root/rboxc/target/gawk-format-lifetime-candidate/release/rboxc)
==745630==    by 0x4729C17: rboxc_gawk_make_builtin (in /root/rboxc/target/gawk-format-lifetime-candidate/release/rboxc)
==745630==    by 0x5887A4A: dl_load (rwarray.c:843)
==745630==    by 0x47296C2: rboxc_gawk_load_ext (in /root/rboxc/target/gawk-format-lifetime-candidate/release/rboxc)
==745630==    by 0x46EEC3A: load_library (in /root/rboxc/target/gawk-format-lifetime-candidate/release/rboxc)
==745630==    by 0x46F273F: rboxc_gawk_yyparse (in /root/rboxc/target/gawk-format-lifetime-candidate/release/rboxc)
==745630==    by 0x46F639A: rboxc_gawk_parse_program (in /root/rboxc/target/gawk-format-lifetime-candidate/release/rboxc)
==745630==    by 0x44402A4: single_binary_main_gawk (in /root/rboxc/target/gawk-format-lifetime-candidate/release/rboxc)
==745630==    by 0x5A18600: (below main) (libc_start_call_main.h:59)
==745630== 
==745630== 352 bytes in 4 blocks are still reachable in loss record 251 of 287
==745630==    at 0x586E858: malloc (vg_replace_malloc.c:447)
==745630==    by 0x473EBAB: rboxc_gawk_r_getblock (in /root/rboxc/target/gawk-format-lifetime-candidate/release/rboxc)
==745630==    by 0x474D2FE: install (in /root/rboxc/target/gawk-format-lifetime-candidate/release/rboxc)
==745630==    by 0x4729C17: rboxc_gawk_make_builtin (in /root/rboxc/target/gawk-format-lifetime-candidate/release/rboxc)
==745630==    by 0x5887A4A: dl_load (rwarray.c:843)
==745630==    by 0x47296C2: rboxc_gawk_load_ext (in /root/rboxc/target/gawk-format-lifetime-candidate/release/rboxc)
==745630==    by 0x46EEC3A: load_library (in /root/rboxc/target/gawk-format-lifetime-candidate/release/rboxc)
==745630==    by 0x46F273F: rboxc_gawk_yyparse (in /root/rboxc/target/gawk-format-lifetime-candidate/release/rboxc)
==745630==    by 0x46F639A: rboxc_gawk_parse_program (in /root/rboxc/target/gawk-format-lifetime-candidate/release/rboxc)
==745630==    by 0x44402A4: single_binary_main_gawk (in /root/rboxc/target/gawk-format-lifetime-candidate/release/rboxc)
==745630==    by 0x5A18600: (below main) (libc_start_call_main.h:59)
==745630== 
==745630== 480 bytes in 10 blocks are still reachable in loss record 252 of 287
==745630==    at 0x586E858: malloc (vg_replace_malloc.c:447)
==745630==    by 0x473EBAB: rboxc_gawk_r_getblock (in /root/rboxc/target/gawk-format-lifetime-candidate/release/rboxc)
==745630==    by 0x474C959: str_lookup (in /root/rboxc/target/gawk-format-lifetime-candidate/release/rboxc)
==745630==    by 0x474D16C: install (in /root/rboxc/target/gawk-format-lifetime-candidate/release/rboxc)
==745630==    by 0x46F26C3: rboxc_gawk_yyparse (in /root/rboxc/target/gawk-format-lifetime-candidate/release/rboxc)
==745630==    by 0x46F639A: rboxc_gawk_parse_program (in /root/rboxc/target/gawk-format-lifetime-candidate/release/rboxc)
==745630==    by 0x44402A4: single_binary_main_gawk (in /root/rboxc/target/gawk-format-lifetime-candidate/release/rboxc)
==745630==    by 0x5A18600: (below main) (libc_start_call_main.h:59)
==745630== 
==745630== 552 bytes in 1 blocks are still reachable in loss record 253 of 287
==745630==    at 0x5875E43: calloc (vg_replace_malloc.c:1678)
==745630==    by 0x474EA56: rboxc_gawk_new_context (in /root/rboxc/target/gawk-format-lifetime-candidate/release/rboxc)
==745630==    by 0x443E56A: single_binary_main_gawk (in /root/rboxc/target/gawk-format-lifetime-candidate/release/rboxc)
==745630==    by 0x5A18600: (below main) (libc_start_call_main.h:59)
==745630== 
==745630== 563 bytes in 87 blocks are still reachable in loss record 254 of 287
==745630==    at 0x586E858: malloc (vg_replace_malloc.c:447)
==745630==    by 0x473F017: rboxc_gawk_make_str_node (in /root/rboxc/target/gawk-format-lifetime-candidate/release/rboxc)
==745630==    by 0x474E574: rboxc_gawk_load_symbols (in /root/rboxc/target/gawk-format-lifetime-candidate/release/rboxc)
==745630==    by 0x444037C: single_binary_main_gawk (in /root/rboxc/target/gawk-format-lifetime-candidate/release/rboxc)
==745630==    by 0x5A18600: (below main) (libc_start_call_main.h:59)
==745630== 
==745630== 792 bytes in 9 blocks are still reachable in loss record 255 of 287
==745630==    at 0x586E858: malloc (vg_replace_malloc.c:447)
==745630==    by 0x473EBAB: rboxc_gawk_r_getblock (in /root/rboxc/target/gawk-format-lifetime-candidate/release/rboxc)
==745630==    by 0x473F4F0: r_make_number (in /root/rboxc/target/gawk-format-lifetime-candidate/release/rboxc)
==745630==    by 0x46EFECC: yylex (in /root/rboxc/target/gawk-format-lifetime-candidate/release/rboxc)
==745630==    by 0x46F249C: rboxc_gawk_yyparse (in /root/rboxc/target/gawk-format-lifetime-candidate/release/rboxc)
==745630==    by 0x46F639A: rboxc_gawk_parse_program (in /root/rboxc/target/gawk-format-lifetime-candidate/release/rboxc)
==745630==    by 0x44402A4: single_binary_main_gawk (in /root/rboxc/target/gawk-format-lifetime-candidate/release/rboxc)
==745630==    by 0x5A18600: (below main) (libc_start_call_main.h:59)
==745630== 
==745630== 860 bytes in 24 blocks are still reachable in loss record 256 of 287
==745630==    at 0x586E858: malloc (vg_replace_malloc.c:447)
==745630==    by 0x473F017: rboxc_gawk_make_str_node (in /root/rboxc/target/gawk-format-lifetime-candidate/release/rboxc)
==745630==    by 0x443FD20: single_binary_main_gawk (in /root/rboxc/target/gawk-format-lifetime-candidate/release/rboxc)
==745630==    by 0x5A18600: (below main) (libc_start_call_main.h:59)
==745630== 
==745630== 880 bytes in 10 blocks are still reachable in loss record 257 of 287
==745630==    at 0x586E858: malloc (vg_replace_malloc.c:447)
==745630==    by 0x473EBAB: rboxc_gawk_r_getblock (in /root/rboxc/target/gawk-format-lifetime-candidate/release/rboxc)
==745630==    by 0x473F4F0: r_make_number (in /root/rboxc/target/gawk-format-lifetime-candidate/release/rboxc)
==745630==    by 0x443F2C3: single_binary_main_gawk (in /root/rboxc/target/gawk-format-lifetime-candidate/release/rboxc)
==745630==    by 0x5A18600: (below main) (libc_start_call_main.h:59)
==745630== 
==745630== 880 bytes in 10 blocks are still reachable in loss record 258 of 287
==745630==    at 0x586E858: malloc (vg_replace_malloc.c:447)
==745630==    by 0x473EBAB: rboxc_gawk_r_getblock (in /root/rboxc/target/gawk-format-lifetime-candidate/release/rboxc)
==745630==    by 0x473EF81: rboxc_gawk_make_str_node (in /root/rboxc/target/gawk-format-lifetime-candidate/release/rboxc)
==745630==    by 0x474D135: install (in /root/rboxc/target/gawk-format-lifetime-candidate/release/rboxc)
==745630==    by 0x46F26C3: rboxc_gawk_yyparse (in /root/rboxc/target/gawk-format-lifetime-candidate/release/rboxc)
==745630==    by 0x46F639A: rboxc_gawk_parse_program (in /root/rboxc/target/gawk-format-lifetime-candidate/release/rboxc)
==745630==    by 0x44402A4: single_binary_main_gawk (in /root/rboxc/target/gawk-format-lifetime-candidate/release/rboxc)
==745630==    by 0x5A18600: (below main) (libc_start_call_main.h:59)
==745630== 
==745630== 880 bytes in 10 blocks are still reachable in loss record 259 of 287
==745630==    at 0x586E858: malloc (vg_replace_malloc.c:447)
==745630==    by 0x473EBAB: rboxc_gawk_r_getblock (in /root/rboxc/target/gawk-format-lifetime-candidate/release/rboxc)
==745630==    by 0x474D213: install (in /root/rboxc/target/gawk-format-lifetime-candidate/release/rboxc)
==745630==    by 0x46F26C3: rboxc_gawk_yyparse (in /root/rboxc/target/gawk-format-lifetime-candidate/release/rboxc)
==745630==    by 0x46F639A: rboxc_gawk_parse_program (in /root/rboxc/target/gawk-format-lifetime-candidate/release/rboxc)
==745630==    by 0x44402A4: single_binary_main_gawk (in /root/rboxc/target/gawk-format-lifetime-candidate/release/rboxc)
==745630==    by 0x5A18600: (below main) (libc_start_call_main.h:59)
==745630== 
==745630== 968 bytes in 11 blocks are still reachable in loss record 260 of 287
==745630==    at 0x586E858: malloc (vg_replace_malloc.c:447)
==745630==    by 0x473EBAB: rboxc_gawk_r_getblock (in /root/rboxc/target/gawk-format-lifetime-candidate/release/rboxc)
==745630==    by 0x473EF81: rboxc_gawk_make_str_node (in /root/rboxc/target/gawk-format-lifetime-candidate/release/rboxc)
==745630==    by 0x443F2AA: single_binary_main_gawk (in /root/rboxc/target/gawk-format-lifetime-candidate/release/rboxc)
==745630==    by 0x5A18600: (below main) (libc_start_call_main.h:59)
==745630== 
==745630== 1,016 bytes in 1 blocks are still reachable in loss record 261 of 287
==745630==    at 0x5875E43: calloc (vg_replace_malloc.c:1678)
==745630==    by 0x474BDD4: grow_table (in /root/rboxc/target/gawk-format-lifetime-candidate/release/rboxc)
==745630==    by 0x474C99D: str_lookup (in /root/rboxc/target/gawk-format-lifetime-candidate/release/rboxc)
==745630==    by 0x47316ED: api_set_array_element (in /root/rboxc/target/gawk-format-lifetime-candidate/release/rboxc)
==745630==    by 0x58878E8: read_array (rwarray.c:646)
==745630==    by 0x5886C90: read_backend (rwarray.c:589)
==745630==    by 0x5886DBB: do_reada (rwarray.c:616)
==745630==    by 0x472592E: rboxc_gawk_r_interpret (in /root/rboxc/target/gawk-format-lifetime-candidate/release/rboxc)
==745630==    by 0x4440403: single_binary_main_gawk (in /root/rboxc/target/gawk-format-lifetime-candidate/release/rboxc)
==745630==    by 0x5A18600: (below main) (libc_start_call_main.h:59)
==745630== 
==745630== 1,152 bytes in 24 blocks are still reachable in loss record 262 of 287
==745630==    at 0x586E858: malloc (vg_replace_malloc.c:447)
==745630==    by 0x473EBAB: rboxc_gawk_r_getblock (in /root/rboxc/target/gawk-format-lifetime-candidate/release/rboxc)
==745630==    by 0x474C959: str_lookup (in /root/rboxc/target/gawk-format-lifetime-candidate/release/rboxc)
==745630==    by 0x474D16C: install (in /root/rboxc/target/gawk-format-lifetime-candidate/release/rboxc)
==745630==    by 0x443F280: single_binary_main_gawk (in /root/rboxc/target/gawk-format-lifetime-candidate/release/rboxc)
==745630==    by 0x5A18600: (below main) (libc_start_call_main.h:59)
==745630== 
==745630== 1,152 bytes in 24 blocks are still reachable in loss record 263 of 287
==745630==    at 0x586E858: malloc (vg_replace_malloc.c:447)
==745630==    by 0x473EBAB: rboxc_gawk_r_getblock (in /root/rboxc/target/gawk-format-lifetime-candidate/release/rboxc)
==745630==    by 0x474C959: str_lookup (in /root/rboxc/target/gawk-format-lifetime-candidate/release/rboxc)
==745630==    by 0x443FD46: single_binary_main_gawk (in /root/rboxc/target/gawk-format-lifetime-candidate/release/rboxc)
==745630==    by 0x5A18600: (below main) (libc_start_call_main.h:59)
==745630== 
==745630== 1,270 bytes in 1 blocks are still reachable in loss record 264 of 287
==745630==    at 0x5875E43: calloc (vg_replace_malloc.c:1678)
==745630==    by 0x5030CAC: calloc (rtld-malloc.h:44)
==745630==    by 0x5030CAC: _dl_new_object (dl-object.c:92)
==745630==    by 0x502BEA0: _dl_map_object_from_fd (dl-load.c:1065)
==745630==    by 0x502D989: _dl_map_new_object (dl-load.c:2206)
==745630==    by 0x5032460: dl_open_worker_begin (dl-open.c:535)
==745630==    by 0x5025512: _dl_catch_exception (dl-catch.c:241)
==745630==    by 0x503120B: dl_open_worker (dl-open.c:762)
==745630==    by 0x5025512: _dl_catch_exception (dl-catch.c:241)
==745630==    by 0x5031749: _dl_open (dl-open.c:900)
==745630==    by 0x5A8DEA3: dlopen_doit (dlopen.c:56)
==745630==    by 0x5025512: _dl_catch_exception (dl-catch.c:241)
==745630==    by 0x5025658: _dl_catch_error (dl-catch.c:260)
==745630== 
==745630== 2,016 bytes in 42 blocks are still reachable in loss record 265 of 287
==745630==    at 0x586E858: malloc (vg_replace_malloc.c:447)
==745630==    by 0x473EBAB: rboxc_gawk_r_getblock (in /root/rboxc/target/gawk-format-lifetime-candidate/release/rboxc)
==745630==    by 0x474C959: str_lookup (in /root/rboxc/target/gawk-format-lifetime-candidate/release/rboxc)
==745630==    by 0x474D16C: install (in /root/rboxc/target/gawk-format-lifetime-candidate/release/rboxc)
==745630==    by 0x46EF48E: rboxc_gawk_install_builtins (in /root/rboxc/target/gawk-format-lifetime-candidate/release/rboxc)
==745630==    by 0x444030E: single_binary_main_gawk (in /root/rboxc/target/gawk-format-lifetime-candidate/release/rboxc)
==745630==    by 0x5A18600: (below main) (libc_start_call_main.h:59)
==745630== 
==745630== 2,048 bytes in 1 blocks are still reachable in loss record 266 of 287
==745630==    at 0x586E858: malloc (vg_replace_malloc.c:447)
==745630==    by 0x471F119: rboxc_gawk_init_interpret (in /root/rboxc/target/gawk-format-lifetime-candidate/release/rboxc)
==745630==    by 0x443FE94: single_binary_main_gawk (in /root/rboxc/target/gawk-format-lifetime-candidate/release/rboxc)
==745630==    by 0x5A18600: (below main) (libc_start_call_main.h:59)
==745630== 
==745630== 2,112 bytes in 24 blocks are still reachable in loss record 267 of 287
==745630==    at 0x586E858: malloc (vg_replace_malloc.c:447)
==745630==    by 0x473EBAB: rboxc_gawk_r_getblock (in /root/rboxc/target/gawk-format-lifetime-candidate/release/rboxc)
==745630==    by 0x473EF81: rboxc_gawk_make_str_node (in /root/rboxc/target/gawk-format-lifetime-candidate/release/rboxc)
==745630==    by 0x474D135: install (in /root/rboxc/target/gawk-format-lifetime-candidate/release/rboxc)
==745630==    by 0x443F280: single_binary_main_gawk (in /root/rboxc/target/gawk-format-lifetime-candidate/release/rboxc)
==745630==    by 0x5A18600: (below main) (libc_start_call_main.h:59)
==745630== 
==745630== 2,112 bytes in 24 blocks are still reachable in loss record 268 of 287
==745630==    at 0x586E858: malloc (vg_replace_malloc.c:447)
==745630==    by 0x473EBAB: rboxc_gawk_r_getblock (in /root/rboxc/target/gawk-format-lifetime-candidate/release/rboxc)
==745630==    by 0x474D213: install (in /root/rboxc/target/gawk-format-lifetime-candidate/release/rboxc)
==745630==    by 0x443F280: single_binary_main_gawk (in /root/rboxc/target/gawk-format-lifetime-candidate/release/rboxc)
==745630==    by 0x5A18600: (below main) (libc_start_call_main.h:59)
==745630== 
==745630== 2,112 bytes in 24 blocks are still reachable in loss record 269 of 287
==745630==    at 0x586E858: malloc (vg_replace_malloc.c:447)
==745630==    by 0x473EBAB: rboxc_gawk_r_getblock (in /root/rboxc/target/gawk-format-lifetime-candidate/release/rboxc)
==745630==    by 0x473EF81: rboxc_gawk_make_str_node (in /root/rboxc/target/gawk-format-lifetime-candidate/release/rboxc)
==745630==    by 0x443FD0C: single_binary_main_gawk (in /root/rboxc/target/gawk-format-lifetime-candidate/release/rboxc)
==745630==    by 0x5A18600: (below main) (libc_start_call_main.h:59)
==745630== 
==745630== 2,112 bytes in 24 blocks are still reachable in loss record 270 of 287
==745630==    at 0x586E858: malloc (vg_replace_malloc.c:447)
==745630==    by 0x473EBAB: rboxc_gawk_r_getblock (in /root/rboxc/target/gawk-format-lifetime-candidate/release/rboxc)
==745630==    by 0x473EF81: rboxc_gawk_make_str_node (in /root/rboxc/target/gawk-format-lifetime-candidate/release/rboxc)
==745630==    by 0x443FD20: single_binary_main_gawk (in /root/rboxc/target/gawk-format-lifetime-candidate/release/rboxc)
==745630==    by 0x5A18600: (below main) (libc_start_call_main.h:59)
==745630== 
==745630== 2,200 bytes in 25 blocks are still reachable in loss record 271 of 287
==745630==    at 0x586E858: malloc (vg_replace_malloc.c:447)
==745630==    by 0x473EBAB: rboxc_gawk_r_getblock (in /root/rboxc/target/gawk-format-lifetime-candidate/release/rboxc)
==745630==    by 0x470A547: tree_lookup (in /root/rboxc/target/gawk-format-lifetime-candidate/release/rboxc)
==745630==    by 0x46E861E: asort_actual (in /root/rboxc/target/gawk-format-lifetime-candidate/release/rboxc)
==745630==    by 0x47262FC: rboxc_gawk_r_interpret (in /root/rboxc/target/gawk-format-lifetime-candidate/release/rboxc)
==745630==    by 0x4440403: single_binary_main_gawk (in /root/rboxc/target/gawk-format-lifetime-candidate/release/rboxc)
==745630==    by 0x5A18600: (below main) (libc_start_call_main.h:59)
==745630== 
==745630== 3,256 bytes in 37 blocks are still reachable in loss record 272 of 287
==745630==    at 0x586E858: malloc (vg_replace_malloc.c:447)
==745630==    by 0x473EBAB: rboxc_gawk_r_getblock (in /root/rboxc/target/gawk-format-lifetime-candidate/release/rboxc)
==745630==    by 0x473EF81: rboxc_gawk_make_str_node (in /root/rboxc/target/gawk-format-lifetime-candidate/release/rboxc)
==745630==    by 0x46F0DF4: yylex (in /root/rboxc/target/gawk-format-lifetime-candidate/release/rboxc)
==745630==    by 0x46F249C: rboxc_gawk_yyparse (in /root/rboxc/target/gawk-format-lifetime-candidate/release/rboxc)
==745630==    by 0x46F639A: rboxc_gawk_parse_program (in /root/rboxc/target/gawk-format-lifetime-candidate/release/rboxc)
==745630==    by 0x44402A4: single_binary_main_gawk (in /root/rboxc/target/gawk-format-lifetime-candidate/release/rboxc)
==745630==    by 0x5A18600: (below main) (libc_start_call_main.h:59)
==745630== 
==745630== 3,696 bytes in 42 blocks are still reachable in loss record 273 of 287
==745630==    at 0x586E858: malloc (vg_replace_malloc.c:447)
==745630==    by 0x473EBAB: rboxc_gawk_r_getblock (in /root/rboxc/target/gawk-format-lifetime-candidate/release/rboxc)
==745630==    by 0x473EF81: rboxc_gawk_make_str_node (in /root/rboxc/target/gawk-format-lifetime-candidate/release/rboxc)
==745630==    by 0x474D135: install (in /root/rboxc/target/gawk-format-lifetime-candidate/release/rboxc)
==745630==    by 0x46EF48E: rboxc_gawk_install_builtins (in /root/rboxc/target/gawk-format-lifetime-candidate/release/rboxc)
==745630==    by 0x444030E: single_binary_main_gawk (in /root/rboxc/target/gawk-format-lifetime-candidate/release/rboxc)
==745630==    by 0x5A18600: (below main) (libc_start_call_main.h:59)
==745630== 
==745630== 3,696 bytes in 42 blocks are still reachable in loss record 274 of 287
==745630==    at 0x586E858: malloc (vg_replace_malloc.c:447)
==745630==    by 0x473EBAB: rboxc_gawk_r_getblock (in /root/rboxc/target/gawk-format-lifetime-candidate/release/rboxc)
==745630==    by 0x474D2FE: install (in /root/rboxc/target/gawk-format-lifetime-candidate/release/rboxc)
==745630==    by 0x46EF48E: rboxc_gawk_install_builtins (in /root/rboxc/target/gawk-format-lifetime-candidate/release/rboxc)
==745630==    by 0x444030E: single_binary_main_gawk (in /root/rboxc/target/gawk-format-lifetime-candidate/release/rboxc)
==745630==    by 0x5A18600: (below main) (libc_start_call_main.h:59)
==745630== 
==745630== 4,176 bytes in 87 blocks are still reachable in loss record 275 of 287
==745630==    at 0x586E858: malloc (vg_replace_malloc.c:447)
==745630==    by 0x473EBAB: rboxc_gawk_r_getblock (in /root/rboxc/target/gawk-format-lifetime-candidate/release/rboxc)
==745630==    by 0x474C959: str_lookup (in /root/rboxc/target/gawk-format-lifetime-candidate/release/rboxc)
==745630==    by 0x474E3C9: rboxc_gawk_load_symbols (in /root/rboxc/target/gawk-format-lifetime-candidate/release/rboxc)
==745630==    by 0x444037C: single_binary_main_gawk (in /root/rboxc/target/gawk-format-lifetime-candidate/release/rboxc)
==745630==    by 0x5A18600: (below main) (libc_start_call_main.h:59)
==745630== 
==745630== 5,048 bytes in 1 blocks are still reachable in loss record 276 of 287
==745630==    at 0x586E858: malloc (vg_replace_malloc.c:447)
==745630==    by 0x474E971: rboxc_gawk_bcalloc (in /root/rboxc/target/gawk-format-lifetime-candidate/release/rboxc)
==745630==    by 0x46F62BC: rboxc_gawk_parse_program (in /root/rboxc/target/gawk-format-lifetime-candidate/release/rboxc)
==745630==    by 0x44402A4: single_binary_main_gawk (in /root/rboxc/target/gawk-format-lifetime-candidate/release/rboxc)
==745630==    by 0x5A18600: (below main) (libc_start_call_main.h:59)
==745630== 
==745630== 5,048 bytes in 1 blocks are still reachable in loss record 277 of 287
==745630==    at 0x586E858: malloc (vg_replace_malloc.c:447)
==745630==    by 0x474E971: rboxc_gawk_bcalloc (in /root/rboxc/target/gawk-format-lifetime-candidate/release/rboxc)
==745630==    by 0x46F67B8: rboxc_gawk_parse_program (in /root/rboxc/target/gawk-format-lifetime-candidate/release/rboxc)
==745630==    by 0x44402A4: single_binary_main_gawk (in /root/rboxc/target/gawk-format-lifetime-candidate/release/rboxc)
==745630==    by 0x5A18600: (below main) (libc_start_call_main.h:59)
==745630== 
==745630== 5,048 bytes in 1 blocks are still reachable in loss record 278 of 287
==745630==    at 0x586E858: malloc (vg_replace_malloc.c:447)
==745630==    by 0x474E971: rboxc_gawk_bcalloc (in /root/rboxc/target/gawk-format-lifetime-candidate/release/rboxc)
==745630==    by 0x46F1F4A: yylex (in /root/rboxc/target/gawk-format-lifetime-candidate/release/rboxc)
==745630==    by 0x46F249C: rboxc_gawk_yyparse (in /root/rboxc/target/gawk-format-lifetime-candidate/release/rboxc)
==745630==    by 0x46F639A: rboxc_gawk_parse_program (in /root/rboxc/target/gawk-format-lifetime-candidate/release/rboxc)
==745630==    by 0x44402A4: single_binary_main_gawk (in /root/rboxc/target/gawk-format-lifetime-candidate/release/rboxc)
==745630==    by 0x5A18600: (below main) (libc_start_call_main.h:59)
==745630== 
==745630== 5,048 bytes in 1 blocks are still reachable in loss record 279 of 287
==745630==    at 0x586E858: malloc (vg_replace_malloc.c:447)
==745630==    by 0x474E971: rboxc_gawk_bcalloc (in /root/rboxc/target/gawk-format-lifetime-candidate/release/rboxc)
==745630==    by 0x46F4A24: rboxc_gawk_yyparse (in /root/rboxc/target/gawk-format-lifetime-candidate/release/rboxc)
==745630==    by 0x46F639A: rboxc_gawk_parse_program (in /root/rboxc/target/gawk-format-lifetime-candidate/release/rboxc)
==745630==    by 0x44402A4: single_binary_main_gawk (in /root/rboxc/target/gawk-format-lifetime-candidate/release/rboxc)
==745630==    by 0x5A18600: (below main) (libc_start_call_main.h:59)
==745630== 
==745630== 5,048 bytes in 1 blocks are still reachable in loss record 280 of 287
==745630==    at 0x586E858: malloc (vg_replace_malloc.c:447)
==745630==    by 0x474E971: rboxc_gawk_bcalloc (in /root/rboxc/target/gawk-format-lifetime-candidate/release/rboxc)
==745630==    by 0x46F0BF8: yylex (in /root/rboxc/target/gawk-format-lifetime-candidate/release/rboxc)
==745630==    by 0x46F249C: rboxc_gawk_yyparse (in /root/rboxc/target/gawk-format-lifetime-candidate/release/rboxc)
==745630==    by 0x46F639A: rboxc_gawk_parse_program (in /root/rboxc/target/gawk-format-lifetime-candidate/release/rboxc)
==745630==    by 0x44402A4: single_binary_main_gawk (in /root/rboxc/target/gawk-format-lifetime-candidate/release/rboxc)
==745630==    by 0x5A18600: (below main) (libc_start_call_main.h:59)
==745630== 
==745630== 6,400 bytes in 25 blocks are still reachable in loss record 281 of 287
==745630==    at 0x5875E43: calloc (vg_replace_malloc.c:1678)
==745630==    by 0x470A520: tree_lookup (in /root/rboxc/target/gawk-format-lifetime-candidate/release/rboxc)
==745630==    by 0x46E861E: asort_actual (in /root/rboxc/target/gawk-format-lifetime-candidate/release/rboxc)
==745630==    by 0x47262FC: rboxc_gawk_r_interpret (in /root/rboxc/target/gawk-format-lifetime-candidate/release/rboxc)
==745630==    by 0x4440403: single_binary_main_gawk (in /root/rboxc/target/gawk-format-lifetime-candidate/release/rboxc)
==745630==    by 0x5A18600: (below main) (libc_start_call_main.h:59)
==745630== 
==745630== 6,446 bytes in 785 blocks are still reachable in loss record 282 of 287
==745630==    at 0x586E858: malloc (vg_replace_malloc.c:447)
==745630==    by 0x58872B5: r_make_string_type (gawkapi.h:1009)
==745630==    by 0x58872B5: r_make_string (gawkapi.h:1030)
==745630==    by 0x58872B5: read_elem.isra.0 (rwarray.c:696)
==745630==    by 0x5887904: read_array (rwarray.c:644)
==745630==    by 0x5886C90: read_backend (rwarray.c:589)
==745630==    by 0x5886DBB: do_reada (rwarray.c:616)
==745630==    by 0x472592E: rboxc_gawk_r_interpret (in /root/rboxc/target/gawk-format-lifetime-candidate/release/rboxc)
==745630==    by 0x4440403: single_binary_main_gawk (in /root/rboxc/target/gawk-format-lifetime-candidate/release/rboxc)
==745630==    by 0x5A18600: (below main) (libc_start_call_main.h:59)
==745630== 
==745630== 7,656 bytes in 87 blocks are still reachable in loss record 283 of 287
==745630==    at 0x586E858: malloc (vg_replace_malloc.c:447)
==745630==    by 0x473EBAB: rboxc_gawk_r_getblock (in /root/rboxc/target/gawk-format-lifetime-candidate/release/rboxc)
==745630==    by 0x473EF81: rboxc_gawk_make_str_node (in /root/rboxc/target/gawk-format-lifetime-candidate/release/rboxc)
==745630==    by 0x474E574: rboxc_gawk_load_symbols (in /root/rboxc/target/gawk-format-lifetime-candidate/release/rboxc)
==745630==    by 0x444037C: single_binary_main_gawk (in /root/rboxc/target/gawk-format-lifetime-candidate/release/rboxc)
==745630==    by 0x5A18600: (below main) (libc_start_call_main.h:59)
==745630== 
==745630== 12,040 bytes in 782 blocks are still reachable in loss record 284 of 287
==745630==    at 0x586E858: malloc (vg_replace_malloc.c:447)
==745630==    by 0x5887495: read_value (rwarray.c:760)
==745630==    by 0x5887495: read_elem.isra.0 (rwarray.c:701)
==745630==    by 0x5887904: read_array (rwarray.c:644)
==745630==    by 0x5886C90: read_backend (rwarray.c:589)
==745630==    by 0x5886DBB: do_reada (rwarray.c:616)
==745630==    by 0x472592E: rboxc_gawk_r_interpret (in /root/rboxc/target/gawk-format-lifetime-candidate/release/rboxc)
==745630==    by 0x4440403: single_binary_main_gawk (in /root/rboxc/target/gawk-format-lifetime-candidate/release/rboxc)
==745630==    by 0x5A18600: (below main) (libc_start_call_main.h:59)
==745630== 
==745630== 37,680 bytes in 785 blocks are still reachable in loss record 285 of 287
==745630==    at 0x586E858: malloc (vg_replace_malloc.c:447)
==745630==    by 0x473EBAB: rboxc_gawk_r_getblock (in /root/rboxc/target/gawk-format-lifetime-candidate/release/rboxc)
==745630==    by 0x474C959: str_lookup (in /root/rboxc/target/gawk-format-lifetime-candidate/release/rboxc)
==745630==    by 0x47316ED: api_set_array_element (in /root/rboxc/target/gawk-format-lifetime-candidate/release/rboxc)
==745630==    by 0x58878E8: read_array (rwarray.c:646)
==745630==    by 0x5886C90: read_backend (rwarray.c:589)
==745630==    by 0x5886DBB: do_reada (rwarray.c:616)
==745630==    by 0x472592E: rboxc_gawk_r_interpret (in /root/rboxc/target/gawk-format-lifetime-candidate/release/rboxc)
==745630==    by 0x4440403: single_binary_main_gawk (in /root/rboxc/target/gawk-format-lifetime-candidate/release/rboxc)
==745630==    by 0x5A18600: (below main) (libc_start_call_main.h:59)
==745630== 
==745630== 68,640 bytes in 780 blocks are still reachable in loss record 286 of 287
==745630==    at 0x586E858: malloc (vg_replace_malloc.c:447)
==745630==    by 0x473EBAB: rboxc_gawk_r_getblock (in /root/rboxc/target/gawk-format-lifetime-candidate/release/rboxc)
==745630==    by 0x473EF81: rboxc_gawk_make_str_node (in /root/rboxc/target/gawk-format-lifetime-candidate/release/rboxc)
==745630==    by 0x47316CC: api_set_array_element (in /root/rboxc/target/gawk-format-lifetime-candidate/release/rboxc)
==745630==    by 0x58878E8: read_array (rwarray.c:646)
==745630==    by 0x5886C90: read_backend (rwarray.c:589)
==745630==    by 0x5886DBB: do_reada (rwarray.c:616)
==745630==    by 0x472592E: rboxc_gawk_r_interpret (in /root/rboxc/target/gawk-format-lifetime-candidate/release/rboxc)
==745630==    by 0x4440403: single_binary_main_gawk (in /root/rboxc/target/gawk-format-lifetime-candidate/release/rboxc)
==745630==    by 0x5A18600: (below main) (libc_start_call_main.h:59)
==745630== 
==745630== 69,080 bytes in 785 blocks are still reachable in loss record 287 of 287
==745630==    at 0x586E858: malloc (vg_replace_malloc.c:447)
==745630==    by 0x473EBAB: rboxc_gawk_r_getblock (in /root/rboxc/target/gawk-format-lifetime-candidate/release/rboxc)
==745630==    by 0x473EF81: rboxc_gawk_make_str_node (in /root/rboxc/target/gawk-format-lifetime-candidate/release/rboxc)
==745630==    by 0x47316C1: api_set_array_element (in /root/rboxc/target/gawk-format-lifetime-candidate/release/rboxc)
==745630==    by 0x58878E8: read_array (rwarray.c:646)
==745630==    by 0x5886C90: read_backend (rwarray.c:589)
==745630==    by 0x5886DBB: do_reada (rwarray.c:616)
==745630==    by 0x472592E: rboxc_gawk_r_interpret (in /root/rboxc/target/gawk-format-lifetime-candidate/release/rboxc)
==745630==    by 0x4440403: single_binary_main_gawk (in /root/rboxc/target/gawk-format-lifetime-candidate/release/rboxc)
==745630==    by 0x5A18600: (below main) (libc_start_call_main.h:59)
==745630== 
==745630== LEAK SUMMARY:
==745630==    definitely lost: 0 bytes in 0 blocks
==745630==    indirectly lost: 0 bytes in 0 blocks
==745630==      possibly lost: 0 bytes in 0 blocks
==745630==    still reachable: 293,245 bytes in 5,079 blocks
==745630==         suppressed: 0 bytes in 0 blocks
==745630== 
==745630== For lists of detected and suppressed errors, rerun with: -s
==745630== ERROR SUMMARY: 0 errors from 0 contexts (suppressed: 0 from 0)
