==748647== Memcheck, a memory error detector
==748647== Copyright (C) 2002-2024, and GNU GPL'd, by Julian Seward et al.
==748647== Using Valgrind-3.26.0 and LibVEX; rerun with -h for copyright info
==748647== Command: gawk --lint -i inchello -f hello.awk
==748647== Parent PID: 748646
==748647== 
==748647== 
==748647== FILE DESCRIPTORS: 3 open (3 inherited) at exit.
==748647== 
==748647== HEAP SUMMARY:
==748647==     in use at exit: 36,746 bytes in 450 blocks
==748647==   total heap usage: 630 allocs, 180 frees, 44,747 bytes allocated
==748647== 
==748647== 1 bytes in 1 blocks are still reachable in loss record 1 of 170
==748647==    at 0x586E858: malloc (vg_replace_malloc.c:447)
==748647==    by 0x44390B0: rboxc_gawk_estrdup (in /root/rboxc/target/gawk-format-lifetime-candidate/release/rboxc)
==748647==    by 0x443E31E: single_binary_main_gawk (in /root/rboxc/target/gawk-format-lifetime-candidate/release/rboxc)
==748647==    by 0x5A18600: (below main) (libc_start_call_main.h:59)
==748647== 
==748647== 1 bytes in 1 blocks are still reachable in loss record 2 of 170
==748647==    at 0x586E858: malloc (vg_replace_malloc.c:447)
==748647==    by 0x44390B0: rboxc_gawk_estrdup (in /root/rboxc/target/gawk-format-lifetime-candidate/release/rboxc)
==748647==    by 0x443E34D: single_binary_main_gawk (in /root/rboxc/target/gawk-format-lifetime-candidate/release/rboxc)
==748647==    by 0x5A18600: (below main) (libc_start_call_main.h:59)
==748647== 
==748647== 1 bytes in 1 blocks are still reachable in loss record 3 of 170
==748647==    at 0x586E858: malloc (vg_replace_malloc.c:447)
==748647==    by 0x44390B0: rboxc_gawk_estrdup (in /root/rboxc/target/gawk-format-lifetime-candidate/release/rboxc)
==748647==    by 0x443E365: single_binary_main_gawk (in /root/rboxc/target/gawk-format-lifetime-candidate/release/rboxc)
==748647==    by 0x5A18600: (below main) (libc_start_call_main.h:59)
==748647== 
==748647== 1 bytes in 1 blocks are still reachable in loss record 4 of 170
==748647==    at 0x586E858: malloc (vg_replace_malloc.c:447)
==748647==    by 0x44390B0: rboxc_gawk_estrdup (in /root/rboxc/target/gawk-format-lifetime-candidate/release/rboxc)
==748647==    by 0x443E37D: single_binary_main_gawk (in /root/rboxc/target/gawk-format-lifetime-candidate/release/rboxc)
==748647==    by 0x5A18600: (below main) (libc_start_call_main.h:59)
==748647== 
==748647== 1 bytes in 1 blocks are still reachable in loss record 5 of 170
==748647==    at 0x586E858: malloc (vg_replace_malloc.c:447)
==748647==    by 0x44390B0: rboxc_gawk_estrdup (in /root/rboxc/target/gawk-format-lifetime-candidate/release/rboxc)
==748647==    by 0x443E395: single_binary_main_gawk (in /root/rboxc/target/gawk-format-lifetime-candidate/release/rboxc)
==748647==    by 0x5A18600: (below main) (libc_start_call_main.h:59)
==748647== 
==748647== 1 bytes in 1 blocks are still reachable in loss record 6 of 170
==748647==    at 0x586E858: malloc (vg_replace_malloc.c:447)
==748647==    by 0x44390B0: rboxc_gawk_estrdup (in /root/rboxc/target/gawk-format-lifetime-candidate/release/rboxc)
==748647==    by 0x443E3AD: single_binary_main_gawk (in /root/rboxc/target/gawk-format-lifetime-candidate/release/rboxc)
==748647==    by 0x5A18600: (below main) (libc_start_call_main.h:59)
==748647== 
==748647== 1 bytes in 1 blocks are still reachable in loss record 7 of 170
==748647==    at 0x586E858: malloc (vg_replace_malloc.c:447)
==748647==    by 0x44390B0: rboxc_gawk_estrdup (in /root/rboxc/target/gawk-format-lifetime-candidate/release/rboxc)
==748647==    by 0x443E3C5: single_binary_main_gawk (in /root/rboxc/target/gawk-format-lifetime-candidate/release/rboxc)
==748647==    by 0x5A18600: (below main) (libc_start_call_main.h:59)
==748647== 
==748647== 1 bytes in 1 blocks are still reachable in loss record 8 of 170
==748647==    at 0x586E858: malloc (vg_replace_malloc.c:447)
==748647==    by 0x44390B0: rboxc_gawk_estrdup (in /root/rboxc/target/gawk-format-lifetime-candidate/release/rboxc)
==748647==    by 0x443E3DD: single_binary_main_gawk (in /root/rboxc/target/gawk-format-lifetime-candidate/release/rboxc)
==748647==    by 0x5A18600: (below main) (libc_start_call_main.h:59)
==748647== 
==748647== 1 bytes in 1 blocks are still reachable in loss record 9 of 170
==748647==    at 0x586E858: malloc (vg_replace_malloc.c:447)
==748647==    by 0x44390B0: rboxc_gawk_estrdup (in /root/rboxc/target/gawk-format-lifetime-candidate/release/rboxc)
==748647==    by 0x443E3F5: single_binary_main_gawk (in /root/rboxc/target/gawk-format-lifetime-candidate/release/rboxc)
==748647==    by 0x5A18600: (below main) (libc_start_call_main.h:59)
==748647== 
==748647== 1 bytes in 1 blocks are still reachable in loss record 10 of 170
==748647==    at 0x586E858: malloc (vg_replace_malloc.c:447)
==748647==    by 0x473F017: rboxc_gawk_make_str_node (in /root/rboxc/target/gawk-format-lifetime-candidate/release/rboxc)
==748647==    by 0x443E47C: single_binary_main_gawk (in /root/rboxc/target/gawk-format-lifetime-candidate/release/rboxc)
==748647==    by 0x5A18600: (below main) (libc_start_call_main.h:59)
==748647== 
==748647== 1 bytes in 1 blocks are still reachable in loss record 11 of 170
==748647==    at 0x586E858: malloc (vg_replace_malloc.c:447)
==748647==    by 0x473F017: rboxc_gawk_make_str_node (in /root/rboxc/target/gawk-format-lifetime-candidate/release/rboxc)
==748647==    by 0x472BED5: rboxc_gawk_init_fields (in /root/rboxc/target/gawk-format-lifetime-candidate/release/rboxc)
==748647==    by 0x443F9A0: single_binary_main_gawk (in /root/rboxc/target/gawk-format-lifetime-candidate/release/rboxc)
==748647==    by 0x5A18600: (below main) (libc_start_call_main.h:59)
==748647== 
==748647== 1 bytes in 1 blocks are still reachable in loss record 12 of 170
==748647==    at 0x586E858: malloc (vg_replace_malloc.c:447)
==748647==    by 0x473F017: rboxc_gawk_make_str_node (in /root/rboxc/target/gawk-format-lifetime-candidate/release/rboxc)
==748647==    by 0x472BF20: rboxc_gawk_init_fields (in /root/rboxc/target/gawk-format-lifetime-candidate/release/rboxc)
==748647==    by 0x443F9A0: single_binary_main_gawk (in /root/rboxc/target/gawk-format-lifetime-candidate/release/rboxc)
==748647==    by 0x5A18600: (below main) (libc_start_call_main.h:59)
==748647== 
==748647== 2 bytes in 1 blocks are still reachable in loss record 13 of 170
==748647==    at 0x586E858: malloc (vg_replace_malloc.c:447)
==748647==    by 0x44390B0: rboxc_gawk_estrdup (in /root/rboxc/target/gawk-format-lifetime-candidate/release/rboxc)
==748647==    by 0x443E335: single_binary_main_gawk (in /root/rboxc/target/gawk-format-lifetime-candidate/release/rboxc)
==748647==    by 0x5A18600: (below main) (libc_start_call_main.h:59)
==748647== 
==748647== 2 bytes in 1 blocks are still reachable in loss record 14 of 170
==748647==    at 0x586E858: malloc (vg_replace_malloc.c:447)
==748647==    by 0x471D3BF: rboxc_gawk_set_OFS (in /root/rboxc/target/gawk-format-lifetime-candidate/release/rboxc)
==748647==    by 0x443F2E8: single_binary_main_gawk (in /root/rboxc/target/gawk-format-lifetime-candidate/release/rboxc)
==748647==    by 0x5A18600: (below main) (libc_start_call_main.h:59)
==748647== 
==748647== 3 bytes in 1 blocks are still reachable in loss record 15 of 170
==748647==    at 0x586E858: malloc (vg_replace_malloc.c:447)
==748647==    by 0x473F017: rboxc_gawk_make_str_node (in /root/rboxc/target/gawk-format-lifetime-candidate/release/rboxc)
==748647==    by 0x472B6AF: update_PROCINFO_str.part.0 (in /root/rboxc/target/gawk-format-lifetime-candidate/release/rboxc)
==748647==    by 0x443F5CC: single_binary_main_gawk (in /root/rboxc/target/gawk-format-lifetime-candidate/release/rboxc)
==748647==    by 0x5A18600: (below main) (libc_start_call_main.h:59)
==748647== 
==748647== 3 bytes in 1 blocks are still reachable in loss record 16 of 170
==748647==    at 0x586E858: malloc (vg_replace_malloc.c:447)
==748647==    by 0x473F017: rboxc_gawk_make_str_node (in /root/rboxc/target/gawk-format-lifetime-candidate/release/rboxc)
==748647==    by 0x472B6C7: update_PROCINFO_str.part.0 (in /root/rboxc/target/gawk-format-lifetime-candidate/release/rboxc)
==748647==    by 0x443F5CC: single_binary_main_gawk (in /root/rboxc/target/gawk-format-lifetime-candidate/release/rboxc)
==748647==    by 0x5A18600: (below main) (libc_start_call_main.h:59)
==748647== 
==748647== 4 bytes in 1 blocks are still reachable in loss record 17 of 170
==748647==    at 0x586E858: malloc (vg_replace_malloc.c:447)
==748647==    by 0x473F017: rboxc_gawk_make_str_node (in /root/rboxc/target/gawk-format-lifetime-candidate/release/rboxc)
==748647==    by 0x472EB44: rboxc_gawk_update_PROCINFO_num (in /root/rboxc/target/gawk-format-lifetime-candidate/release/rboxc)
==748647==    by 0x443F53B: single_binary_main_gawk (in /root/rboxc/target/gawk-format-lifetime-candidate/release/rboxc)
==748647==    by 0x5A18600: (below main) (libc_start_call_main.h:59)
==748647== 
==748647== 4 bytes in 1 blocks are still reachable in loss record 18 of 170
==748647==    at 0x586E858: malloc (vg_replace_malloc.c:447)
==748647==    by 0x473F017: rboxc_gawk_make_str_node (in /root/rboxc/target/gawk-format-lifetime-candidate/release/rboxc)
==748647==    by 0x472EB44: rboxc_gawk_update_PROCINFO_num (in /root/rboxc/target/gawk-format-lifetime-candidate/release/rboxc)
==748647==    by 0x443F56C: single_binary_main_gawk (in /root/rboxc/target/gawk-format-lifetime-candidate/release/rboxc)
==748647==    by 0x5A18600: (below main) (libc_start_call_main.h:59)
==748647== 
==748647== 4 bytes in 1 blocks are still reachable in loss record 19 of 170
==748647==    at 0x586E858: malloc (vg_replace_malloc.c:447)
==748647==    by 0x473F017: rboxc_gawk_make_str_node (in /root/rboxc/target/gawk-format-lifetime-candidate/release/rboxc)
==748647==    by 0x472EB44: rboxc_gawk_update_PROCINFO_num (in /root/rboxc/target/gawk-format-lifetime-candidate/release/rboxc)
==748647==    by 0x443F5A0: single_binary_main_gawk (in /root/rboxc/target/gawk-format-lifetime-candidate/release/rboxc)
==748647==    by 0x5A18600: (below main) (libc_start_call_main.h:59)
==748647== 
==748647== 4 bytes in 1 blocks are still reachable in loss record 20 of 170
==748647==    at 0x586E858: malloc (vg_replace_malloc.c:447)
==748647==    by 0x473F017: rboxc_gawk_make_str_node (in /root/rboxc/target/gawk-format-lifetime-candidate/release/rboxc)
==748647==    by 0x472B6AF: update_PROCINFO_str.part.0 (in /root/rboxc/target/gawk-format-lifetime-candidate/release/rboxc)
==748647==    by 0x443F758: single_binary_main_gawk (in /root/rboxc/target/gawk-format-lifetime-candidate/release/rboxc)
==748647==    by 0x5A18600: (below main) (libc_start_call_main.h:59)
==748647== 
==748647== 5 bytes in 1 blocks are still reachable in loss record 21 of 170
==748647==    at 0x586E858: malloc (vg_replace_malloc.c:447)
==748647==    by 0x473F017: rboxc_gawk_make_str_node (in /root/rboxc/target/gawk-format-lifetime-candidate/release/rboxc)
==748647==    by 0x472EB44: rboxc_gawk_update_PROCINFO_num (in /root/rboxc/target/gawk-format-lifetime-candidate/release/rboxc)
==748647==    by 0x443F552: single_binary_main_gawk (in /root/rboxc/target/gawk-format-lifetime-candidate/release/rboxc)
==748647==    by 0x5A18600: (below main) (libc_start_call_main.h:59)
==748647== 
==748647== 5 bytes in 1 blocks are still reachable in loss record 22 of 170
==748647==    at 0x586E858: malloc (vg_replace_malloc.c:447)
==748647==    by 0x473F017: rboxc_gawk_make_str_node (in /root/rboxc/target/gawk-format-lifetime-candidate/release/rboxc)
==748647==    by 0x472EB44: rboxc_gawk_update_PROCINFO_num (in /root/rboxc/target/gawk-format-lifetime-candidate/release/rboxc)
==748647==    by 0x443F586: single_binary_main_gawk (in /root/rboxc/target/gawk-format-lifetime-candidate/release/rboxc)
==748647==    by 0x5A18600: (below main) (libc_start_call_main.h:59)
==748647== 
==748647== 5 bytes in 1 blocks are still reachable in loss record 23 of 170
==748647==    at 0x586E858: malloc (vg_replace_malloc.c:447)
==748647==    by 0x473F017: rboxc_gawk_make_str_node (in /root/rboxc/target/gawk-format-lifetime-candidate/release/rboxc)
==748647==    by 0x472EB44: rboxc_gawk_update_PROCINFO_num (in /root/rboxc/target/gawk-format-lifetime-candidate/release/rboxc)
==748647==    by 0x443F5BA: single_binary_main_gawk (in /root/rboxc/target/gawk-format-lifetime-candidate/release/rboxc)
==748647==    by 0x5A18600: (below main) (libc_start_call_main.h:59)
==748647== 
==748647== 5 bytes in 1 blocks are still reachable in loss record 24 of 170
==748647==    at 0x586E858: malloc (vg_replace_malloc.c:447)
==748647==    by 0x443F7C5: single_binary_main_gawk (in /root/rboxc/target/gawk-format-lifetime-candidate/release/rboxc)
==748647==    by 0x5A18600: (below main) (libc_start_call_main.h:59)
==748647== 
==748647== 5 bytes in 1 blocks are still reachable in loss record 25 of 170
==748647==    at 0x586E858: malloc (vg_replace_malloc.c:447)
==748647==    by 0x473F017: rboxc_gawk_make_str_node (in /root/rboxc/target/gawk-format-lifetime-candidate/release/rboxc)
==748647==    by 0x443F86B: single_binary_main_gawk (in /root/rboxc/target/gawk-format-lifetime-candidate/release/rboxc)
==748647==    by 0x5A18600: (below main) (libc_start_call_main.h:59)
==748647== 
==748647== 5 bytes in 1 blocks are still reachable in loss record 26 of 170
==748647==    at 0x586E858: malloc (vg_replace_malloc.c:447)
==748647==    by 0x443FED2: single_binary_main_gawk (in /root/rboxc/target/gawk-format-lifetime-candidate/release/rboxc)
==748647==    by 0x5A18600: (below main) (libc_start_call_main.h:59)
==748647== 
==748647== 5 bytes in 1 blocks are still reachable in loss record 27 of 170
==748647==    at 0x586E858: malloc (vg_replace_malloc.c:447)
==748647==    by 0x473F017: rboxc_gawk_make_str_node (in /root/rboxc/target/gawk-format-lifetime-candidate/release/rboxc)
==748647==    by 0x474D135: install (in /root/rboxc/target/gawk-format-lifetime-candidate/release/rboxc)
==748647==    by 0x443FF58: single_binary_main_gawk (in /root/rboxc/target/gawk-format-lifetime-candidate/release/rboxc)
==748647==    by 0x5A18600: (below main) (libc_start_call_main.h:59)
==748647== 
==748647== 5 bytes in 1 blocks are still reachable in loss record 28 of 170
==748647==    at 0x586E858: malloc (vg_replace_malloc.c:447)
==748647==    by 0x473F017: rboxc_gawk_make_str_node (in /root/rboxc/target/gawk-format-lifetime-candidate/release/rboxc)
==748647==    by 0x443FF98: single_binary_main_gawk (in /root/rboxc/target/gawk-format-lifetime-candidate/release/rboxc)
==748647==    by 0x5A18600: (below main) (libc_start_call_main.h:59)
==748647== 
==748647== 5 bytes in 1 blocks are still reachable in loss record 29 of 170
==748647==    at 0x586E858: malloc (vg_replace_malloc.c:447)
==748647==    by 0x44401AB: single_binary_main_gawk (in /root/rboxc/target/gawk-format-lifetime-candidate/release/rboxc)
==748647==    by 0x5A18600: (below main) (libc_start_call_main.h:59)
==748647== 
==748647== 5 bytes in 1 blocks are still reachable in loss record 30 of 170
==748647==    at 0x586E858: malloc (vg_replace_malloc.c:447)
==748647==    by 0x473F017: rboxc_gawk_make_str_node (in /root/rboxc/target/gawk-format-lifetime-candidate/release/rboxc)
==748647==    by 0x474D135: install (in /root/rboxc/target/gawk-format-lifetime-candidate/release/rboxc)
==748647==    by 0x4440233: single_binary_main_gawk (in /root/rboxc/target/gawk-format-lifetime-candidate/release/rboxc)
==748647==    by 0x5A18600: (below main) (libc_start_call_main.h:59)
==748647== 
==748647== 6 bytes in 1 blocks are still reachable in loss record 31 of 170
==748647==    at 0x586E858: malloc (vg_replace_malloc.c:447)
==748647==    by 0x473F017: rboxc_gawk_make_str_node (in /root/rboxc/target/gawk-format-lifetime-candidate/release/rboxc)
==748647==    by 0x472B6C7: update_PROCINFO_str.part.0 (in /root/rboxc/target/gawk-format-lifetime-candidate/release/rboxc)
==748647==    by 0x443F4C2: single_binary_main_gawk (in /root/rboxc/target/gawk-format-lifetime-candidate/release/rboxc)
==748647==    by 0x5A18600: (below main) (libc_start_call_main.h:59)
==748647== 
==748647== 6 bytes in 1 blocks are still reachable in loss record 32 of 170
==748647==    at 0x586E858: malloc (vg_replace_malloc.c:447)
==748647==    by 0x473F017: rboxc_gawk_make_str_node (in /root/rboxc/target/gawk-format-lifetime-candidate/release/rboxc)
==748647==    by 0x472B6C7: update_PROCINFO_str.part.0 (in /root/rboxc/target/gawk-format-lifetime-candidate/release/rboxc)
==748647==    by 0x443F4E2: single_binary_main_gawk (in /root/rboxc/target/gawk-format-lifetime-candidate/release/rboxc)
==748647==    by 0x5A18600: (below main) (libc_start_call_main.h:59)
==748647== 
==748647== 6 bytes in 1 blocks are still reachable in loss record 33 of 170
==748647==    at 0x586E858: malloc (vg_replace_malloc.c:447)
==748647==    by 0x44390B0: rboxc_gawk_estrdup (in /root/rboxc/target/gawk-format-lifetime-candidate/release/rboxc)
==748647==    by 0x46F0C25: yylex (in /root/rboxc/target/gawk-format-lifetime-candidate/release/rboxc)
==748647==    by 0x46F249C: rboxc_gawk_yyparse (in /root/rboxc/target/gawk-format-lifetime-candidate/release/rboxc)
==748647==    by 0x46F639A: rboxc_gawk_parse_program (in /root/rboxc/target/gawk-format-lifetime-candidate/release/rboxc)
==748647==    by 0x44402A4: single_binary_main_gawk (in /root/rboxc/target/gawk-format-lifetime-candidate/release/rboxc)
==748647==    by 0x5A18600: (below main) (libc_start_call_main.h:59)
==748647== 
==748647== 7 bytes in 1 blocks are still reachable in loss record 34 of 170
==748647==    at 0x586E858: malloc (vg_replace_malloc.c:447)
==748647==    by 0x44390B0: rboxc_gawk_estrdup (in /root/rboxc/target/gawk-format-lifetime-candidate/release/rboxc)
==748647==    by 0x474D461: init_the_tables (in /root/rboxc/target/gawk-format-lifetime-candidate/release/rboxc)
==748647==    by 0x443E550: single_binary_main_gawk (in /root/rboxc/target/gawk-format-lifetime-candidate/release/rboxc)
==748647==    by 0x5A18600: (below main) (libc_start_call_main.h:59)
==748647== 
==748647== 7 bytes in 1 blocks are still reachable in loss record 35 of 170
==748647==    at 0x586E858: malloc (vg_replace_malloc.c:447)
==748647==    by 0x473F017: rboxc_gawk_make_str_node (in /root/rboxc/target/gawk-format-lifetime-candidate/release/rboxc)
==748647==    by 0x474D135: install (in /root/rboxc/target/gawk-format-lifetime-candidate/release/rboxc)
==748647==    by 0x474D470: init_the_tables (in /root/rboxc/target/gawk-format-lifetime-candidate/release/rboxc)
==748647==    by 0x443E550: single_binary_main_gawk (in /root/rboxc/target/gawk-format-lifetime-candidate/release/rboxc)
==748647==    by 0x5A18600: (below main) (libc_start_call_main.h:59)
==748647== 
==748647== 7 bytes in 1 blocks are still reachable in loss record 36 of 170
==748647==    at 0x586E858: malloc (vg_replace_malloc.c:447)
==748647==    by 0x473F017: rboxc_gawk_make_str_node (in /root/rboxc/target/gawk-format-lifetime-candidate/release/rboxc)
==748647==    by 0x472EB44: rboxc_gawk_update_PROCINFO_num (in /root/rboxc/target/gawk-format-lifetime-candidate/release/rboxc)
==748647==    by 0x443F524: single_binary_main_gawk (in /root/rboxc/target/gawk-format-lifetime-candidate/release/rboxc)
==748647==    by 0x5A18600: (below main) (libc_start_call_main.h:59)
==748647== 
==748647== 8 bytes in 1 blocks are still reachable in loss record 37 of 170
==748647==    at 0x586E858: malloc (vg_replace_malloc.c:447)
==748647==    by 0x44390B0: rboxc_gawk_estrdup (in /root/rboxc/target/gawk-format-lifetime-candidate/release/rboxc)
==748647==    by 0x474D43A: init_the_tables (in /root/rboxc/target/gawk-format-lifetime-candidate/release/rboxc)
==748647==    by 0x443E550: single_binary_main_gawk (in /root/rboxc/target/gawk-format-lifetime-candidate/release/rboxc)
==748647==    by 0x5A18600: (below main) (libc_start_call_main.h:59)
==748647== 
==748647== 8 bytes in 1 blocks are still reachable in loss record 38 of 170
==748647==    at 0x586E858: malloc (vg_replace_malloc.c:447)
==748647==    by 0x473F017: rboxc_gawk_make_str_node (in /root/rboxc/target/gawk-format-lifetime-candidate/release/rboxc)
==748647==    by 0x474D135: install (in /root/rboxc/target/gawk-format-lifetime-candidate/release/rboxc)
==748647==    by 0x474D449: init_the_tables (in /root/rboxc/target/gawk-format-lifetime-candidate/release/rboxc)
==748647==    by 0x443E550: single_binary_main_gawk (in /root/rboxc/target/gawk-format-lifetime-candidate/release/rboxc)
==748647==    by 0x5A18600: (below main) (libc_start_call_main.h:59)
==748647== 
==748647== 8 bytes in 1 blocks are still reachable in loss record 39 of 170
==748647==    at 0x586E858: malloc (vg_replace_malloc.c:447)
==748647==    by 0x473F017: rboxc_gawk_make_str_node (in /root/rboxc/target/gawk-format-lifetime-candidate/release/rboxc)
==748647==    by 0x472B6AF: update_PROCINFO_str.part.0 (in /root/rboxc/target/gawk-format-lifetime-candidate/release/rboxc)
==748647==    by 0x443F4C2: single_binary_main_gawk (in /root/rboxc/target/gawk-format-lifetime-candidate/release/rboxc)
==748647==    by 0x5A18600: (below main) (libc_start_call_main.h:59)
==748647== 
==748647== 8 bytes in 1 blocks are still reachable in loss record 40 of 170
==748647==    at 0x586E858: malloc (vg_replace_malloc.c:447)
==748647==    by 0x443F8A0: single_binary_main_gawk (in /root/rboxc/target/gawk-format-lifetime-candidate/release/rboxc)
==748647==    by 0x5A18600: (below main) (libc_start_call_main.h:59)
==748647== 
==748647== 8 bytes in 1 blocks are still reachable in loss record 41 of 170
==748647==    at 0x586E858: malloc (vg_replace_malloc.c:447)
==748647==    by 0x473F017: rboxc_gawk_make_str_node (in /root/rboxc/target/gawk-format-lifetime-candidate/release/rboxc)
==748647==    by 0x474D135: install (in /root/rboxc/target/gawk-format-lifetime-candidate/release/rboxc)
==748647==    by 0x443F92D: single_binary_main_gawk (in /root/rboxc/target/gawk-format-lifetime-candidate/release/rboxc)
==748647==    by 0x5A18600: (below main) (libc_start_call_main.h:59)
==748647== 
==748647== 8 bytes in 1 blocks are still reachable in loss record 42 of 170
==748647==    at 0x586E858: malloc (vg_replace_malloc.c:447)
==748647==    by 0x472BEB2: rboxc_gawk_init_fields (in /root/rboxc/target/gawk-format-lifetime-candidate/release/rboxc)
==748647==    by 0x443F9A0: single_binary_main_gawk (in /root/rboxc/target/gawk-format-lifetime-candidate/release/rboxc)
==748647==    by 0x5A18600: (below main) (libc_start_call_main.h:59)
==748647== 
==748647== 9 bytes in 1 blocks are still reachable in loss record 43 of 170
==748647==    at 0x586E858: malloc (vg_replace_malloc.c:447)
==748647==    by 0x44390B0: rboxc_gawk_estrdup (in /root/rboxc/target/gawk-format-lifetime-candidate/release/rboxc)
==748647==    by 0x46EA661: do_add_srcfile (in /root/rboxc/target/gawk-format-lifetime-candidate/release/rboxc)
==748647==    by 0x46EE6D0: rboxc_gawk_add_srcfile (in /root/rboxc/target/gawk-format-lifetime-candidate/release/rboxc)
==748647==    by 0x443EA88: single_binary_main_gawk (in /root/rboxc/target/gawk-format-lifetime-candidate/release/rboxc)
==748647==    by 0x5A18600: (below main) (libc_start_call_main.h:59)
==748647== 
==748647== 9 bytes in 1 blocks are still reachable in loss record 44 of 170
==748647==    at 0x586E858: malloc (vg_replace_malloc.c:447)
==748647==    by 0x443F414: single_binary_main_gawk (in /root/rboxc/target/gawk-format-lifetime-candidate/release/rboxc)
==748647==    by 0x5A18600: (below main) (libc_start_call_main.h:59)
==748647== 
==748647== 9 bytes in 1 blocks are still reachable in loss record 45 of 170
==748647==    at 0x586E858: malloc (vg_replace_malloc.c:447)
==748647==    by 0x473F017: rboxc_gawk_make_str_node (in /root/rboxc/target/gawk-format-lifetime-candidate/release/rboxc)
==748647==    by 0x474D135: install (in /root/rboxc/target/gawk-format-lifetime-candidate/release/rboxc)
==748647==    by 0x443F4A1: single_binary_main_gawk (in /root/rboxc/target/gawk-format-lifetime-candidate/release/rboxc)
==748647==    by 0x5A18600: (below main) (libc_start_call_main.h:59)
==748647== 
==748647== 9 bytes in 1 blocks are still reachable in loss record 46 of 170
==748647==    at 0x586E858: malloc (vg_replace_malloc.c:447)
==748647==    by 0x473F017: rboxc_gawk_make_str_node (in /root/rboxc/target/gawk-format-lifetime-candidate/release/rboxc)
==748647==    by 0x472B6AF: update_PROCINFO_str.part.0 (in /root/rboxc/target/gawk-format-lifetime-candidate/release/rboxc)
==748647==    by 0x443F4D2: single_binary_main_gawk (in /root/rboxc/target/gawk-format-lifetime-candidate/release/rboxc)
==748647==    by 0x5A18600: (below main) (libc_start_call_main.h:59)
==748647== 
==748647== 9 bytes in 1 blocks are still reachable in loss record 47 of 170
==748647==    at 0x586E858: malloc (vg_replace_malloc.c:447)
==748647==    by 0x473F017: rboxc_gawk_make_str_node (in /root/rboxc/target/gawk-format-lifetime-candidate/release/rboxc)
==748647==    by 0x472B6AF: update_PROCINFO_str.part.0 (in /root/rboxc/target/gawk-format-lifetime-candidate/release/rboxc)
==748647==    by 0x443F4E2: single_binary_main_gawk (in /root/rboxc/target/gawk-format-lifetime-candidate/release/rboxc)
==748647==    by 0x5A18600: (below main) (libc_start_call_main.h:59)
==748647== 
==748647== 10 bytes in 1 blocks are still reachable in loss record 48 of 170
==748647==    at 0x586E858: malloc (vg_replace_malloc.c:447)
==748647==    by 0x44390B0: rboxc_gawk_estrdup (in /root/rboxc/target/gawk-format-lifetime-candidate/release/rboxc)
==748647==    by 0x46EA661: do_add_srcfile (in /root/rboxc/target/gawk-format-lifetime-candidate/release/rboxc)
==748647==    by 0x46EE6D0: rboxc_gawk_add_srcfile (in /root/rboxc/target/gawk-format-lifetime-candidate/release/rboxc)
==748647==    by 0x443E939: single_binary_main_gawk (in /root/rboxc/target/gawk-format-lifetime-candidate/release/rboxc)
==748647==    by 0x5A18600: (below main) (libc_start_call_main.h:59)
==748647== 
==748647== 10 bytes in 1 blocks are still reachable in loss record 49 of 170
==748647==    at 0x586E858: malloc (vg_replace_malloc.c:447)
==748647==    by 0x473F017: rboxc_gawk_make_str_node (in /root/rboxc/target/gawk-format-lifetime-candidate/release/rboxc)
==748647==    by 0x472EB44: rboxc_gawk_update_PROCINFO_num (in /root/rboxc/target/gawk-format-lifetime-candidate/release/rboxc)
==748647==    by 0x443F4FB: single_binary_main_gawk (in /root/rboxc/target/gawk-format-lifetime-candidate/release/rboxc)
==748647==    by 0x5A18600: (below main) (libc_start_call_main.h:59)
==748647== 
==748647== 10 bytes in 1 blocks are still reachable in loss record 50 of 170
==748647==    at 0x586E858: malloc (vg_replace_malloc.c:447)
==748647==    by 0x473F017: rboxc_gawk_make_str_node (in /root/rboxc/target/gawk-format-lifetime-candidate/release/rboxc)
==748647==    by 0x472EB44: rboxc_gawk_update_PROCINFO_num (in /root/rboxc/target/gawk-format-lifetime-candidate/release/rboxc)
==748647==    by 0x443F50D: single_binary_main_gawk (in /root/rboxc/target/gawk-format-lifetime-candidate/release/rboxc)
==748647==    by 0x5A18600: (below main) (libc_start_call_main.h:59)
==748647== 
==748647== 10 bytes in 1 blocks are still reachable in loss record 51 of 170
==748647==    at 0x586E858: malloc (vg_replace_malloc.c:447)
==748647==    by 0x473F017: rboxc_gawk_make_str_node (in /root/rboxc/target/gawk-format-lifetime-candidate/release/rboxc)
==748647==    by 0x472B6C7: update_PROCINFO_str.part.0 (in /root/rboxc/target/gawk-format-lifetime-candidate/release/rboxc)
==748647==    by 0x443F758: single_binary_main_gawk (in /root/rboxc/target/gawk-format-lifetime-candidate/release/rboxc)
==748647==    by 0x5A18600: (below main) (libc_start_call_main.h:59)
==748647== 
==748647== 24 bytes in 1 blocks are still reachable in loss record 52 of 170
==748647==    at 0x5875E43: calloc (vg_replace_malloc.c:1678)
==748647==    by 0x4735832: do_find_source (in /root/rboxc/target/gawk-format-lifetime-candidate/release/rboxc)
==748647==    by 0x473C081: rboxc_gawk_find_source (in /root/rboxc/target/gawk-format-lifetime-candidate/release/rboxc)
==748647==    by 0x46EE658: rboxc_gawk_add_srcfile (in /root/rboxc/target/gawk-format-lifetime-candidate/release/rboxc)
==748647==    by 0x443EA88: single_binary_main_gawk (in /root/rboxc/target/gawk-format-lifetime-candidate/release/rboxc)
==748647==    by 0x5A18600: (below main) (libc_start_call_main.h:59)
==748647== 
==748647== 24 bytes in 1 blocks are still reachable in loss record 53 of 170
==748647==    at 0x586E858: malloc (vg_replace_malloc.c:447)
==748647==    by 0x473F017: rboxc_gawk_make_str_node (in /root/rboxc/target/gawk-format-lifetime-candidate/release/rboxc)
==748647==    by 0x472B6C7: update_PROCINFO_str.part.0 (in /root/rboxc/target/gawk-format-lifetime-candidate/release/rboxc)
==748647==    by 0x443F4D2: single_binary_main_gawk (in /root/rboxc/target/gawk-format-lifetime-candidate/release/rboxc)
==748647==    by 0x5A18600: (below main) (libc_start_call_main.h:59)
==748647== 
==748647== 26 bytes in 1 blocks are still reachable in loss record 54 of 170
==748647==    at 0x586E858: malloc (vg_replace_malloc.c:447)
==748647==    by 0x4735927: do_find_source (in /root/rboxc/target/gawk-format-lifetime-candidate/release/rboxc)
==748647==    by 0x473C081: rboxc_gawk_find_source (in /root/rboxc/target/gawk-format-lifetime-candidate/release/rboxc)
==748647==    by 0x46EE658: rboxc_gawk_add_srcfile (in /root/rboxc/target/gawk-format-lifetime-candidate/release/rboxc)
==748647==    by 0x443EA88: single_binary_main_gawk (in /root/rboxc/target/gawk-format-lifetime-candidate/release/rboxc)
==748647==    by 0x5A18600: (below main) (libc_start_call_main.h:59)
==748647== 
==748647== 32 bytes in 1 blocks are still reachable in loss record 55 of 170
==748647==    at 0x586E858: malloc (vg_replace_malloc.c:447)
==748647==    by 0x471C517: fmt_index (in /root/rboxc/target/gawk-format-lifetime-candidate/release/rboxc)
==748647==    by 0x471D606: rboxc_gawk_set_CONVFMT (in /root/rboxc/target/gawk-format-lifetime-candidate/release/rboxc)
==748647==    by 0x443F2E8: single_binary_main_gawk (in /root/rboxc/target/gawk-format-lifetime-candidate/release/rboxc)
==748647==    by 0x5A18600: (below main) (libc_start_call_main.h:59)
==748647== 
==748647== 35 bytes in 1 blocks are still reachable in loss record 56 of 170
==748647==    at 0x586E858: malloc (vg_replace_malloc.c:447)
==748647==    by 0x47355F3: do_find_source (in /root/rboxc/target/gawk-format-lifetime-candidate/release/rboxc)
==748647==    by 0x473C081: rboxc_gawk_find_source (in /root/rboxc/target/gawk-format-lifetime-candidate/release/rboxc)
==748647==    by 0x46EE658: rboxc_gawk_add_srcfile (in /root/rboxc/target/gawk-format-lifetime-candidate/release/rboxc)
==748647==    by 0x443E939: single_binary_main_gawk (in /root/rboxc/target/gawk-format-lifetime-candidate/release/rboxc)
==748647==    by 0x5A18600: (below main) (libc_start_call_main.h:59)
==748647== 
==748647== 35 bytes in 1 blocks are still reachable in loss record 57 of 170
==748647==    at 0x586E858: malloc (vg_replace_malloc.c:447)
==748647==    by 0x47355F3: do_find_source (in /root/rboxc/target/gawk-format-lifetime-candidate/release/rboxc)
==748647==    by 0x473C1E3: rboxc_gawk_find_source (in /root/rboxc/target/gawk-format-lifetime-candidate/release/rboxc)
==748647==    by 0x46EE658: rboxc_gawk_add_srcfile (in /root/rboxc/target/gawk-format-lifetime-candidate/release/rboxc)
==748647==    by 0x46EE9A4: include_source (in /root/rboxc/target/gawk-format-lifetime-candidate/release/rboxc)
==748647==    by 0x46F277B: rboxc_gawk_yyparse (in /root/rboxc/target/gawk-format-lifetime-candidate/release/rboxc)
==748647==    by 0x46F639A: rboxc_gawk_parse_program (in /root/rboxc/target/gawk-format-lifetime-candidate/release/rboxc)
==748647==    by 0x44402A4: single_binary_main_gawk (in /root/rboxc/target/gawk-format-lifetime-candidate/release/rboxc)
==748647==    by 0x5A18600: (below main) (libc_start_call_main.h:59)
==748647== 
==748647== 37 bytes in 6 blocks are still reachable in loss record 58 of 170
==748647==    at 0x586E858: malloc (vg_replace_malloc.c:447)
==748647==    by 0x443E678: single_binary_main_gawk (in /root/rboxc/target/gawk-format-lifetime-candidate/release/rboxc)
==748647==    by 0x5A18600: (below main) (libc_start_call_main.h:59)
==748647== 
==748647== 37 bytes in 6 blocks are still reachable in loss record 59 of 170
==748647==    at 0x586E858: malloc (vg_replace_malloc.c:447)
==748647==    by 0x473F017: rboxc_gawk_make_str_node (in /root/rboxc/target/gawk-format-lifetime-candidate/release/rboxc)
==748647==    by 0x4440154: single_binary_main_gawk (in /root/rboxc/target/gawk-format-lifetime-candidate/release/rboxc)
==748647==    by 0x5A18600: (below main) (libc_start_call_main.h:59)
==748647== 
==748647== 38 bytes in 1 blocks are still reachable in loss record 60 of 170
==748647==    at 0x586E858: malloc (vg_replace_malloc.c:447)
==748647==    by 0x47355F3: do_find_source (in /root/rboxc/target/gawk-format-lifetime-candidate/release/rboxc)
==748647==    by 0x473C1E3: rboxc_gawk_find_source (in /root/rboxc/target/gawk-format-lifetime-candidate/release/rboxc)
==748647==    by 0x46EE658: rboxc_gawk_add_srcfile (in /root/rboxc/target/gawk-format-lifetime-candidate/release/rboxc)
==748647==    by 0x443EA88: single_binary_main_gawk (in /root/rboxc/target/gawk-format-lifetime-candidate/release/rboxc)
==748647==    by 0x5A18600: (below main) (libc_start_call_main.h:59)
==748647== 
==748647== 48 bytes in 1 blocks are still reachable in loss record 61 of 170
==748647==    at 0x586E858: malloc (vg_replace_malloc.c:447)
==748647==    by 0x473EBAB: rboxc_gawk_r_getblock (in /root/rboxc/target/gawk-format-lifetime-candidate/release/rboxc)
==748647==    by 0x474C959: str_lookup (in /root/rboxc/target/gawk-format-lifetime-candidate/release/rboxc)
==748647==    by 0x474D16C: install (in /root/rboxc/target/gawk-format-lifetime-candidate/release/rboxc)
==748647==    by 0x474D449: init_the_tables (in /root/rboxc/target/gawk-format-lifetime-candidate/release/rboxc)
==748647==    by 0x443E550: single_binary_main_gawk (in /root/rboxc/target/gawk-format-lifetime-candidate/release/rboxc)
==748647==    by 0x5A18600: (below main) (libc_start_call_main.h:59)
==748647== 
==748647== 48 bytes in 1 blocks are still reachable in loss record 62 of 170
==748647==    at 0x586E858: malloc (vg_replace_malloc.c:447)
==748647==    by 0x473EBAB: rboxc_gawk_r_getblock (in /root/rboxc/target/gawk-format-lifetime-candidate/release/rboxc)
==748647==    by 0x474C959: str_lookup (in /root/rboxc/target/gawk-format-lifetime-candidate/release/rboxc)
==748647==    by 0x474D16C: install (in /root/rboxc/target/gawk-format-lifetime-candidate/release/rboxc)
==748647==    by 0x474D470: init_the_tables (in /root/rboxc/target/gawk-format-lifetime-candidate/release/rboxc)
==748647==    by 0x443E550: single_binary_main_gawk (in /root/rboxc/target/gawk-format-lifetime-candidate/release/rboxc)
==748647==    by 0x5A18600: (below main) (libc_start_call_main.h:59)
==748647== 
==748647== 48 bytes in 1 blocks are still reachable in loss record 63 of 170
==748647==    at 0x586E858: malloc (vg_replace_malloc.c:447)
==748647==    by 0x473EBAB: rboxc_gawk_r_getblock (in /root/rboxc/target/gawk-format-lifetime-candidate/release/rboxc)
==748647==    by 0x474C959: str_lookup (in /root/rboxc/target/gawk-format-lifetime-candidate/release/rboxc)
==748647==    by 0x474D16C: install (in /root/rboxc/target/gawk-format-lifetime-candidate/release/rboxc)
==748647==    by 0x443F4A1: single_binary_main_gawk (in /root/rboxc/target/gawk-format-lifetime-candidate/release/rboxc)
==748647==    by 0x5A18600: (below main) (libc_start_call_main.h:59)
==748647== 
==748647== 48 bytes in 1 blocks are still reachable in loss record 64 of 170
==748647==    at 0x586E858: malloc (vg_replace_malloc.c:447)
==748647==    by 0x473EBAB: rboxc_gawk_r_getblock (in /root/rboxc/target/gawk-format-lifetime-candidate/release/rboxc)
==748647==    by 0x474C959: str_lookup (in /root/rboxc/target/gawk-format-lifetime-candidate/release/rboxc)
==748647==    by 0x472B6DE: update_PROCINFO_str.part.0 (in /root/rboxc/target/gawk-format-lifetime-candidate/release/rboxc)
==748647==    by 0x443F4C2: single_binary_main_gawk (in /root/rboxc/target/gawk-format-lifetime-candidate/release/rboxc)
==748647==    by 0x5A18600: (below main) (libc_start_call_main.h:59)
==748647== 
==748647== 48 bytes in 1 blocks are still reachable in loss record 65 of 170
==748647==    at 0x586E858: malloc (vg_replace_malloc.c:447)
==748647==    by 0x473EBAB: rboxc_gawk_r_getblock (in /root/rboxc/target/gawk-format-lifetime-candidate/release/rboxc)
==748647==    by 0x474C959: str_lookup (in /root/rboxc/target/gawk-format-lifetime-candidate/release/rboxc)
==748647==    by 0x472B6DE: update_PROCINFO_str.part.0 (in /root/rboxc/target/gawk-format-lifetime-candidate/release/rboxc)
==748647==    by 0x443F4D2: single_binary_main_gawk (in /root/rboxc/target/gawk-format-lifetime-candidate/release/rboxc)
==748647==    by 0x5A18600: (below main) (libc_start_call_main.h:59)
==748647== 
==748647== 48 bytes in 1 blocks are still reachable in loss record 66 of 170
==748647==    at 0x586E858: malloc (vg_replace_malloc.c:447)
==748647==    by 0x473EBAB: rboxc_gawk_r_getblock (in /root/rboxc/target/gawk-format-lifetime-candidate/release/rboxc)
==748647==    by 0x474C959: str_lookup (in /root/rboxc/target/gawk-format-lifetime-candidate/release/rboxc)
==748647==    by 0x472B6DE: update_PROCINFO_str.part.0 (in /root/rboxc/target/gawk-format-lifetime-candidate/release/rboxc)
==748647==    by 0x443F4E2: single_binary_main_gawk (in /root/rboxc/target/gawk-format-lifetime-candidate/release/rboxc)
==748647==    by 0x5A18600: (below main) (libc_start_call_main.h:59)
==748647== 
==748647== 48 bytes in 1 blocks are still reachable in loss record 67 of 170
==748647==    at 0x586E858: malloc (vg_replace_malloc.c:447)
==748647==    by 0x473EBAB: rboxc_gawk_r_getblock (in /root/rboxc/target/gawk-format-lifetime-candidate/release/rboxc)
==748647==    by 0x474C959: str_lookup (in /root/rboxc/target/gawk-format-lifetime-candidate/release/rboxc)
==748647==    by 0x472EB6A: rboxc_gawk_update_PROCINFO_num (in /root/rboxc/target/gawk-format-lifetime-candidate/release/rboxc)
==748647==    by 0x443F4FB: single_binary_main_gawk (in /root/rboxc/target/gawk-format-lifetime-candidate/release/rboxc)
==748647==    by 0x5A18600: (below main) (libc_start_call_main.h:59)
==748647== 
==748647== 48 bytes in 1 blocks are still reachable in loss record 68 of 170
==748647==    at 0x586E858: malloc (vg_replace_malloc.c:447)
==748647==    by 0x473EBAB: rboxc_gawk_r_getblock (in /root/rboxc/target/gawk-format-lifetime-candidate/release/rboxc)
==748647==    by 0x474C959: str_lookup (in /root/rboxc/target/gawk-format-lifetime-candidate/release/rboxc)
==748647==    by 0x472EB6A: rboxc_gawk_update_PROCINFO_num (in /root/rboxc/target/gawk-format-lifetime-candidate/release/rboxc)
==748647==    by 0x443F50D: single_binary_main_gawk (in /root/rboxc/target/gawk-format-lifetime-candidate/release/rboxc)
==748647==    by 0x5A18600: (below main) (libc_start_call_main.h:59)
==748647== 
==748647== 48 bytes in 1 blocks are still reachable in loss record 69 of 170
==748647==    at 0x586E858: malloc (vg_replace_malloc.c:447)
==748647==    by 0x473EBAB: rboxc_gawk_r_getblock (in /root/rboxc/target/gawk-format-lifetime-candidate/release/rboxc)
==748647==    by 0x474C959: str_lookup (in /root/rboxc/target/gawk-format-lifetime-candidate/release/rboxc)
==748647==    by 0x472EB6A: rboxc_gawk_update_PROCINFO_num (in /root/rboxc/target/gawk-format-lifetime-candidate/release/rboxc)
==748647==    by 0x443F524: single_binary_main_gawk (in /root/rboxc/target/gawk-format-lifetime-candidate/release/rboxc)
==748647==    by 0x5A18600: (below main) (libc_start_call_main.h:59)
==748647== 
==748647== 48 bytes in 1 blocks are still reachable in loss record 70 of 170
==748647==    at 0x586E858: malloc (vg_replace_malloc.c:447)
==748647==    by 0x473EBAB: rboxc_gawk_r_getblock (in /root/rboxc/target/gawk-format-lifetime-candidate/release/rboxc)
==748647==    by 0x474C959: str_lookup (in /root/rboxc/target/gawk-format-lifetime-candidate/release/rboxc)
==748647==    by 0x472EB6A: rboxc_gawk_update_PROCINFO_num (in /root/rboxc/target/gawk-format-lifetime-candidate/release/rboxc)
==748647==    by 0x443F53B: single_binary_main_gawk (in /root/rboxc/target/gawk-format-lifetime-candidate/release/rboxc)
==748647==    by 0x5A18600: (below main) (libc_start_call_main.h:59)
==748647== 
==748647== 48 bytes in 1 blocks are still reachable in loss record 71 of 170
==748647==    at 0x586E858: malloc (vg_replace_malloc.c:447)
==748647==    by 0x473EBAB: rboxc_gawk_r_getblock (in /root/rboxc/target/gawk-format-lifetime-candidate/release/rboxc)
==748647==    by 0x474C959: str_lookup (in /root/rboxc/target/gawk-format-lifetime-candidate/release/rboxc)
==748647==    by 0x472EB6A: rboxc_gawk_update_PROCINFO_num (in /root/rboxc/target/gawk-format-lifetime-candidate/release/rboxc)
==748647==    by 0x443F552: single_binary_main_gawk (in /root/rboxc/target/gawk-format-lifetime-candidate/release/rboxc)
==748647==    by 0x5A18600: (below main) (libc_start_call_main.h:59)
==748647== 
==748647== 48 bytes in 1 blocks are still reachable in loss record 72 of 170
==748647==    at 0x586E858: malloc (vg_replace_malloc.c:447)
==748647==    by 0x473EBAB: rboxc_gawk_r_getblock (in /root/rboxc/target/gawk-format-lifetime-candidate/release/rboxc)
==748647==    by 0x474C959: str_lookup (in /root/rboxc/target/gawk-format-lifetime-candidate/release/rboxc)
==748647==    by 0x472EB6A: rboxc_gawk_update_PROCINFO_num (in /root/rboxc/target/gawk-format-lifetime-candidate/release/rboxc)
==748647==    by 0x443F56C: single_binary_main_gawk (in /root/rboxc/target/gawk-format-lifetime-candidate/release/rboxc)
==748647==    by 0x5A18600: (below main) (libc_start_call_main.h:59)
==748647== 
==748647== 48 bytes in 1 blocks are still reachable in loss record 73 of 170
==748647==    at 0x586E858: malloc (vg_replace_malloc.c:447)
==748647==    by 0x473EBAB: rboxc_gawk_r_getblock (in /root/rboxc/target/gawk-format-lifetime-candidate/release/rboxc)
==748647==    by 0x474C959: str_lookup (in /root/rboxc/target/gawk-format-lifetime-candidate/release/rboxc)
==748647==    by 0x472EB6A: rboxc_gawk_update_PROCINFO_num (in /root/rboxc/target/gawk-format-lifetime-candidate/release/rboxc)
==748647==    by 0x443F586: single_binary_main_gawk (in /root/rboxc/target/gawk-format-lifetime-candidate/release/rboxc)
==748647==    by 0x5A18600: (below main) (libc_start_call_main.h:59)
==748647== 
==748647== 48 bytes in 1 blocks are still reachable in loss record 74 of 170
==748647==    at 0x586E858: malloc (vg_replace_malloc.c:447)
==748647==    by 0x473EBAB: rboxc_gawk_r_getblock (in /root/rboxc/target/gawk-format-lifetime-candidate/release/rboxc)
==748647==    by 0x474C959: str_lookup (in /root/rboxc/target/gawk-format-lifetime-candidate/release/rboxc)
==748647==    by 0x472EB6A: rboxc_gawk_update_PROCINFO_num (in /root/rboxc/target/gawk-format-lifetime-candidate/release/rboxc)
==748647==    by 0x443F5A0: single_binary_main_gawk (in /root/rboxc/target/gawk-format-lifetime-candidate/release/rboxc)
==748647==    by 0x5A18600: (below main) (libc_start_call_main.h:59)
==748647== 
==748647== 48 bytes in 1 blocks are still reachable in loss record 75 of 170
==748647==    at 0x586E858: malloc (vg_replace_malloc.c:447)
==748647==    by 0x473EBAB: rboxc_gawk_r_getblock (in /root/rboxc/target/gawk-format-lifetime-candidate/release/rboxc)
==748647==    by 0x474C959: str_lookup (in /root/rboxc/target/gawk-format-lifetime-candidate/release/rboxc)
==748647==    by 0x472EB6A: rboxc_gawk_update_PROCINFO_num (in /root/rboxc/target/gawk-format-lifetime-candidate/release/rboxc)
==748647==    by 0x443F5BA: single_binary_main_gawk (in /root/rboxc/target/gawk-format-lifetime-candidate/release/rboxc)
==748647==    by 0x5A18600: (below main) (libc_start_call_main.h:59)
==748647== 
==748647== 48 bytes in 1 blocks are still reachable in loss record 76 of 170
==748647==    at 0x586E858: malloc (vg_replace_malloc.c:447)
==748647==    by 0x473EBAB: rboxc_gawk_r_getblock (in /root/rboxc/target/gawk-format-lifetime-candidate/release/rboxc)
==748647==    by 0x474C959: str_lookup (in /root/rboxc/target/gawk-format-lifetime-candidate/release/rboxc)
==748647==    by 0x472B6DE: update_PROCINFO_str.part.0 (in /root/rboxc/target/gawk-format-lifetime-candidate/release/rboxc)
==748647==    by 0x443F5CC: single_binary_main_gawk (in /root/rboxc/target/gawk-format-lifetime-candidate/release/rboxc)
==748647==    by 0x5A18600: (below main) (libc_start_call_main.h:59)
==748647== 
==748647== 48 bytes in 1 blocks are still reachable in loss record 77 of 170
==748647==    at 0x586E858: malloc (vg_replace_malloc.c:447)
==748647==    by 0x473EBAB: rboxc_gawk_r_getblock (in /root/rboxc/target/gawk-format-lifetime-candidate/release/rboxc)
==748647==    by 0x474C959: str_lookup (in /root/rboxc/target/gawk-format-lifetime-candidate/release/rboxc)
==748647==    by 0x472B6DE: update_PROCINFO_str.part.0 (in /root/rboxc/target/gawk-format-lifetime-candidate/release/rboxc)
==748647==    by 0x443F758: single_binary_main_gawk (in /root/rboxc/target/gawk-format-lifetime-candidate/release/rboxc)
==748647==    by 0x5A18600: (below main) (libc_start_call_main.h:59)
==748647== 
==748647== 48 bytes in 1 blocks are still reachable in loss record 78 of 170
==748647==    at 0x586E858: malloc (vg_replace_malloc.c:447)
==748647==    by 0x473EBAB: rboxc_gawk_r_getblock (in /root/rboxc/target/gawk-format-lifetime-candidate/release/rboxc)
==748647==    by 0x474C959: str_lookup (in /root/rboxc/target/gawk-format-lifetime-candidate/release/rboxc)
==748647==    by 0x4435AE2: rboxc::applet_gawk::assoc_set (in /root/rboxc/target/gawk-format-lifetime-candidate/release/rboxc)
==748647==    by 0x443F87A: single_binary_main_gawk (in /root/rboxc/target/gawk-format-lifetime-candidate/release/rboxc)
==748647==    by 0x5A18600: (below main) (libc_start_call_main.h:59)
==748647== 
==748647== 48 bytes in 1 blocks are still reachable in loss record 79 of 170
==748647==    at 0x586E858: malloc (vg_replace_malloc.c:447)
==748647==    by 0x473EBAB: rboxc_gawk_r_getblock (in /root/rboxc/target/gawk-format-lifetime-candidate/release/rboxc)
==748647==    by 0x474C959: str_lookup (in /root/rboxc/target/gawk-format-lifetime-candidate/release/rboxc)
==748647==    by 0x474D16C: install (in /root/rboxc/target/gawk-format-lifetime-candidate/release/rboxc)
==748647==    by 0x443F92D: single_binary_main_gawk (in /root/rboxc/target/gawk-format-lifetime-candidate/release/rboxc)
==748647==    by 0x5A18600: (below main) (libc_start_call_main.h:59)
==748647== 
==748647== 48 bytes in 1 blocks are still reachable in loss record 80 of 170
==748647==    at 0x586E858: malloc (vg_replace_malloc.c:447)
==748647==    by 0x473EBAB: rboxc_gawk_r_getblock (in /root/rboxc/target/gawk-format-lifetime-candidate/release/rboxc)
==748647==    by 0x474C959: str_lookup (in /root/rboxc/target/gawk-format-lifetime-candidate/release/rboxc)
==748647==    by 0x474D16C: install (in /root/rboxc/target/gawk-format-lifetime-candidate/release/rboxc)
==748647==    by 0x443FF58: single_binary_main_gawk (in /root/rboxc/target/gawk-format-lifetime-candidate/release/rboxc)
==748647==    by 0x5A18600: (below main) (libc_start_call_main.h:59)
==748647== 
==748647== 48 bytes in 1 blocks are still reachable in loss record 81 of 170
==748647==    at 0x586E858: malloc (vg_replace_malloc.c:447)
==748647==    by 0x473EBAB: rboxc_gawk_r_getblock (in /root/rboxc/target/gawk-format-lifetime-candidate/release/rboxc)
==748647==    by 0x474C959: str_lookup (in /root/rboxc/target/gawk-format-lifetime-candidate/release/rboxc)
==748647==    by 0x474D16C: install (in /root/rboxc/target/gawk-format-lifetime-candidate/release/rboxc)
==748647==    by 0x4440233: single_binary_main_gawk (in /root/rboxc/target/gawk-format-lifetime-candidate/release/rboxc)
==748647==    by 0x5A18600: (below main) (libc_start_call_main.h:59)
==748647== 
==748647== 49 bytes in 14 blocks are still reachable in loss record 82 of 170
==748647==    at 0x586E858: malloc (vg_replace_malloc.c:447)
==748647==    by 0x473F017: rboxc_gawk_make_str_node (in /root/rboxc/target/gawk-format-lifetime-candidate/release/rboxc)
==748647==    by 0x443F2AA: single_binary_main_gawk (in /root/rboxc/target/gawk-format-lifetime-candidate/release/rboxc)
==748647==    by 0x5A18600: (below main) (libc_start_call_main.h:59)
==748647== 
==748647== 56 bytes in 1 blocks are still reachable in loss record 83 of 170
==748647==    at 0x586E858: malloc (vg_replace_malloc.c:447)
==748647==    by 0x443E5D9: single_binary_main_gawk (in /root/rboxc/target/gawk-format-lifetime-candidate/release/rboxc)
==748647==    by 0x5A18600: (below main) (libc_start_call_main.h:59)
==748647== 
==748647== 60 bytes in 1 blocks are still reachable in loss record 84 of 170
==748647==    at 0x586E858: malloc (vg_replace_malloc.c:447)
==748647==    by 0x46EAADC: tokexpand (in /root/rboxc/target/gawk-format-lifetime-candidate/release/rboxc)
==748647==    by 0x46F6C46: rboxc_gawk_parse_program (in /root/rboxc/target/gawk-format-lifetime-candidate/release/rboxc)
==748647==    by 0x44402A4: single_binary_main_gawk (in /root/rboxc/target/gawk-format-lifetime-candidate/release/rboxc)
==748647==    by 0x5A18600: (below main) (libc_start_call_main.h:59)
==748647== 
==748647== 88 bytes in 1 blocks are still reachable in loss record 85 of 170
==748647==    at 0x586E858: malloc (vg_replace_malloc.c:447)
==748647==    by 0x473EBAB: rboxc_gawk_r_getblock (in /root/rboxc/target/gawk-format-lifetime-candidate/release/rboxc)
==748647==    by 0x473EF81: rboxc_gawk_make_str_node (in /root/rboxc/target/gawk-format-lifetime-candidate/release/rboxc)
==748647==    by 0x443E47C: single_binary_main_gawk (in /root/rboxc/target/gawk-format-lifetime-candidate/release/rboxc)
==748647==    by 0x5A18600: (below main) (libc_start_call_main.h:59)
==748647== 
==748647== 88 bytes in 1 blocks are still reachable in loss record 86 of 170
==748647==    at 0x586E858: malloc (vg_replace_malloc.c:447)
==748647==    by 0x473EBAB: rboxc_gawk_r_getblock (in /root/rboxc/target/gawk-format-lifetime-candidate/release/rboxc)
==748647==    by 0x474D3A7: init_the_tables (in /root/rboxc/target/gawk-format-lifetime-candidate/release/rboxc)
==748647==    by 0x443E550: single_binary_main_gawk (in /root/rboxc/target/gawk-format-lifetime-candidate/release/rboxc)
==748647==    by 0x5A18600: (below main) (libc_start_call_main.h:59)
==748647== 
==748647== 88 bytes in 1 blocks are still reachable in loss record 87 of 170
==748647==    at 0x586E858: malloc (vg_replace_malloc.c:447)
==748647==    by 0x473EBAB: rboxc_gawk_r_getblock (in /root/rboxc/target/gawk-format-lifetime-candidate/release/rboxc)
==748647==    by 0x474D3E8: init_the_tables (in /root/rboxc/target/gawk-format-lifetime-candidate/release/rboxc)
==748647==    by 0x443E550: single_binary_main_gawk (in /root/rboxc/target/gawk-format-lifetime-candidate/release/rboxc)
==748647==    by 0x5A18600: (below main) (libc_start_call_main.h:59)
==748647== 
==748647== 88 bytes in 1 blocks are still reachable in loss record 88 of 170
==748647==    at 0x586E858: malloc (vg_replace_malloc.c:447)
==748647==    by 0x473EBAB: rboxc_gawk_r_getblock (in /root/rboxc/target/gawk-format-lifetime-candidate/release/rboxc)
==748647==    by 0x473EF81: rboxc_gawk_make_str_node (in /root/rboxc/target/gawk-format-lifetime-candidate/release/rboxc)
==748647==    by 0x474D135: install (in /root/rboxc/target/gawk-format-lifetime-candidate/release/rboxc)
==748647==    by 0x474D449: init_the_tables (in /root/rboxc/target/gawk-format-lifetime-candidate/release/rboxc)
==748647==    by 0x443E550: single_binary_main_gawk (in /root/rboxc/target/gawk-format-lifetime-candidate/release/rboxc)
==748647==    by 0x5A18600: (below main) (libc_start_call_main.h:59)
==748647== 
==748647== 88 bytes in 1 blocks are still reachable in loss record 89 of 170
==748647==    at 0x586E858: malloc (vg_replace_malloc.c:447)
==748647==    by 0x473EBAB: rboxc_gawk_r_getblock (in /root/rboxc/target/gawk-format-lifetime-candidate/release/rboxc)
==748647==    by 0x474D213: install (in /root/rboxc/target/gawk-format-lifetime-candidate/release/rboxc)
==748647==    by 0x474D449: init_the_tables (in /root/rboxc/target/gawk-format-lifetime-candidate/release/rboxc)
==748647==    by 0x443E550: single_binary_main_gawk (in /root/rboxc/target/gawk-format-lifetime-candidate/release/rboxc)
==748647==    by 0x5A18600: (below main) (libc_start_call_main.h:59)
==748647== 
==748647== 88 bytes in 1 blocks are still reachable in loss record 90 of 170
==748647==    at 0x586E858: malloc (vg_replace_malloc.c:447)
==748647==    by 0x473EBAB: rboxc_gawk_r_getblock (in /root/rboxc/target/gawk-format-lifetime-candidate/release/rboxc)
==748647==    by 0x473EF81: rboxc_gawk_make_str_node (in /root/rboxc/target/gawk-format-lifetime-candidate/release/rboxc)
==748647==    by 0x474D135: install (in /root/rboxc/target/gawk-format-lifetime-candidate/release/rboxc)
==748647==    by 0x474D470: init_the_tables (in /root/rboxc/target/gawk-format-lifetime-candidate/release/rboxc)
==748647==    by 0x443E550: single_binary_main_gawk (in /root/rboxc/target/gawk-format-lifetime-candidate/release/rboxc)
==748647==    by 0x5A18600: (below main) (libc_start_call_main.h:59)
==748647== 
==748647== 88 bytes in 1 blocks are still reachable in loss record 91 of 170
==748647==    at 0x586E858: malloc (vg_replace_malloc.c:447)
==748647==    by 0x473EBAB: rboxc_gawk_r_getblock (in /root/rboxc/target/gawk-format-lifetime-candidate/release/rboxc)
==748647==    by 0x474D213: install (in /root/rboxc/target/gawk-format-lifetime-candidate/release/rboxc)
==748647==    by 0x474D470: init_the_tables (in /root/rboxc/target/gawk-format-lifetime-candidate/release/rboxc)
==748647==    by 0x443E550: single_binary_main_gawk (in /root/rboxc/target/gawk-format-lifetime-candidate/release/rboxc)
==748647==    by 0x5A18600: (below main) (libc_start_call_main.h:59)
==748647== 
==748647== 88 bytes in 1 blocks are still reachable in loss record 92 of 170
==748647==    at 0x586E858: malloc (vg_replace_malloc.c:447)
==748647==    by 0x473EBAB: rboxc_gawk_r_getblock (in /root/rboxc/target/gawk-format-lifetime-candidate/release/rboxc)
==748647==    by 0x473EF81: rboxc_gawk_make_str_node (in /root/rboxc/target/gawk-format-lifetime-candidate/release/rboxc)
==748647==    by 0x474D135: install (in /root/rboxc/target/gawk-format-lifetime-candidate/release/rboxc)
==748647==    by 0x443F4A1: single_binary_main_gawk (in /root/rboxc/target/gawk-format-lifetime-candidate/release/rboxc)
==748647==    by 0x5A18600: (below main) (libc_start_call_main.h:59)
==748647== 
==748647== 88 bytes in 1 blocks are still reachable in loss record 93 of 170
==748647==    at 0x586E858: malloc (vg_replace_malloc.c:447)
==748647==    by 0x473EBAB: rboxc_gawk_r_getblock (in /root/rboxc/target/gawk-format-lifetime-candidate/release/rboxc)
==748647==    by 0x474D213: install (in /root/rboxc/target/gawk-format-lifetime-candidate/release/rboxc)
==748647==    by 0x443F4A1: single_binary_main_gawk (in /root/rboxc/target/gawk-format-lifetime-candidate/release/rboxc)
==748647==    by 0x5A18600: (below main) (libc_start_call_main.h:59)
==748647== 
==748647== 88 bytes in 1 blocks are still reachable in loss record 94 of 170
==748647==    at 0x586E858: malloc (vg_replace_malloc.c:447)
==748647==    by 0x473EBAB: rboxc_gawk_r_getblock (in /root/rboxc/target/gawk-format-lifetime-candidate/release/rboxc)
==748647==    by 0x473EF81: rboxc_gawk_make_str_node (in /root/rboxc/target/gawk-format-lifetime-candidate/release/rboxc)
==748647==    by 0x472B6AF: update_PROCINFO_str.part.0 (in /root/rboxc/target/gawk-format-lifetime-candidate/release/rboxc)
==748647==    by 0x443F4C2: single_binary_main_gawk (in /root/rboxc/target/gawk-format-lifetime-candidate/release/rboxc)
==748647==    by 0x5A18600: (below main) (libc_start_call_main.h:59)
==748647== 
==748647== 88 bytes in 1 blocks are still reachable in loss record 95 of 170
==748647==    at 0x586E858: malloc (vg_replace_malloc.c:447)
==748647==    by 0x473EBAB: rboxc_gawk_r_getblock (in /root/rboxc/target/gawk-format-lifetime-candidate/release/rboxc)
==748647==    by 0x473EF81: rboxc_gawk_make_str_node (in /root/rboxc/target/gawk-format-lifetime-candidate/release/rboxc)
==748647==    by 0x472B6C7: update_PROCINFO_str.part.0 (in /root/rboxc/target/gawk-format-lifetime-candidate/release/rboxc)
==748647==    by 0x443F4C2: single_binary_main_gawk (in /root/rboxc/target/gawk-format-lifetime-candidate/release/rboxc)
==748647==    by 0x5A18600: (below main) (libc_start_call_main.h:59)
==748647== 
==748647== 88 bytes in 1 blocks are still reachable in loss record 96 of 170
==748647==    at 0x586E858: malloc (vg_replace_malloc.c:447)
==748647==    by 0x473EBAB: rboxc_gawk_r_getblock (in /root/rboxc/target/gawk-format-lifetime-candidate/release/rboxc)
==748647==    by 0x473EF81: rboxc_gawk_make_str_node (in /root/rboxc/target/gawk-format-lifetime-candidate/release/rboxc)
==748647==    by 0x472B6AF: update_PROCINFO_str.part.0 (in /root/rboxc/target/gawk-format-lifetime-candidate/release/rboxc)
==748647==    by 0x443F4D2: single_binary_main_gawk (in /root/rboxc/target/gawk-format-lifetime-candidate/release/rboxc)
==748647==    by 0x5A18600: (below main) (libc_start_call_main.h:59)
==748647== 
==748647== 88 bytes in 1 blocks are still reachable in loss record 97 of 170
==748647==    at 0x586E858: malloc (vg_replace_malloc.c:447)
==748647==    by 0x473EBAB: rboxc_gawk_r_getblock (in /root/rboxc/target/gawk-format-lifetime-candidate/release/rboxc)
==748647==    by 0x473EF81: rboxc_gawk_make_str_node (in /root/rboxc/target/gawk-format-lifetime-candidate/release/rboxc)
==748647==    by 0x472B6C7: update_PROCINFO_str.part.0 (in /root/rboxc/target/gawk-format-lifetime-candidate/release/rboxc)
==748647==    by 0x443F4D2: single_binary_main_gawk (in /root/rboxc/target/gawk-format-lifetime-candidate/release/rboxc)
==748647==    by 0x5A18600: (below main) (libc_start_call_main.h:59)
==748647== 
==748647== 88 bytes in 1 blocks are still reachable in loss record 98 of 170
==748647==    at 0x586E858: malloc (vg_replace_malloc.c:447)
==748647==    by 0x473EBAB: rboxc_gawk_r_getblock (in /root/rboxc/target/gawk-format-lifetime-candidate/release/rboxc)
==748647==    by 0x473EF81: rboxc_gawk_make_str_node (in /root/rboxc/target/gawk-format-lifetime-candidate/release/rboxc)
==748647==    by 0x472B6AF: update_PROCINFO_str.part.0 (in /root/rboxc/target/gawk-format-lifetime-candidate/release/rboxc)
==748647==    by 0x443F4E2: single_binary_main_gawk (in /root/rboxc/target/gawk-format-lifetime-candidate/release/rboxc)
==748647==    by 0x5A18600: (below main) (libc_start_call_main.h:59)
==748647== 
==748647== 88 bytes in 1 blocks are still reachable in loss record 99 of 170
==748647==    at 0x586E858: malloc (vg_replace_malloc.c:447)
==748647==    by 0x473EBAB: rboxc_gawk_r_getblock (in /root/rboxc/target/gawk-format-lifetime-candidate/release/rboxc)
==748647==    by 0x473EF81: rboxc_gawk_make_str_node (in /root/rboxc/target/gawk-format-lifetime-candidate/release/rboxc)
==748647==    by 0x472B6C7: update_PROCINFO_str.part.0 (in /root/rboxc/target/gawk-format-lifetime-candidate/release/rboxc)
==748647==    by 0x443F4E2: single_binary_main_gawk (in /root/rboxc/target/gawk-format-lifetime-candidate/release/rboxc)
==748647==    by 0x5A18600: (below main) (libc_start_call_main.h:59)
==748647== 
==748647== 88 bytes in 1 blocks are still reachable in loss record 100 of 170
==748647==    at 0x586E858: malloc (vg_replace_malloc.c:447)
==748647==    by 0x473EBAB: rboxc_gawk_r_getblock (in /root/rboxc/target/gawk-format-lifetime-candidate/release/rboxc)
==748647==    by 0x473EF81: rboxc_gawk_make_str_node (in /root/rboxc/target/gawk-format-lifetime-candidate/release/rboxc)
==748647==    by 0x472EB44: rboxc_gawk_update_PROCINFO_num (in /root/rboxc/target/gawk-format-lifetime-candidate/release/rboxc)
==748647==    by 0x443F4FB: single_binary_main_gawk (in /root/rboxc/target/gawk-format-lifetime-candidate/release/rboxc)
==748647==    by 0x5A18600: (below main) (libc_start_call_main.h:59)
==748647== 
==748647== 88 bytes in 1 blocks are still reachable in loss record 101 of 170
==748647==    at 0x586E858: malloc (vg_replace_malloc.c:447)
==748647==    by 0x473EBAB: rboxc_gawk_r_getblock (in /root/rboxc/target/gawk-format-lifetime-candidate/release/rboxc)
==748647==    by 0x473F4F0: r_make_number (in /root/rboxc/target/gawk-format-lifetime-candidate/release/rboxc)
==748647==    by 0x472EB53: rboxc_gawk_update_PROCINFO_num (in /root/rboxc/target/gawk-format-lifetime-candidate/release/rboxc)
==748647==    by 0x443F4FB: single_binary_main_gawk (in /root/rboxc/target/gawk-format-lifetime-candidate/release/rboxc)
==748647==    by 0x5A18600: (below main) (libc_start_call_main.h:59)
==748647== 
==748647== 88 bytes in 1 blocks are still reachable in loss record 102 of 170
==748647==    at 0x586E858: malloc (vg_replace_malloc.c:447)
==748647==    by 0x473EBAB: rboxc_gawk_r_getblock (in /root/rboxc/target/gawk-format-lifetime-candidate/release/rboxc)
==748647==    by 0x473EF81: rboxc_gawk_make_str_node (in /root/rboxc/target/gawk-format-lifetime-candidate/release/rboxc)
==748647==    by 0x472EB44: rboxc_gawk_update_PROCINFO_num (in /root/rboxc/target/gawk-format-lifetime-candidate/release/rboxc)
==748647==    by 0x443F50D: single_binary_main_gawk (in /root/rboxc/target/gawk-format-lifetime-candidate/release/rboxc)
==748647==    by 0x5A18600: (below main) (libc_start_call_main.h:59)
==748647== 
==748647== 88 bytes in 1 blocks are still reachable in loss record 103 of 170
==748647==    at 0x586E858: malloc (vg_replace_malloc.c:447)
==748647==    by 0x473EBAB: rboxc_gawk_r_getblock (in /root/rboxc/target/gawk-format-lifetime-candidate/release/rboxc)
==748647==    by 0x473F4F0: r_make_number (in /root/rboxc/target/gawk-format-lifetime-candidate/release/rboxc)
==748647==    by 0x472EB53: rboxc_gawk_update_PROCINFO_num (in /root/rboxc/target/gawk-format-lifetime-candidate/release/rboxc)
==748647==    by 0x443F50D: single_binary_main_gawk (in /root/rboxc/target/gawk-format-lifetime-candidate/release/rboxc)
==748647==    by 0x5A18600: (below main) (libc_start_call_main.h:59)
==748647== 
==748647== 88 bytes in 1 blocks are still reachable in loss record 104 of 170
==748647==    at 0x586E858: malloc (vg_replace_malloc.c:447)
==748647==    by 0x473EBAB: rboxc_gawk_r_getblock (in /root/rboxc/target/gawk-format-lifetime-candidate/release/rboxc)
==748647==    by 0x473EF81: rboxc_gawk_make_str_node (in /root/rboxc/target/gawk-format-lifetime-candidate/release/rboxc)
==748647==    by 0x472EB44: rboxc_gawk_update_PROCINFO_num (in /root/rboxc/target/gawk-format-lifetime-candidate/release/rboxc)
==748647==    by 0x443F524: single_binary_main_gawk (in /root/rboxc/target/gawk-format-lifetime-candidate/release/rboxc)
==748647==    by 0x5A18600: (below main) (libc_start_call_main.h:59)
==748647== 
==748647== 88 bytes in 1 blocks are still reachable in loss record 105 of 170
==748647==    at 0x586E858: malloc (vg_replace_malloc.c:447)
==748647==    by 0x473EBAB: rboxc_gawk_r_getblock (in /root/rboxc/target/gawk-format-lifetime-candidate/release/rboxc)
==748647==    by 0x473F4F0: r_make_number (in /root/rboxc/target/gawk-format-lifetime-candidate/release/rboxc)
==748647==    by 0x472EB53: rboxc_gawk_update_PROCINFO_num (in /root/rboxc/target/gawk-format-lifetime-candidate/release/rboxc)
==748647==    by 0x443F524: single_binary_main_gawk (in /root/rboxc/target/gawk-format-lifetime-candidate/release/rboxc)
==748647==    by 0x5A18600: (below main) (libc_start_call_main.h:59)
==748647== 
==748647== 88 bytes in 1 blocks are still reachable in loss record 106 of 170
==748647==    at 0x586E858: malloc (vg_replace_malloc.c:447)
==748647==    by 0x473EBAB: rboxc_gawk_r_getblock (in /root/rboxc/target/gawk-format-lifetime-candidate/release/rboxc)
==748647==    by 0x473EF81: rboxc_gawk_make_str_node (in /root/rboxc/target/gawk-format-lifetime-candidate/release/rboxc)
==748647==    by 0x472EB44: rboxc_gawk_update_PROCINFO_num (in /root/rboxc/target/gawk-format-lifetime-candidate/release/rboxc)
==748647==    by 0x443F53B: single_binary_main_gawk (in /root/rboxc/target/gawk-format-lifetime-candidate/release/rboxc)
==748647==    by 0x5A18600: (below main) (libc_start_call_main.h:59)
==748647== 
==748647== 88 bytes in 1 blocks are still reachable in loss record 107 of 170
==748647==    at 0x586E858: malloc (vg_replace_malloc.c:447)
==748647==    by 0x473EBAB: rboxc_gawk_r_getblock (in /root/rboxc/target/gawk-format-lifetime-candidate/release/rboxc)
==748647==    by 0x473F4F0: r_make_number (in /root/rboxc/target/gawk-format-lifetime-candidate/release/rboxc)
==748647==    by 0x472EB53: rboxc_gawk_update_PROCINFO_num (in /root/rboxc/target/gawk-format-lifetime-candidate/release/rboxc)
==748647==    by 0x443F53B: single_binary_main_gawk (in /root/rboxc/target/gawk-format-lifetime-candidate/release/rboxc)
==748647==    by 0x5A18600: (below main) (libc_start_call_main.h:59)
==748647== 
==748647== 88 bytes in 1 blocks are still reachable in loss record 108 of 170
==748647==    at 0x586E858: malloc (vg_replace_malloc.c:447)
==748647==    by 0x473EBAB: rboxc_gawk_r_getblock (in /root/rboxc/target/gawk-format-lifetime-candidate/release/rboxc)
==748647==    by 0x473EF81: rboxc_gawk_make_str_node (in /root/rboxc/target/gawk-format-lifetime-candidate/release/rboxc)
==748647==    by 0x472EB44: rboxc_gawk_update_PROCINFO_num (in /root/rboxc/target/gawk-format-lifetime-candidate/release/rboxc)
==748647==    by 0x443F552: single_binary_main_gawk (in /root/rboxc/target/gawk-format-lifetime-candidate/release/rboxc)
==748647==    by 0x5A18600: (below main) (libc_start_call_main.h:59)
==748647== 
==748647== 88 bytes in 1 blocks are still reachable in loss record 109 of 170
==748647==    at 0x586E858: malloc (vg_replace_malloc.c:447)
==748647==    by 0x473EBAB: rboxc_gawk_r_getblock (in /root/rboxc/target/gawk-format-lifetime-candidate/release/rboxc)
==748647==    by 0x473F4F0: r_make_number (in /root/rboxc/target/gawk-format-lifetime-candidate/release/rboxc)
==748647==    by 0x472EB53: rboxc_gawk_update_PROCINFO_num (in /root/rboxc/target/gawk-format-lifetime-candidate/release/rboxc)
==748647==    by 0x443F552: single_binary_main_gawk (in /root/rboxc/target/gawk-format-lifetime-candidate/release/rboxc)
==748647==    by 0x5A18600: (below main) (libc_start_call_main.h:59)
==748647== 
==748647== 88 bytes in 1 blocks are still reachable in loss record 110 of 170
==748647==    at 0x586E858: malloc (vg_replace_malloc.c:447)
==748647==    by 0x473EBAB: rboxc_gawk_r_getblock (in /root/rboxc/target/gawk-format-lifetime-candidate/release/rboxc)
==748647==    by 0x473EF81: rboxc_gawk_make_str_node (in /root/rboxc/target/gawk-format-lifetime-candidate/release/rboxc)
==748647==    by 0x472EB44: rboxc_gawk_update_PROCINFO_num (in /root/rboxc/target/gawk-format-lifetime-candidate/release/rboxc)
==748647==    by 0x443F56C: single_binary_main_gawk (in /root/rboxc/target/gawk-format-lifetime-candidate/release/rboxc)
==748647==    by 0x5A18600: (below main) (libc_start_call_main.h:59)
==748647== 
==748647== 88 bytes in 1 blocks are still reachable in loss record 111 of 170
==748647==    at 0x586E858: malloc (vg_replace_malloc.c:447)
==748647==    by 0x473EBAB: rboxc_gawk_r_getblock (in /root/rboxc/target/gawk-format-lifetime-candidate/release/rboxc)
==748647==    by 0x473F4F0: r_make_number (in /root/rboxc/target/gawk-format-lifetime-candidate/release/rboxc)
==748647==    by 0x472EB53: rboxc_gawk_update_PROCINFO_num (in /root/rboxc/target/gawk-format-lifetime-candidate/release/rboxc)
==748647==    by 0x443F56C: single_binary_main_gawk (in /root/rboxc/target/gawk-format-lifetime-candidate/release/rboxc)
==748647==    by 0x5A18600: (below main) (libc_start_call_main.h:59)
==748647== 
==748647== 88 bytes in 1 blocks are still reachable in loss record 112 of 170
==748647==    at 0x586E858: malloc (vg_replace_malloc.c:447)
==748647==    by 0x473EBAB: rboxc_gawk_r_getblock (in /root/rboxc/target/gawk-format-lifetime-candidate/release/rboxc)
==748647==    by 0x473EF81: rboxc_gawk_make_str_node (in /root/rboxc/target/gawk-format-lifetime-candidate/release/rboxc)
==748647==    by 0x472EB44: rboxc_gawk_update_PROCINFO_num (in /root/rboxc/target/gawk-format-lifetime-candidate/release/rboxc)
==748647==    by 0x443F586: single_binary_main_gawk (in /root/rboxc/target/gawk-format-lifetime-candidate/release/rboxc)
==748647==    by 0x5A18600: (below main) (libc_start_call_main.h:59)
==748647== 
==748647== 88 bytes in 1 blocks are still reachable in loss record 113 of 170
==748647==    at 0x586E858: malloc (vg_replace_malloc.c:447)
==748647==    by 0x473EBAB: rboxc_gawk_r_getblock (in /root/rboxc/target/gawk-format-lifetime-candidate/release/rboxc)
==748647==    by 0x473F4F0: r_make_number (in /root/rboxc/target/gawk-format-lifetime-candidate/release/rboxc)
==748647==    by 0x472EB53: rboxc_gawk_update_PROCINFO_num (in /root/rboxc/target/gawk-format-lifetime-candidate/release/rboxc)
==748647==    by 0x443F586: single_binary_main_gawk (in /root/rboxc/target/gawk-format-lifetime-candidate/release/rboxc)
==748647==    by 0x5A18600: (below main) (libc_start_call_main.h:59)
==748647== 
==748647== 88 bytes in 1 blocks are still reachable in loss record 114 of 170
==748647==    at 0x586E858: malloc (vg_replace_malloc.c:447)
==748647==    by 0x473EBAB: rboxc_gawk_r_getblock (in /root/rboxc/target/gawk-format-lifetime-candidate/release/rboxc)
==748647==    by 0x473EF81: rboxc_gawk_make_str_node (in /root/rboxc/target/gawk-format-lifetime-candidate/release/rboxc)
==748647==    by 0x472EB44: rboxc_gawk_update_PROCINFO_num (in /root/rboxc/target/gawk-format-lifetime-candidate/release/rboxc)
==748647==    by 0x443F5A0: single_binary_main_gawk (in /root/rboxc/target/gawk-format-lifetime-candidate/release/rboxc)
==748647==    by 0x5A18600: (below main) (libc_start_call_main.h:59)
==748647== 
==748647== 88 bytes in 1 blocks are still reachable in loss record 115 of 170
==748647==    at 0x586E858: malloc (vg_replace_malloc.c:447)
==748647==    by 0x473EBAB: rboxc_gawk_r_getblock (in /root/rboxc/target/gawk-format-lifetime-candidate/release/rboxc)
==748647==    by 0x473F4F0: r_make_number (in /root/rboxc/target/gawk-format-lifetime-candidate/release/rboxc)
==748647==    by 0x472EB53: rboxc_gawk_update_PROCINFO_num (in /root/rboxc/target/gawk-format-lifetime-candidate/release/rboxc)
==748647==    by 0x443F5A0: single_binary_main_gawk (in /root/rboxc/target/gawk-format-lifetime-candidate/release/rboxc)
==748647==    by 0x5A18600: (below main) (libc_start_call_main.h:59)
==748647== 
==748647== 88 bytes in 1 blocks are still reachable in loss record 116 of 170
==748647==    at 0x586E858: malloc (vg_replace_malloc.c:447)
==748647==    by 0x473EBAB: rboxc_gawk_r_getblock (in /root/rboxc/target/gawk-format-lifetime-candidate/release/rboxc)
==748647==    by 0x473EF81: rboxc_gawk_make_str_node (in /root/rboxc/target/gawk-format-lifetime-candidate/release/rboxc)
==748647==    by 0x472EB44: rboxc_gawk_update_PROCINFO_num (in /root/rboxc/target/gawk-format-lifetime-candidate/release/rboxc)
==748647==    by 0x443F5BA: single_binary_main_gawk (in /root/rboxc/target/gawk-format-lifetime-candidate/release/rboxc)
==748647==    by 0x5A18600: (below main) (libc_start_call_main.h:59)
==748647== 
==748647== 88 bytes in 1 blocks are still reachable in loss record 117 of 170
==748647==    at 0x586E858: malloc (vg_replace_malloc.c:447)
==748647==    by 0x473EBAB: rboxc_gawk_r_getblock (in /root/rboxc/target/gawk-format-lifetime-candidate/release/rboxc)
==748647==    by 0x473F4F0: r_make_number (in /root/rboxc/target/gawk-format-lifetime-candidate/release/rboxc)
==748647==    by 0x472EB53: rboxc_gawk_update_PROCINFO_num (in /root/rboxc/target/gawk-format-lifetime-candidate/release/rboxc)
==748647==    by 0x443F5BA: single_binary_main_gawk (in /root/rboxc/target/gawk-format-lifetime-candidate/release/rboxc)
==748647==    by 0x5A18600: (below main) (libc_start_call_main.h:59)
==748647== 
==748647== 88 bytes in 1 blocks are still reachable in loss record 118 of 170
==748647==    at 0x586E858: malloc (vg_replace_malloc.c:447)
==748647==    by 0x473EBAB: rboxc_gawk_r_getblock (in /root/rboxc/target/gawk-format-lifetime-candidate/release/rboxc)
==748647==    by 0x473EF81: rboxc_gawk_make_str_node (in /root/rboxc/target/gawk-format-lifetime-candidate/release/rboxc)
==748647==    by 0x472B6AF: update_PROCINFO_str.part.0 (in /root/rboxc/target/gawk-format-lifetime-candidate/release/rboxc)
==748647==    by 0x443F5CC: single_binary_main_gawk (in /root/rboxc/target/gawk-format-lifetime-candidate/release/rboxc)
==748647==    by 0x5A18600: (below main) (libc_start_call_main.h:59)
==748647== 
==748647== 88 bytes in 1 blocks are still reachable in loss record 119 of 170
==748647==    at 0x586E858: malloc (vg_replace_malloc.c:447)
==748647==    by 0x473EBAB: rboxc_gawk_r_getblock (in /root/rboxc/target/gawk-format-lifetime-candidate/release/rboxc)
==748647==    by 0x473EF81: rboxc_gawk_make_str_node (in /root/rboxc/target/gawk-format-lifetime-candidate/release/rboxc)
==748647==    by 0x472B6C7: update_PROCINFO_str.part.0 (in /root/rboxc/target/gawk-format-lifetime-candidate/release/rboxc)
==748647==    by 0x443F5CC: single_binary_main_gawk (in /root/rboxc/target/gawk-format-lifetime-candidate/release/rboxc)
==748647==    by 0x5A18600: (below main) (libc_start_call_main.h:59)
==748647== 
==748647== 88 bytes in 1 blocks are still reachable in loss record 120 of 170
==748647==    at 0x586E858: malloc (vg_replace_malloc.c:447)
==748647==    by 0x473EBAB: rboxc_gawk_r_getblock (in /root/rboxc/target/gawk-format-lifetime-candidate/release/rboxc)
==748647==    by 0x473EF81: rboxc_gawk_make_str_node (in /root/rboxc/target/gawk-format-lifetime-candidate/release/rboxc)
==748647==    by 0x472B6AF: update_PROCINFO_str.part.0 (in /root/rboxc/target/gawk-format-lifetime-candidate/release/rboxc)
==748647==    by 0x443F758: single_binary_main_gawk (in /root/rboxc/target/gawk-format-lifetime-candidate/release/rboxc)
==748647==    by 0x5A18600: (below main) (libc_start_call_main.h:59)
==748647== 
==748647== 88 bytes in 1 blocks are still reachable in loss record 121 of 170
==748647==    at 0x586E858: malloc (vg_replace_malloc.c:447)
==748647==    by 0x473EBAB: rboxc_gawk_r_getblock (in /root/rboxc/target/gawk-format-lifetime-candidate/release/rboxc)
==748647==    by 0x473EF81: rboxc_gawk_make_str_node (in /root/rboxc/target/gawk-format-lifetime-candidate/release/rboxc)
==748647==    by 0x472B6C7: update_PROCINFO_str.part.0 (in /root/rboxc/target/gawk-format-lifetime-candidate/release/rboxc)
==748647==    by 0x443F758: single_binary_main_gawk (in /root/rboxc/target/gawk-format-lifetime-candidate/release/rboxc)
==748647==    by 0x5A18600: (below main) (libc_start_call_main.h:59)
==748647== 
==748647== 88 bytes in 1 blocks are still reachable in loss record 122 of 170
==748647==    at 0x586E858: malloc (vg_replace_malloc.c:447)
==748647==    by 0x473EBAB: rboxc_gawk_r_getblock (in /root/rboxc/target/gawk-format-lifetime-candidate/release/rboxc)
==748647==    by 0x443F782: single_binary_main_gawk (in /root/rboxc/target/gawk-format-lifetime-candidate/release/rboxc)
==748647==    by 0x5A18600: (below main) (libc_start_call_main.h:59)
==748647== 
==748647== 88 bytes in 1 blocks are still reachable in loss record 123 of 170
==748647==    at 0x586E858: malloc (vg_replace_malloc.c:447)
==748647==    by 0x473EBAB: rboxc_gawk_r_getblock (in /root/rboxc/target/gawk-format-lifetime-candidate/release/rboxc)
==748647==    by 0x470A932: cint_lookup (in /root/rboxc/target/gawk-format-lifetime-candidate/release/rboxc)
==748647==    by 0x4435AE2: rboxc::applet_gawk::assoc_set (in /root/rboxc/target/gawk-format-lifetime-candidate/release/rboxc)
==748647==    by 0x4440162: single_binary_main_gawk (in /root/rboxc/target/gawk-format-lifetime-candidate/release/rboxc)
==748647==    by 0x5A18600: (below main) (libc_start_call_main.h:59)
==748647== 
==748647== 88 bytes in 1 blocks are still reachable in loss record 124 of 170
==748647==    at 0x586E858: malloc (vg_replace_malloc.c:447)
==748647==    by 0x473EBAB: rboxc_gawk_r_getblock (in /root/rboxc/target/gawk-format-lifetime-candidate/release/rboxc)
==748647==    by 0x470A547: tree_lookup (in /root/rboxc/target/gawk-format-lifetime-candidate/release/rboxc)
==748647==    by 0x4435AE2: rboxc::applet_gawk::assoc_set (in /root/rboxc/target/gawk-format-lifetime-candidate/release/rboxc)
==748647==    by 0x4440162: single_binary_main_gawk (in /root/rboxc/target/gawk-format-lifetime-candidate/release/rboxc)
==748647==    by 0x5A18600: (below main) (libc_start_call_main.h:59)
==748647== 
==748647== 88 bytes in 1 blocks are still reachable in loss record 125 of 170
==748647==    at 0x586E858: malloc (vg_replace_malloc.c:447)
==748647==    by 0x473EBAB: rboxc_gawk_r_getblock (in /root/rboxc/target/gawk-format-lifetime-candidate/release/rboxc)
==748647==    by 0x473EF81: rboxc_gawk_make_str_node (in /root/rboxc/target/gawk-format-lifetime-candidate/release/rboxc)
==748647==    by 0x443F86B: single_binary_main_gawk (in /root/rboxc/target/gawk-format-lifetime-candidate/release/rboxc)
==748647==    by 0x5A18600: (below main) (libc_start_call_main.h:59)
==748647== 
==748647== 88 bytes in 1 blocks are still reachable in loss record 126 of 170
==748647==    at 0x586E858: malloc (vg_replace_malloc.c:447)
==748647==    by 0x473EBAB: rboxc_gawk_r_getblock (in /root/rboxc/target/gawk-format-lifetime-candidate/release/rboxc)
==748647==    by 0x473EF81: rboxc_gawk_make_str_node (in /root/rboxc/target/gawk-format-lifetime-candidate/release/rboxc)
==748647==    by 0x474D135: install (in /root/rboxc/target/gawk-format-lifetime-candidate/release/rboxc)
==748647==    by 0x443F92D: single_binary_main_gawk (in /root/rboxc/target/gawk-format-lifetime-candidate/release/rboxc)
==748647==    by 0x5A18600: (below main) (libc_start_call_main.h:59)
==748647== 
==748647== 88 bytes in 1 blocks are still reachable in loss record 127 of 170
==748647==    at 0x586E858: malloc (vg_replace_malloc.c:447)
==748647==    by 0x473EBAB: rboxc_gawk_r_getblock (in /root/rboxc/target/gawk-format-lifetime-candidate/release/rboxc)
==748647==    by 0x474D213: install (in /root/rboxc/target/gawk-format-lifetime-candidate/release/rboxc)
==748647==    by 0x443F92D: single_binary_main_gawk (in /root/rboxc/target/gawk-format-lifetime-candidate/release/rboxc)
==748647==    by 0x5A18600: (below main) (libc_start_call_main.h:59)
==748647== 
==748647== 88 bytes in 1 blocks are still reachable in loss record 128 of 170
==748647==    at 0x586E858: malloc (vg_replace_malloc.c:447)
==748647==    by 0x473EBAB: rboxc_gawk_r_getblock (in /root/rboxc/target/gawk-format-lifetime-candidate/release/rboxc)
==748647==    by 0x473EF81: rboxc_gawk_make_str_node (in /root/rboxc/target/gawk-format-lifetime-candidate/release/rboxc)
==748647==    by 0x472BED5: rboxc_gawk_init_fields (in /root/rboxc/target/gawk-format-lifetime-candidate/release/rboxc)
==748647==    by 0x443F9A0: single_binary_main_gawk (in /root/rboxc/target/gawk-format-lifetime-candidate/release/rboxc)
==748647==    by 0x5A18600: (below main) (libc_start_call_main.h:59)
==748647== 
==748647== 88 bytes in 1 blocks are still reachable in loss record 129 of 170
==748647==    at 0x586E858: malloc (vg_replace_malloc.c:447)
==748647==    by 0x473EBAB: rboxc_gawk_r_getblock (in /root/rboxc/target/gawk-format-lifetime-candidate/release/rboxc)
==748647==    by 0x473EF81: rboxc_gawk_make_str_node (in /root/rboxc/target/gawk-format-lifetime-candidate/release/rboxc)
==748647==    by 0x472BF20: rboxc_gawk_init_fields (in /root/rboxc/target/gawk-format-lifetime-candidate/release/rboxc)
==748647==    by 0x443F9A0: single_binary_main_gawk (in /root/rboxc/target/gawk-format-lifetime-candidate/release/rboxc)
==748647==    by 0x5A18600: (below main) (libc_start_call_main.h:59)
==748647== 
==748647== 88 bytes in 1 blocks are still reachable in loss record 130 of 170
==748647==    at 0x586E858: malloc (vg_replace_malloc.c:447)
==748647==    by 0x473EBAB: rboxc_gawk_r_getblock (in /root/rboxc/target/gawk-format-lifetime-candidate/release/rboxc)
==748647==    by 0x471F151: rboxc_gawk_init_interpret (in /root/rboxc/target/gawk-format-lifetime-candidate/release/rboxc)
==748647==    by 0x443FE94: single_binary_main_gawk (in /root/rboxc/target/gawk-format-lifetime-candidate/release/rboxc)
==748647==    by 0x5A18600: (below main) (libc_start_call_main.h:59)
==748647== 
==748647== 88 bytes in 1 blocks are still reachable in loss record 131 of 170
==748647==    at 0x586E858: malloc (vg_replace_malloc.c:447)
==748647==    by 0x473EBAB: rboxc_gawk_r_getblock (in /root/rboxc/target/gawk-format-lifetime-candidate/release/rboxc)
==748647==    by 0x473F4F0: r_make_number (in /root/rboxc/target/gawk-format-lifetime-candidate/release/rboxc)
==748647==    by 0x471F1A5: rboxc_gawk_init_interpret (in /root/rboxc/target/gawk-format-lifetime-candidate/release/rboxc)
==748647==    by 0x443FE94: single_binary_main_gawk (in /root/rboxc/target/gawk-format-lifetime-candidate/release/rboxc)
==748647==    by 0x5A18600: (below main) (libc_start_call_main.h:59)
==748647== 
==748647== 88 bytes in 1 blocks are still reachable in loss record 132 of 170
==748647==    at 0x586E858: malloc (vg_replace_malloc.c:447)
==748647==    by 0x473EBAB: rboxc_gawk_r_getblock (in /root/rboxc/target/gawk-format-lifetime-candidate/release/rboxc)
==748647==    by 0x473F4F0: r_make_number (in /root/rboxc/target/gawk-format-lifetime-candidate/release/rboxc)
==748647==    by 0x471F1BA: rboxc_gawk_init_interpret (in /root/rboxc/target/gawk-format-lifetime-candidate/release/rboxc)
==748647==    by 0x443FE94: single_binary_main_gawk (in /root/rboxc/target/gawk-format-lifetime-candidate/release/rboxc)
==748647==    by 0x5A18600: (below main) (libc_start_call_main.h:59)
==748647== 
==748647== 88 bytes in 1 blocks are still reachable in loss record 133 of 170
==748647==    at 0x586E858: malloc (vg_replace_malloc.c:447)
==748647==    by 0x473EBAB: rboxc_gawk_r_getblock (in /root/rboxc/target/gawk-format-lifetime-candidate/release/rboxc)
==748647==    by 0x473EF81: rboxc_gawk_make_str_node (in /root/rboxc/target/gawk-format-lifetime-candidate/release/rboxc)
==748647==    by 0x474D135: install (in /root/rboxc/target/gawk-format-lifetime-candidate/release/rboxc)
==748647==    by 0x443FF58: single_binary_main_gawk (in /root/rboxc/target/gawk-format-lifetime-candidate/release/rboxc)
==748647==    by 0x5A18600: (below main) (libc_start_call_main.h:59)
==748647== 
==748647== 88 bytes in 1 blocks are still reachable in loss record 134 of 170
==748647==    at 0x586E858: malloc (vg_replace_malloc.c:447)
==748647==    by 0x473EBAB: rboxc_gawk_r_getblock (in /root/rboxc/target/gawk-format-lifetime-candidate/release/rboxc)
==748647==    by 0x474D213: install (in /root/rboxc/target/gawk-format-lifetime-candidate/release/rboxc)
==748647==    by 0x443FF58: single_binary_main_gawk (in /root/rboxc/target/gawk-format-lifetime-candidate/release/rboxc)
==748647==    by 0x5A18600: (below main) (libc_start_call_main.h:59)
==748647== 
==748647== 88 bytes in 1 blocks are still reachable in loss record 135 of 170
==748647==    at 0x586E858: malloc (vg_replace_malloc.c:447)
==748647==    by 0x473EBAB: rboxc_gawk_r_getblock (in /root/rboxc/target/gawk-format-lifetime-candidate/release/rboxc)
==748647==    by 0x473EF81: rboxc_gawk_make_str_node (in /root/rboxc/target/gawk-format-lifetime-candidate/release/rboxc)
==748647==    by 0x443FF98: single_binary_main_gawk (in /root/rboxc/target/gawk-format-lifetime-candidate/release/rboxc)
==748647==    by 0x5A18600: (below main) (libc_start_call_main.h:59)
==748647== 
==748647== 88 bytes in 1 blocks are still reachable in loss record 136 of 170
==748647==    at 0x586E858: malloc (vg_replace_malloc.c:447)
==748647==    by 0x473EBAB: rboxc_gawk_r_getblock (in /root/rboxc/target/gawk-format-lifetime-candidate/release/rboxc)
==748647==    by 0x470A932: cint_lookup (in /root/rboxc/target/gawk-format-lifetime-candidate/release/rboxc)
==748647==    by 0x4435AE2: rboxc::applet_gawk::assoc_set (in /root/rboxc/target/gawk-format-lifetime-candidate/release/rboxc)
==748647==    by 0x443FFAB: single_binary_main_gawk (in /root/rboxc/target/gawk-format-lifetime-candidate/release/rboxc)
==748647==    by 0x5A18600: (below main) (libc_start_call_main.h:59)
==748647== 
==748647== 88 bytes in 1 blocks are still reachable in loss record 137 of 170
==748647==    at 0x586E858: malloc (vg_replace_malloc.c:447)
==748647==    by 0x473EBAB: rboxc_gawk_r_getblock (in /root/rboxc/target/gawk-format-lifetime-candidate/release/rboxc)
==748647==    by 0x470A547: tree_lookup (in /root/rboxc/target/gawk-format-lifetime-candidate/release/rboxc)
==748647==    by 0x4435AE2: rboxc::applet_gawk::assoc_set (in /root/rboxc/target/gawk-format-lifetime-candidate/release/rboxc)
==748647==    by 0x443FFAB: single_binary_main_gawk (in /root/rboxc/target/gawk-format-lifetime-candidate/release/rboxc)
==748647==    by 0x5A18600: (below main) (libc_start_call_main.h:59)
==748647== 
==748647== 88 bytes in 1 blocks are still reachable in loss record 138 of 170
==748647==    at 0x586E858: malloc (vg_replace_malloc.c:447)
==748647==    by 0x473EBAB: rboxc_gawk_r_getblock (in /root/rboxc/target/gawk-format-lifetime-candidate/release/rboxc)
==748647==    by 0x473EF81: rboxc_gawk_make_str_node (in /root/rboxc/target/gawk-format-lifetime-candidate/release/rboxc)
==748647==    by 0x474D135: install (in /root/rboxc/target/gawk-format-lifetime-candidate/release/rboxc)
==748647==    by 0x4440233: single_binary_main_gawk (in /root/rboxc/target/gawk-format-lifetime-candidate/release/rboxc)
==748647==    by 0x5A18600: (below main) (libc_start_call_main.h:59)
==748647== 
==748647== 88 bytes in 1 blocks are still reachable in loss record 139 of 170
==748647==    at 0x586E858: malloc (vg_replace_malloc.c:447)
==748647==    by 0x473EBAB: rboxc_gawk_r_getblock (in /root/rboxc/target/gawk-format-lifetime-candidate/release/rboxc)
==748647==    by 0x474D213: install (in /root/rboxc/target/gawk-format-lifetime-candidate/release/rboxc)
==748647==    by 0x4440233: single_binary_main_gawk (in /root/rboxc/target/gawk-format-lifetime-candidate/release/rboxc)
==748647==    by 0x5A18600: (below main) (libc_start_call_main.h:59)
==748647== 
==748647== 88 bytes in 1 blocks are still reachable in loss record 140 of 170
==748647==    at 0x586E858: malloc (vg_replace_malloc.c:447)
==748647==    by 0x473EBAB: rboxc_gawk_r_getblock (in /root/rboxc/target/gawk-format-lifetime-candidate/release/rboxc)
==748647==    by 0x473F4F0: r_make_number (in /root/rboxc/target/gawk-format-lifetime-candidate/release/rboxc)
==748647==    by 0x4440258: single_binary_main_gawk (in /root/rboxc/target/gawk-format-lifetime-candidate/release/rboxc)
==748647==    by 0x5A18600: (below main) (libc_start_call_main.h:59)
==748647== 
==748647== 104 bytes in 1 blocks are still reachable in loss record 141 of 170
==748647==    at 0x5875E43: calloc (vg_replace_malloc.c:1678)
==748647==    by 0x474BDD4: grow_table (in /root/rboxc/target/gawk-format-lifetime-candidate/release/rboxc)
==748647==    by 0x474C9BC: str_lookup (in /root/rboxc/target/gawk-format-lifetime-candidate/release/rboxc)
==748647==    by 0x474D16C: install (in /root/rboxc/target/gawk-format-lifetime-candidate/release/rboxc)
==748647==    by 0x474D449: init_the_tables (in /root/rboxc/target/gawk-format-lifetime-candidate/release/rboxc)
==748647==    by 0x443E550: single_binary_main_gawk (in /root/rboxc/target/gawk-format-lifetime-candidate/release/rboxc)
==748647==    by 0x5A18600: (below main) (libc_start_call_main.h:59)
==748647== 
==748647== 104 bytes in 1 blocks are still reachable in loss record 142 of 170
==748647==    at 0x5875E43: calloc (vg_replace_malloc.c:1678)
==748647==    by 0x474BDD4: grow_table (in /root/rboxc/target/gawk-format-lifetime-candidate/release/rboxc)
==748647==    by 0x474C9BC: str_lookup (in /root/rboxc/target/gawk-format-lifetime-candidate/release/rboxc)
==748647==    by 0x474D16C: install (in /root/rboxc/target/gawk-format-lifetime-candidate/release/rboxc)
==748647==    by 0x443F280: single_binary_main_gawk (in /root/rboxc/target/gawk-format-lifetime-candidate/release/rboxc)
==748647==    by 0x5A18600: (below main) (libc_start_call_main.h:59)
==748647== 
==748647== 104 bytes in 1 blocks are still reachable in loss record 143 of 170
==748647==    at 0x5875E43: calloc (vg_replace_malloc.c:1678)
==748647==    by 0x474BDD4: grow_table (in /root/rboxc/target/gawk-format-lifetime-candidate/release/rboxc)
==748647==    by 0x474C9BC: str_lookup (in /root/rboxc/target/gawk-format-lifetime-candidate/release/rboxc)
==748647==    by 0x472B6DE: update_PROCINFO_str.part.0 (in /root/rboxc/target/gawk-format-lifetime-candidate/release/rboxc)
==748647==    by 0x443F4C2: single_binary_main_gawk (in /root/rboxc/target/gawk-format-lifetime-candidate/release/rboxc)
==748647==    by 0x5A18600: (below main) (libc_start_call_main.h:59)
==748647== 
==748647== 104 bytes in 1 blocks are still reachable in loss record 144 of 170
==748647==    at 0x5875E43: calloc (vg_replace_malloc.c:1678)
==748647==    by 0x474BDD4: grow_table (in /root/rboxc/target/gawk-format-lifetime-candidate/release/rboxc)
==748647==    by 0x474C9BC: str_lookup (in /root/rboxc/target/gawk-format-lifetime-candidate/release/rboxc)
==748647==    by 0x443FD46: single_binary_main_gawk (in /root/rboxc/target/gawk-format-lifetime-candidate/release/rboxc)
==748647==    by 0x5A18600: (below main) (libc_start_call_main.h:59)
==748647== 
==748647== 128 bytes in 1 blocks are still reachable in loss record 145 of 170
==748647==    at 0x586E858: malloc (vg_replace_malloc.c:447)
==748647==    by 0x46EC9E9: get_src_buf (in /root/rboxc/target/gawk-format-lifetime-candidate/release/rboxc)
==748647==    by 0x46ED12D: nextc (in /root/rboxc/target/gawk-format-lifetime-candidate/release/rboxc)
==748647==    by 0x46EF689: yylex (in /root/rboxc/target/gawk-format-lifetime-candidate/release/rboxc)
==748647==    by 0x46F249C: rboxc_gawk_yyparse (in /root/rboxc/target/gawk-format-lifetime-candidate/release/rboxc)
==748647==    by 0x46F639A: rboxc_gawk_parse_program (in /root/rboxc/target/gawk-format-lifetime-candidate/release/rboxc)
==748647==    by 0x44402A4: single_binary_main_gawk (in /root/rboxc/target/gawk-format-lifetime-candidate/release/rboxc)
==748647==    by 0x5A18600: (below main) (libc_start_call_main.h:59)
==748647== 
==748647== 151 bytes in 24 blocks are still reachable in loss record 146 of 170
==748647==    at 0x586E858: malloc (vg_replace_malloc.c:447)
==748647==    by 0x443F1EC: single_binary_main_gawk (in /root/rboxc/target/gawk-format-lifetime-candidate/release/rboxc)
==748647==    by 0x5A18600: (below main) (libc_start_call_main.h:59)
==748647== 
==748647== 151 bytes in 24 blocks are still reachable in loss record 147 of 170
==748647==    at 0x586E858: malloc (vg_replace_malloc.c:447)
==748647==    by 0x473F017: rboxc_gawk_make_str_node (in /root/rboxc/target/gawk-format-lifetime-candidate/release/rboxc)
==748647==    by 0x474D135: install (in /root/rboxc/target/gawk-format-lifetime-candidate/release/rboxc)
==748647==    by 0x443F280: single_binary_main_gawk (in /root/rboxc/target/gawk-format-lifetime-candidate/release/rboxc)
==748647==    by 0x5A18600: (below main) (libc_start_call_main.h:59)
==748647== 
==748647== 205 bytes in 24 blocks are still reachable in loss record 148 of 170
==748647==    at 0x586E858: malloc (vg_replace_malloc.c:447)
==748647==    by 0x473F017: rboxc_gawk_make_str_node (in /root/rboxc/target/gawk-format-lifetime-candidate/release/rboxc)
==748647==    by 0x443FD0C: single_binary_main_gawk (in /root/rboxc/target/gawk-format-lifetime-candidate/release/rboxc)
==748647==    by 0x5A18600: (below main) (libc_start_call_main.h:59)
==748647== 
==748647== 256 bytes in 1 blocks are still reachable in loss record 149 of 170
==748647==    at 0x5875E43: calloc (vg_replace_malloc.c:1678)
==748647==    by 0x470A8F2: cint_lookup (in /root/rboxc/target/gawk-format-lifetime-candidate/release/rboxc)
==748647==    by 0x4435AE2: rboxc::applet_gawk::assoc_set (in /root/rboxc/target/gawk-format-lifetime-candidate/release/rboxc)
==748647==    by 0x4440162: single_binary_main_gawk (in /root/rboxc/target/gawk-format-lifetime-candidate/release/rboxc)
==748647==    by 0x5A18600: (below main) (libc_start_call_main.h:59)
==748647== 
==748647== 256 bytes in 1 blocks are still reachable in loss record 150 of 170
==748647==    at 0x5875E43: calloc (vg_replace_malloc.c:1678)
==748647==    by 0x470A2F7: tree_lookup (in /root/rboxc/target/gawk-format-lifetime-candidate/release/rboxc)
==748647==    by 0x4435AE2: rboxc::applet_gawk::assoc_set (in /root/rboxc/target/gawk-format-lifetime-candidate/release/rboxc)
==748647==    by 0x4440162: single_binary_main_gawk (in /root/rboxc/target/gawk-format-lifetime-candidate/release/rboxc)
==748647==    by 0x5A18600: (below main) (libc_start_call_main.h:59)
==748647== 
==748647== 256 bytes in 1 blocks are still reachable in loss record 151 of 170
==748647==    at 0x5875E43: calloc (vg_replace_malloc.c:1678)
==748647==    by 0x470A520: tree_lookup (in /root/rboxc/target/gawk-format-lifetime-candidate/release/rboxc)
==748647==    by 0x4435AE2: rboxc::applet_gawk::assoc_set (in /root/rboxc/target/gawk-format-lifetime-candidate/release/rboxc)
==748647==    by 0x4440162: single_binary_main_gawk (in /root/rboxc/target/gawk-format-lifetime-candidate/release/rboxc)
==748647==    by 0x5A18600: (below main) (libc_start_call_main.h:59)
==748647== 
==748647== 256 bytes in 1 blocks are still reachable in loss record 152 of 170
==748647==    at 0x5875E43: calloc (vg_replace_malloc.c:1678)
==748647==    by 0x470A8F2: cint_lookup (in /root/rboxc/target/gawk-format-lifetime-candidate/release/rboxc)
==748647==    by 0x4435AE2: rboxc::applet_gawk::assoc_set (in /root/rboxc/target/gawk-format-lifetime-candidate/release/rboxc)
==748647==    by 0x443FFAB: single_binary_main_gawk (in /root/rboxc/target/gawk-format-lifetime-candidate/release/rboxc)
==748647==    by 0x5A18600: (below main) (libc_start_call_main.h:59)
==748647== 
==748647== 256 bytes in 1 blocks are still reachable in loss record 153 of 170
==748647==    at 0x5875E43: calloc (vg_replace_malloc.c:1678)
==748647==    by 0x470A2F7: tree_lookup (in /root/rboxc/target/gawk-format-lifetime-candidate/release/rboxc)
==748647==    by 0x4435AE2: rboxc::applet_gawk::assoc_set (in /root/rboxc/target/gawk-format-lifetime-candidate/release/rboxc)
==748647==    by 0x443FFAB: single_binary_main_gawk (in /root/rboxc/target/gawk-format-lifetime-candidate/release/rboxc)
==748647==    by 0x5A18600: (below main) (libc_start_call_main.h:59)
==748647== 
==748647== 256 bytes in 1 blocks are still reachable in loss record 154 of 170
==748647==    at 0x5875E43: calloc (vg_replace_malloc.c:1678)
==748647==    by 0x470A520: tree_lookup (in /root/rboxc/target/gawk-format-lifetime-candidate/release/rboxc)
==748647==    by 0x4435AE2: rboxc::applet_gawk::assoc_set (in /root/rboxc/target/gawk-format-lifetime-candidate/release/rboxc)
==748647==    by 0x443FFAB: single_binary_main_gawk (in /root/rboxc/target/gawk-format-lifetime-candidate/release/rboxc)
==748647==    by 0x5A18600: (below main) (libc_start_call_main.h:59)
==748647== 
==748647== 296 bytes in 1 blocks are still reachable in loss record 155 of 170
==748647==    at 0x5875E43: calloc (vg_replace_malloc.c:1678)
==748647==    by 0x46EA646: do_add_srcfile (in /root/rboxc/target/gawk-format-lifetime-candidate/release/rboxc)
==748647==    by 0x46EE6D0: rboxc_gawk_add_srcfile (in /root/rboxc/target/gawk-format-lifetime-candidate/release/rboxc)
==748647==    by 0x443EA88: single_binary_main_gawk (in /root/rboxc/target/gawk-format-lifetime-candidate/release/rboxc)
==748647==    by 0x5A18600: (below main) (libc_start_call_main.h:59)
==748647== 
==748647== 296 bytes in 1 blocks are still reachable in loss record 156 of 170
==748647==    at 0x5875E43: calloc (vg_replace_malloc.c:1678)
==748647==    by 0x46EA646: do_add_srcfile (in /root/rboxc/target/gawk-format-lifetime-candidate/release/rboxc)
==748647==    by 0x46EE6D0: rboxc_gawk_add_srcfile (in /root/rboxc/target/gawk-format-lifetime-candidate/release/rboxc)
==748647==    by 0x443E939: single_binary_main_gawk (in /root/rboxc/target/gawk-format-lifetime-candidate/release/rboxc)
==748647==    by 0x5A18600: (below main) (libc_start_call_main.h:59)
==748647== 
==748647== 528 bytes in 6 blocks are still reachable in loss record 157 of 170
==748647==    at 0x586E858: malloc (vg_replace_malloc.c:447)
==748647==    by 0x473EBAB: rboxc_gawk_r_getblock (in /root/rboxc/target/gawk-format-lifetime-candidate/release/rboxc)
==748647==    by 0x473EF81: rboxc_gawk_make_str_node (in /root/rboxc/target/gawk-format-lifetime-candidate/release/rboxc)
==748647==    by 0x4440154: single_binary_main_gawk (in /root/rboxc/target/gawk-format-lifetime-candidate/release/rboxc)
==748647==    by 0x5A18600: (below main) (libc_start_call_main.h:59)
==748647== 
==748647== 552 bytes in 1 blocks are still reachable in loss record 158 of 170
==748647==    at 0x5875E43: calloc (vg_replace_malloc.c:1678)
==748647==    by 0x474EA56: rboxc_gawk_new_context (in /root/rboxc/target/gawk-format-lifetime-candidate/release/rboxc)
==748647==    by 0x443E56A: single_binary_main_gawk (in /root/rboxc/target/gawk-format-lifetime-candidate/release/rboxc)
==748647==    by 0x5A18600: (below main) (libc_start_call_main.h:59)
==748647== 
==748647== 830 bytes in 24 blocks are still reachable in loss record 159 of 170
==748647==    at 0x586E858: malloc (vg_replace_malloc.c:447)
==748647==    by 0x473F017: rboxc_gawk_make_str_node (in /root/rboxc/target/gawk-format-lifetime-candidate/release/rboxc)
==748647==    by 0x443FD20: single_binary_main_gawk (in /root/rboxc/target/gawk-format-lifetime-candidate/release/rboxc)
==748647==    by 0x5A18600: (below main) (libc_start_call_main.h:59)
==748647== 
==748647== 880 bytes in 10 blocks are still reachable in loss record 160 of 170
==748647==    at 0x586E858: malloc (vg_replace_malloc.c:447)
==748647==    by 0x473EBAB: rboxc_gawk_r_getblock (in /root/rboxc/target/gawk-format-lifetime-candidate/release/rboxc)
==748647==    by 0x473F4F0: r_make_number (in /root/rboxc/target/gawk-format-lifetime-candidate/release/rboxc)
==748647==    by 0x443F2C3: single_binary_main_gawk (in /root/rboxc/target/gawk-format-lifetime-candidate/release/rboxc)
==748647==    by 0x5A18600: (below main) (libc_start_call_main.h:59)
==748647== 
==748647== 1,152 bytes in 24 blocks are still reachable in loss record 161 of 170
==748647==    at 0x586E858: malloc (vg_replace_malloc.c:447)
==748647==    by 0x473EBAB: rboxc_gawk_r_getblock (in /root/rboxc/target/gawk-format-lifetime-candidate/release/rboxc)
==748647==    by 0x474C959: str_lookup (in /root/rboxc/target/gawk-format-lifetime-candidate/release/rboxc)
==748647==    by 0x474D16C: install (in /root/rboxc/target/gawk-format-lifetime-candidate/release/rboxc)
==748647==    by 0x443F280: single_binary_main_gawk (in /root/rboxc/target/gawk-format-lifetime-candidate/release/rboxc)
==748647==    by 0x5A18600: (below main) (libc_start_call_main.h:59)
==748647== 
==748647== 1,152 bytes in 24 blocks are still reachable in loss record 162 of 170
==748647==    at 0x586E858: malloc (vg_replace_malloc.c:447)
==748647==    by 0x473EBAB: rboxc_gawk_r_getblock (in /root/rboxc/target/gawk-format-lifetime-candidate/release/rboxc)
==748647==    by 0x474C959: str_lookup (in /root/rboxc/target/gawk-format-lifetime-candidate/release/rboxc)
==748647==    by 0x443FD46: single_binary_main_gawk (in /root/rboxc/target/gawk-format-lifetime-candidate/release/rboxc)
==748647==    by 0x5A18600: (below main) (libc_start_call_main.h:59)
==748647== 
==748647== 1,232 bytes in 14 blocks are still reachable in loss record 163 of 170
==748647==    at 0x586E858: malloc (vg_replace_malloc.c:447)
==748647==    by 0x473EBAB: rboxc_gawk_r_getblock (in /root/rboxc/target/gawk-format-lifetime-candidate/release/rboxc)
==748647==    by 0x473EF81: rboxc_gawk_make_str_node (in /root/rboxc/target/gawk-format-lifetime-candidate/release/rboxc)
==748647==    by 0x443F2AA: single_binary_main_gawk (in /root/rboxc/target/gawk-format-lifetime-candidate/release/rboxc)
==748647==    by 0x5A18600: (below main) (libc_start_call_main.h:59)
==748647== 
==748647== 2,048 bytes in 1 blocks are still reachable in loss record 164 of 170
==748647==    at 0x586E858: malloc (vg_replace_malloc.c:447)
==748647==    by 0x471F119: rboxc_gawk_init_interpret (in /root/rboxc/target/gawk-format-lifetime-candidate/release/rboxc)
==748647==    by 0x443FE94: single_binary_main_gawk (in /root/rboxc/target/gawk-format-lifetime-candidate/release/rboxc)
==748647==    by 0x5A18600: (below main) (libc_start_call_main.h:59)
==748647== 
==748647== 2,112 bytes in 24 blocks are still reachable in loss record 165 of 170
==748647==    at 0x586E858: malloc (vg_replace_malloc.c:447)
==748647==    by 0x473EBAB: rboxc_gawk_r_getblock (in /root/rboxc/target/gawk-format-lifetime-candidate/release/rboxc)
==748647==    by 0x473EF81: rboxc_gawk_make_str_node (in /root/rboxc/target/gawk-format-lifetime-candidate/release/rboxc)
==748647==    by 0x474D135: install (in /root/rboxc/target/gawk-format-lifetime-candidate/release/rboxc)
==748647==    by 0x443F280: single_binary_main_gawk (in /root/rboxc/target/gawk-format-lifetime-candidate/release/rboxc)
==748647==    by 0x5A18600: (below main) (libc_start_call_main.h:59)
==748647== 
==748647== 2,112 bytes in 24 blocks are still reachable in loss record 166 of 170
==748647==    at 0x586E858: malloc (vg_replace_malloc.c:447)
==748647==    by 0x473EBAB: rboxc_gawk_r_getblock (in /root/rboxc/target/gawk-format-lifetime-candidate/release/rboxc)
==748647==    by 0x474D213: install (in /root/rboxc/target/gawk-format-lifetime-candidate/release/rboxc)
==748647==    by 0x443F280: single_binary_main_gawk (in /root/rboxc/target/gawk-format-lifetime-candidate/release/rboxc)
==748647==    by 0x5A18600: (below main) (libc_start_call_main.h:59)
==748647== 
==748647== 2,112 bytes in 24 blocks are still reachable in loss record 167 of 170
==748647==    at 0x586E858: malloc (vg_replace_malloc.c:447)
==748647==    by 0x473EBAB: rboxc_gawk_r_getblock (in /root/rboxc/target/gawk-format-lifetime-candidate/release/rboxc)
==748647==    by 0x473EF81: rboxc_gawk_make_str_node (in /root/rboxc/target/gawk-format-lifetime-candidate/release/rboxc)
==748647==    by 0x443FD0C: single_binary_main_gawk (in /root/rboxc/target/gawk-format-lifetime-candidate/release/rboxc)
==748647==    by 0x5A18600: (below main) (libc_start_call_main.h:59)
==748647== 
==748647== 2,112 bytes in 24 blocks are still reachable in loss record 168 of 170
==748647==    at 0x586E858: malloc (vg_replace_malloc.c:447)
==748647==    by 0x473EBAB: rboxc_gawk_r_getblock (in /root/rboxc/target/gawk-format-lifetime-candidate/release/rboxc)
==748647==    by 0x473EF81: rboxc_gawk_make_str_node (in /root/rboxc/target/gawk-format-lifetime-candidate/release/rboxc)
==748647==    by 0x443FD20: single_binary_main_gawk (in /root/rboxc/target/gawk-format-lifetime-candidate/release/rboxc)
==748647==    by 0x5A18600: (below main) (libc_start_call_main.h:59)
==748647== 
==748647== 5,048 bytes in 1 blocks are still reachable in loss record 169 of 170
==748647==    at 0x586E858: malloc (vg_replace_malloc.c:447)
==748647==    by 0x474E971: rboxc_gawk_bcalloc (in /root/rboxc/target/gawk-format-lifetime-candidate/release/rboxc)
==748647==    by 0x46F62BC: rboxc_gawk_parse_program (in /root/rboxc/target/gawk-format-lifetime-candidate/release/rboxc)
==748647==    by 0x44402A4: single_binary_main_gawk (in /root/rboxc/target/gawk-format-lifetime-candidate/release/rboxc)
==748647==    by 0x5A18600: (below main) (libc_start_call_main.h:59)
==748647== 
==748647== 5,048 bytes in 1 blocks are still reachable in loss record 170 of 170
==748647==    at 0x586E858: malloc (vg_replace_malloc.c:447)
==748647==    by 0x474E971: rboxc_gawk_bcalloc (in /root/rboxc/target/gawk-format-lifetime-candidate/release/rboxc)
==748647==    by 0x46F67B8: rboxc_gawk_parse_program (in /root/rboxc/target/gawk-format-lifetime-candidate/release/rboxc)
==748647==    by 0x44402A4: single_binary_main_gawk (in /root/rboxc/target/gawk-format-lifetime-candidate/release/rboxc)
==748647==    by 0x5A18600: (below main) (libc_start_call_main.h:59)
==748647== 
==748647== LEAK SUMMARY:
==748647==    definitely lost: 0 bytes in 0 blocks
==748647==    indirectly lost: 0 bytes in 0 blocks
==748647==      possibly lost: 0 bytes in 0 blocks
==748647==    still reachable: 36,746 bytes in 450 blocks
==748647==         suppressed: 0 bytes in 0 blocks
==748647== 
==748647== For lists of detected and suppressed errors, rerun with: -s
==748647== ERROR SUMMARY: 0 errors from 0 contexts (suppressed: 0 from 0)
