==736289== Memcheck, a memory error detector
==736289== Copyright (C) 2002-2024, and GNU GPL'd, by Julian Seward et al.
==736289== Using Valgrind-3.26.0 and LibVEX; rerun with -h for copyright info
==736289== Command: gawk -f concat4.awk
==736289== Parent PID: 736288
==736289== 
==736289== 
==736289== FILE DESCRIPTORS: 3 open (2 inherited) at exit.
==736289== Open file descriptor 0: /dev/null
==736289==    at 0x4C4BE8B: dup2 (dup2.c:29)
==736289==    by 0x405EDA8: remap_std_file (io.c:615)
==736289==    by 0x405EDA8: iop_close (io.c:651)
==736289==    by 0x4061153: nextfile (io.c:453)
==736289==    by 0x404ECBF: r_interpret (interpret.h:1421)
==736289==    by 0x400EDDE: main (main.c:532)
==736289== 
==736289== 
==736289== HEAP SUMMARY:
==736289==     in use at exit: 63,655 bytes in 864 blocks
==736289==   total heap usage: 1,353 allocs, 489 frees, 95,036 bytes allocated
==736289== 
==736289== 1 bytes in 1 blocks are still reachable in loss record 1 of 210
==736289==    at 0x497D858: malloc (vg_replace_malloc.c:447)
==736289==    by 0x4066564: emalloc_real (awk.h:2156)
==736289==    by 0x4066564: estrdup (main.c:1451)
==736289==    by 0x400D485: init_locale (main.c:1479)
==736289==    by 0x400D485: set_locale_stuff (main.c:1849)
==736289==    by 0x400D485: main (main.c:254)
==736289== 
==736289== 1 bytes in 1 blocks are still reachable in loss record 2 of 210
==736289==    at 0x497D858: malloc (vg_replace_malloc.c:447)
==736289==    by 0x4066564: emalloc_real (awk.h:2156)
==736289==    by 0x4066564: estrdup (main.c:1451)
==736289==    by 0x400D4A1: init_locale (main.c:1480)
==736289==    by 0x400D4A1: set_locale_stuff (main.c:1849)
==736289==    by 0x400D4A1: main (main.c:254)
==736289== 
==736289== 1 bytes in 1 blocks are still reachable in loss record 3 of 210
==736289==    at 0x497D858: malloc (vg_replace_malloc.c:447)
==736289==    by 0x4066564: emalloc_real (awk.h:2156)
==736289==    by 0x4066564: estrdup (main.c:1451)
==736289==    by 0x400D4BD: init_locale (main.c:1481)
==736289==    by 0x400D4BD: set_locale_stuff (main.c:1849)
==736289==    by 0x400D4BD: main (main.c:254)
==736289== 
==736289== 1 bytes in 1 blocks are still reachable in loss record 4 of 210
==736289==    at 0x497D858: malloc (vg_replace_malloc.c:447)
==736289==    by 0x4066564: emalloc_real (awk.h:2156)
==736289==    by 0x4066564: estrdup (main.c:1451)
==736289==    by 0x400D4D9: init_locale (main.c:1482)
==736289==    by 0x400D4D9: set_locale_stuff (main.c:1849)
==736289==    by 0x400D4D9: main (main.c:254)
==736289== 
==736289== 1 bytes in 1 blocks are still reachable in loss record 5 of 210
==736289==    at 0x497D858: malloc (vg_replace_malloc.c:447)
==736289==    by 0x4066564: emalloc_real (awk.h:2156)
==736289==    by 0x4066564: estrdup (main.c:1451)
==736289==    by 0x400D4F5: init_locale (main.c:1483)
==736289==    by 0x400D4F5: set_locale_stuff (main.c:1849)
==736289==    by 0x400D4F5: main (main.c:254)
==736289== 
==736289== 1 bytes in 1 blocks are still reachable in loss record 6 of 210
==736289==    at 0x497D858: malloc (vg_replace_malloc.c:447)
==736289==    by 0x4066564: emalloc_real (awk.h:2156)
==736289==    by 0x4066564: estrdup (main.c:1451)
==736289==    by 0x400D511: init_locale (main.c:1484)
==736289==    by 0x400D511: set_locale_stuff (main.c:1849)
==736289==    by 0x400D511: main (main.c:254)
==736289== 
==736289== 1 bytes in 1 blocks are still reachable in loss record 7 of 210
==736289==    at 0x497D858: malloc (vg_replace_malloc.c:447)
==736289==    by 0x4066564: emalloc_real (awk.h:2156)
==736289==    by 0x4066564: estrdup (main.c:1451)
==736289==    by 0x400D52D: init_locale (main.c:1485)
==736289==    by 0x400D52D: set_locale_stuff (main.c:1849)
==736289==    by 0x400D52D: main (main.c:254)
==736289== 
==736289== 1 bytes in 1 blocks are still reachable in loss record 8 of 210
==736289==    at 0x497D858: malloc (vg_replace_malloc.c:447)
==736289==    by 0x4069457: emalloc_real (awk.h:2156)
==736289==    by 0x4069457: make_str_node (node.c:422)
==736289==    by 0x400D5C7: main (main.c:278)
==736289== 
==736289== 1 bytes in 1 blocks are still reachable in loss record 9 of 210
==736289==    at 0x497D858: malloc (vg_replace_malloc.c:447)
==736289==    by 0x4069457: emalloc_real (awk.h:2156)
==736289==    by 0x4069457: make_str_node (node.c:422)
==736289==    by 0x40553E0: init_fields (field.c:111)
==736289==    by 0x400E1A4: main (main.c:410)
==736289== 
==736289== 1 bytes in 1 blocks are still reachable in loss record 10 of 210
==736289==    at 0x497D858: malloc (vg_replace_malloc.c:447)
==736289==    by 0x4069457: emalloc_real (awk.h:2156)
==736289==    by 0x4069457: make_str_node (node.c:422)
==736289==    by 0x40473FB: update_ERRNO_int (eval.c:1036)
==736289==    by 0x40473FB: update_ERRNO_int (eval.c:1022)
==736289==    by 0x40613B8: nextfile (io.c:515)
==736289==    by 0x404ECBF: r_interpret (interpret.h:1421)
==736289==    by 0x400EDDE: main (main.c:532)
==736289== 
==736289== 2 bytes in 1 blocks are still reachable in loss record 11 of 210
==736289==    at 0x497D858: malloc (vg_replace_malloc.c:447)
==736289==    by 0x4066564: emalloc_real (awk.h:2156)
==736289==    by 0x4066564: estrdup (main.c:1451)
==736289==    by 0x400D434: init_locale (main.c:1476)
==736289==    by 0x400D434: set_locale_stuff (main.c:1849)
==736289==    by 0x400D434: main (main.c:254)
==736289== 
==736289== 2 bytes in 1 blocks are still reachable in loss record 12 of 210
==736289==    at 0x497D858: malloc (vg_replace_malloc.c:447)
==736289==    by 0x4066564: emalloc_real (awk.h:2156)
==736289==    by 0x4066564: estrdup (main.c:1451)
==736289==    by 0x400D44E: init_locale (main.c:1477)
==736289==    by 0x400D44E: set_locale_stuff (main.c:1849)
==736289==    by 0x400D44E: main (main.c:254)
==736289== 
==736289== 2 bytes in 1 blocks are still reachable in loss record 13 of 210
==736289==    at 0x497D858: malloc (vg_replace_malloc.c:447)
==736289==    by 0x4066564: emalloc_real (awk.h:2156)
==736289==    by 0x4066564: estrdup (main.c:1451)
==736289==    by 0x400D469: init_locale (main.c:1478)
==736289==    by 0x400D469: set_locale_stuff (main.c:1849)
==736289==    by 0x400D469: main (main.c:254)
==736289== 
==736289== 2 bytes in 1 blocks are still reachable in loss record 14 of 210
==736289==    at 0x497D858: malloc (vg_replace_malloc.c:447)
==736289==    by 0x4046CFF: emalloc_real (awk.h:2156)
==736289==    by 0x4046CFF: set_OFS (eval.c:839)
==736289==    by 0x400D9A3: init_vars (main.c:873)
==736289==    by 0x400D9A3: main (main.c:403)
==736289== 
==736289== 2 bytes in 1 blocks are still reachable in loss record 15 of 210
==736289==    at 0x497D858: malloc (vg_replace_malloc.c:447)
==736289==    by 0x4066564: emalloc_real (awk.h:2156)
==736289==    by 0x4066564: estrdup (main.c:1451)
==736289==    by 0x401A0B8: yylex (awkgram.y:4495)
==736289==    by 0x401C83C: yyparse (awkgram.c:1879)
==736289==    by 0x402073A: parse_program (awkgram.y:2797)
==736289==    by 0x400EAD8: main (main.c:483)
==736289== 
==736289== 2 bytes in 1 blocks are still reachable in loss record 16 of 210
==736289==    at 0x497D858: malloc (vg_replace_malloc.c:447)
==736289==    by 0x4069457: emalloc_real (awk.h:2156)
==736289==    by 0x4069457: make_str_node (node.c:422)
==736289==    by 0x4077055: install (symbol.c:399)
==736289==    by 0x401CA63: yyparse (awkgram.y:2148)
==736289==    by 0x402073A: parse_program (awkgram.y:2797)
==736289==    by 0x400EAD8: main (main.c:483)
==736289== 
==736289== 2 bytes in 1 blocks are still reachable in loss record 17 of 210
==736289==    at 0x497D858: malloc (vg_replace_malloc.c:447)
==736289==    by 0x4069457: emalloc_real (awk.h:2156)
==736289==    by 0x4069457: make_str_node (node.c:422)
==736289==    by 0x40613F5: nextfile (io.c:518)
==736289==    by 0x404ECBF: r_interpret (interpret.h:1421)
==736289==    by 0x400EDDE: main (main.c:532)
==736289== 
==736289== 2 bytes in 1 blocks are still reachable in loss record 18 of 210
==736289==    at 0x497D858: malloc (vg_replace_malloc.c:447)
==736289==    by 0x4069457: emalloc_real (awk.h:2156)
==736289==    by 0x4069457: make_str_node (node.c:422)
==736289==    by 0x40604F8: get_a_record (io.c:4164)
==736289==    by 0x4060947: inrec (io.c:585)
==736289==    by 0x404ECFC: r_interpret (interpret.h:1457)
==736289==    by 0x400EDDE: main (main.c:532)
==736289== 
==736289== 3 bytes in 1 blocks are still reachable in loss record 19 of 210
==736289==    at 0x497D858: malloc (vg_replace_malloc.c:447)
==736289==    by 0x4069457: emalloc_real (awk.h:2156)
==736289==    by 0x4069457: make_str_node (node.c:422)
==736289==    by 0x4054B6F: update_PROCINFO_str.part.0 (field.c:1661)
==736289==    by 0x400E83A: load_procinfo (main.c:1072)
==736289==    by 0x400E83A: init_vars (main.c:878)
==736289==    by 0x400E83A: main (main.c:403)
==736289== 
==736289== 3 bytes in 1 blocks are still reachable in loss record 20 of 210
==736289==    at 0x497D858: malloc (vg_replace_malloc.c:447)
==736289==    by 0x4069457: emalloc_real (awk.h:2156)
==736289==    by 0x4069457: make_str_node (node.c:422)
==736289==    by 0x4054B87: update_PROCINFO_str.part.0 (field.c:1662)
==736289==    by 0x400E83A: load_procinfo (main.c:1072)
==736289==    by 0x400E83A: init_vars (main.c:878)
==736289==    by 0x400E83A: main (main.c:403)
==736289== 
==736289== 4 bytes in 1 blocks are still reachable in loss record 21 of 210
==736289==    at 0x497D858: malloc (vg_replace_malloc.c:447)
==736289==    by 0x4069457: emalloc_real (awk.h:2156)
==736289==    by 0x4069457: make_str_node (node.c:422)
==736289==    by 0x4058004: update_PROCINFO_num (field.c:1674)
==736289==    by 0x400E79D: load_procinfo (main.c:1055)
==736289==    by 0x400E79D: init_vars (main.c:878)
==736289==    by 0x400E79D: main (main.c:403)
==736289== 
==736289== 4 bytes in 1 blocks are still reachable in loss record 22 of 210
==736289==    at 0x497D858: malloc (vg_replace_malloc.c:447)
==736289==    by 0x4069457: emalloc_real (awk.h:2156)
==736289==    by 0x4069457: make_str_node (node.c:422)
==736289==    by 0x4058004: update_PROCINFO_num (field.c:1674)
==736289==    by 0x400E7D2: load_procinfo (main.c:1061)
==736289==    by 0x400E7D2: init_vars (main.c:878)
==736289==    by 0x400E7D2: main (main.c:403)
==736289== 
==736289== 4 bytes in 1 blocks are still reachable in loss record 23 of 210
==736289==    at 0x497D858: malloc (vg_replace_malloc.c:447)
==736289==    by 0x4069457: emalloc_real (awk.h:2156)
==736289==    by 0x4069457: make_str_node (node.c:422)
==736289==    by 0x4058004: update_PROCINFO_num (field.c:1674)
==736289==    by 0x400E80A: load_procinfo (main.c:1067)
==736289==    by 0x400E80A: init_vars (main.c:878)
==736289==    by 0x400E80A: main (main.c:403)
==736289== 
==736289== 4 bytes in 1 blocks are still reachable in loss record 24 of 210
==736289==    at 0x497D858: malloc (vg_replace_malloc.c:447)
==736289==    by 0x4069457: emalloc_real (awk.h:2156)
==736289==    by 0x4069457: make_str_node (node.c:422)
==736289==    by 0x4054B6F: update_PROCINFO_str.part.0 (field.c:1661)
==736289==    by 0x400E8D2: load_procinfo (main.c:1087)
==736289==    by 0x400E8D2: init_vars (main.c:878)
==736289==    by 0x400E8D2: main (main.c:403)
==736289== 
==736289== 4 bytes in 2 blocks are still reachable in loss record 25 of 210
==736289==    at 0x497D858: malloc (vg_replace_malloc.c:447)
==736289==    by 0x4069457: emalloc_real (awk.h:2156)
==736289==    by 0x4069457: make_str_node (node.c:422)
==736289==    by 0x401B194: yylex (awkgram.y:4074)
==736289==    by 0x401C83C: yyparse (awkgram.c:1879)
==736289==    by 0x402073A: parse_program (awkgram.y:2797)
==736289==    by 0x400EAD8: main (main.c:483)
==736289== 
==736289== 5 bytes in 1 blocks are still reachable in loss record 26 of 210
==736289==    at 0x497D858: malloc (vg_replace_malloc.c:447)
==736289==    by 0x4069457: emalloc_real (awk.h:2156)
==736289==    by 0x4069457: make_str_node (node.c:422)
==736289==    by 0x4058004: update_PROCINFO_num (field.c:1674)
==736289==    by 0x400E7B6: load_procinfo (main.c:1058)
==736289==    by 0x400E7B6: init_vars (main.c:878)
==736289==    by 0x400E7B6: main (main.c:403)
==736289== 
==736289== 5 bytes in 1 blocks are still reachable in loss record 27 of 210
==736289==    at 0x497D858: malloc (vg_replace_malloc.c:447)
==736289==    by 0x4069457: emalloc_real (awk.h:2156)
==736289==    by 0x4069457: make_str_node (node.c:422)
==736289==    by 0x4058004: update_PROCINFO_num (field.c:1674)
==736289==    by 0x400E7EE: load_procinfo (main.c:1064)
==736289==    by 0x400E7EE: init_vars (main.c:878)
==736289==    by 0x400E7EE: main (main.c:403)
==736289== 
==736289== 5 bytes in 1 blocks are still reachable in loss record 28 of 210
==736289==    at 0x497D858: malloc (vg_replace_malloc.c:447)
==736289==    by 0x4069457: emalloc_real (awk.h:2156)
==736289==    by 0x4069457: make_str_node (node.c:422)
==736289==    by 0x4058004: update_PROCINFO_num (field.c:1674)
==736289==    by 0x400E826: load_procinfo (main.c:1070)
==736289==    by 0x400E826: init_vars (main.c:878)
==736289==    by 0x400E826: main (main.c:403)
==736289== 
==736289== 5 bytes in 1 blocks are still reachable in loss record 29 of 210
==736289==    at 0x497D858: malloc (vg_replace_malloc.c:447)
==736289==    by 0x4066564: emalloc_real (awk.h:2156)
==736289==    by 0x4066564: estrdup (main.c:1451)
==736289==    by 0x400E91C: load_procinfo_argv (main.c:988)
==736289==    by 0x400E91C: load_procinfo (main.c:1093)
==736289==    by 0x400E91C: init_vars (main.c:878)
==736289==    by 0x400E91C: main (main.c:403)
==736289== 
==736289== 5 bytes in 1 blocks are still reachable in loss record 30 of 210
==736289==    at 0x497D858: malloc (vg_replace_malloc.c:447)
==736289==    by 0x4069457: emalloc_real (awk.h:2156)
==736289==    by 0x4069457: make_str_node (node.c:422)
==736289==    by 0x400EC1B: load_procinfo_argv (main.c:996)
==736289==    by 0x400EC1B: load_procinfo (main.c:1093)
==736289==    by 0x400EC1B: init_vars (main.c:878)
==736289==    by 0x400EC1B: main (main.c:403)
==736289== 
==736289== 5 bytes in 1 blocks are still reachable in loss record 31 of 210
==736289==    at 0x497D858: malloc (vg_replace_malloc.c:447)
==736289==    by 0x4066564: emalloc_real (awk.h:2156)
==736289==    by 0x4066564: estrdup (main.c:1451)
==736289==    by 0x400E407: init_args (main.c:764)
==736289==    by 0x400E407: main (main.c:470)
==736289== 
==736289== 5 bytes in 1 blocks are still reachable in loss record 32 of 210
==736289==    at 0x497D858: malloc (vg_replace_malloc.c:447)
==736289==    by 0x4069457: emalloc_real (awk.h:2156)
==736289==    by 0x4069457: make_str_node (node.c:422)
==736289==    by 0x4077055: install (symbol.c:399)
==736289==    by 0x400E414: init_args (main.c:764)
==736289==    by 0x400E414: main (main.c:470)
==736289== 
==736289== 5 bytes in 1 blocks are still reachable in loss record 33 of 210
==736289==    at 0x497D858: malloc (vg_replace_malloc.c:447)
==736289==    by 0x4069457: emalloc_real (awk.h:2156)
==736289==    by 0x4069457: make_str_node (node.c:422)
==736289==    by 0x400E43D: init_args (main.c:766)
==736289==    by 0x400E43D: main (main.c:470)
==736289== 
==736289== 5 bytes in 1 blocks are still reachable in loss record 34 of 210
==736289==    at 0x497D858: malloc (vg_replace_malloc.c:447)
==736289==    by 0x4066564: emalloc_real (awk.h:2156)
==736289==    by 0x4066564: estrdup (main.c:1451)
==736289==    by 0x400EA83: init_args (main.c:791)
==736289==    by 0x400EA83: main (main.c:470)
==736289== 
==736289== 5 bytes in 1 blocks are still reachable in loss record 35 of 210
==736289==    at 0x497D858: malloc (vg_replace_malloc.c:447)
==736289==    by 0x4069457: emalloc_real (awk.h:2156)
==736289==    by 0x4069457: make_str_node (node.c:422)
==736289==    by 0x4077055: install (symbol.c:399)
==736289==    by 0x400EA90: init_args (main.c:791)
==736289==    by 0x400EA90: main (main.c:470)
==736289== 
==736289== 6 bytes in 1 blocks are still reachable in loss record 36 of 210
==736289==    at 0x497D858: malloc (vg_replace_malloc.c:447)
==736289==    by 0x4069457: emalloc_real (awk.h:2156)
==736289==    by 0x4069457: make_str_node (node.c:422)
==736289==    by 0x4054B87: update_PROCINFO_str.part.0 (field.c:1662)
==736289==    by 0x400E71D: load_procinfo (main.c:1021)
==736289==    by 0x400E71D: init_vars (main.c:878)
==736289==    by 0x400E71D: main (main.c:403)
==736289== 
==736289== 6 bytes in 1 blocks are still reachable in loss record 37 of 210
==736289==    at 0x497D858: malloc (vg_replace_malloc.c:447)
==736289==    by 0x4069457: emalloc_real (awk.h:2156)
==736289==    by 0x4069457: make_str_node (node.c:422)
==736289==    by 0x4054B87: update_PROCINFO_str.part.0 (field.c:1662)
==736289==    by 0x400E743: load_procinfo (main.c:1023)
==736289==    by 0x400E743: init_vars (main.c:878)
==736289==    by 0x400E743: main (main.c:403)
==736289== 
==736289== 6 bytes in 1 blocks are still reachable in loss record 38 of 210
==736289==    at 0x497D858: malloc (vg_replace_malloc.c:447)
==736289==    by 0x4069457: emalloc_real (awk.h:2156)
==736289==    by 0x4069457: make_str_node (node.c:422)
==736289==    by 0x407810A: load_symbols (symbol.c:681)
==736289==    by 0x400ED85: main (main.c:499)
==736289== 
==736289== 6 bytes in 1 blocks are still reachable in loss record 39 of 210
==736289==    at 0x497D858: malloc (vg_replace_malloc.c:447)
==736289==    by 0x4069457: emalloc_real (awk.h:2156)
==736289==    by 0x4069457: make_str_node (node.c:422)
==736289==    by 0x4058004: update_PROCINFO_num (field.c:1674)
==736289==    by 0x40473B3: update_ERRNO_int (eval.c:1029)
==736289==    by 0x40473B3: update_ERRNO_int (eval.c:1022)
==736289==    by 0x40613B8: nextfile (io.c:515)
==736289==    by 0x404ECBF: r_interpret (interpret.h:1421)
==736289==    by 0x400EDDE: main (main.c:532)
==736289== 
==736289== 7 bytes in 1 blocks are still reachable in loss record 40 of 210
==736289==    at 0x497D858: malloc (vg_replace_malloc.c:447)
==736289==    by 0x4066564: emalloc_real (awk.h:2156)
==736289==    by 0x4066564: estrdup (main.c:1451)
==736289==    by 0x4077381: init_the_tables (symbol.c:78)
==736289==    by 0x400D60A: main (main.c:287)
==736289== 
==736289== 7 bytes in 1 blocks are still reachable in loss record 41 of 210
==736289==    at 0x497D858: malloc (vg_replace_malloc.c:447)
==736289==    by 0x4069457: emalloc_real (awk.h:2156)
==736289==    by 0x4069457: make_str_node (node.c:422)
==736289==    by 0x4077055: install (symbol.c:399)
==736289==    by 0x4077390: install_symbol (symbol.c:173)
==736289==    by 0x4077390: init_the_tables (symbol.c:78)
==736289==    by 0x400D60A: main (main.c:287)
==736289== 
==736289== 7 bytes in 1 blocks are still reachable in loss record 42 of 210
==736289==    at 0x497D858: malloc (vg_replace_malloc.c:447)
==736289==    by 0x4069457: emalloc_real (awk.h:2156)
==736289==    by 0x4069457: make_str_node (node.c:422)
==736289==    by 0x4058004: update_PROCINFO_num (field.c:1674)
==736289==    by 0x400E784: load_procinfo (main.c:1046)
==736289==    by 0x400E784: init_vars (main.c:878)
==736289==    by 0x400E784: main (main.c:403)
==736289== 
==736289== 7 bytes in 1 blocks are still reachable in loss record 43 of 210
==736289==    at 0x497D858: malloc (vg_replace_malloc.c:447)
==736289==    by 0x4069457: emalloc_real (awk.h:2156)
==736289==    by 0x4069457: make_str_node (node.c:422)
==736289==    by 0x40780DA: load_symbols (symbol.c:679)
==736289==    by 0x400ED85: main (main.c:499)
==736289== 
==736289== 7 bytes in 1 blocks are still reachable in loss record 44 of 210
==736289==    at 0x498507F: realloc (vg_replace_malloc.c:1804)
==736289==    by 0x4044FDD: erealloc_real (awk.h:2192)
==736289==    by 0x4050097: r_interpret (interpret.h:869)
==736289==    by 0x400EDDE: main (main.c:532)
==736289== 
==736289== 8 bytes in 1 blocks are still reachable in loss record 45 of 210
==736289==    at 0x497D858: malloc (vg_replace_malloc.c:447)
==736289==    by 0x4066564: emalloc_real (awk.h:2156)
==736289==    by 0x4066564: estrdup (main.c:1451)
==736289==    by 0x407735A: init_the_tables (symbol.c:77)
==736289==    by 0x400D60A: main (main.c:287)
==736289== 
==736289== 8 bytes in 1 blocks are still reachable in loss record 46 of 210
==736289==    at 0x497D858: malloc (vg_replace_malloc.c:447)
==736289==    by 0x4069457: emalloc_real (awk.h:2156)
==736289==    by 0x4069457: make_str_node (node.c:422)
==736289==    by 0x4077055: install (symbol.c:399)
==736289==    by 0x4077369: install_symbol (symbol.c:173)
==736289==    by 0x4077369: init_the_tables (symbol.c:77)
==736289==    by 0x400D60A: main (main.c:287)
==736289== 
==736289== 8 bytes in 1 blocks are still reachable in loss record 47 of 210
==736289==    at 0x497D858: malloc (vg_replace_malloc.c:447)
==736289==    by 0x4069457: emalloc_real (awk.h:2156)
==736289==    by 0x4069457: make_str_node (node.c:422)
==736289==    by 0x4054B6F: update_PROCINFO_str.part.0 (field.c:1661)
==736289==    by 0x400E71D: load_procinfo (main.c:1021)
==736289==    by 0x400E71D: init_vars (main.c:878)
==736289==    by 0x400E71D: main (main.c:403)
==736289== 
==736289== 8 bytes in 1 blocks are still reachable in loss record 48 of 210
==736289==    at 0x497D858: malloc (vg_replace_malloc.c:447)
==736289==    by 0x4066564: emalloc_real (awk.h:2156)
==736289==    by 0x4066564: estrdup (main.c:1451)
==736289==    by 0x400E02B: load_environ (main.c:930)
==736289==    by 0x400E02B: init_vars (main.c:879)
==736289==    by 0x400E02B: main (main.c:403)
==736289== 
==736289== 8 bytes in 1 blocks are still reachable in loss record 49 of 210
==736289==    at 0x497D858: malloc (vg_replace_malloc.c:447)
==736289==    by 0x4069457: emalloc_real (awk.h:2156)
==736289==    by 0x4069457: make_str_node (node.c:422)
==736289==    by 0x4077055: install (symbol.c:399)
==736289==    by 0x400E038: load_environ (main.c:930)
==736289==    by 0x400E038: init_vars (main.c:879)
==736289==    by 0x400E038: main (main.c:403)
==736289== 
==736289== 8 bytes in 1 blocks are still reachable in loss record 50 of 210
==736289==    at 0x497D858: malloc (vg_replace_malloc.c:447)
==736289==    by 0x4055372: emalloc_real (awk.h:2156)
==736289==    by 0x4055372: init_fields (field.c:103)
==736289==    by 0x400E1A4: main (main.c:410)
==736289== 
==736289== 8 bytes in 1 blocks are still reachable in loss record 51 of 210
==736289==    at 0x497D858: malloc (vg_replace_malloc.c:447)
==736289==    by 0x4069457: emalloc_real (awk.h:2156)
==736289==    by 0x4069457: make_str_node (node.c:422)
==736289==    by 0x40780F2: load_symbols (symbol.c:680)
==736289==    by 0x400ED85: main (main.c:499)
==736289== 
==736289== 8 bytes in 1 blocks are still reachable in loss record 52 of 210
==736289==    at 0x497D858: malloc (vg_replace_malloc.c:447)
==736289==    by 0x4069457: emalloc_real (awk.h:2156)
==736289==    by 0x4069457: make_str_node (node.c:422)
==736289==    by 0x4078122: load_symbols (symbol.c:682)
==736289==    by 0x400ED85: main (main.c:499)
==736289== 
==736289== 9 bytes in 1 blocks are still reachable in loss record 53 of 210
==736289==    at 0x497D858: malloc (vg_replace_malloc.c:447)
==736289==    by 0x4066564: emalloc_real (awk.h:2156)
==736289==    by 0x4066564: estrdup (main.c:1451)
==736289==    by 0x400E6F6: load_procinfo (main.c:1019)
==736289==    by 0x400E6F6: init_vars (main.c:878)
==736289==    by 0x400E6F6: main (main.c:403)
==736289== 
==736289== 9 bytes in 1 blocks are still reachable in loss record 54 of 210
==736289==    at 0x497D858: malloc (vg_replace_malloc.c:447)
==736289==    by 0x4069457: emalloc_real (awk.h:2156)
==736289==    by 0x4069457: make_str_node (node.c:422)
==736289==    by 0x4077055: install (symbol.c:399)
==736289==    by 0x400E703: load_procinfo (main.c:1019)
==736289==    by 0x400E703: init_vars (main.c:878)
==736289==    by 0x400E703: main (main.c:403)
==736289== 
==736289== 9 bytes in 1 blocks are still reachable in loss record 55 of 210
==736289==    at 0x497D858: malloc (vg_replace_malloc.c:447)
==736289==    by 0x4069457: emalloc_real (awk.h:2156)
==736289==    by 0x4069457: make_str_node (node.c:422)
==736289==    by 0x4054B6F: update_PROCINFO_str.part.0 (field.c:1661)
==736289==    by 0x400E730: load_procinfo (main.c:1022)
==736289==    by 0x400E730: init_vars (main.c:878)
==736289==    by 0x400E730: main (main.c:403)
==736289== 
==736289== 9 bytes in 1 blocks are still reachable in loss record 56 of 210
==736289==    at 0x497D858: malloc (vg_replace_malloc.c:447)
==736289==    by 0x4069457: emalloc_real (awk.h:2156)
==736289==    by 0x4069457: make_str_node (node.c:422)
==736289==    by 0x4054B6F: update_PROCINFO_str.part.0 (field.c:1661)
==736289==    by 0x400E743: load_procinfo (main.c:1023)
==736289==    by 0x400E743: init_vars (main.c:878)
==736289==    by 0x400E743: main (main.c:403)
==736289== 
==736289== 10 bytes in 1 blocks are still reachable in loss record 57 of 210
==736289==    at 0x497D858: malloc (vg_replace_malloc.c:447)
==736289==    by 0x4069457: emalloc_real (awk.h:2156)
==736289==    by 0x4069457: make_str_node (node.c:422)
==736289==    by 0x4058004: update_PROCINFO_num (field.c:1674)
==736289==    by 0x400E757: load_procinfo (main.c:1035)
==736289==    by 0x400E757: init_vars (main.c:878)
==736289==    by 0x400E757: main (main.c:403)
==736289== 
==736289== 10 bytes in 1 blocks are still reachable in loss record 58 of 210
==736289==    at 0x497D858: malloc (vg_replace_malloc.c:447)
==736289==    by 0x4069457: emalloc_real (awk.h:2156)
==736289==    by 0x4069457: make_str_node (node.c:422)
==736289==    by 0x4058004: update_PROCINFO_num (field.c:1674)
==736289==    by 0x400E76B: load_procinfo (main.c:1036)
==736289==    by 0x400E76B: init_vars (main.c:878)
==736289==    by 0x400E76B: main (main.c:403)
==736289== 
==736289== 10 bytes in 1 blocks are still reachable in loss record 59 of 210
==736289==    at 0x497D858: malloc (vg_replace_malloc.c:447)
==736289==    by 0x4069457: emalloc_real (awk.h:2156)
==736289==    by 0x4069457: make_str_node (node.c:422)
==736289==    by 0x4054B87: update_PROCINFO_str.part.0 (field.c:1662)
==736289==    by 0x400E8D2: load_procinfo (main.c:1087)
==736289==    by 0x400E8D2: init_vars (main.c:878)
==736289==    by 0x400E8D2: main (main.c:403)
==736289== 
==736289== 12 bytes in 1 blocks are still reachable in loss record 60 of 210
==736289==    at 0x497D858: malloc (vg_replace_malloc.c:447)
==736289==    by 0x4066564: emalloc_real (awk.h:2156)
==736289==    by 0x4066564: estrdup (main.c:1451)
==736289==    by 0x4014A21: do_add_srcfile (awkgram.y:2834)
==736289==    by 0x4018A70: add_srcfile (awkgram.y:2916)
==736289==    by 0x400D7E5: parse_args (main.c:1585)
==736289==    by 0x400D7E5: main (main.c:294)
==736289== 
==736289== 12 bytes in 1 blocks are still reachable in loss record 61 of 210
==736289==    at 0x497D858: malloc (vg_replace_malloc.c:447)
==736289==    by 0x4069457: emalloc_real (awk.h:2156)
==736289==    by 0x4069457: make_str_node (node.c:422)
==736289==    by 0x4077FD7: load_symbols (symbol.c:663)
==736289==    by 0x400ED85: main (main.c:499)
==736289== 
==736289== 12 bytes in 1 blocks are still reachable in loss record 62 of 210
==736289==    at 0x497D858: malloc (vg_replace_malloc.c:447)
==736289==    by 0x4066564: emalloc_real (awk.h:2156)
==736289==    by 0x4066564: estrdup (main.c:1451)
==736289==    by 0x4078093: load_symbols (symbol.c:675)
==736289==    by 0x400ED85: main (main.c:499)
==736289== 
==736289== 16 bytes in 2 blocks are still reachable in loss record 63 of 210
==736289==    at 0x497D858: malloc (vg_replace_malloc.c:447)
==736289==    by 0x4068085: emalloc_real (awk.h:2156)
==736289==    by 0x4068085: str2wstr (node.c:874)
==736289==    by 0x402291A: do_index (builtin.c:452)
==736289==    by 0x404FC3C: r_interpret (interpret.h:1114)
==736289==    by 0x400EDDE: main (main.c:532)
==736289== 
==736289== 20 bytes in 3 blocks are still reachable in loss record 64 of 210
==736289==    at 0x497D858: malloc (vg_replace_malloc.c:447)
==736289==    by 0x4066564: emalloc_real (awk.h:2156)
==736289==    by 0x4066564: estrdup (main.c:1451)
==736289==    by 0x400D69D: save_argv (main.c:1498)
==736289==    by 0x400D69D: parse_args (main.c:1554)
==736289==    by 0x400D69D: main (main.c:294)
==736289== 
==736289== 20 bytes in 3 blocks are still reachable in loss record 65 of 210
==736289==    at 0x497D858: malloc (vg_replace_malloc.c:447)
==736289==    by 0x4069457: emalloc_real (awk.h:2156)
==736289==    by 0x4069457: make_str_node (node.c:422)
==736289==    by 0x400E9C6: load_procinfo_argv (main.c:991)
==736289==    by 0x400E9C6: load_procinfo (main.c:1093)
==736289==    by 0x400E9C6: init_vars (main.c:878)
==736289==    by 0x400E9C6: main (main.c:403)
==736289== 
==736289== 24 bytes in 1 blocks are still reachable in loss record 66 of 210
==736289==    at 0x4984E43: calloc (vg_replace_malloc.c:1678)
==736289==    by 0x405E8B2: ezalloc_real (awk.h:2174)
==736289==    by 0x405E8B2: init_awkpath (io.c:2996)
==736289==    by 0x405E8B2: do_find_source (io.c:3068)
==736289==    by 0x4065061: find_source (io.c:3098)
==736289==    by 0x40189F8: add_srcfile (awkgram.y:2864)
==736289==    by 0x400D7E5: parse_args (main.c:1585)
==736289==    by 0x400D7E5: main (main.c:294)
==736289== 
==736289== 24 bytes in 1 blocks are still reachable in loss record 67 of 210
==736289==    at 0x497D858: malloc (vg_replace_malloc.c:447)
==736289==    by 0x4069457: emalloc_real (awk.h:2156)
==736289==    by 0x4069457: make_str_node (node.c:422)
==736289==    by 0x4054B87: update_PROCINFO_str.part.0 (field.c:1662)
==736289==    by 0x400E730: load_procinfo (main.c:1022)
==736289==    by 0x400E730: init_vars (main.c:878)
==736289==    by 0x400E730: main (main.c:403)
==736289== 
==736289== 26 bytes in 1 blocks are still reachable in loss record 68 of 210
==736289==    at 0x497D858: malloc (vg_replace_malloc.c:447)
==736289==    by 0x405E9A7: emalloc_real (awk.h:2156)
==736289==    by 0x405E9A7: init_awkpath (io.c:3026)
==736289==    by 0x405E9A7: do_find_source (io.c:3068)
==736289==    by 0x4065061: find_source (io.c:3098)
==736289==    by 0x40189F8: add_srcfile (awkgram.y:2864)
==736289==    by 0x400D7E5: parse_args (main.c:1585)
==736289==    by 0x400D7E5: main (main.c:294)
==736289== 
==736289== 28 bytes in 1 blocks are still reachable in loss record 69 of 210
==736289==    at 0x497D858: malloc (vg_replace_malloc.c:447)
==736289==    by 0x4068085: emalloc_real (awk.h:2156)
==736289==    by 0x4068085: str2wstr (node.c:874)
==736289==    by 0x402290D: do_index (builtin.c:451)
==736289==    by 0x404FC3C: r_interpret (interpret.h:1114)
==736289==    by 0x400EDDE: main (main.c:532)
==736289== 
==736289== 32 bytes in 1 blocks are still reachable in loss record 70 of 210
==736289==    at 0x497D858: malloc (vg_replace_malloc.c:447)
==736289==    by 0x4066202: emalloc_real.constprop.0 (awk.h:2156)
==736289==    by 0x400D66C: save_argv (main.c:1496)
==736289==    by 0x400D66C: parse_args (main.c:1554)
==736289==    by 0x400D66C: main (main.c:294)
==736289== 
==736289== 32 bytes in 1 blocks are still reachable in loss record 71 of 210
==736289==    at 0x497D858: malloc (vg_replace_malloc.c:447)
==736289==    by 0x4045E57: emalloc_real (awk.h:2156)
==736289==    by 0x4045E57: fmt_index (eval.c:913)
==736289==    by 0x4046F46: set_CONVFMT (eval.c:956)
==736289==    by 0x400D9A3: init_vars (main.c:873)
==736289==    by 0x400D9A3: main (main.c:403)
==736289== 
==736289== 32 bytes in 1 blocks are still reachable in loss record 72 of 210
==736289==    at 0x497D858: malloc (vg_replace_malloc.c:447)
==736289==    by 0x4020D1E: emalloc_real (awk.h:2156)
==736289==    by 0x4020D1E: parse_program (awkgram.y:2810)
==736289==    by 0x400EAD8: main (main.c:483)
==736289== 
==736289== 37 bytes in 1 blocks are still reachable in loss record 73 of 210
==736289==    at 0x497D858: malloc (vg_replace_malloc.c:447)
==736289==    by 0x405E673: emalloc_real (awk.h:2156)
==736289==    by 0x405E673: do_find_source (io.c:3070)
==736289==    by 0x4065061: find_source (io.c:3098)
==736289==    by 0x40189F8: add_srcfile (awkgram.y:2864)
==736289==    by 0x400D7E5: parse_args (main.c:1585)
==736289==    by 0x400D7E5: main (main.c:294)
==736289== 
==736289== 46 bytes in 11 blocks are still reachable in loss record 74 of 210
==736289==    at 0x497D858: malloc (vg_replace_malloc.c:447)
==736289==    by 0x4069457: emalloc_real (awk.h:2156)
==736289==    by 0x4069457: make_str_node (node.c:422)
==736289==    by 0x400D984: init_vars (main.c:867)
==736289==    by 0x400D984: main (main.c:403)
==736289== 
==736289== 48 bytes in 1 blocks are still reachable in loss record 75 of 210
==736289==    at 0x497D858: malloc (vg_replace_malloc.c:447)
==736289==    by 0x4068FEB: emalloc_real (awk.h:2156)
==736289==    by 0x4068FEB: r_getblock (node.c:1164)
==736289==    by 0x40768D9: str_lookup (str_array.c:214)
==736289==    by 0x407708C: assoc_set (awk.h:2220)
==736289==    by 0x407708C: install (symbol.c:430)
==736289==    by 0x4077369: install_symbol (symbol.c:173)
==736289==    by 0x4077369: init_the_tables (symbol.c:77)
==736289==    by 0x400D60A: main (main.c:287)
==736289== 
==736289== 48 bytes in 1 blocks are still reachable in loss record 76 of 210
==736289==    at 0x497D858: malloc (vg_replace_malloc.c:447)
==736289==    by 0x4068FEB: emalloc_real (awk.h:2156)
==736289==    by 0x4068FEB: r_getblock (node.c:1164)
==736289==    by 0x40768D9: str_lookup (str_array.c:214)
==736289==    by 0x407708C: assoc_set (awk.h:2220)
==736289==    by 0x407708C: install (symbol.c:430)
==736289==    by 0x4077390: install_symbol (symbol.c:173)
==736289==    by 0x4077390: init_the_tables (symbol.c:78)
==736289==    by 0x400D60A: main (main.c:287)
==736289== 
==736289== 48 bytes in 1 blocks are still reachable in loss record 77 of 210
==736289==    at 0x497D858: malloc (vg_replace_malloc.c:447)
==736289==    by 0x4068FEB: emalloc_real (awk.h:2156)
==736289==    by 0x4068FEB: r_getblock (node.c:1164)
==736289==    by 0x40768D9: str_lookup (str_array.c:214)
==736289==    by 0x407708C: assoc_set (awk.h:2220)
==736289==    by 0x407708C: install (symbol.c:430)
==736289==    by 0x400E703: load_procinfo (main.c:1019)
==736289==    by 0x400E703: init_vars (main.c:878)
==736289==    by 0x400E703: main (main.c:403)
==736289== 
==736289== 48 bytes in 1 blocks are still reachable in loss record 78 of 210
==736289==    at 0x497D858: malloc (vg_replace_malloc.c:447)
==736289==    by 0x4068FEB: emalloc_real (awk.h:2156)
==736289==    by 0x4068FEB: r_getblock (node.c:1164)
==736289==    by 0x40768D9: str_lookup (str_array.c:214)
==736289==    by 0x4054B9E: assoc_set (awk.h:2220)
==736289==    by 0x4054B9E: update_PROCINFO_str.part.0 (field.c:1662)
==736289==    by 0x400E71D: load_procinfo (main.c:1021)
==736289==    by 0x400E71D: init_vars (main.c:878)
==736289==    by 0x400E71D: main (main.c:403)
==736289== 
==736289== 48 bytes in 1 blocks are still reachable in loss record 79 of 210
==736289==    at 0x497D858: malloc (vg_replace_malloc.c:447)
==736289==    by 0x4068FEB: emalloc_real (awk.h:2156)
==736289==    by 0x4068FEB: r_getblock (node.c:1164)
==736289==    by 0x40768D9: str_lookup (str_array.c:214)
==736289==    by 0x4054B9E: assoc_set (awk.h:2220)
==736289==    by 0x4054B9E: update_PROCINFO_str.part.0 (field.c:1662)
==736289==    by 0x400E730: load_procinfo (main.c:1022)
==736289==    by 0x400E730: init_vars (main.c:878)
==736289==    by 0x400E730: main (main.c:403)
==736289== 
==736289== 48 bytes in 1 blocks are still reachable in loss record 80 of 210
==736289==    at 0x497D858: malloc (vg_replace_malloc.c:447)
==736289==    by 0x4068FEB: emalloc_real (awk.h:2156)
==736289==    by 0x4068FEB: r_getblock (node.c:1164)
==736289==    by 0x40768D9: str_lookup (str_array.c:214)
==736289==    by 0x4054B9E: assoc_set (awk.h:2220)
==736289==    by 0x4054B9E: update_PROCINFO_str.part.0 (field.c:1662)
==736289==    by 0x400E743: load_procinfo (main.c:1023)
==736289==    by 0x400E743: init_vars (main.c:878)
==736289==    by 0x400E743: main (main.c:403)
==736289== 
==736289== 48 bytes in 1 blocks are still reachable in loss record 81 of 210
==736289==    at 0x497D858: malloc (vg_replace_malloc.c:447)
==736289==    by 0x4068FEB: emalloc_real (awk.h:2156)
==736289==    by 0x4068FEB: r_getblock (node.c:1164)
==736289==    by 0x40768D9: str_lookup (str_array.c:214)
==736289==    by 0x405802A: assoc_set (awk.h:2220)
==736289==    by 0x405802A: update_PROCINFO_num (field.c:1675)
==736289==    by 0x400E757: load_procinfo (main.c:1035)
==736289==    by 0x400E757: init_vars (main.c:878)
==736289==    by 0x400E757: main (main.c:403)
==736289== 
==736289== 48 bytes in 1 blocks are still reachable in loss record 82 of 210
==736289==    at 0x497D858: malloc (vg_replace_malloc.c:447)
==736289==    by 0x4068FEB: emalloc_real (awk.h:2156)
==736289==    by 0x4068FEB: r_getblock (node.c:1164)
==736289==    by 0x40768D9: str_lookup (str_array.c:214)
==736289==    by 0x405802A: assoc_set (awk.h:2220)
==736289==    by 0x405802A: update_PROCINFO_num (field.c:1675)
==736289==    by 0x400E76B: load_procinfo (main.c:1036)
==736289==    by 0x400E76B: init_vars (main.c:878)
==736289==    by 0x400E76B: main (main.c:403)
==736289== 
==736289== 48 bytes in 1 blocks are still reachable in loss record 83 of 210
==736289==    at 0x497D858: malloc (vg_replace_malloc.c:447)
==736289==    by 0x4068FEB: emalloc_real (awk.h:2156)
==736289==    by 0x4068FEB: r_getblock (node.c:1164)
==736289==    by 0x40768D9: str_lookup (str_array.c:214)
==736289==    by 0x405802A: assoc_set (awk.h:2220)
==736289==    by 0x405802A: update_PROCINFO_num (field.c:1675)
==736289==    by 0x400E784: load_procinfo (main.c:1046)
==736289==    by 0x400E784: init_vars (main.c:878)
==736289==    by 0x400E784: main (main.c:403)
==736289== 
==736289== 48 bytes in 1 blocks are still reachable in loss record 84 of 210
==736289==    at 0x497D858: malloc (vg_replace_malloc.c:447)
==736289==    by 0x4068FEB: emalloc_real (awk.h:2156)
==736289==    by 0x4068FEB: r_getblock (node.c:1164)
==736289==    by 0x40768D9: str_lookup (str_array.c:214)
==736289==    by 0x405802A: assoc_set (awk.h:2220)
==736289==    by 0x405802A: update_PROCINFO_num (field.c:1675)
==736289==    by 0x400E79D: load_procinfo (main.c:1055)
==736289==    by 0x400E79D: init_vars (main.c:878)
==736289==    by 0x400E79D: main (main.c:403)
==736289== 
==736289== 48 bytes in 1 blocks are still reachable in loss record 85 of 210
==736289==    at 0x497D858: malloc (vg_replace_malloc.c:447)
==736289==    by 0x4068FEB: emalloc_real (awk.h:2156)
==736289==    by 0x4068FEB: r_getblock (node.c:1164)
==736289==    by 0x40768D9: str_lookup (str_array.c:214)
==736289==    by 0x405802A: assoc_set (awk.h:2220)
==736289==    by 0x405802A: update_PROCINFO_num (field.c:1675)
==736289==    by 0x400E7B6: load_procinfo (main.c:1058)
==736289==    by 0x400E7B6: init_vars (main.c:878)
==736289==    by 0x400E7B6: main (main.c:403)
==736289== 
==736289== 48 bytes in 1 blocks are still reachable in loss record 86 of 210
==736289==    at 0x497D858: malloc (vg_replace_malloc.c:447)
==736289==    by 0x4068FEB: emalloc_real (awk.h:2156)
==736289==    by 0x4068FEB: r_getblock (node.c:1164)
==736289==    by 0x40768D9: str_lookup (str_array.c:214)
==736289==    by 0x405802A: assoc_set (awk.h:2220)
==736289==    by 0x405802A: update_PROCINFO_num (field.c:1675)
==736289==    by 0x400E7D2: load_procinfo (main.c:1061)
==736289==    by 0x400E7D2: init_vars (main.c:878)
==736289==    by 0x400E7D2: main (main.c:403)
==736289== 
==736289== 48 bytes in 1 blocks are still reachable in loss record 87 of 210
==736289==    at 0x497D858: malloc (vg_replace_malloc.c:447)
==736289==    by 0x4068FEB: emalloc_real (awk.h:2156)
==736289==    by 0x4068FEB: r_getblock (node.c:1164)
==736289==    by 0x40768D9: str_lookup (str_array.c:214)
==736289==    by 0x405802A: assoc_set (awk.h:2220)
==736289==    by 0x405802A: update_PROCINFO_num (field.c:1675)
==736289==    by 0x400E7EE: load_procinfo (main.c:1064)
==736289==    by 0x400E7EE: init_vars (main.c:878)
==736289==    by 0x400E7EE: main (main.c:403)
==736289== 
==736289== 48 bytes in 1 blocks are still reachable in loss record 88 of 210
==736289==    at 0x497D858: malloc (vg_replace_malloc.c:447)
==736289==    by 0x4068FEB: emalloc_real (awk.h:2156)
==736289==    by 0x4068FEB: r_getblock (node.c:1164)
==736289==    by 0x40768D9: str_lookup (str_array.c:214)
==736289==    by 0x405802A: assoc_set (awk.h:2220)
==736289==    by 0x405802A: update_PROCINFO_num (field.c:1675)
==736289==    by 0x400E80A: load_procinfo (main.c:1067)
==736289==    by 0x400E80A: init_vars (main.c:878)
==736289==    by 0x400E80A: main (main.c:403)
==736289== 
==736289== 48 bytes in 1 blocks are still reachable in loss record 89 of 210
==736289==    at 0x497D858: malloc (vg_replace_malloc.c:447)
==736289==    by 0x4068FEB: emalloc_real (awk.h:2156)
==736289==    by 0x4068FEB: r_getblock (node.c:1164)
==736289==    by 0x40768D9: str_lookup (str_array.c:214)
==736289==    by 0x405802A: assoc_set (awk.h:2220)
==736289==    by 0x405802A: update_PROCINFO_num (field.c:1675)
==736289==    by 0x400E826: load_procinfo (main.c:1070)
==736289==    by 0x400E826: init_vars (main.c:878)
==736289==    by 0x400E826: main (main.c:403)
==736289== 
==736289== 48 bytes in 1 blocks are still reachable in loss record 90 of 210
==736289==    at 0x497D858: malloc (vg_replace_malloc.c:447)
==736289==    by 0x4068FEB: emalloc_real (awk.h:2156)
==736289==    by 0x4068FEB: r_getblock (node.c:1164)
==736289==    by 0x40768D9: str_lookup (str_array.c:214)
==736289==    by 0x4054B9E: assoc_set (awk.h:2220)
==736289==    by 0x4054B9E: update_PROCINFO_str.part.0 (field.c:1662)
==736289==    by 0x400E83A: load_procinfo (main.c:1072)
==736289==    by 0x400E83A: init_vars (main.c:878)
==736289==    by 0x400E83A: main (main.c:403)
==736289== 
==736289== 48 bytes in 1 blocks are still reachable in loss record 91 of 210
==736289==    at 0x497D858: malloc (vg_replace_malloc.c:447)
==736289==    by 0x4068FEB: emalloc_real (awk.h:2156)
==736289==    by 0x4068FEB: r_getblock (node.c:1164)
==736289==    by 0x40768D9: str_lookup (str_array.c:214)
==736289==    by 0x4054B9E: assoc_set (awk.h:2220)
==736289==    by 0x4054B9E: update_PROCINFO_str.part.0 (field.c:1662)
==736289==    by 0x400E8D2: load_procinfo (main.c:1087)
==736289==    by 0x400E8D2: init_vars (main.c:878)
==736289==    by 0x400E8D2: main (main.c:403)
==736289== 
==736289== 48 bytes in 1 blocks are still reachable in loss record 92 of 210
==736289==    at 0x497D858: malloc (vg_replace_malloc.c:447)
==736289==    by 0x4068FEB: emalloc_real (awk.h:2156)
==736289==    by 0x4068FEB: r_getblock (node.c:1164)
==736289==    by 0x40768D9: str_lookup (str_array.c:214)
==736289==    by 0x40662E6: assoc_set (awk.h:2220)
==736289==    by 0x400EC2D: load_procinfo_argv (main.c:997)
==736289==    by 0x400EC2D: load_procinfo (main.c:1093)
==736289==    by 0x400EC2D: init_vars (main.c:878)
==736289==    by 0x400EC2D: main (main.c:403)
==736289== 
==736289== 48 bytes in 1 blocks are still reachable in loss record 93 of 210
==736289==    at 0x497D858: malloc (vg_replace_malloc.c:447)
==736289==    by 0x4068FEB: emalloc_real (awk.h:2156)
==736289==    by 0x4068FEB: r_getblock (node.c:1164)
==736289==    by 0x40768D9: str_lookup (str_array.c:214)
==736289==    by 0x407708C: assoc_set (awk.h:2220)
==736289==    by 0x407708C: install (symbol.c:430)
==736289==    by 0x400E038: load_environ (main.c:930)
==736289==    by 0x400E038: init_vars (main.c:879)
==736289==    by 0x400E038: main (main.c:403)
==736289== 
==736289== 48 bytes in 1 blocks are still reachable in loss record 94 of 210
==736289==    at 0x497D858: malloc (vg_replace_malloc.c:447)
==736289==    by 0x4068FEB: emalloc_real (awk.h:2156)
==736289==    by 0x4068FEB: r_getblock (node.c:1164)
==736289==    by 0x40768D9: str_lookup (str_array.c:214)
==736289==    by 0x407708C: assoc_set (awk.h:2220)
==736289==    by 0x407708C: install (symbol.c:430)
==736289==    by 0x400E414: init_args (main.c:764)
==736289==    by 0x400E414: main (main.c:470)
==736289== 
==736289== 48 bytes in 1 blocks are still reachable in loss record 95 of 210
==736289==    at 0x497D858: malloc (vg_replace_malloc.c:447)
==736289==    by 0x4068FEB: emalloc_real (awk.h:2156)
==736289==    by 0x4068FEB: r_getblock (node.c:1164)
==736289==    by 0x40768D9: str_lookup (str_array.c:214)
==736289==    by 0x407708C: assoc_set (awk.h:2220)
==736289==    by 0x407708C: install (symbol.c:430)
==736289==    by 0x400EA90: init_args (main.c:791)
==736289==    by 0x400EA90: main (main.c:470)
==736289== 
==736289== 48 bytes in 1 blocks are still reachable in loss record 96 of 210
==736289==    at 0x497D858: malloc (vg_replace_malloc.c:447)
==736289==    by 0x4068FEB: emalloc_real (awk.h:2156)
==736289==    by 0x4068FEB: r_getblock (node.c:1164)
==736289==    by 0x40768D9: str_lookup (str_array.c:214)
==736289==    by 0x407708C: assoc_set (awk.h:2220)
==736289==    by 0x407708C: install (symbol.c:430)
==736289==    by 0x401CA63: yyparse (awkgram.y:2148)
==736289==    by 0x402073A: parse_program (awkgram.y:2797)
==736289==    by 0x400EAD8: main (main.c:483)
==736289== 
==736289== 48 bytes in 1 blocks are still reachable in loss record 97 of 210
==736289==    at 0x497D858: malloc (vg_replace_malloc.c:447)
==736289==    by 0x4068FEB: emalloc_real (awk.h:2156)
==736289==    by 0x4068FEB: r_getblock (node.c:1164)
==736289==    by 0x40768D9: str_lookup (str_array.c:214)
==736289==    by 0x4077FEA: load_symbols (symbol.c:664)
==736289==    by 0x400ED85: main (main.c:499)
==736289== 
==736289== 48 bytes in 1 blocks are still reachable in loss record 98 of 210
==736289==    at 0x497D858: malloc (vg_replace_malloc.c:447)
==736289==    by 0x4068FEB: emalloc_real (awk.h:2156)
==736289==    by 0x4068FEB: r_getblock (node.c:1164)
==736289==    by 0x40768D9: str_lookup (str_array.c:214)
==736289==    by 0x405802A: assoc_set (awk.h:2220)
==736289==    by 0x405802A: update_PROCINFO_num (field.c:1675)
==736289==    by 0x40473B3: update_ERRNO_int (eval.c:1029)
==736289==    by 0x40473B3: update_ERRNO_int (eval.c:1022)
==736289==    by 0x40613B8: nextfile (io.c:515)
==736289==    by 0x404ECBF: r_interpret (interpret.h:1421)
==736289==    by 0x400EDDE: main (main.c:532)
==736289== 
==736289== 60 bytes in 1 blocks are still reachable in loss record 99 of 210
==736289==    at 0x497D858: malloc (vg_replace_malloc.c:447)
==736289==    by 0x4014E9C: emalloc_real (awk.h:2156)
==736289==    by 0x4014E9C: tokexpand (awkgram.y:3294)
==736289==    by 0x4020FE6: parse_program (awkgram.y:2795)
==736289==    by 0x400EAD8: main (main.c:483)
==736289== 
==736289== 88 bytes in 1 blocks are still reachable in loss record 100 of 210
==736289==    at 0x497D858: malloc (vg_replace_malloc.c:447)
==736289==    by 0x4068FEB: emalloc_real (awk.h:2156)
==736289==    by 0x4068FEB: r_getblock (node.c:1164)
==736289==    by 0x40693C1: make_str_node (node.c:406)
==736289==    by 0x400D5C7: main (main.c:278)
==736289== 
==736289== 88 bytes in 1 blocks are still reachable in loss record 101 of 210
==736289==    at 0x497D858: malloc (vg_replace_malloc.c:447)
==736289==    by 0x4068FEB: emalloc_real (awk.h:2156)
==736289==    by 0x4068FEB: r_getblock (node.c:1164)
==736289==    by 0x40772C7: init_the_tables (symbol.c:68)
==736289==    by 0x400D60A: main (main.c:287)
==736289== 
==736289== 88 bytes in 1 blocks are still reachable in loss record 102 of 210
==736289==    at 0x497D858: malloc (vg_replace_malloc.c:447)
==736289==    by 0x4068FEB: emalloc_real (awk.h:2156)
==736289==    by 0x4068FEB: r_getblock (node.c:1164)
==736289==    by 0x4077308: init_the_tables (symbol.c:72)
==736289==    by 0x400D60A: main (main.c:287)
==736289== 
==736289== 88 bytes in 1 blocks are still reachable in loss record 103 of 210
==736289==    at 0x497D858: malloc (vg_replace_malloc.c:447)
==736289==    by 0x4068FEB: emalloc_real (awk.h:2156)
==736289==    by 0x4068FEB: r_getblock (node.c:1164)
==736289==    by 0x40693C1: make_str_node (node.c:406)
==736289==    by 0x4077055: install (symbol.c:399)
==736289==    by 0x4077369: install_symbol (symbol.c:173)
==736289==    by 0x4077369: init_the_tables (symbol.c:77)
==736289==    by 0x400D60A: main (main.c:287)
==736289== 
==736289== 88 bytes in 1 blocks are still reachable in loss record 104 of 210
==736289==    at 0x497D858: malloc (vg_replace_malloc.c:447)
==736289==    by 0x4068FEB: emalloc_real (awk.h:2156)
==736289==    by 0x4068FEB: r_getblock (node.c:1164)
==736289==    by 0x4077133: make_symbol (symbol.c:376)
==736289==    by 0x4077133: install (symbol.c:417)
==736289==    by 0x4077369: install_symbol (symbol.c:173)
==736289==    by 0x4077369: init_the_tables (symbol.c:77)
==736289==    by 0x400D60A: main (main.c:287)
==736289== 
==736289== 88 bytes in 1 blocks are still reachable in loss record 105 of 210
==736289==    at 0x497D858: malloc (vg_replace_malloc.c:447)
==736289==    by 0x4068FEB: emalloc_real (awk.h:2156)
==736289==    by 0x4068FEB: r_getblock (node.c:1164)
==736289==    by 0x40693C1: make_str_node (node.c:406)
==736289==    by 0x4077055: install (symbol.c:399)
==736289==    by 0x4077390: install_symbol (symbol.c:173)
==736289==    by 0x4077390: init_the_tables (symbol.c:78)
==736289==    by 0x400D60A: main (main.c:287)
==736289== 
==736289== 88 bytes in 1 blocks are still reachable in loss record 106 of 210
==736289==    at 0x497D858: malloc (vg_replace_malloc.c:447)
==736289==    by 0x4068FEB: emalloc_real (awk.h:2156)
==736289==    by 0x4068FEB: r_getblock (node.c:1164)
==736289==    by 0x4077133: make_symbol (symbol.c:376)
==736289==    by 0x4077133: install (symbol.c:417)
==736289==    by 0x4077390: install_symbol (symbol.c:173)
==736289==    by 0x4077390: init_the_tables (symbol.c:78)
==736289==    by 0x400D60A: main (main.c:287)
==736289== 
==736289== 88 bytes in 1 blocks are still reachable in loss record 107 of 210
==736289==    at 0x497D858: malloc (vg_replace_malloc.c:447)
==736289==    by 0x4068FEB: emalloc_real (awk.h:2156)
==736289==    by 0x4068FEB: r_getblock (node.c:1164)
==736289==    by 0x40693C1: make_str_node (node.c:406)
==736289==    by 0x4077055: install (symbol.c:399)
==736289==    by 0x400E703: load_procinfo (main.c:1019)
==736289==    by 0x400E703: init_vars (main.c:878)
==736289==    by 0x400E703: main (main.c:403)
==736289== 
==736289== 88 bytes in 1 blocks are still reachable in loss record 108 of 210
==736289==    at 0x497D858: malloc (vg_replace_malloc.c:447)
==736289==    by 0x4068FEB: emalloc_real (awk.h:2156)
==736289==    by 0x4068FEB: r_getblock (node.c:1164)
==736289==    by 0x4077133: make_symbol (symbol.c:376)
==736289==    by 0x4077133: install (symbol.c:417)
==736289==    by 0x400E703: load_procinfo (main.c:1019)
==736289==    by 0x400E703: init_vars (main.c:878)
==736289==    by 0x400E703: main (main.c:403)
==736289== 
==736289== 88 bytes in 1 blocks are still reachable in loss record 109 of 210
==736289==    at 0x497D858: malloc (vg_replace_malloc.c:447)
==736289==    by 0x4068FEB: emalloc_real (awk.h:2156)
==736289==    by 0x4068FEB: r_getblock (node.c:1164)
==736289==    by 0x40693C1: make_str_node (node.c:406)
==736289==    by 0x4054B6F: update_PROCINFO_str.part.0 (field.c:1661)
==736289==    by 0x400E71D: load_procinfo (main.c:1021)
==736289==    by 0x400E71D: init_vars (main.c:878)
==736289==    by 0x400E71D: main (main.c:403)
==736289== 
==736289== 88 bytes in 1 blocks are still reachable in loss record 110 of 210
==736289==    at 0x497D858: malloc (vg_replace_malloc.c:447)
==736289==    by 0x4068FEB: emalloc_real (awk.h:2156)
==736289==    by 0x4068FEB: r_getblock (node.c:1164)
==736289==    by 0x40693C1: make_str_node (node.c:406)
==736289==    by 0x4054B87: update_PROCINFO_str.part.0 (field.c:1662)
==736289==    by 0x400E71D: load_procinfo (main.c:1021)
==736289==    by 0x400E71D: init_vars (main.c:878)
==736289==    by 0x400E71D: main (main.c:403)
==736289== 
==736289== 88 bytes in 1 blocks are still reachable in loss record 111 of 210
==736289==    at 0x497D858: malloc (vg_replace_malloc.c:447)
==736289==    by 0x4068FEB: emalloc_real (awk.h:2156)
==736289==    by 0x4068FEB: r_getblock (node.c:1164)
==736289==    by 0x40693C1: make_str_node (node.c:406)
==736289==    by 0x4054B6F: update_PROCINFO_str.part.0 (field.c:1661)
==736289==    by 0x400E730: load_procinfo (main.c:1022)
==736289==    by 0x400E730: init_vars (main.c:878)
==736289==    by 0x400E730: main (main.c:403)
==736289== 
==736289== 88 bytes in 1 blocks are still reachable in loss record 112 of 210
==736289==    at 0x497D858: malloc (vg_replace_malloc.c:447)
==736289==    by 0x4068FEB: emalloc_real (awk.h:2156)
==736289==    by 0x4068FEB: r_getblock (node.c:1164)
==736289==    by 0x40693C1: make_str_node (node.c:406)
==736289==    by 0x4054B87: update_PROCINFO_str.part.0 (field.c:1662)
==736289==    by 0x400E730: load_procinfo (main.c:1022)
==736289==    by 0x400E730: init_vars (main.c:878)
==736289==    by 0x400E730: main (main.c:403)
==736289== 
==736289== 88 bytes in 1 blocks are still reachable in loss record 113 of 210
==736289==    at 0x497D858: malloc (vg_replace_malloc.c:447)
==736289==    by 0x4068FEB: emalloc_real (awk.h:2156)
==736289==    by 0x4068FEB: r_getblock (node.c:1164)
==736289==    by 0x40693C1: make_str_node (node.c:406)
==736289==    by 0x4054B6F: update_PROCINFO_str.part.0 (field.c:1661)
==736289==    by 0x400E743: load_procinfo (main.c:1023)
==736289==    by 0x400E743: init_vars (main.c:878)
==736289==    by 0x400E743: main (main.c:403)
==736289== 
==736289== 88 bytes in 1 blocks are still reachable in loss record 114 of 210
==736289==    at 0x497D858: malloc (vg_replace_malloc.c:447)
==736289==    by 0x4068FEB: emalloc_real (awk.h:2156)
==736289==    by 0x4068FEB: r_getblock (node.c:1164)
==736289==    by 0x40693C1: make_str_node (node.c:406)
==736289==    by 0x4054B87: update_PROCINFO_str.part.0 (field.c:1662)
==736289==    by 0x400E743: load_procinfo (main.c:1023)
==736289==    by 0x400E743: init_vars (main.c:878)
==736289==    by 0x400E743: main (main.c:403)
==736289== 
==736289== 88 bytes in 1 blocks are still reachable in loss record 115 of 210
==736289==    at 0x497D858: malloc (vg_replace_malloc.c:447)
==736289==    by 0x4068FEB: emalloc_real (awk.h:2156)
==736289==    by 0x4068FEB: r_getblock (node.c:1164)
==736289==    by 0x40693C1: make_str_node (node.c:406)
==736289==    by 0x4058004: update_PROCINFO_num (field.c:1674)
==736289==    by 0x400E757: load_procinfo (main.c:1035)
==736289==    by 0x400E757: init_vars (main.c:878)
==736289==    by 0x400E757: main (main.c:403)
==736289== 
==736289== 88 bytes in 1 blocks are still reachable in loss record 116 of 210
==736289==    at 0x497D858: malloc (vg_replace_malloc.c:447)
==736289==    by 0x4068FEB: emalloc_real (awk.h:2156)
==736289==    by 0x4068FEB: r_getblock (node.c:1164)
==736289==    by 0x4069930: make_number_node (awk.h:2206)
==736289==    by 0x4069930: r_make_number (node.c:369)
==736289==    by 0x4058013: update_PROCINFO_num (field.c:1675)
==736289==    by 0x400E757: load_procinfo (main.c:1035)
==736289==    by 0x400E757: init_vars (main.c:878)
==736289==    by 0x400E757: main (main.c:403)
==736289== 
==736289== 88 bytes in 1 blocks are still reachable in loss record 117 of 210
==736289==    at 0x497D858: malloc (vg_replace_malloc.c:447)
==736289==    by 0x4068FEB: emalloc_real (awk.h:2156)
==736289==    by 0x4068FEB: r_getblock (node.c:1164)
==736289==    by 0x40693C1: make_str_node (node.c:406)
==736289==    by 0x4058004: update_PROCINFO_num (field.c:1674)
==736289==    by 0x400E76B: load_procinfo (main.c:1036)
==736289==    by 0x400E76B: init_vars (main.c:878)
==736289==    by 0x400E76B: main (main.c:403)
==736289== 
==736289== 88 bytes in 1 blocks are still reachable in loss record 118 of 210
==736289==    at 0x497D858: malloc (vg_replace_malloc.c:447)
==736289==    by 0x4068FEB: emalloc_real (awk.h:2156)
==736289==    by 0x4068FEB: r_getblock (node.c:1164)
==736289==    by 0x4069930: make_number_node (awk.h:2206)
==736289==    by 0x4069930: r_make_number (node.c:369)
==736289==    by 0x4058013: update_PROCINFO_num (field.c:1675)
==736289==    by 0x400E76B: load_procinfo (main.c:1036)
==736289==    by 0x400E76B: init_vars (main.c:878)
==736289==    by 0x400E76B: main (main.c:403)
==736289== 
==736289== 88 bytes in 1 blocks are still reachable in loss record 119 of 210
==736289==    at 0x497D858: malloc (vg_replace_malloc.c:447)
==736289==    by 0x4068FEB: emalloc_real (awk.h:2156)
==736289==    by 0x4068FEB: r_getblock (node.c:1164)
==736289==    by 0x40693C1: make_str_node (node.c:406)
==736289==    by 0x4058004: update_PROCINFO_num (field.c:1674)
==736289==    by 0x400E784: load_procinfo (main.c:1046)
==736289==    by 0x400E784: init_vars (main.c:878)
==736289==    by 0x400E784: main (main.c:403)
==736289== 
==736289== 88 bytes in 1 blocks are still reachable in loss record 120 of 210
==736289==    at 0x497D858: malloc (vg_replace_malloc.c:447)
==736289==    by 0x4068FEB: emalloc_real (awk.h:2156)
==736289==    by 0x4068FEB: r_getblock (node.c:1164)
==736289==    by 0x4069930: make_number_node (awk.h:2206)
==736289==    by 0x4069930: r_make_number (node.c:369)
==736289==    by 0x4058013: update_PROCINFO_num (field.c:1675)
==736289==    by 0x400E784: load_procinfo (main.c:1046)
==736289==    by 0x400E784: init_vars (main.c:878)
==736289==    by 0x400E784: main (main.c:403)
==736289== 
==736289== 88 bytes in 1 blocks are still reachable in loss record 121 of 210
==736289==    at 0x497D858: malloc (vg_replace_malloc.c:447)
==736289==    by 0x4068FEB: emalloc_real (awk.h:2156)
==736289==    by 0x4068FEB: r_getblock (node.c:1164)
==736289==    by 0x40693C1: make_str_node (node.c:406)
==736289==    by 0x4058004: update_PROCINFO_num (field.c:1674)
==736289==    by 0x400E79D: load_procinfo (main.c:1055)
==736289==    by 0x400E79D: init_vars (main.c:878)
==736289==    by 0x400E79D: main (main.c:403)
==736289== 
==736289== 88 bytes in 1 blocks are still reachable in loss record 122 of 210
==736289==    at 0x497D858: malloc (vg_replace_malloc.c:447)
==736289==    by 0x4068FEB: emalloc_real (awk.h:2156)
==736289==    by 0x4068FEB: r_getblock (node.c:1164)
==736289==    by 0x4069930: make_number_node (awk.h:2206)
==736289==    by 0x4069930: r_make_number (node.c:369)
==736289==    by 0x4058013: update_PROCINFO_num (field.c:1675)
==736289==    by 0x400E79D: load_procinfo (main.c:1055)
==736289==    by 0x400E79D: init_vars (main.c:878)
==736289==    by 0x400E79D: main (main.c:403)
==736289== 
==736289== 88 bytes in 1 blocks are still reachable in loss record 123 of 210
==736289==    at 0x497D858: malloc (vg_replace_malloc.c:447)
==736289==    by 0x4068FEB: emalloc_real (awk.h:2156)
==736289==    by 0x4068FEB: r_getblock (node.c:1164)
==736289==    by 0x40693C1: make_str_node (node.c:406)
==736289==    by 0x4058004: update_PROCINFO_num (field.c:1674)
==736289==    by 0x400E7B6: load_procinfo (main.c:1058)
==736289==    by 0x400E7B6: init_vars (main.c:878)
==736289==    by 0x400E7B6: main (main.c:403)
==736289== 
==736289== 88 bytes in 1 blocks are still reachable in loss record 124 of 210
==736289==    at 0x497D858: malloc (vg_replace_malloc.c:447)
==736289==    by 0x4068FEB: emalloc_real (awk.h:2156)
==736289==    by 0x4068FEB: r_getblock (node.c:1164)
==736289==    by 0x4069930: make_number_node (awk.h:2206)
==736289==    by 0x4069930: r_make_number (node.c:369)
==736289==    by 0x4058013: update_PROCINFO_num (field.c:1675)
==736289==    by 0x400E7B6: load_procinfo (main.c:1058)
==736289==    by 0x400E7B6: init_vars (main.c:878)
==736289==    by 0x400E7B6: main (main.c:403)
==736289== 
==736289== 88 bytes in 1 blocks are still reachable in loss record 125 of 210
==736289==    at 0x497D858: malloc (vg_replace_malloc.c:447)
==736289==    by 0x4068FEB: emalloc_real (awk.h:2156)
==736289==    by 0x4068FEB: r_getblock (node.c:1164)
==736289==    by 0x40693C1: make_str_node (node.c:406)
==736289==    by 0x4058004: update_PROCINFO_num (field.c:1674)
==736289==    by 0x400E7D2: load_procinfo (main.c:1061)
==736289==    by 0x400E7D2: init_vars (main.c:878)
==736289==    by 0x400E7D2: main (main.c:403)
==736289== 
==736289== 88 bytes in 1 blocks are still reachable in loss record 126 of 210
==736289==    at 0x497D858: malloc (vg_replace_malloc.c:447)
==736289==    by 0x4068FEB: emalloc_real (awk.h:2156)
==736289==    by 0x4068FEB: r_getblock (node.c:1164)
==736289==    by 0x4069930: make_number_node (awk.h:2206)
==736289==    by 0x4069930: r_make_number (node.c:369)
==736289==    by 0x4058013: update_PROCINFO_num (field.c:1675)
==736289==    by 0x400E7D2: load_procinfo (main.c:1061)
==736289==    by 0x400E7D2: init_vars (main.c:878)
==736289==    by 0x400E7D2: main (main.c:403)
==736289== 
==736289== 88 bytes in 1 blocks are still reachable in loss record 127 of 210
==736289==    at 0x497D858: malloc (vg_replace_malloc.c:447)
==736289==    by 0x4068FEB: emalloc_real (awk.h:2156)
==736289==    by 0x4068FEB: r_getblock (node.c:1164)
==736289==    by 0x40693C1: make_str_node (node.c:406)
==736289==    by 0x4058004: update_PROCINFO_num (field.c:1674)
==736289==    by 0x400E7EE: load_procinfo (main.c:1064)
==736289==    by 0x400E7EE: init_vars (main.c:878)
==736289==    by 0x400E7EE: main (main.c:403)
==736289== 
==736289== 88 bytes in 1 blocks are still reachable in loss record 128 of 210
==736289==    at 0x497D858: malloc (vg_replace_malloc.c:447)
==736289==    by 0x4068FEB: emalloc_real (awk.h:2156)
==736289==    by 0x4068FEB: r_getblock (node.c:1164)
==736289==    by 0x4069930: make_number_node (awk.h:2206)
==736289==    by 0x4069930: r_make_number (node.c:369)
==736289==    by 0x4058013: update_PROCINFO_num (field.c:1675)
==736289==    by 0x400E7EE: load_procinfo (main.c:1064)
==736289==    by 0x400E7EE: init_vars (main.c:878)
==736289==    by 0x400E7EE: main (main.c:403)
==736289== 
==736289== 88 bytes in 1 blocks are still reachable in loss record 129 of 210
==736289==    at 0x497D858: malloc (vg_replace_malloc.c:447)
==736289==    by 0x4068FEB: emalloc_real (awk.h:2156)
==736289==    by 0x4068FEB: r_getblock (node.c:1164)
==736289==    by 0x40693C1: make_str_node (node.c:406)
==736289==    by 0x4058004: update_PROCINFO_num (field.c:1674)
==736289==    by 0x400E80A: load_procinfo (main.c:1067)
==736289==    by 0x400E80A: init_vars (main.c:878)
==736289==    by 0x400E80A: main (main.c:403)
==736289== 
==736289== 88 bytes in 1 blocks are still reachable in loss record 130 of 210
==736289==    at 0x497D858: malloc (vg_replace_malloc.c:447)
==736289==    by 0x4068FEB: emalloc_real (awk.h:2156)
==736289==    by 0x4068FEB: r_getblock (node.c:1164)
==736289==    by 0x4069930: make_number_node (awk.h:2206)
==736289==    by 0x4069930: r_make_number (node.c:369)
==736289==    by 0x4058013: update_PROCINFO_num (field.c:1675)
==736289==    by 0x400E80A: load_procinfo (main.c:1067)
==736289==    by 0x400E80A: init_vars (main.c:878)
==736289==    by 0x400E80A: main (main.c:403)
==736289== 
==736289== 88 bytes in 1 blocks are still reachable in loss record 131 of 210
==736289==    at 0x497D858: malloc (vg_replace_malloc.c:447)
==736289==    by 0x4068FEB: emalloc_real (awk.h:2156)
==736289==    by 0x4068FEB: r_getblock (node.c:1164)
==736289==    by 0x40693C1: make_str_node (node.c:406)
==736289==    by 0x4058004: update_PROCINFO_num (field.c:1674)
==736289==    by 0x400E826: load_procinfo (main.c:1070)
==736289==    by 0x400E826: init_vars (main.c:878)
==736289==    by 0x400E826: main (main.c:403)
==736289== 
==736289== 88 bytes in 1 blocks are still reachable in loss record 132 of 210
==736289==    at 0x497D858: malloc (vg_replace_malloc.c:447)
==736289==    by 0x4068FEB: emalloc_real (awk.h:2156)
==736289==    by 0x4068FEB: r_getblock (node.c:1164)
==736289==    by 0x4069930: make_number_node (awk.h:2206)
==736289==    by 0x4069930: r_make_number (node.c:369)
==736289==    by 0x4058013: update_PROCINFO_num (field.c:1675)
==736289==    by 0x400E826: load_procinfo (main.c:1070)
==736289==    by 0x400E826: init_vars (main.c:878)
==736289==    by 0x400E826: main (main.c:403)
==736289== 
==736289== 88 bytes in 1 blocks are still reachable in loss record 133 of 210
==736289==    at 0x497D858: malloc (vg_replace_malloc.c:447)
==736289==    by 0x4068FEB: emalloc_real (awk.h:2156)
==736289==    by 0x4068FEB: r_getblock (node.c:1164)
==736289==    by 0x40693C1: make_str_node (node.c:406)
==736289==    by 0x4054B6F: update_PROCINFO_str.part.0 (field.c:1661)
==736289==    by 0x400E83A: load_procinfo (main.c:1072)
==736289==    by 0x400E83A: init_vars (main.c:878)
==736289==    by 0x400E83A: main (main.c:403)
==736289== 
==736289== 88 bytes in 1 blocks are still reachable in loss record 134 of 210
==736289==    at 0x497D858: malloc (vg_replace_malloc.c:447)
==736289==    by 0x4068FEB: emalloc_real (awk.h:2156)
==736289==    by 0x4068FEB: r_getblock (node.c:1164)
==736289==    by 0x40693C1: make_str_node (node.c:406)
==736289==    by 0x4054B87: update_PROCINFO_str.part.0 (field.c:1662)
==736289==    by 0x400E83A: load_procinfo (main.c:1072)
==736289==    by 0x400E83A: init_vars (main.c:878)
==736289==    by 0x400E83A: main (main.c:403)
==736289== 
==736289== 88 bytes in 1 blocks are still reachable in loss record 135 of 210
==736289==    at 0x497D858: malloc (vg_replace_malloc.c:447)
==736289==    by 0x4068FEB: emalloc_real (awk.h:2156)
==736289==    by 0x4068FEB: r_getblock (node.c:1164)
==736289==    by 0x40693C1: make_str_node (node.c:406)
==736289==    by 0x4054B6F: update_PROCINFO_str.part.0 (field.c:1661)
==736289==    by 0x400E8D2: load_procinfo (main.c:1087)
==736289==    by 0x400E8D2: init_vars (main.c:878)
==736289==    by 0x400E8D2: main (main.c:403)
==736289== 
==736289== 88 bytes in 1 blocks are still reachable in loss record 136 of 210
==736289==    at 0x497D858: malloc (vg_replace_malloc.c:447)
==736289==    by 0x4068FEB: emalloc_real (awk.h:2156)
==736289==    by 0x4068FEB: r_getblock (node.c:1164)
==736289==    by 0x40693C1: make_str_node (node.c:406)
==736289==    by 0x4054B87: update_PROCINFO_str.part.0 (field.c:1662)
==736289==    by 0x400E8D2: load_procinfo (main.c:1087)
==736289==    by 0x400E8D2: init_vars (main.c:878)
==736289==    by 0x400E8D2: main (main.c:403)
==736289== 
==736289== 88 bytes in 1 blocks are still reachable in loss record 137 of 210
==736289==    at 0x497D858: malloc (vg_replace_malloc.c:447)
==736289==    by 0x4068FEB: emalloc_real (awk.h:2156)
==736289==    by 0x4068FEB: r_getblock (node.c:1164)
==736289==    by 0x400E8E9: load_procinfo_argv (main.c:984)
==736289==    by 0x400E8E9: load_procinfo (main.c:1093)
==736289==    by 0x400E8E9: init_vars (main.c:878)
==736289==    by 0x400E8E9: main (main.c:403)
==736289== 
==736289== 88 bytes in 1 blocks are still reachable in loss record 138 of 210
==736289==    at 0x497D858: malloc (vg_replace_malloc.c:447)
==736289==    by 0x4068FEB: emalloc_real (awk.h:2156)
==736289==    by 0x4068FEB: r_getblock (node.c:1164)
==736289==    by 0x40348D2: make_node (cint_array.c:731)
==736289==    by 0x40348D2: cint_lookup (cint_array.c:256)
==736289==    by 0x400E9D6: assoc_set (awk.h:2220)
==736289==    by 0x400E9D6: load_procinfo_argv (main.c:992)
==736289==    by 0x400E9D6: load_procinfo (main.c:1093)
==736289==    by 0x400E9D6: init_vars (main.c:878)
==736289==    by 0x400E9D6: main (main.c:403)
==736289== 
==736289== 88 bytes in 1 blocks are still reachable in loss record 139 of 210
==736289==    at 0x497D858: malloc (vg_replace_malloc.c:447)
==736289==    by 0x4068FEB: emalloc_real (awk.h:2156)
==736289==    by 0x4068FEB: r_getblock (node.c:1164)
==736289==    by 0x40344E7: make_node (cint_array.c:731)
==736289==    by 0x40344E7: tree_lookup (cint_array.c:796)
==736289==    by 0x400E9D6: assoc_set (awk.h:2220)
==736289==    by 0x400E9D6: load_procinfo_argv (main.c:992)
==736289==    by 0x400E9D6: load_procinfo (main.c:1093)
==736289==    by 0x400E9D6: init_vars (main.c:878)
==736289==    by 0x400E9D6: main (main.c:403)
==736289== 
==736289== 88 bytes in 1 blocks are still reachable in loss record 140 of 210
==736289==    at 0x497D858: malloc (vg_replace_malloc.c:447)
==736289==    by 0x4068FEB: emalloc_real (awk.h:2156)
==736289==    by 0x4068FEB: r_getblock (node.c:1164)
==736289==    by 0x40693C1: make_str_node (node.c:406)
==736289==    by 0x400EC1B: load_procinfo_argv (main.c:996)
==736289==    by 0x400EC1B: load_procinfo (main.c:1093)
==736289==    by 0x400EC1B: init_vars (main.c:878)
==736289==    by 0x400EC1B: main (main.c:403)
==736289== 
==736289== 88 bytes in 1 blocks are still reachable in loss record 141 of 210
==736289==    at 0x497D858: malloc (vg_replace_malloc.c:447)
==736289==    by 0x4068FEB: emalloc_real (awk.h:2156)
==736289==    by 0x4068FEB: r_getblock (node.c:1164)
==736289==    by 0x40693C1: make_str_node (node.c:406)
==736289==    by 0x4077055: install (symbol.c:399)
==736289==    by 0x400E038: load_environ (main.c:930)
==736289==    by 0x400E038: init_vars (main.c:879)
==736289==    by 0x400E038: main (main.c:403)
==736289== 
==736289== 88 bytes in 1 blocks are still reachable in loss record 142 of 210
==736289==    at 0x497D858: malloc (vg_replace_malloc.c:447)
==736289==    by 0x4068FEB: emalloc_real (awk.h:2156)
==736289==    by 0x4068FEB: r_getblock (node.c:1164)
==736289==    by 0x4077133: make_symbol (symbol.c:376)
==736289==    by 0x4077133: install (symbol.c:417)
==736289==    by 0x400E038: load_environ (main.c:930)
==736289==    by 0x400E038: init_vars (main.c:879)
==736289==    by 0x400E038: main (main.c:403)
==736289== 
==736289== 88 bytes in 1 blocks are still reachable in loss record 143 of 210
==736289==    at 0x497D858: malloc (vg_replace_malloc.c:447)
==736289==    by 0x4068FEB: emalloc_real (awk.h:2156)
==736289==    by 0x4068FEB: r_getblock (node.c:1164)
==736289==    by 0x40693C1: make_str_node (node.c:406)
==736289==    by 0x40553E0: init_fields (field.c:111)
==736289==    by 0x400E1A4: main (main.c:410)
==736289== 
==736289== 88 bytes in 1 blocks are still reachable in loss record 144 of 210
==736289==    at 0x497D858: malloc (vg_replace_malloc.c:447)
==736289==    by 0x4068FEB: emalloc_real (awk.h:2156)
==736289==    by 0x4068FEB: r_getblock (node.c:1164)
==736289==    by 0x4048A91: init_interpret (eval.c:1902)
==736289==    by 0x400E3D5: main (main.c:468)
==736289== 
==736289== 88 bytes in 1 blocks are still reachable in loss record 145 of 210
==736289==    at 0x497D858: malloc (vg_replace_malloc.c:447)
==736289==    by 0x4068FEB: emalloc_real (awk.h:2156)
==736289==    by 0x4068FEB: r_getblock (node.c:1164)
==736289==    by 0x4069930: make_number_node (awk.h:2206)
==736289==    by 0x4069930: r_make_number (node.c:369)
==736289==    by 0x4048AE5: init_interpret (eval.c:1910)
==736289==    by 0x400E3D5: main (main.c:468)
==736289== 
==736289== 88 bytes in 1 blocks are still reachable in loss record 146 of 210
==736289==    at 0x497D858: malloc (vg_replace_malloc.c:447)
==736289==    by 0x4068FEB: emalloc_real (awk.h:2156)
==736289==    by 0x4068FEB: r_getblock (node.c:1164)
==736289==    by 0x4069930: make_number_node (awk.h:2206)
==736289==    by 0x4069930: r_make_number (node.c:369)
==736289==    by 0x4048AFA: init_interpret (eval.c:1911)
==736289==    by 0x400E3D5: main (main.c:468)
==736289== 
==736289== 88 bytes in 1 blocks are still reachable in loss record 147 of 210
==736289==    at 0x497D858: malloc (vg_replace_malloc.c:447)
==736289==    by 0x4068FEB: emalloc_real (awk.h:2156)
==736289==    by 0x4068FEB: r_getblock (node.c:1164)
==736289==    by 0x40693C1: make_str_node (node.c:406)
==736289==    by 0x4077055: install (symbol.c:399)
==736289==    by 0x400E414: init_args (main.c:764)
==736289==    by 0x400E414: main (main.c:470)
==736289== 
==736289== 88 bytes in 1 blocks are still reachable in loss record 148 of 210
==736289==    at 0x497D858: malloc (vg_replace_malloc.c:447)
==736289==    by 0x4068FEB: emalloc_real (awk.h:2156)
==736289==    by 0x4068FEB: r_getblock (node.c:1164)
==736289==    by 0x4077133: make_symbol (symbol.c:376)
==736289==    by 0x4077133: install (symbol.c:417)
==736289==    by 0x400E414: init_args (main.c:764)
==736289==    by 0x400E414: main (main.c:470)
==736289== 
==736289== 88 bytes in 1 blocks are still reachable in loss record 149 of 210
==736289==    at 0x497D858: malloc (vg_replace_malloc.c:447)
==736289==    by 0x4068FEB: emalloc_real (awk.h:2156)
==736289==    by 0x4068FEB: r_getblock (node.c:1164)
==736289==    by 0x40693C1: make_str_node (node.c:406)
==736289==    by 0x400E43D: init_args (main.c:766)
==736289==    by 0x400E43D: main (main.c:470)
==736289== 
==736289== 88 bytes in 1 blocks are still reachable in loss record 150 of 210
==736289==    at 0x497D858: malloc (vg_replace_malloc.c:447)
==736289==    by 0x4068FEB: emalloc_real (awk.h:2156)
==736289==    by 0x4068FEB: r_getblock (node.c:1164)
==736289==    by 0x40348D2: make_node (cint_array.c:731)
==736289==    by 0x40348D2: cint_lookup (cint_array.c:256)
==736289==    by 0x40662E6: assoc_set (awk.h:2220)
==736289==    by 0x400E453: init_args (main.c:768)
==736289==    by 0x400E453: main (main.c:470)
==736289== 
==736289== 88 bytes in 1 blocks are still reachable in loss record 151 of 210
==736289==    at 0x497D858: malloc (vg_replace_malloc.c:447)
==736289==    by 0x4068FEB: emalloc_real (awk.h:2156)
==736289==    by 0x4068FEB: r_getblock (node.c:1164)
==736289==    by 0x40344E7: make_node (cint_array.c:731)
==736289==    by 0x40344E7: tree_lookup (cint_array.c:796)
==736289==    by 0x40662E6: assoc_set (awk.h:2220)
==736289==    by 0x400E453: init_args (main.c:768)
==736289==    by 0x400E453: main (main.c:470)
==736289== 
==736289== 88 bytes in 1 blocks are still reachable in loss record 152 of 210
==736289==    at 0x497D858: malloc (vg_replace_malloc.c:447)
==736289==    by 0x4068FEB: emalloc_real (awk.h:2156)
==736289==    by 0x4068FEB: r_getblock (node.c:1164)
==736289==    by 0x40693C1: make_str_node (node.c:406)
==736289==    by 0x4077055: install (symbol.c:399)
==736289==    by 0x400EA90: init_args (main.c:791)
==736289==    by 0x400EA90: main (main.c:470)
==736289== 
==736289== 88 bytes in 1 blocks are still reachable in loss record 153 of 210
==736289==    at 0x497D858: malloc (vg_replace_malloc.c:447)
==736289==    by 0x4068FEB: emalloc_real (awk.h:2156)
==736289==    by 0x4068FEB: r_getblock (node.c:1164)
==736289==    by 0x4077133: make_symbol (symbol.c:376)
==736289==    by 0x4077133: install (symbol.c:417)
==736289==    by 0x400EA90: init_args (main.c:791)
==736289==    by 0x400EA90: main (main.c:470)
==736289== 
==736289== 88 bytes in 1 blocks are still reachable in loss record 154 of 210
==736289==    at 0x497D858: malloc (vg_replace_malloc.c:447)
==736289==    by 0x4068FEB: emalloc_real (awk.h:2156)
==736289==    by 0x4068FEB: r_getblock (node.c:1164)
==736289==    by 0x4069930: make_number_node (awk.h:2206)
==736289==    by 0x4069930: r_make_number (node.c:369)
==736289==    by 0x400EAA8: init_args (main.c:792)
==736289==    by 0x400EAA8: main (main.c:470)
==736289== 
==736289== 88 bytes in 1 blocks are still reachable in loss record 155 of 210
==736289==    at 0x497D858: malloc (vg_replace_malloc.c:447)
==736289==    by 0x4068FEB: emalloc_real (awk.h:2156)
==736289==    by 0x4068FEB: r_getblock (node.c:1164)
==736289==    by 0x40693C1: make_str_node (node.c:406)
==736289==    by 0x4077055: install (symbol.c:399)
==736289==    by 0x401CA63: yyparse (awkgram.y:2148)
==736289==    by 0x402073A: parse_program (awkgram.y:2797)
==736289==    by 0x400EAD8: main (main.c:483)
==736289== 
==736289== 88 bytes in 1 blocks are still reachable in loss record 156 of 210
==736289==    at 0x497D858: malloc (vg_replace_malloc.c:447)
==736289==    by 0x4068FEB: emalloc_real (awk.h:2156)
==736289==    by 0x4068FEB: r_getblock (node.c:1164)
==736289==    by 0x4077133: make_symbol (symbol.c:376)
==736289==    by 0x4077133: install (symbol.c:417)
==736289==    by 0x401CA63: yyparse (awkgram.y:2148)
==736289==    by 0x402073A: parse_program (awkgram.y:2797)
==736289==    by 0x400EAD8: main (main.c:483)
==736289== 
==736289== 88 bytes in 1 blocks are still reachable in loss record 157 of 210
==736289==    at 0x497D858: malloc (vg_replace_malloc.c:447)
==736289==    by 0x4068FEB: emalloc_real (awk.h:2156)
==736289==    by 0x4068FEB: r_getblock (node.c:1164)
==736289==    by 0x40693C1: make_str_node (node.c:406)
==736289==    by 0x4077FD7: load_symbols (symbol.c:663)
==736289==    by 0x400ED85: main (main.c:499)
==736289== 
==736289== 88 bytes in 1 blocks are still reachable in loss record 158 of 210
==736289==    at 0x497D858: malloc (vg_replace_malloc.c:447)
==736289==    by 0x4068FEB: emalloc_real (awk.h:2156)
==736289==    by 0x4068FEB: r_getblock (node.c:1164)
==736289==    by 0x4077FF4: load_symbols (symbol.c:666)
==736289==    by 0x400ED85: main (main.c:499)
==736289== 
==736289== 88 bytes in 1 blocks are still reachable in loss record 159 of 210
==736289==    at 0x497D858: malloc (vg_replace_malloc.c:447)
==736289==    by 0x4068FEB: emalloc_real (awk.h:2156)
==736289==    by 0x4068FEB: r_getblock (node.c:1164)
==736289==    by 0x40693C1: make_str_node (node.c:406)
==736289==    by 0x40780DA: load_symbols (symbol.c:679)
==736289==    by 0x400ED85: main (main.c:499)
==736289== 
==736289== 88 bytes in 1 blocks are still reachable in loss record 160 of 210
==736289==    at 0x497D858: malloc (vg_replace_malloc.c:447)
==736289==    by 0x4068FEB: emalloc_real (awk.h:2156)
==736289==    by 0x4068FEB: r_getblock (node.c:1164)
==736289==    by 0x40693C1: make_str_node (node.c:406)
==736289==    by 0x40780F2: load_symbols (symbol.c:680)
==736289==    by 0x400ED85: main (main.c:499)
==736289== 
==736289== 88 bytes in 1 blocks are still reachable in loss record 161 of 210
==736289==    at 0x497D858: malloc (vg_replace_malloc.c:447)
==736289==    by 0x4068FEB: emalloc_real (awk.h:2156)
==736289==    by 0x4068FEB: r_getblock (node.c:1164)
==736289==    by 0x40693C1: make_str_node (node.c:406)
==736289==    by 0x407810A: load_symbols (symbol.c:681)
==736289==    by 0x400ED85: main (main.c:499)
==736289== 
==736289== 88 bytes in 1 blocks are still reachable in loss record 162 of 210
==736289==    at 0x497D858: malloc (vg_replace_malloc.c:447)
==736289==    by 0x4068FEB: emalloc_real (awk.h:2156)
==736289==    by 0x4068FEB: r_getblock (node.c:1164)
==736289==    by 0x40693C1: make_str_node (node.c:406)
==736289==    by 0x4078122: load_symbols (symbol.c:682)
==736289==    by 0x400ED85: main (main.c:499)
==736289== 
==736289== 88 bytes in 1 blocks are still reachable in loss record 163 of 210
==736289==    at 0x497D858: malloc (vg_replace_malloc.c:447)
==736289==    by 0x4068FEB: emalloc_real (awk.h:2156)
==736289==    by 0x4068FEB: r_getblock (node.c:1164)
==736289==    by 0x40693C1: make_str_node (node.c:406)
==736289==    by 0x4058004: update_PROCINFO_num (field.c:1674)
==736289==    by 0x40473B3: update_ERRNO_int (eval.c:1029)
==736289==    by 0x40473B3: update_ERRNO_int (eval.c:1022)
==736289==    by 0x40613B8: nextfile (io.c:515)
==736289==    by 0x404ECBF: r_interpret (interpret.h:1421)
==736289==    by 0x400EDDE: main (main.c:532)
==736289== 
==736289== 88 bytes in 1 blocks are still reachable in loss record 164 of 210
==736289==    at 0x497D858: malloc (vg_replace_malloc.c:447)
==736289==    by 0x4068FEB: emalloc_real (awk.h:2156)
==736289==    by 0x4068FEB: r_getblock (node.c:1164)
==736289==    by 0x4069930: make_number_node (awk.h:2206)
==736289==    by 0x4069930: r_make_number (node.c:369)
==736289==    by 0x4058013: update_PROCINFO_num (field.c:1675)
==736289==    by 0x40473B3: update_ERRNO_int (eval.c:1029)
==736289==    by 0x40473B3: update_ERRNO_int (eval.c:1022)
==736289==    by 0x40613B8: nextfile (io.c:515)
==736289==    by 0x404ECBF: r_interpret (interpret.h:1421)
==736289==    by 0x400EDDE: main (main.c:532)
==736289== 
==736289== 88 bytes in 1 blocks are still reachable in loss record 165 of 210
==736289==    at 0x497D858: malloc (vg_replace_malloc.c:447)
==736289==    by 0x4068FEB: emalloc_real (awk.h:2156)
==736289==    by 0x4068FEB: r_getblock (node.c:1164)
==736289==    by 0x40693C1: make_str_node (node.c:406)
==736289==    by 0x40473FB: update_ERRNO_int (eval.c:1036)
==736289==    by 0x40473FB: update_ERRNO_int (eval.c:1022)
==736289==    by 0x40613B8: nextfile (io.c:515)
==736289==    by 0x404ECBF: r_interpret (interpret.h:1421)
==736289==    by 0x400EDDE: main (main.c:532)
==736289== 
==736289== 88 bytes in 1 blocks are still reachable in loss record 166 of 210
==736289==    at 0x497D858: malloc (vg_replace_malloc.c:447)
==736289==    by 0x4068FEB: emalloc_real (awk.h:2156)
==736289==    by 0x4068FEB: r_getblock (node.c:1164)
==736289==    by 0x40693C1: make_str_node (node.c:406)
==736289==    by 0x40613F5: nextfile (io.c:518)
==736289==    by 0x404ECBF: r_interpret (interpret.h:1421)
==736289==    by 0x400EDDE: main (main.c:532)
==736289== 
==736289== 88 bytes in 1 blocks are still reachable in loss record 167 of 210
==736289==    at 0x497D858: malloc (vg_replace_malloc.c:447)
==736289==    by 0x4068FEB: emalloc_real (awk.h:2156)
==736289==    by 0x4068FEB: r_getblock (node.c:1164)
==736289==    by 0x40693C1: make_str_node (node.c:406)
==736289==    by 0x40604F8: get_a_record (io.c:4164)
==736289==    by 0x4060947: inrec (io.c:585)
==736289==    by 0x404ECFC: r_interpret (interpret.h:1457)
==736289==    by 0x400EDDE: main (main.c:532)
==736289== 
==736289== 88 bytes in 1 blocks are still reachable in loss record 168 of 210
==736289==    at 0x497D858: malloc (vg_replace_malloc.c:447)
==736289==    by 0x4068FEB: emalloc_real (awk.h:2156)
==736289==    by 0x4068FEB: r_getblock (node.c:1164)
==736289==    by 0x40690FF: r_dupnode (node.c:323)
==736289==    by 0x4050AD6: dupnode (awk.h:2024)
==736289==    by 0x4050AD6: r_interpret (interpret.h:486)
==736289==    by 0x400EDDE: main (main.c:532)
==736289== 
==736289== 88 bytes in 1 blocks are still reachable in loss record 169 of 210
==736289==    at 0x497D858: malloc (vg_replace_malloc.c:447)
==736289==    by 0x4068FEB: emalloc_real (awk.h:2156)
==736289==    by 0x4068FEB: r_getblock (node.c:1164)
==736289==    by 0x4055A4F: set_record (field.c:343)
==736289==    by 0x4064F08: do_getline (io.c:2945)
==736289==    by 0x404FBC6: r_interpret (interpret.h:1377)
==736289==    by 0x400EDDE: main (main.c:532)
==736289== 
==736289== 104 bytes in 1 blocks are still reachable in loss record 170 of 210
==736289==    at 0x4984E43: calloc (vg_replace_malloc.c:1678)
==736289==    by 0x4075D54: ezalloc_real (awk.h:2174)
==736289==    by 0x4075D54: grow_table (str_array.c:682)
==736289==    by 0x407693C: str_lookup (str_array.c:150)
==736289==    by 0x407708C: assoc_set (awk.h:2220)
==736289==    by 0x407708C: install (symbol.c:430)
==736289==    by 0x4077369: install_symbol (symbol.c:173)
==736289==    by 0x4077369: init_the_tables (symbol.c:77)
==736289==    by 0x400D60A: main (main.c:287)
==736289== 
==736289== 104 bytes in 1 blocks are still reachable in loss record 171 of 210
==736289==    at 0x4984E43: calloc (vg_replace_malloc.c:1678)
==736289==    by 0x4075D54: ezalloc_real (awk.h:2174)
==736289==    by 0x4075D54: grow_table (str_array.c:682)
==736289==    by 0x407693C: str_lookup (str_array.c:150)
==736289==    by 0x407708C: assoc_set (awk.h:2220)
==736289==    by 0x407708C: install (symbol.c:430)
==736289==    by 0x400DA01: init_vars (main.c:865)
==736289==    by 0x400DA01: main (main.c:403)
==736289== 
==736289== 104 bytes in 1 blocks are still reachable in loss record 172 of 210
==736289==    at 0x4984E43: calloc (vg_replace_malloc.c:1678)
==736289==    by 0x4075D54: ezalloc_real (awk.h:2174)
==736289==    by 0x4075D54: grow_table (str_array.c:682)
==736289==    by 0x407693C: str_lookup (str_array.c:150)
==736289==    by 0x4054B9E: assoc_set (awk.h:2220)
==736289==    by 0x4054B9E: update_PROCINFO_str.part.0 (field.c:1662)
==736289==    by 0x400E71D: load_procinfo (main.c:1021)
==736289==    by 0x400E71D: init_vars (main.c:878)
==736289==    by 0x400E71D: main (main.c:403)
==736289== 
==736289== 104 bytes in 1 blocks are still reachable in loss record 173 of 210
==736289==    at 0x4984E43: calloc (vg_replace_malloc.c:1678)
==736289==    by 0x4075D54: ezalloc_real (awk.h:2174)
==736289==    by 0x4075D54: grow_table (str_array.c:682)
==736289==    by 0x407693C: str_lookup (str_array.c:150)
==736289==    by 0x400E127: assoc_set (awk.h:2220)
==736289==    by 0x400E127: load_environ (main.c:949)
==736289==    by 0x400E127: init_vars (main.c:879)
==736289==    by 0x400E127: main (main.c:403)
==736289== 
==736289== 104 bytes in 1 blocks are still reachable in loss record 174 of 210
==736289==    at 0x4984E43: calloc (vg_replace_malloc.c:1678)
==736289==    by 0x4075D54: ezalloc_real (awk.h:2174)
==736289==    by 0x4075D54: grow_table (str_array.c:682)
==736289==    by 0x407693C: str_lookup (str_array.c:150)
==736289==    by 0x407708C: assoc_set (awk.h:2220)
==736289==    by 0x407708C: install (symbol.c:430)
==736289==    by 0x401982E: install_builtins (awkgram.y:6601)
==736289==    by 0x400ED71: main (main.c:491)
==736289== 
==736289== 104 bytes in 1 blocks are still reachable in loss record 175 of 210
==736289==    at 0x4984E43: calloc (vg_replace_malloc.c:1678)
==736289==    by 0x4075D54: ezalloc_real (awk.h:2174)
==736289==    by 0x4075D54: grow_table (str_array.c:682)
==736289==    by 0x407693C: str_lookup (str_array.c:150)
==736289==    by 0x40782E9: load_symbols (symbol.c:701)
==736289==    by 0x400ED85: main (main.c:499)
==736289== 
==736289== 151 bytes in 24 blocks are still reachable in loss record 176 of 210
==736289==    at 0x497D858: malloc (vg_replace_malloc.c:447)
==736289==    by 0x4066564: emalloc_real (awk.h:2156)
==736289==    by 0x4066564: estrdup (main.c:1451)
==736289==    by 0x400D9F0: init_vars (main.c:865)
==736289==    by 0x400D9F0: main (main.c:403)
==736289== 
==736289== 151 bytes in 24 blocks are still reachable in loss record 177 of 210
==736289==    at 0x497D858: malloc (vg_replace_malloc.c:447)
==736289==    by 0x4069457: emalloc_real (awk.h:2156)
==736289==    by 0x4069457: make_str_node (node.c:422)
==736289==    by 0x4077055: install (symbol.c:399)
==736289==    by 0x400DA01: init_vars (main.c:865)
==736289==    by 0x400DA01: main (main.c:403)
==736289== 
==736289== 176 bytes in 2 blocks are still reachable in loss record 178 of 210
==736289==    at 0x497D858: malloc (vg_replace_malloc.c:447)
==736289==    by 0x4068FEB: emalloc_real (awk.h:2156)
==736289==    by 0x4068FEB: r_getblock (node.c:1164)
==736289==    by 0x4069930: make_number_node (awk.h:2206)
==736289==    by 0x4069930: r_make_number (node.c:369)
==736289==    by 0x401A26C: yylex (awkgram.y:4256)
==736289==    by 0x401C83C: yyparse (awkgram.c:1879)
==736289==    by 0x402073A: parse_program (awkgram.y:2797)
==736289==    by 0x400EAD8: main (main.c:483)
==736289== 
==736289== 176 bytes in 2 blocks are still reachable in loss record 179 of 210
==736289==    at 0x497D858: malloc (vg_replace_malloc.c:447)
==736289==    by 0x4068FEB: emalloc_real (awk.h:2156)
==736289==    by 0x4068FEB: r_getblock (node.c:1164)
==736289==    by 0x40693C1: make_str_node (node.c:406)
==736289==    by 0x401B194: yylex (awkgram.y:4074)
==736289==    by 0x401C83C: yyparse (awkgram.c:1879)
==736289==    by 0x402073A: parse_program (awkgram.y:2797)
==736289==    by 0x400EAD8: main (main.c:483)
==736289== 
==736289== 216 bytes in 25 blocks are still reachable in loss record 180 of 210
==736289==    at 0x497D858: malloc (vg_replace_malloc.c:447)
==736289==    by 0x4069457: emalloc_real (awk.h:2156)
==736289==    by 0x4069457: make_str_node (node.c:422)
==736289==    by 0x400E0F5: load_environ (main.c:946)
==736289==    by 0x400E0F5: init_vars (main.c:879)
==736289==    by 0x400E0F5: main (main.c:403)
==736289== 
==736289== 256 bytes in 1 blocks are still reachable in loss record 181 of 210
==736289==    at 0x4984E43: calloc (vg_replace_malloc.c:1678)
==736289==    by 0x4034892: ezalloc_real (awk.h:2174)
==736289==    by 0x4034892: cint_lookup (cint_array.c:249)
==736289==    by 0x400E9D6: assoc_set (awk.h:2220)
==736289==    by 0x400E9D6: load_procinfo_argv (main.c:992)
==736289==    by 0x400E9D6: load_procinfo (main.c:1093)
==736289==    by 0x400E9D6: init_vars (main.c:878)
==736289==    by 0x400E9D6: main (main.c:403)
==736289== 
==736289== 256 bytes in 1 blocks are still reachable in loss record 182 of 210
==736289==    at 0x4984E43: calloc (vg_replace_malloc.c:1678)
==736289==    by 0x4034297: ezalloc_real (awk.h:2174)
==736289==    by 0x4034297: tree_lookup (cint_array.c:773)
==736289==    by 0x400E9D6: assoc_set (awk.h:2220)
==736289==    by 0x400E9D6: load_procinfo_argv (main.c:992)
==736289==    by 0x400E9D6: load_procinfo (main.c:1093)
==736289==    by 0x400E9D6: init_vars (main.c:878)
==736289==    by 0x400E9D6: main (main.c:403)
==736289== 
==736289== 256 bytes in 1 blocks are still reachable in loss record 183 of 210
==736289==    at 0x4984E43: calloc (vg_replace_malloc.c:1678)
==736289==    by 0x40344C0: ezalloc_real (awk.h:2174)
==736289==    by 0x40344C0: leaf_lookup (cint_array.c:1064)
==736289==    by 0x40344C0: tree_lookup (cint_array.c:797)
==736289==    by 0x400E9D6: assoc_set (awk.h:2220)
==736289==    by 0x400E9D6: load_procinfo_argv (main.c:992)
==736289==    by 0x400E9D6: load_procinfo (main.c:1093)
==736289==    by 0x400E9D6: init_vars (main.c:878)
==736289==    by 0x400E9D6: main (main.c:403)
==736289== 
==736289== 256 bytes in 1 blocks are still reachable in loss record 184 of 210
==736289==    at 0x4984E43: calloc (vg_replace_malloc.c:1678)
==736289==    by 0x4034892: ezalloc_real (awk.h:2174)
==736289==    by 0x4034892: cint_lookup (cint_array.c:249)
==736289==    by 0x40662E6: assoc_set (awk.h:2220)
==736289==    by 0x400E453: init_args (main.c:768)
==736289==    by 0x400E453: main (main.c:470)
==736289== 
==736289== 256 bytes in 1 blocks are still reachable in loss record 185 of 210
==736289==    at 0x4984E43: calloc (vg_replace_malloc.c:1678)
==736289==    by 0x4034297: ezalloc_real (awk.h:2174)
==736289==    by 0x4034297: tree_lookup (cint_array.c:773)
==736289==    by 0x40662E6: assoc_set (awk.h:2220)
==736289==    by 0x400E453: init_args (main.c:768)
==736289==    by 0x400E453: main (main.c:470)
==736289== 
==736289== 256 bytes in 1 blocks are still reachable in loss record 186 of 210
==736289==    at 0x4984E43: calloc (vg_replace_malloc.c:1678)
==736289==    by 0x40344C0: ezalloc_real (awk.h:2174)
==736289==    by 0x40344C0: leaf_lookup (cint_array.c:1064)
==736289==    by 0x40344C0: tree_lookup (cint_array.c:797)
==736289==    by 0x40662E6: assoc_set (awk.h:2220)
==736289==    by 0x400E453: init_args (main.c:768)
==736289==    by 0x400E453: main (main.c:470)
==736289== 
==736289== 264 bytes in 3 blocks are still reachable in loss record 187 of 210
==736289==    at 0x497D858: malloc (vg_replace_malloc.c:447)
==736289==    by 0x4068FEB: emalloc_real (awk.h:2156)
==736289==    by 0x4068FEB: r_getblock (node.c:1164)
==736289==    by 0x40693C1: make_str_node (node.c:406)
==736289==    by 0x400E9C6: load_procinfo_argv (main.c:991)
==736289==    by 0x400E9C6: load_procinfo (main.c:1093)
==736289==    by 0x400E9C6: init_vars (main.c:878)
==736289==    by 0x400E9C6: main (main.c:403)
==736289== 
==736289== 278 bytes in 42 blocks are still reachable in loss record 188 of 210
==736289==    at 0x497D858: malloc (vg_replace_malloc.c:447)
==736289==    by 0x4069457: emalloc_real (awk.h:2156)
==736289==    by 0x4069457: make_str_node (node.c:422)
==736289==    by 0x4077055: install (symbol.c:399)
==736289==    by 0x401982E: install_builtins (awkgram.y:6601)
==736289==    by 0x400ED71: main (main.c:491)
==736289== 
==736289== 296 bytes in 1 blocks are still reachable in loss record 189 of 210
==736289==    at 0x4984E43: calloc (vg_replace_malloc.c:1678)
==736289==    by 0x4014A06: ezalloc_real (awk.h:2174)
==736289==    by 0x4014A06: do_add_srcfile (awkgram.y:2833)
==736289==    by 0x4018A70: add_srcfile (awkgram.y:2916)
==736289==    by 0x400D7E5: parse_args (main.c:1585)
==736289==    by 0x400D7E5: main (main.c:294)
==736289== 
==736289== 473 bytes in 73 blocks are still reachable in loss record 190 of 210
==736289==    at 0x497D858: malloc (vg_replace_malloc.c:447)
==736289==    by 0x4069457: emalloc_real (awk.h:2156)
==736289==    by 0x4069457: make_str_node (node.c:422)
==736289==    by 0x4078494: load_symbols (symbol.c:700)
==736289==    by 0x400ED85: main (main.c:499)
==736289== 
==736289== 512 bytes in 1 blocks are still reachable in loss record 191 of 210
==736289==    at 0x4984E43: calloc (vg_replace_malloc.c:1678)
==736289==    by 0x4055BEE: ezalloc_real (awk.h:2174)
==736289==    by 0x4055BEE: set_record (field.c:309)
==736289==    by 0x406096F: inrec (io.c:590)
==736289==    by 0x404ECFC: r_interpret (interpret.h:1457)
==736289==    by 0x400EDDE: main (main.c:532)
==736289== 
==736289== 552 bytes in 1 blocks are still reachable in loss record 192 of 210
==736289==    at 0x4984E43: calloc (vg_replace_malloc.c:1678)
==736289==    by 0x4078976: ezalloc_real (awk.h:2174)
==736289==    by 0x4078976: new_context (symbol.c:870)
==736289==    by 0x400D61D: main (main.c:292)
==736289== 
==736289== 862 bytes in 25 blocks are still reachable in loss record 193 of 210
==736289==    at 0x497D858: malloc (vg_replace_malloc.c:447)
==736289==    by 0x4069457: emalloc_real (awk.h:2156)
==736289==    by 0x4069457: make_str_node (node.c:422)
==736289==    by 0x400E10D: load_environ (main.c:947)
==736289==    by 0x400E10D: init_vars (main.c:879)
==736289==    by 0x400E10D: main (main.c:403)
==736289== 
==736289== 880 bytes in 10 blocks are still reachable in loss record 194 of 210
==736289==    at 0x497D858: malloc (vg_replace_malloc.c:447)
==736289==    by 0x4068FEB: emalloc_real (awk.h:2156)
==736289==    by 0x4068FEB: r_getblock (node.c:1164)
==736289==    by 0x4069930: make_number_node (awk.h:2206)
==736289==    by 0x4069930: r_make_number (node.c:369)
==736289==    by 0x400DA23: init_vars (main.c:869)
==736289==    by 0x400DA23: main (main.c:403)
==736289== 
==736289== 968 bytes in 11 blocks are still reachable in loss record 195 of 210
==736289==    at 0x497D858: malloc (vg_replace_malloc.c:447)
==736289==    by 0x4068FEB: emalloc_real (awk.h:2156)
==736289==    by 0x4068FEB: r_getblock (node.c:1164)
==736289==    by 0x40693C1: make_str_node (node.c:406)
==736289==    by 0x400D984: init_vars (main.c:867)
==736289==    by 0x400D984: main (main.c:403)
==736289== 
==736289== 1,152 bytes in 24 blocks are still reachable in loss record 196 of 210
==736289==    at 0x497D858: malloc (vg_replace_malloc.c:447)
==736289==    by 0x4068FEB: emalloc_real (awk.h:2156)
==736289==    by 0x4068FEB: r_getblock (node.c:1164)
==736289==    by 0x40768D9: str_lookup (str_array.c:214)
==736289==    by 0x407708C: assoc_set (awk.h:2220)
==736289==    by 0x407708C: install (symbol.c:430)
==736289==    by 0x400DA01: init_vars (main.c:865)
==736289==    by 0x400DA01: main (main.c:403)
==736289== 
==736289== 1,200 bytes in 25 blocks are still reachable in loss record 197 of 210
==736289==    at 0x497D858: malloc (vg_replace_malloc.c:447)
==736289==    by 0x4068FEB: emalloc_real (awk.h:2156)
==736289==    by 0x4068FEB: r_getblock (node.c:1164)
==736289==    by 0x40768D9: str_lookup (str_array.c:214)
==736289==    by 0x400E127: assoc_set (awk.h:2220)
==736289==    by 0x400E127: load_environ (main.c:949)
==736289==    by 0x400E127: init_vars (main.c:879)
==736289==    by 0x400E127: main (main.c:403)
==736289== 
==736289== 2,016 bytes in 42 blocks are still reachable in loss record 198 of 210
==736289==    at 0x497D858: malloc (vg_replace_malloc.c:447)
==736289==    by 0x4068FEB: emalloc_real (awk.h:2156)
==736289==    by 0x4068FEB: r_getblock (node.c:1164)
==736289==    by 0x40768D9: str_lookup (str_array.c:214)
==736289==    by 0x407708C: assoc_set (awk.h:2220)
==736289==    by 0x407708C: install (symbol.c:430)
==736289==    by 0x401982E: install_builtins (awkgram.y:6601)
==736289==    by 0x400ED71: main (main.c:491)
==736289== 
==736289== 2,048 bytes in 1 blocks are still reachable in loss record 199 of 210
==736289==    at 0x497D858: malloc (vg_replace_malloc.c:447)
==736289==    by 0x4048A59: emalloc_real (awk.h:2156)
==736289==    by 0x4048A59: init_interpret (eval.c:1897)
==736289==    by 0x400E3D5: main (main.c:468)
==736289== 
==736289== 2,112 bytes in 24 blocks are still reachable in loss record 200 of 210
==736289==    at 0x497D858: malloc (vg_replace_malloc.c:447)
==736289==    by 0x4068FEB: emalloc_real (awk.h:2156)
==736289==    by 0x4068FEB: r_getblock (node.c:1164)
==736289==    by 0x40693C1: make_str_node (node.c:406)
==736289==    by 0x4077055: install (symbol.c:399)
==736289==    by 0x400DA01: init_vars (main.c:865)
==736289==    by 0x400DA01: main (main.c:403)
==736289== 
==736289== 2,112 bytes in 24 blocks are still reachable in loss record 201 of 210
==736289==    at 0x497D858: malloc (vg_replace_malloc.c:447)
==736289==    by 0x4068FEB: emalloc_real (awk.h:2156)
==736289==    by 0x4068FEB: r_getblock (node.c:1164)
==736289==    by 0x4077133: make_symbol (symbol.c:376)
==736289==    by 0x4077133: install (symbol.c:417)
==736289==    by 0x400DA01: init_vars (main.c:865)
==736289==    by 0x400DA01: main (main.c:403)
==736289== 
==736289== 2,200 bytes in 25 blocks are still reachable in loss record 202 of 210
==736289==    at 0x497D858: malloc (vg_replace_malloc.c:447)
==736289==    by 0x4068FEB: emalloc_real (awk.h:2156)
==736289==    by 0x4068FEB: r_getblock (node.c:1164)
==736289==    by 0x40693C1: make_str_node (node.c:406)
==736289==    by 0x400E0F5: load_environ (main.c:946)
==736289==    by 0x400E0F5: init_vars (main.c:879)
==736289==    by 0x400E0F5: main (main.c:403)
==736289== 
==736289== 2,200 bytes in 25 blocks are still reachable in loss record 203 of 210
==736289==    at 0x497D858: malloc (vg_replace_malloc.c:447)
==736289==    by 0x4068FEB: emalloc_real (awk.h:2156)
==736289==    by 0x4068FEB: r_getblock (node.c:1164)
==736289==    by 0x40693C1: make_str_node (node.c:406)
==736289==    by 0x400E10D: load_environ (main.c:947)
==736289==    by 0x400E10D: init_vars (main.c:879)
==736289==    by 0x400E10D: main (main.c:403)
==736289== 
==736289== 3,504 bytes in 73 blocks are still reachable in loss record 204 of 210
==736289==    at 0x497D858: malloc (vg_replace_malloc.c:447)
==736289==    by 0x4068FEB: emalloc_real (awk.h:2156)
==736289==    by 0x4068FEB: r_getblock (node.c:1164)
==736289==    by 0x40768D9: str_lookup (str_array.c:214)
==736289==    by 0x40782E9: load_symbols (symbol.c:701)
==736289==    by 0x400ED85: main (main.c:499)
==736289== 
==736289== 3,696 bytes in 42 blocks are still reachable in loss record 205 of 210
==736289==    at 0x497D858: malloc (vg_replace_malloc.c:447)
==736289==    by 0x4068FEB: emalloc_real (awk.h:2156)
==736289==    by 0x4068FEB: r_getblock (node.c:1164)
==736289==    by 0x40693C1: make_str_node (node.c:406)
==736289==    by 0x4077055: install (symbol.c:399)
==736289==    by 0x401982E: install_builtins (awkgram.y:6601)
==736289==    by 0x400ED71: main (main.c:491)
==736289== 
==736289== 3,696 bytes in 42 blocks are still reachable in loss record 206 of 210
==736289==    at 0x497D858: malloc (vg_replace_malloc.c:447)
==736289==    by 0x4068FEB: emalloc_real (awk.h:2156)
==736289==    by 0x4068FEB: r_getblock (node.c:1164)
==736289==    by 0x407721E: make_symbol (symbol.c:376)
==736289==    by 0x407721E: install (symbol.c:417)
==736289==    by 0x401982E: install_builtins (awkgram.y:6601)
==736289==    by 0x400ED71: main (main.c:491)
==736289== 
==736289== 5,048 bytes in 1 blocks are still reachable in loss record 207 of 210
==736289==    at 0x497D858: malloc (vg_replace_malloc.c:447)
==736289==    by 0x4078891: emalloc_real (awk.h:2156)
==736289==    by 0x4078891: bcalloc (symbol.c:849)
==736289==    by 0x402065C: parse_program (awkgram.y:2770)
==736289==    by 0x400EAD8: main (main.c:483)
==736289== 
==736289== 5,048 bytes in 1 blocks are still reachable in loss record 208 of 210
==736289==    at 0x497D858: malloc (vg_replace_malloc.c:447)
==736289==    by 0x4078891: emalloc_real (awk.h:2156)
==736289==    by 0x4078891: bcalloc (symbol.c:849)
==736289==    by 0x4020B58: parse_program (awkgram.y:2778)
==736289==    by 0x400EAD8: main (main.c:483)
==736289== 
==736289== 5,048 bytes in 1 blocks are still reachable in loss record 209 of 210
==736289==    at 0x497D858: malloc (vg_replace_malloc.c:447)
==736289==    by 0x4078891: emalloc_real (awk.h:2156)
==736289==    by 0x4078891: bcalloc (symbol.c:849)
==736289==    by 0x4016298: append_rule.isra.0 (awkgram.y:5806)
==736289==    by 0x401E19B: yyparse (awkgram.y:271)
==736289==    by 0x402073A: parse_program (awkgram.y:2797)
==736289==    by 0x400EAD8: main (main.c:483)
==736289== 
==736289== 6,424 bytes in 73 blocks are still reachable in loss record 210 of 210
==736289==    at 0x497D858: malloc (vg_replace_malloc.c:447)
==736289==    by 0x4068FEB: emalloc_real (awk.h:2156)
==736289==    by 0x4068FEB: r_getblock (node.c:1164)
==736289==    by 0x40693C1: make_str_node (node.c:406)
==736289==    by 0x4078494: load_symbols (symbol.c:700)
==736289==    by 0x400ED85: main (main.c:499)
==736289== 
==736289== LEAK SUMMARY:
==736289==    definitely lost: 0 bytes in 0 blocks
==736289==    indirectly lost: 0 bytes in 0 blocks
==736289==      possibly lost: 0 bytes in 0 blocks
==736289==    still reachable: 63,655 bytes in 864 blocks
==736289==         suppressed: 0 bytes in 0 blocks
==736289== 
==736289== For lists of detected and suppressed errors, rerun with: -s
==736289== ERROR SUMMARY: 1 errors from 1 contexts (suppressed: 0 from 0)
