==744354== Memcheck, a memory error detector
==744354== Copyright (C) 2002-2024, and GNU GPL'd, by Julian Seward et al.
==744354== Using Valgrind-3.26.0 and LibVEX; rerun with -h for copyright info
==744354== Command: gawk -lrwarray -f readall2.awk -v ifile=readall.state
==744354== Parent PID: 744353
==744354== 
==744354== 
==744354== FILE DESCRIPTORS: 3 open (3 inherited) at exit.
==744354== 
==744354== HEAP SUMMARY:
==744354==     in use at exit: 76,686 bytes in 1,084 blocks
==744354==   total heap usage: 2,972 allocs, 1,888 frees, 178,656 bytes allocated
==744354== 
==744354== 1 bytes in 1 blocks are still reachable in loss record 1 of 282
==744354==    at 0x497D858: malloc (vg_replace_malloc.c:447)
==744354==    by 0x4066564: emalloc_real (awk.h:2156)
==744354==    by 0x4066564: estrdup (main.c:1451)
==744354==    by 0x400D434: init_locale (main.c:1476)
==744354==    by 0x400D434: set_locale_stuff (main.c:1849)
==744354==    by 0x400D434: main (main.c:254)
==744354== 
==744354== 1 bytes in 1 blocks are still reachable in loss record 2 of 282
==744354==    at 0x497D858: malloc (vg_replace_malloc.c:447)
==744354==    by 0x4066564: emalloc_real (awk.h:2156)
==744354==    by 0x4066564: estrdup (main.c:1451)
==744354==    by 0x400D469: init_locale (main.c:1478)
==744354==    by 0x400D469: set_locale_stuff (main.c:1849)
==744354==    by 0x400D469: main (main.c:254)
==744354== 
==744354== 1 bytes in 1 blocks are still reachable in loss record 3 of 282
==744354==    at 0x497D858: malloc (vg_replace_malloc.c:447)
==744354==    by 0x4066564: emalloc_real (awk.h:2156)
==744354==    by 0x4066564: estrdup (main.c:1451)
==744354==    by 0x400D485: init_locale (main.c:1479)
==744354==    by 0x400D485: set_locale_stuff (main.c:1849)
==744354==    by 0x400D485: main (main.c:254)
==744354== 
==744354== 1 bytes in 1 blocks are still reachable in loss record 4 of 282
==744354==    at 0x497D858: malloc (vg_replace_malloc.c:447)
==744354==    by 0x4066564: emalloc_real (awk.h:2156)
==744354==    by 0x4066564: estrdup (main.c:1451)
==744354==    by 0x400D4A1: init_locale (main.c:1480)
==744354==    by 0x400D4A1: set_locale_stuff (main.c:1849)
==744354==    by 0x400D4A1: main (main.c:254)
==744354== 
==744354== 1 bytes in 1 blocks are still reachable in loss record 5 of 282
==744354==    at 0x497D858: malloc (vg_replace_malloc.c:447)
==744354==    by 0x4066564: emalloc_real (awk.h:2156)
==744354==    by 0x4066564: estrdup (main.c:1451)
==744354==    by 0x400D4BD: init_locale (main.c:1481)
==744354==    by 0x400D4BD: set_locale_stuff (main.c:1849)
==744354==    by 0x400D4BD: main (main.c:254)
==744354== 
==744354== 1 bytes in 1 blocks are still reachable in loss record 6 of 282
==744354==    at 0x497D858: malloc (vg_replace_malloc.c:447)
==744354==    by 0x4066564: emalloc_real (awk.h:2156)
==744354==    by 0x4066564: estrdup (main.c:1451)
==744354==    by 0x400D4D9: init_locale (main.c:1482)
==744354==    by 0x400D4D9: set_locale_stuff (main.c:1849)
==744354==    by 0x400D4D9: main (main.c:254)
==744354== 
==744354== 1 bytes in 1 blocks are still reachable in loss record 7 of 282
==744354==    at 0x497D858: malloc (vg_replace_malloc.c:447)
==744354==    by 0x4066564: emalloc_real (awk.h:2156)
==744354==    by 0x4066564: estrdup (main.c:1451)
==744354==    by 0x400D4F5: init_locale (main.c:1483)
==744354==    by 0x400D4F5: set_locale_stuff (main.c:1849)
==744354==    by 0x400D4F5: main (main.c:254)
==744354== 
==744354== 1 bytes in 1 blocks are still reachable in loss record 8 of 282
==744354==    at 0x497D858: malloc (vg_replace_malloc.c:447)
==744354==    by 0x4066564: emalloc_real (awk.h:2156)
==744354==    by 0x4066564: estrdup (main.c:1451)
==744354==    by 0x400D511: init_locale (main.c:1484)
==744354==    by 0x400D511: set_locale_stuff (main.c:1849)
==744354==    by 0x400D511: main (main.c:254)
==744354== 
==744354== 1 bytes in 1 blocks are still reachable in loss record 9 of 282
==744354==    at 0x497D858: malloc (vg_replace_malloc.c:447)
==744354==    by 0x4066564: emalloc_real (awk.h:2156)
==744354==    by 0x4066564: estrdup (main.c:1451)
==744354==    by 0x400D52D: init_locale (main.c:1485)
==744354==    by 0x400D52D: set_locale_stuff (main.c:1849)
==744354==    by 0x400D52D: main (main.c:254)
==744354== 
==744354== 1 bytes in 1 blocks are still reachable in loss record 10 of 282
==744354==    at 0x497D858: malloc (vg_replace_malloc.c:447)
==744354==    by 0x4069457: emalloc_real (awk.h:2156)
==744354==    by 0x4069457: make_str_node (node.c:422)
==744354==    by 0x400D5C7: main (main.c:278)
==744354== 
==744354== 1 bytes in 1 blocks are still reachable in loss record 11 of 282
==744354==    at 0x497D858: malloc (vg_replace_malloc.c:447)
==744354==    by 0x4069457: emalloc_real (awk.h:2156)
==744354==    by 0x4069457: make_str_node (node.c:422)
==744354==    by 0x4055395: init_fields (field.c:105)
==744354==    by 0x400E1A4: main (main.c:410)
==744354== 
==744354== 1 bytes in 1 blocks are still reachable in loss record 12 of 282
==744354==    at 0x497D858: malloc (vg_replace_malloc.c:447)
==744354==    by 0x4069457: emalloc_real (awk.h:2156)
==744354==    by 0x4069457: make_str_node (node.c:422)
==744354==    by 0x40553E0: init_fields (field.c:111)
==744354==    by 0x400E1A4: main (main.c:410)
==744354== 
==744354== 2 bytes in 1 blocks are still reachable in loss record 13 of 282
==744354==    at 0x497D858: malloc (vg_replace_malloc.c:447)
==744354==    by 0x4066564: emalloc_real (awk.h:2156)
==744354==    by 0x4066564: estrdup (main.c:1451)
==744354==    by 0x400D44E: init_locale (main.c:1477)
==744354==    by 0x400D44E: set_locale_stuff (main.c:1849)
==744354==    by 0x400D44E: main (main.c:254)
==744354== 
==744354== 2 bytes in 1 blocks are still reachable in loss record 14 of 282
==744354==    at 0x497D858: malloc (vg_replace_malloc.c:447)
==744354==    by 0x4046CFF: emalloc_real (awk.h:2156)
==744354==    by 0x4046CFF: set_OFS (eval.c:839)
==744354==    by 0x400D9A3: init_vars (main.c:873)
==744354==    by 0x400D9A3: main (main.c:403)
==744354== 
==744354== 2 bytes in 1 blocks are still reachable in loss record 15 of 282
==744354==    at 0x497D858: malloc (vg_replace_malloc.c:447)
==744354==    by 0x4066564: emalloc_real (awk.h:2156)
==744354==    by 0x4066564: estrdup (main.c:1451)
==744354==    by 0x405AB93: api_set_array_element (gawkapi.c:1108)
==744354==    by 0x49968E8: read_array (rwarray.c:646)
==744354==    by 0x4996521: read_value (rwarray.c:722)
==744354==    by 0x4996521: read_elem.isra.0 (rwarray.c:701)
==744354==    by 0x499661C: read_global (rwarray.c:504)
==744354==    by 0x4995C90: read_backend (rwarray.c:589)
==744354==    by 0x404F26E: r_interpret (interpret.h:1139)
==744354==    by 0x400EDDE: main (main.c:532)
==744354== 
==744354== 2 bytes in 1 blocks are still reachable in loss record 16 of 282
==744354==    at 0x497D858: malloc (vg_replace_malloc.c:447)
==744354==    by 0x40686AD: emalloc_real (awk.h:2156)
==744354==    by 0x40686AD: r_format_val.part.0 (node.c:299)
==744354==    by 0x4051CEA: r_interpret (interpret.h:295)
==744354==    by 0x400EDDE: main (main.c:532)
==744354== 
==744354== 2 bytes in 1 blocks are still reachable in loss record 17 of 282
==744354==    at 0x497D858: malloc (vg_replace_malloc.c:447)
==744354==    by 0x4012E7F: emalloc_real (awk.h:2156)
==744354==    by 0x4012E7F: new_array_element (array.c:1527)
==744354==    by 0x403448F: leaf_lookup (cint_array.c:1071)
==744354==    by 0x403448F: tree_lookup (cint_array.c:797)
==744354==    by 0x404F68B: r_interpret (interpret.h:327)
==744354==    by 0x400EDDE: main (main.c:532)
==744354== 
==744354== 2 bytes in 1 blocks are still reachable in loss record 18 of 282
==744354==    at 0x497D858: malloc (vg_replace_malloc.c:447)
==744354==    by 0x40686AD: emalloc_real (awk.h:2156)
==744354==    by 0x40686AD: r_format_val.part.0 (node.c:299)
==744354==    by 0x40765EE: force_string_fmt (awk.h:2058)
==744354==    by 0x40765EE: str_exists (str_array.c:238)
==744354==    by 0x404F652: in_array (awk.h:2007)
==744354==    by 0x404F652: r_interpret (interpret.h:294)
==744354==    by 0x400EDDE: main (main.c:532)
==744354== 
==744354== 3 bytes in 1 blocks are still reachable in loss record 19 of 282
==744354==    at 0x497D858: malloc (vg_replace_malloc.c:447)
==744354==    by 0x4069457: emalloc_real (awk.h:2156)
==744354==    by 0x4069457: make_str_node (node.c:422)
==744354==    by 0x4054B6F: update_PROCINFO_str.part.0 (field.c:1661)
==744354==    by 0x400E83A: load_procinfo (main.c:1072)
==744354==    by 0x400E83A: init_vars (main.c:878)
==744354==    by 0x400E83A: main (main.c:403)
==744354== 
==744354== 3 bytes in 1 blocks are still reachable in loss record 20 of 282
==744354==    at 0x497D858: malloc (vg_replace_malloc.c:447)
==744354==    by 0x4069457: emalloc_real (awk.h:2156)
==744354==    by 0x4069457: make_str_node (node.c:422)
==744354==    by 0x4054B87: update_PROCINFO_str.part.0 (field.c:1662)
==744354==    by 0x400E83A: load_procinfo (main.c:1072)
==744354==    by 0x400E83A: init_vars (main.c:878)
==744354==    by 0x400E83A: main (main.c:403)
==744354== 
==744354== 4 bytes in 1 blocks are still reachable in loss record 21 of 282
==744354==    at 0x497D858: malloc (vg_replace_malloc.c:447)
==744354==    by 0x4069457: emalloc_real (awk.h:2156)
==744354==    by 0x4069457: make_str_node (node.c:422)
==744354==    by 0x4058004: update_PROCINFO_num (field.c:1674)
==744354==    by 0x400E79D: load_procinfo (main.c:1055)
==744354==    by 0x400E79D: init_vars (main.c:878)
==744354==    by 0x400E79D: main (main.c:403)
==744354== 
==744354== 4 bytes in 1 blocks are still reachable in loss record 22 of 282
==744354==    at 0x497D858: malloc (vg_replace_malloc.c:447)
==744354==    by 0x4069457: emalloc_real (awk.h:2156)
==744354==    by 0x4069457: make_str_node (node.c:422)
==744354==    by 0x4058004: update_PROCINFO_num (field.c:1674)
==744354==    by 0x400E7D2: load_procinfo (main.c:1061)
==744354==    by 0x400E7D2: init_vars (main.c:878)
==744354==    by 0x400E7D2: main (main.c:403)
==744354== 
==744354== 4 bytes in 1 blocks are still reachable in loss record 23 of 282
==744354==    at 0x497D858: malloc (vg_replace_malloc.c:447)
==744354==    by 0x4069457: emalloc_real (awk.h:2156)
==744354==    by 0x4069457: make_str_node (node.c:422)
==744354==    by 0x4058004: update_PROCINFO_num (field.c:1674)
==744354==    by 0x400E80A: load_procinfo (main.c:1067)
==744354==    by 0x400E80A: init_vars (main.c:878)
==744354==    by 0x400E80A: main (main.c:403)
==744354== 
==744354== 4 bytes in 1 blocks are still reachable in loss record 24 of 282
==744354==    at 0x497D858: malloc (vg_replace_malloc.c:447)
==744354==    by 0x4069457: emalloc_real (awk.h:2156)
==744354==    by 0x4069457: make_str_node (node.c:422)
==744354==    by 0x4054B6F: update_PROCINFO_str.part.0 (field.c:1661)
==744354==    by 0x400E8D2: load_procinfo (main.c:1087)
==744354==    by 0x400E8D2: init_vars (main.c:878)
==744354==    by 0x400E8D2: main (main.c:403)
==744354== 
==744354== 4 bytes in 2 blocks are still reachable in loss record 25 of 282
==744354==    at 0x497D858: malloc (vg_replace_malloc.c:447)
==744354==    by 0x40686AD: emalloc_real (awk.h:2156)
==744354==    by 0x40686AD: r_format_val.part.0 (node.c:299)
==744354==    by 0x406BAA1: force_string_fmt (awk.h:2058)
==744354==    by 0x406BAA1: format_args (printf.c:580)
==744354==    by 0x406E4D4: printf_common (printf.c:781)
==744354==    by 0x406EA67: do_printf (printf.c:857)
==744354==    by 0x404FC1B: r_interpret (interpret.h:1170)
==744354==    by 0x400EDDE: main (main.c:532)
==744354== 
==744354== 5 bytes in 1 blocks are still reachable in loss record 26 of 282
==744354==    at 0x497D858: malloc (vg_replace_malloc.c:447)
==744354==    by 0x4069457: emalloc_real (awk.h:2156)
==744354==    by 0x4069457: make_str_node (node.c:422)
==744354==    by 0x4058004: update_PROCINFO_num (field.c:1674)
==744354==    by 0x400E7B6: load_procinfo (main.c:1058)
==744354==    by 0x400E7B6: init_vars (main.c:878)
==744354==    by 0x400E7B6: main (main.c:403)
==744354== 
==744354== 5 bytes in 1 blocks are still reachable in loss record 27 of 282
==744354==    at 0x497D858: malloc (vg_replace_malloc.c:447)
==744354==    by 0x4069457: emalloc_real (awk.h:2156)
==744354==    by 0x4069457: make_str_node (node.c:422)
==744354==    by 0x4058004: update_PROCINFO_num (field.c:1674)
==744354==    by 0x400E7EE: load_procinfo (main.c:1064)
==744354==    by 0x400E7EE: init_vars (main.c:878)
==744354==    by 0x400E7EE: main (main.c:403)
==744354== 
==744354== 5 bytes in 1 blocks are still reachable in loss record 28 of 282
==744354==    at 0x497D858: malloc (vg_replace_malloc.c:447)
==744354==    by 0x4069457: emalloc_real (awk.h:2156)
==744354==    by 0x4069457: make_str_node (node.c:422)
==744354==    by 0x4058004: update_PROCINFO_num (field.c:1674)
==744354==    by 0x400E826: load_procinfo (main.c:1070)
==744354==    by 0x400E826: init_vars (main.c:878)
==744354==    by 0x400E826: main (main.c:403)
==744354== 
==744354== 5 bytes in 1 blocks are still reachable in loss record 29 of 282
==744354==    at 0x497D858: malloc (vg_replace_malloc.c:447)
==744354==    by 0x4066564: emalloc_real (awk.h:2156)
==744354==    by 0x4066564: estrdup (main.c:1451)
==744354==    by 0x400E91C: load_procinfo_argv (main.c:988)
==744354==    by 0x400E91C: load_procinfo (main.c:1093)
==744354==    by 0x400E91C: init_vars (main.c:878)
==744354==    by 0x400E91C: main (main.c:403)
==744354== 
==744354== 5 bytes in 1 blocks are still reachable in loss record 30 of 282
==744354==    at 0x497D858: malloc (vg_replace_malloc.c:447)
==744354==    by 0x4069457: emalloc_real (awk.h:2156)
==744354==    by 0x4069457: make_str_node (node.c:422)
==744354==    by 0x400EC1B: load_procinfo_argv (main.c:996)
==744354==    by 0x400EC1B: load_procinfo (main.c:1093)
==744354==    by 0x400EC1B: init_vars (main.c:878)
==744354==    by 0x400EC1B: main (main.c:403)
==744354== 
==744354== 5 bytes in 1 blocks are still reachable in loss record 31 of 282
==744354==    at 0x497D858: malloc (vg_replace_malloc.c:447)
==744354==    by 0x4066564: emalloc_real (awk.h:2156)
==744354==    by 0x4066564: estrdup (main.c:1451)
==744354==    by 0x400E407: init_args (main.c:764)
==744354==    by 0x400E407: main (main.c:470)
==744354== 
==744354== 5 bytes in 1 blocks are still reachable in loss record 32 of 282
==744354==    at 0x497D858: malloc (vg_replace_malloc.c:447)
==744354==    by 0x4069457: emalloc_real (awk.h:2156)
==744354==    by 0x4069457: make_str_node (node.c:422)
==744354==    by 0x4077055: install (symbol.c:399)
==744354==    by 0x400E414: init_args (main.c:764)
==744354==    by 0x400E414: main (main.c:470)
==744354== 
==744354== 5 bytes in 1 blocks are still reachable in loss record 33 of 282
==744354==    at 0x497D858: malloc (vg_replace_malloc.c:447)
==744354==    by 0x4069457: emalloc_real (awk.h:2156)
==744354==    by 0x4069457: make_str_node (node.c:422)
==744354==    by 0x400E43D: init_args (main.c:766)
==744354==    by 0x400E43D: main (main.c:470)
==744354== 
==744354== 5 bytes in 1 blocks are still reachable in loss record 34 of 282
==744354==    at 0x497D858: malloc (vg_replace_malloc.c:447)
==744354==    by 0x4066564: emalloc_real (awk.h:2156)
==744354==    by 0x4066564: estrdup (main.c:1451)
==744354==    by 0x400EA83: init_args (main.c:791)
==744354==    by 0x400EA83: main (main.c:470)
==744354== 
==744354== 5 bytes in 1 blocks are still reachable in loss record 35 of 282
==744354==    at 0x497D858: malloc (vg_replace_malloc.c:447)
==744354==    by 0x4069457: emalloc_real (awk.h:2156)
==744354==    by 0x4069457: make_str_node (node.c:422)
==744354==    by 0x4077055: install (symbol.c:399)
==744354==    by 0x400EA90: init_args (main.c:791)
==744354==    by 0x400EA90: main (main.c:470)
==744354== 
==744354== 5 bytes in 1 blocks are still reachable in loss record 36 of 282
==744354==    at 0x497D858: malloc (vg_replace_malloc.c:447)
==744354==    by 0x4069457: emalloc_real (awk.h:2156)
==744354==    by 0x4069457: make_str_node (node.c:422)
==744354==    by 0x40780AA: load_symbols (symbol.c:677)
==744354==    by 0x400ED85: main (main.c:499)
==744354== 
==744354== 5 bytes in 2 blocks are still reachable in loss record 37 of 282
==744354==    at 0x497D858: malloc (vg_replace_malloc.c:447)
==744354==    by 0x40686AD: emalloc_real (awk.h:2156)
==744354==    by 0x40686AD: r_format_val.part.0 (node.c:299)
==744354==    by 0x4026E28: force_string_fmt (awk.h:2058)
==744354==    by 0x4026E28: do_print (builtin.c:1166)
==744354==    by 0x404FED0: r_interpret (interpret.h:1166)
==744354==    by 0x400EDDE: main (main.c:532)
==744354== 
==744354== 6 bytes in 1 blocks are still reachable in loss record 38 of 282
==744354==    at 0x497D858: malloc (vg_replace_malloc.c:447)
==744354==    by 0x4069457: emalloc_real (awk.h:2156)
==744354==    by 0x4069457: make_str_node (node.c:422)
==744354==    by 0x4054B87: update_PROCINFO_str.part.0 (field.c:1662)
==744354==    by 0x400E71D: load_procinfo (main.c:1021)
==744354==    by 0x400E71D: init_vars (main.c:878)
==744354==    by 0x400E71D: main (main.c:403)
==744354== 
==744354== 6 bytes in 1 blocks are still reachable in loss record 39 of 282
==744354==    at 0x497D858: malloc (vg_replace_malloc.c:447)
==744354==    by 0x4069457: emalloc_real (awk.h:2156)
==744354==    by 0x4069457: make_str_node (node.c:422)
==744354==    by 0x4054B87: update_PROCINFO_str.part.0 (field.c:1662)
==744354==    by 0x400E743: load_procinfo (main.c:1023)
==744354==    by 0x400E743: init_vars (main.c:878)
==744354==    by 0x400E743: main (main.c:403)
==744354== 
==744354== 6 bytes in 1 blocks are still reachable in loss record 40 of 282
==744354==    at 0x497D858: malloc (vg_replace_malloc.c:447)
==744354==    by 0x4069457: emalloc_real (awk.h:2156)
==744354==    by 0x4069457: make_str_node (node.c:422)
==744354==    by 0x4077055: install (symbol.c:399)
==744354==    by 0x40669EE: arg_assign (main.c:1276)
==744354==    by 0x400E259: main (main.c:416)
==744354== 
==744354== 6 bytes in 1 blocks are still reachable in loss record 41 of 282
==744354==    at 0x497D858: malloc (vg_replace_malloc.c:447)
==744354==    by 0x4069457: emalloc_real (awk.h:2156)
==744354==    by 0x4069457: make_str_node (node.c:422)
==744354==    by 0x4077055: install (symbol.c:399)
==744354==    by 0x401CA25: yyparse (awkgram.y:2156)
==744354==    by 0x402073A: parse_program (awkgram.y:2797)
==744354==    by 0x400EAD8: main (main.c:483)
==744354== 
==744354== 6 bytes in 1 blocks are still reachable in loss record 42 of 282
==744354==    at 0x497D858: malloc (vg_replace_malloc.c:447)
==744354==    by 0x4069457: emalloc_real (awk.h:2156)
==744354==    by 0x4069457: make_str_node (node.c:422)
==744354==    by 0x407810A: load_symbols (symbol.c:681)
==744354==    by 0x400ED85: main (main.c:499)
==744354== 
==744354== 6 bytes in 1 blocks are still reachable in loss record 43 of 282
==744354==    at 0x497D858: malloc (vg_replace_malloc.c:447)
==744354==    by 0x4066564: emalloc_real (awk.h:2156)
==744354==    by 0x4066564: estrdup (main.c:1451)
==744354==    by 0x4059263: ns_lookup (gawkapi.c:1664)
==744354==    by 0x405B009: api_sym_update (gawkapi.c:861)
==744354==    by 0x49967C6: do_poke (rwarray.c:478)
==744354==    by 0x49967C6: read_global (rwarray.c:505)
==744354==    by 0x4995C90: read_backend (rwarray.c:589)
==744354==    by 0x404F26E: r_interpret (interpret.h:1139)
==744354==    by 0x400EDDE: main (main.c:532)
==744354== 
==744354== 6 bytes in 1 blocks are still reachable in loss record 44 of 282
==744354==    at 0x497D858: malloc (vg_replace_malloc.c:447)
==744354==    by 0x4069457: emalloc_real (awk.h:2156)
==744354==    by 0x4069457: make_str_node (node.c:422)
==744354==    by 0x4077055: install (symbol.c:399)
==744354==    by 0x405B0DB: api_sym_update (gawkapi.c:874)
==744354==    by 0x49967C6: do_poke (rwarray.c:478)
==744354==    by 0x49967C6: read_global (rwarray.c:505)
==744354==    by 0x4995C90: read_backend (rwarray.c:589)
==744354==    by 0x404F26E: r_interpret (interpret.h:1139)
==744354==    by 0x400EDDE: main (main.c:532)
==744354== 
==744354== 6 bytes in 3 blocks are still reachable in loss record 45 of 282
==744354==    at 0x497D858: malloc (vg_replace_malloc.c:447)
==744354==    by 0x4066564: emalloc_real (awk.h:2156)
==744354==    by 0x4066564: estrdup (main.c:1451)
==744354==    by 0x401B5EC: yylex (awkgram.y:4493)
==744354==    by 0x401C83C: yyparse (awkgram.c:1879)
==744354==    by 0x402073A: parse_program (awkgram.y:2797)
==744354==    by 0x400EAD8: main (main.c:483)
==744354== 
==744354== 6 bytes in 3 blocks are still reachable in loss record 46 of 282
==744354==    at 0x497D858: malloc (vg_replace_malloc.c:447)
==744354==    by 0x4069457: emalloc_real (awk.h:2156)
==744354==    by 0x4069457: make_str_node (node.c:422)
==744354==    by 0x4053E8E: set_element (field.c:1113)
==744354==    by 0x4054088: def_parse_field (field.c:630)
==744354==    by 0x40566D5: do_split (field.c:1252)
==744354==    by 0x404FC3C: r_interpret (interpret.h:1114)
==744354==    by 0x400EDDE: main (main.c:532)
==744354== 
==744354== 7 bytes in 1 blocks are still reachable in loss record 47 of 282
==744354==    at 0x497D858: malloc (vg_replace_malloc.c:447)
==744354==    by 0x4066564: emalloc_real (awk.h:2156)
==744354==    by 0x4066564: estrdup (main.c:1451)
==744354==    by 0x4077381: init_the_tables (symbol.c:78)
==744354==    by 0x400D60A: main (main.c:287)
==744354== 
==744354== 7 bytes in 1 blocks are still reachable in loss record 48 of 282
==744354==    at 0x497D858: malloc (vg_replace_malloc.c:447)
==744354==    by 0x4069457: emalloc_real (awk.h:2156)
==744354==    by 0x4069457: make_str_node (node.c:422)
==744354==    by 0x4077055: install (symbol.c:399)
==744354==    by 0x4077390: install_symbol (symbol.c:173)
==744354==    by 0x4077390: init_the_tables (symbol.c:78)
==744354==    by 0x400D60A: main (main.c:287)
==744354== 
==744354== 7 bytes in 1 blocks are still reachable in loss record 49 of 282
==744354==    at 0x497D858: malloc (vg_replace_malloc.c:447)
==744354==    by 0x4069457: emalloc_real (awk.h:2156)
==744354==    by 0x4069457: make_str_node (node.c:422)
==744354==    by 0x4058004: update_PROCINFO_num (field.c:1674)
==744354==    by 0x400E784: load_procinfo (main.c:1046)
==744354==    by 0x400E784: init_vars (main.c:878)
==744354==    by 0x400E784: main (main.c:403)
==744354== 
==744354== 7 bytes in 1 blocks are still reachable in loss record 50 of 282
==744354==    at 0x497D858: malloc (vg_replace_malloc.c:447)
==744354==    by 0x4066564: emalloc_real (awk.h:2156)
==744354==    by 0x4066564: estrdup (main.c:1451)
==744354==    by 0x40669DF: arg_assign (main.c:1274)
==744354==    by 0x400E259: main (main.c:416)
==744354== 
==744354== 7 bytes in 1 blocks are still reachable in loss record 51 of 282
==744354==    at 0x497D858: malloc (vg_replace_malloc.c:447)
==744354==    by 0x4069457: emalloc_real (awk.h:2156)
==744354==    by 0x4069457: make_str_node (node.c:422)
==744354==    by 0x40780DA: load_symbols (symbol.c:679)
==744354==    by 0x400ED85: main (main.c:499)
==744354== 
==744354== 8 bytes in 1 blocks are still reachable in loss record 52 of 282
==744354==    at 0x497D858: malloc (vg_replace_malloc.c:447)
==744354==    by 0x4066564: emalloc_real (awk.h:2156)
==744354==    by 0x4066564: estrdup (main.c:1451)
==744354==    by 0x407735A: init_the_tables (symbol.c:77)
==744354==    by 0x400D60A: main (main.c:287)
==744354== 
==744354== 8 bytes in 1 blocks are still reachable in loss record 53 of 282
==744354==    at 0x497D858: malloc (vg_replace_malloc.c:447)
==744354==    by 0x4069457: emalloc_real (awk.h:2156)
==744354==    by 0x4069457: make_str_node (node.c:422)
==744354==    by 0x4077055: install (symbol.c:399)
==744354==    by 0x4077369: install_symbol (symbol.c:173)
==744354==    by 0x4077369: init_the_tables (symbol.c:77)
==744354==    by 0x400D60A: main (main.c:287)
==744354== 
==744354== 8 bytes in 1 blocks are still reachable in loss record 54 of 282
==744354==    at 0x497D858: malloc (vg_replace_malloc.c:447)
==744354==    by 0x4066564: emalloc_real (awk.h:2156)
==744354==    by 0x4066564: estrdup (main.c:1451)
==744354==    by 0x4014A21: do_add_srcfile (awkgram.y:2834)
==744354==    by 0x4018A70: add_srcfile (awkgram.y:2916)
==744354==    by 0x400DBDD: parse_args (main.c:1652)
==744354==    by 0x400DBDD: main (main.c:294)
==744354== 
==744354== 8 bytes in 1 blocks are still reachable in loss record 55 of 282
==744354==    at 0x497D858: malloc (vg_replace_malloc.c:447)
==744354==    by 0x4069457: emalloc_real (awk.h:2156)
==744354==    by 0x4069457: make_str_node (node.c:422)
==744354==    by 0x4054B6F: update_PROCINFO_str.part.0 (field.c:1661)
==744354==    by 0x400E71D: load_procinfo (main.c:1021)
==744354==    by 0x400E71D: init_vars (main.c:878)
==744354==    by 0x400E71D: main (main.c:403)
==744354== 
==744354== 8 bytes in 1 blocks are still reachable in loss record 56 of 282
==744354==    at 0x497D858: malloc (vg_replace_malloc.c:447)
==744354==    by 0x4066564: emalloc_real (awk.h:2156)
==744354==    by 0x4066564: estrdup (main.c:1451)
==744354==    by 0x400E02B: load_environ (main.c:930)
==744354==    by 0x400E02B: init_vars (main.c:879)
==744354==    by 0x400E02B: main (main.c:403)
==744354== 
==744354== 8 bytes in 1 blocks are still reachable in loss record 57 of 282
==744354==    at 0x497D858: malloc (vg_replace_malloc.c:447)
==744354==    by 0x4069457: emalloc_real (awk.h:2156)
==744354==    by 0x4069457: make_str_node (node.c:422)
==744354==    by 0x4077055: install (symbol.c:399)
==744354==    by 0x400E038: load_environ (main.c:930)
==744354==    by 0x400E038: init_vars (main.c:879)
==744354==    by 0x400E038: main (main.c:403)
==744354== 
==744354== 8 bytes in 1 blocks are still reachable in loss record 58 of 282
==744354==    at 0x497D858: malloc (vg_replace_malloc.c:447)
==744354==    by 0x4055372: emalloc_real (awk.h:2156)
==744354==    by 0x4055372: init_fields (field.c:103)
==744354==    by 0x400E1A4: main (main.c:410)
==744354== 
==744354== 8 bytes in 1 blocks are still reachable in loss record 59 of 282
==744354==    at 0x497D858: malloc (vg_replace_malloc.c:447)
==744354==    by 0x4069457: emalloc_real (awk.h:2156)
==744354==    by 0x4069457: make_str_node (node.c:422)
==744354==    by 0x40780F2: load_symbols (symbol.c:680)
==744354==    by 0x400ED85: main (main.c:499)
==744354== 
==744354== 8 bytes in 1 blocks are still reachable in loss record 60 of 282
==744354==    at 0x497D858: malloc (vg_replace_malloc.c:447)
==744354==    by 0x4069457: emalloc_real (awk.h:2156)
==744354==    by 0x4069457: make_str_node (node.c:422)
==744354==    by 0x4078122: load_symbols (symbol.c:682)
==744354==    by 0x400ED85: main (main.c:499)
==744354== 
==744354== 8 bytes in 2 blocks are still reachable in loss record 61 of 282
==744354==    at 0x497D858: malloc (vg_replace_malloc.c:447)
==744354==    by 0x49962B5: r_make_string_type (gawkapi.h:1009)
==744354==    by 0x49962B5: r_make_string (gawkapi.h:1030)
==744354==    by 0x49962B5: read_elem.isra.0 (rwarray.c:696)
==744354==    by 0x4996904: read_array (rwarray.c:644)
==744354==    by 0x4996521: read_value (rwarray.c:722)
==744354==    by 0x4996521: read_elem.isra.0 (rwarray.c:701)
==744354==    by 0x4996904: read_array (rwarray.c:644)
==744354==    by 0x4996521: read_value (rwarray.c:722)
==744354==    by 0x4996521: read_elem.isra.0 (rwarray.c:701)
==744354==    by 0x499661C: read_global (rwarray.c:504)
==744354==    by 0x4995C90: read_backend (rwarray.c:589)
==744354==    by 0x404F26E: r_interpret (interpret.h:1139)
==744354==    by 0x400EDDE: main (main.c:532)
==744354== 
==744354== 8 bytes in 2 blocks are still reachable in loss record 62 of 282
==744354==    at 0x497D858: malloc (vg_replace_malloc.c:447)
==744354==    by 0x4996495: read_value (rwarray.c:760)
==744354==    by 0x4996495: read_elem.isra.0 (rwarray.c:701)
==744354==    by 0x4996904: read_array (rwarray.c:644)
==744354==    by 0x4996521: read_value (rwarray.c:722)
==744354==    by 0x4996521: read_elem.isra.0 (rwarray.c:701)
==744354==    by 0x4996904: read_array (rwarray.c:644)
==744354==    by 0x4996521: read_value (rwarray.c:722)
==744354==    by 0x4996521: read_elem.isra.0 (rwarray.c:701)
==744354==    by 0x499661C: read_global (rwarray.c:504)
==744354==    by 0x4995C90: read_backend (rwarray.c:589)
==744354==    by 0x404F26E: r_interpret (interpret.h:1139)
==744354==    by 0x400EDDE: main (main.c:532)
==744354== 
==744354== 9 bytes in 1 blocks are still reachable in loss record 63 of 282
==744354==    at 0x497D858: malloc (vg_replace_malloc.c:447)
==744354==    by 0x4066564: emalloc_real (awk.h:2156)
==744354==    by 0x4066564: estrdup (main.c:1451)
==744354==    by 0x400E6F6: load_procinfo (main.c:1019)
==744354==    by 0x400E6F6: init_vars (main.c:878)
==744354==    by 0x400E6F6: main (main.c:403)
==744354== 
==744354== 9 bytes in 1 blocks are still reachable in loss record 64 of 282
==744354==    at 0x497D858: malloc (vg_replace_malloc.c:447)
==744354==    by 0x4069457: emalloc_real (awk.h:2156)
==744354==    by 0x4069457: make_str_node (node.c:422)
==744354==    by 0x4077055: install (symbol.c:399)
==744354==    by 0x400E703: load_procinfo (main.c:1019)
==744354==    by 0x400E703: init_vars (main.c:878)
==744354==    by 0x400E703: main (main.c:403)
==744354== 
==744354== 9 bytes in 1 blocks are still reachable in loss record 65 of 282
==744354==    at 0x497D858: malloc (vg_replace_malloc.c:447)
==744354==    by 0x4069457: emalloc_real (awk.h:2156)
==744354==    by 0x4069457: make_str_node (node.c:422)
==744354==    by 0x4054B6F: update_PROCINFO_str.part.0 (field.c:1661)
==744354==    by 0x400E730: load_procinfo (main.c:1022)
==744354==    by 0x400E730: init_vars (main.c:878)
==744354==    by 0x400E730: main (main.c:403)
==744354== 
==744354== 9 bytes in 1 blocks are still reachable in loss record 66 of 282
==744354==    at 0x497D858: malloc (vg_replace_malloc.c:447)
==744354==    by 0x4069457: emalloc_real (awk.h:2156)
==744354==    by 0x4069457: make_str_node (node.c:422)
==744354==    by 0x4054B6F: update_PROCINFO_str.part.0 (field.c:1661)
==744354==    by 0x400E743: load_procinfo (main.c:1023)
==744354==    by 0x400E743: init_vars (main.c:878)
==744354==    by 0x400E743: main (main.c:403)
==744354== 
==744354== 10 bytes in 1 blocks are still reachable in loss record 67 of 282
==744354==    at 0x497D858: malloc (vg_replace_malloc.c:447)
==744354==    by 0x4069457: emalloc_real (awk.h:2156)
==744354==    by 0x4069457: make_str_node (node.c:422)
==744354==    by 0x4058004: update_PROCINFO_num (field.c:1674)
==744354==    by 0x400E757: load_procinfo (main.c:1035)
==744354==    by 0x400E757: init_vars (main.c:878)
==744354==    by 0x400E757: main (main.c:403)
==744354== 
==744354== 10 bytes in 1 blocks are still reachable in loss record 68 of 282
==744354==    at 0x497D858: malloc (vg_replace_malloc.c:447)
==744354==    by 0x4069457: emalloc_real (awk.h:2156)
==744354==    by 0x4069457: make_str_node (node.c:422)
==744354==    by 0x4058004: update_PROCINFO_num (field.c:1674)
==744354==    by 0x400E76B: load_procinfo (main.c:1036)
==744354==    by 0x400E76B: init_vars (main.c:878)
==744354==    by 0x400E76B: main (main.c:403)
==744354== 
==744354== 10 bytes in 1 blocks are still reachable in loss record 69 of 282
==744354==    at 0x497D858: malloc (vg_replace_malloc.c:447)
==744354==    by 0x4069457: emalloc_real (awk.h:2156)
==744354==    by 0x4069457: make_str_node (node.c:422)
==744354==    by 0x4054B87: update_PROCINFO_str.part.0 (field.c:1662)
==744354==    by 0x400E8D2: load_procinfo (main.c:1087)
==744354==    by 0x400E8D2: init_vars (main.c:878)
==744354==    by 0x400E8D2: main (main.c:403)
==744354== 
==744354== 10 bytes in 1 blocks are still reachable in loss record 70 of 282
==744354==    at 0x497D858: malloc (vg_replace_malloc.c:447)
==744354==    by 0x4069457: emalloc_real (awk.h:2156)
==744354==    by 0x4069457: make_str_node (node.c:422)
==744354==    by 0x40780C2: load_symbols (symbol.c:678)
==744354==    by 0x400ED85: main (main.c:499)
==744354== 
==744354== 10 bytes in 1 blocks are still reachable in loss record 71 of 282
==744354==    at 0x497D858: malloc (vg_replace_malloc.c:447)
==744354==    by 0x4069457: emalloc_real (awk.h:2156)
==744354==    by 0x4069457: make_str_node (node.c:422)
==744354==    by 0x4052611: r_interpret (interpret.h:1052)
==744354==    by 0x400EDDE: main (main.c:532)
==744354== 
==744354== 11 bytes in 1 blocks are still reachable in loss record 72 of 282
==744354==    at 0x497D858: malloc (vg_replace_malloc.c:447)
==744354==    by 0x4066564: emalloc_real (awk.h:2156)
==744354==    by 0x4066564: estrdup (main.c:1451)
==744354==    by 0x401D86A: yyparse (awkgram.y:502)
==744354==    by 0x402073A: parse_program (awkgram.y:2797)
==744354==    by 0x400EAD8: main (main.c:483)
==744354== 
==744354== 11 bytes in 1 blocks are still reachable in loss record 73 of 282
==744354==    at 0x497D858: malloc (vg_replace_malloc.c:447)
==744354==    by 0x4069457: emalloc_real (awk.h:2156)
==744354==    by 0x4069457: make_str_node (node.c:422)
==744354==    by 0x4077055: install (symbol.c:399)
==744354==    by 0x401E274: install_function (awkgram.y:5083)
==744354==    by 0x401E274: yyparse (awkgram.y:546)
==744354==    by 0x402073A: parse_program (awkgram.y:2797)
==744354==    by 0x400EAD8: main (main.c:483)
==744354== 
==744354== 12 bytes in 1 blocks are still reachable in loss record 74 of 282
==744354==    at 0x497D858: malloc (vg_replace_malloc.c:447)
==744354==    by 0x4069457: emalloc_real (awk.h:2156)
==744354==    by 0x4069457: make_str_node (node.c:422)
==744354==    by 0x4077FD7: load_symbols (symbol.c:663)
==744354==    by 0x400ED85: main (main.c:499)
==744354== 
==744354== 12 bytes in 1 blocks are still reachable in loss record 75 of 282
==744354==    at 0x497D858: malloc (vg_replace_malloc.c:447)
==744354==    by 0x4066564: emalloc_real (awk.h:2156)
==744354==    by 0x4066564: estrdup (main.c:1451)
==744354==    by 0x4078093: load_symbols (symbol.c:675)
==744354==    by 0x400ED85: main (main.c:499)
==744354== 
==744354== 13 bytes in 1 blocks are still reachable in loss record 76 of 282
==744354==    at 0x497D858: malloc (vg_replace_malloc.c:447)
==744354==    by 0x4066564: emalloc_real (awk.h:2156)
==744354==    by 0x4066564: estrdup (main.c:1451)
==744354==    by 0x4014A21: do_add_srcfile (awkgram.y:2834)
==744354==    by 0x4018A70: add_srcfile (awkgram.y:2916)
==744354==    by 0x400D7E5: parse_args (main.c:1585)
==744354==    by 0x400D7E5: main (main.c:294)
==744354== 
==744354== 13 bytes in 1 blocks are still reachable in loss record 77 of 282
==744354==    at 0x498507F: realloc (vg_replace_malloc.c:1804)
==744354==    by 0x406956E: erealloc_real (awk.h:2192)
==744354==    by 0x406956E: make_str_node (node.c:494)
==744354==    by 0x401B194: yylex (awkgram.y:4074)
==744354==    by 0x401C83C: yyparse (awkgram.c:1879)
==744354==    by 0x402073A: parse_program (awkgram.y:2797)
==744354==    by 0x400EAD8: main (main.c:483)
==744354== 
==744354== 13 bytes in 2 blocks are still reachable in loss record 78 of 282
==744354==    at 0x497D858: malloc (vg_replace_malloc.c:447)
==744354==    by 0x4996495: read_value (rwarray.c:760)
==744354==    by 0x4996495: read_elem.isra.0 (rwarray.c:701)
==744354==    by 0x4996904: read_array (rwarray.c:644)
==744354==    by 0x4996521: read_value (rwarray.c:722)
==744354==    by 0x4996521: read_elem.isra.0 (rwarray.c:701)
==744354==    by 0x499661C: read_global (rwarray.c:504)
==744354==    by 0x4995C90: read_backend (rwarray.c:589)
==744354==    by 0x404F26E: r_interpret (interpret.h:1139)
==744354==    by 0x400EDDE: main (main.c:532)
==744354== 
==744354== 14 bytes in 1 blocks are still reachable in loss record 79 of 282
==744354==    at 0x498507F: realloc (vg_replace_malloc.c:1804)
==744354==    by 0x406956E: erealloc_real (awk.h:2192)
==744354==    by 0x406956E: make_str_node (node.c:494)
==744354==    by 0x4066BF5: arg_assign (main.c:1252)
==744354==    by 0x400E259: main (main.c:416)
==744354== 
==744354== 14 bytes in 1 blocks are still reachable in loss record 80 of 282
==744354==    at 0x497D858: malloc (vg_replace_malloc.c:447)
==744354==    by 0x4996495: read_value (rwarray.c:760)
==744354==    by 0x4996495: read_elem.isra.0 (rwarray.c:701)
==744354==    by 0x499661C: read_global (rwarray.c:504)
==744354==    by 0x4995C90: read_backend (rwarray.c:589)
==744354==    by 0x404F26E: r_interpret (interpret.h:1139)
==744354==    by 0x400EDDE: main (main.c:532)
==744354== 
==744354== 15 bytes in 5 blocks are still reachable in loss record 81 of 282
==744354==    at 0x497D858: malloc (vg_replace_malloc.c:447)
==744354==    by 0x49962B5: r_make_string_type (gawkapi.h:1009)
==744354==    by 0x49962B5: r_make_string (gawkapi.h:1030)
==744354==    by 0x49962B5: read_elem.isra.0 (rwarray.c:696)
==744354==    by 0x4996904: read_array (rwarray.c:644)
==744354==    by 0x4996521: read_value (rwarray.c:722)
==744354==    by 0x4996521: read_elem.isra.0 (rwarray.c:701)
==744354==    by 0x499661C: read_global (rwarray.c:504)
==744354==    by 0x4995C90: read_backend (rwarray.c:589)
==744354==    by 0x404F26E: r_interpret (interpret.h:1139)
==744354==    by 0x400EDDE: main (main.c:532)
==744354== 
==744354== 16 bytes in 1 blocks are still reachable in loss record 82 of 282
==744354==    at 0x497D858: malloc (vg_replace_malloc.c:447)
==744354==    by 0x405907A: emalloc_real (awk.h:2156)
==744354==    by 0x405907A: api_register_ext_version (gawkapi.c:1510)
==744354==    by 0x405907A: api_register_ext_version (gawkapi.c:1501)
==744354==    by 0x4996A8D: dl_load (rwarray.c:843)
==744354==    by 0x4052BC2: load_ext (ext.c:125)
==744354==    by 0x400E371: main (main.c:450)
==744354== 
==744354== 17 bytes in 1 blocks are still reachable in loss record 83 of 282
==744354==    at 0x498507F: realloc (vg_replace_malloc.c:1804)
==744354==    by 0x4996234: read_elem.isra.0 (rwarray.c:684)
==744354==    by 0x4996904: read_array (rwarray.c:644)
==744354==    by 0x4996521: read_value (rwarray.c:722)
==744354==    by 0x4996521: read_elem.isra.0 (rwarray.c:701)
==744354==    by 0x499661C: read_global (rwarray.c:504)
==744354==    by 0x4995C90: read_backend (rwarray.c:589)
==744354==    by 0x404F26E: r_interpret (interpret.h:1139)
==744354==    by 0x400EDDE: main (main.c:532)
==744354== 
==744354== 19 bytes in 6 blocks are still reachable in loss record 84 of 282
==744354==    at 0x497D858: malloc (vg_replace_malloc.c:447)
==744354==    by 0x4069457: emalloc_real (awk.h:2156)
==744354==    by 0x4069457: make_str_node (node.c:422)
==744354==    by 0x401B194: yylex (awkgram.y:4074)
==744354==    by 0x401C83C: yyparse (awkgram.c:1879)
==744354==    by 0x402073A: parse_program (awkgram.y:2797)
==744354==    by 0x400EAD8: main (main.c:483)
==744354== 
==744354== 20 bytes in 1 blocks are still reachable in loss record 85 of 282
==744354==    at 0x497D858: malloc (vg_replace_malloc.c:447)
==744354==    by 0x405E9A7: emalloc_real (awk.h:2156)
==744354==    by 0x405E9A7: init_awkpath (io.c:3026)
==744354==    by 0x405E9A7: do_find_source (io.c:3068)
==744354==    by 0x4065061: find_source (io.c:3098)
==744354==    by 0x40189F8: add_srcfile (awkgram.y:2864)
==744354==    by 0x400DBDD: parse_args (main.c:1652)
==744354==    by 0x400DBDD: main (main.c:294)
==744354== 
==744354== 24 bytes in 1 blocks are still reachable in loss record 86 of 282
==744354==    at 0x4984E43: calloc (vg_replace_malloc.c:1678)
==744354==    by 0x405E8B2: ezalloc_real (awk.h:2174)
==744354==    by 0x405E8B2: init_awkpath (io.c:2996)
==744354==    by 0x405E8B2: do_find_source (io.c:3068)
==744354==    by 0x4065061: find_source (io.c:3098)
==744354==    by 0x40189F8: add_srcfile (awkgram.y:2864)
==744354==    by 0x400DBDD: parse_args (main.c:1652)
==744354==    by 0x400DBDD: main (main.c:294)
==744354== 
==744354== 24 bytes in 1 blocks are still reachable in loss record 87 of 282
==744354==    at 0x4984E43: calloc (vg_replace_malloc.c:1678)
==744354==    by 0x405E8B2: ezalloc_real (awk.h:2174)
==744354==    by 0x405E8B2: init_awkpath (io.c:2996)
==744354==    by 0x405E8B2: do_find_source (io.c:3068)
==744354==    by 0x4065061: find_source (io.c:3098)
==744354==    by 0x40189F8: add_srcfile (awkgram.y:2864)
==744354==    by 0x400D7E5: parse_args (main.c:1585)
==744354==    by 0x400D7E5: main (main.c:294)
==744354== 
==744354== 24 bytes in 1 blocks are still reachable in loss record 88 of 282
==744354==    at 0x497D858: malloc (vg_replace_malloc.c:447)
==744354==    by 0x4069457: emalloc_real (awk.h:2156)
==744354==    by 0x4069457: make_str_node (node.c:422)
==744354==    by 0x4054B87: update_PROCINFO_str.part.0 (field.c:1662)
==744354==    by 0x400E730: load_procinfo (main.c:1022)
==744354==    by 0x400E730: init_vars (main.c:878)
==744354==    by 0x400E730: main (main.c:403)
==744354== 
==744354== 26 bytes in 1 blocks are still reachable in loss record 89 of 282
==744354==    at 0x497D858: malloc (vg_replace_malloc.c:447)
==744354==    by 0x405E9A7: emalloc_real (awk.h:2156)
==744354==    by 0x405E9A7: init_awkpath (io.c:3026)
==744354==    by 0x405E9A7: do_find_source (io.c:3068)
==744354==    by 0x4065061: find_source (io.c:3098)
==744354==    by 0x40189F8: add_srcfile (awkgram.y:2864)
==744354==    by 0x400D7E5: parse_args (main.c:1585)
==744354==    by 0x400D7E5: main (main.c:294)
==744354== 
==744354== 28 bytes in 8 blocks are still reachable in loss record 90 of 282
==744354==    at 0x497D858: malloc (vg_replace_malloc.c:447)
==744354==    by 0x4069457: emalloc_real (awk.h:2156)
==744354==    by 0x4069457: make_str_node (node.c:422)
==744354==    by 0x4077055: install (symbol.c:399)
==744354==    by 0x401CA63: yyparse (awkgram.y:2148)
==744354==    by 0x402073A: parse_program (awkgram.y:2797)
==744354==    by 0x400EAD8: main (main.c:483)
==744354== 
==744354== 30 bytes in 1 blocks are still reachable in loss record 91 of 282
==744354==    at 0x497D858: malloc (vg_replace_malloc.c:447)
==744354==    by 0x405E673: emalloc_real (awk.h:2156)
==744354==    by 0x405E673: do_find_source (io.c:3070)
==744354==    by 0x4065100: find_source (io.c:3118)
==744354==    by 0x40189F8: add_srcfile (awkgram.y:2864)
==744354==    by 0x400DBDD: parse_args (main.c:1652)
==744354==    by 0x400DBDD: main (main.c:294)
==744354== 
==744354== 30 bytes in 1 blocks are still reachable in loss record 92 of 282
==744354==    at 0x497D858: malloc (vg_replace_malloc.c:447)
==744354==    by 0x415EB1F: malloc (rtld-malloc.h:56)
==744354==    by 0x415EB1F: strdup (strdup.c:42)
==744354==    by 0x413C90D: _dl_map_new_object (dl-load.c:2139)
==744354==    by 0x4141460: dl_open_worker_begin (dl-open.c:535)
==744354==    by 0x4134512: _dl_catch_exception (dl-catch.c:241)
==744354==    by 0x414020B: dl_open_worker (dl-open.c:762)
==744354==    by 0x4134512: _dl_catch_exception (dl-catch.c:241)
==744354==    by 0x4140749: _dl_open (dl-open.c:900)
==744354==    by 0x4BC8EA3: dlopen_doit (dlopen.c:56)
==744354==    by 0x4134512: _dl_catch_exception (dl-catch.c:241)
==744354==    by 0x4134658: _dl_catch_error (dl-catch.c:260)
==744354==    by 0x4BC8992: _dlerror_run (dlerror.c:138)
==744354== 
==744354== 30 bytes in 4 blocks are still reachable in loss record 93 of 282
==744354==    at 0x497D858: malloc (vg_replace_malloc.c:447)
==744354==    by 0x4066564: emalloc_real (awk.h:2156)
==744354==    by 0x4066564: estrdup (main.c:1451)
==744354==    by 0x4052FBE: make_builtin (ext.c:153)
==744354==    by 0x4996A4A: dl_load (rwarray.c:843)
==744354==    by 0x4052BC2: load_ext (ext.c:125)
==744354==    by 0x400E371: main (main.c:450)
==744354== 
==744354== 30 bytes in 4 blocks are still reachable in loss record 94 of 282
==744354==    at 0x497D858: malloc (vg_replace_malloc.c:447)
==744354==    by 0x4069457: emalloc_real (awk.h:2156)
==744354==    by 0x4069457: make_str_node (node.c:422)
==744354==    by 0x4077055: install (symbol.c:399)
==744354==    by 0x4053117: make_builtin (ext.c:202)
==744354==    by 0x4996A4A: dl_load (rwarray.c:843)
==744354==    by 0x4052BC2: load_ext (ext.c:125)
==744354==    by 0x400E371: main (main.c:450)
==744354== 
==744354== 32 bytes in 1 blocks are still reachable in loss record 95 of 282
==744354==    at 0x497D858: malloc (vg_replace_malloc.c:447)
==744354==    by 0x4045E57: emalloc_real (awk.h:2156)
==744354==    by 0x4045E57: fmt_index (eval.c:913)
==744354==    by 0x4046F46: set_CONVFMT (eval.c:956)
==744354==    by 0x400D9A3: init_vars (main.c:873)
==744354==    by 0x400D9A3: main (main.c:403)
==744354== 
==744354== 34 bytes in 9 blocks are still reachable in loss record 96 of 282
==744354==    at 0x497D858: malloc (vg_replace_malloc.c:447)
==744354==    by 0x4066564: emalloc_real (awk.h:2156)
==744354==    by 0x4066564: estrdup (main.c:1451)
==744354==    by 0x401A0B8: yylex (awkgram.y:4495)
==744354==    by 0x401C83C: yyparse (awkgram.c:1879)
==744354==    by 0x402073A: parse_program (awkgram.y:2797)
==744354==    by 0x400EAD8: main (main.c:483)
==744354== 
==744354== 38 bytes in 1 blocks are still reachable in loss record 97 of 282
==744354==    at 0x497D858: malloc (vg_replace_malloc.c:447)
==744354==    by 0x405E673: emalloc_real (awk.h:2156)
==744354==    by 0x405E673: do_find_source (io.c:3070)
==744354==    by 0x4065061: find_source (io.c:3098)
==744354==    by 0x40189F8: add_srcfile (awkgram.y:2864)
==744354==    by 0x400D7E5: parse_args (main.c:1585)
==744354==    by 0x400D7E5: main (main.c:294)
==744354== 
==744354== 41 bytes in 4 blocks are still reachable in loss record 98 of 282
==744354==    at 0x497D858: malloc (vg_replace_malloc.c:447)
==744354==    by 0x4066564: emalloc_real (awk.h:2156)
==744354==    by 0x4066564: estrdup (main.c:1451)
==744354==    by 0x401E3D7: yyparse (awkgram.y:2042)
==744354==    by 0x402073A: parse_program (awkgram.y:2797)
==744354==    by 0x400EAD8: main (main.c:483)
==744354== 
==744354== 48 bytes in 1 blocks are still reachable in loss record 99 of 282
==744354==    at 0x497D858: malloc (vg_replace_malloc.c:447)
==744354==    by 0x4068FEB: emalloc_real (awk.h:2156)
==744354==    by 0x4068FEB: r_getblock (node.c:1164)
==744354==    by 0x40768D9: str_lookup (str_array.c:214)
==744354==    by 0x407708C: assoc_set (awk.h:2220)
==744354==    by 0x407708C: install (symbol.c:430)
==744354==    by 0x4077369: install_symbol (symbol.c:173)
==744354==    by 0x4077369: init_the_tables (symbol.c:77)
==744354==    by 0x400D60A: main (main.c:287)
==744354== 
==744354== 48 bytes in 1 blocks are still reachable in loss record 100 of 282
==744354==    at 0x497D858: malloc (vg_replace_malloc.c:447)
==744354==    by 0x4068FEB: emalloc_real (awk.h:2156)
==744354==    by 0x4068FEB: r_getblock (node.c:1164)
==744354==    by 0x40768D9: str_lookup (str_array.c:214)
==744354==    by 0x407708C: assoc_set (awk.h:2220)
==744354==    by 0x407708C: install (symbol.c:430)
==744354==    by 0x4077390: install_symbol (symbol.c:173)
==744354==    by 0x4077390: init_the_tables (symbol.c:78)
==744354==    by 0x400D60A: main (main.c:287)
==744354== 
==744354== 48 bytes in 1 blocks are still reachable in loss record 101 of 282
==744354==    at 0x497D858: malloc (vg_replace_malloc.c:447)
==744354==    by 0x4068FEB: emalloc_real (awk.h:2156)
==744354==    by 0x4068FEB: r_getblock (node.c:1164)
==744354==    by 0x40768D9: str_lookup (str_array.c:214)
==744354==    by 0x407708C: assoc_set (awk.h:2220)
==744354==    by 0x407708C: install (symbol.c:430)
==744354==    by 0x400E703: load_procinfo (main.c:1019)
==744354==    by 0x400E703: init_vars (main.c:878)
==744354==    by 0x400E703: main (main.c:403)
==744354== 
==744354== 48 bytes in 1 blocks are still reachable in loss record 102 of 282
==744354==    at 0x497D858: malloc (vg_replace_malloc.c:447)
==744354==    by 0x4068FEB: emalloc_real (awk.h:2156)
==744354==    by 0x4068FEB: r_getblock (node.c:1164)
==744354==    by 0x40768D9: str_lookup (str_array.c:214)
==744354==    by 0x4054B9E: assoc_set (awk.h:2220)
==744354==    by 0x4054B9E: update_PROCINFO_str.part.0 (field.c:1662)
==744354==    by 0x400E71D: load_procinfo (main.c:1021)
==744354==    by 0x400E71D: init_vars (main.c:878)
==744354==    by 0x400E71D: main (main.c:403)
==744354== 
==744354== 48 bytes in 1 blocks are still reachable in loss record 103 of 282
==744354==    at 0x497D858: malloc (vg_replace_malloc.c:447)
==744354==    by 0x4068FEB: emalloc_real (awk.h:2156)
==744354==    by 0x4068FEB: r_getblock (node.c:1164)
==744354==    by 0x40768D9: str_lookup (str_array.c:214)
==744354==    by 0x4054B9E: assoc_set (awk.h:2220)
==744354==    by 0x4054B9E: update_PROCINFO_str.part.0 (field.c:1662)
==744354==    by 0x400E730: load_procinfo (main.c:1022)
==744354==    by 0x400E730: init_vars (main.c:878)
==744354==    by 0x400E730: main (main.c:403)
==744354== 
==744354== 48 bytes in 1 blocks are still reachable in loss record 104 of 282
==744354==    at 0x497D858: malloc (vg_replace_malloc.c:447)
==744354==    by 0x4068FEB: emalloc_real (awk.h:2156)
==744354==    by 0x4068FEB: r_getblock (node.c:1164)
==744354==    by 0x40768D9: str_lookup (str_array.c:214)
==744354==    by 0x4054B9E: assoc_set (awk.h:2220)
==744354==    by 0x4054B9E: update_PROCINFO_str.part.0 (field.c:1662)
==744354==    by 0x400E743: load_procinfo (main.c:1023)
==744354==    by 0x400E743: init_vars (main.c:878)
==744354==    by 0x400E743: main (main.c:403)
==744354== 
==744354== 48 bytes in 1 blocks are still reachable in loss record 105 of 282
==744354==    at 0x497D858: malloc (vg_replace_malloc.c:447)
==744354==    by 0x4068FEB: emalloc_real (awk.h:2156)
==744354==    by 0x4068FEB: r_getblock (node.c:1164)
==744354==    by 0x40768D9: str_lookup (str_array.c:214)
==744354==    by 0x405802A: assoc_set (awk.h:2220)
==744354==    by 0x405802A: update_PROCINFO_num (field.c:1675)
==744354==    by 0x400E757: load_procinfo (main.c:1035)
==744354==    by 0x400E757: init_vars (main.c:878)
==744354==    by 0x400E757: main (main.c:403)
==744354== 
==744354== 48 bytes in 1 blocks are still reachable in loss record 106 of 282
==744354==    at 0x497D858: malloc (vg_replace_malloc.c:447)
==744354==    by 0x4068FEB: emalloc_real (awk.h:2156)
==744354==    by 0x4068FEB: r_getblock (node.c:1164)
==744354==    by 0x40768D9: str_lookup (str_array.c:214)
==744354==    by 0x405802A: assoc_set (awk.h:2220)
==744354==    by 0x405802A: update_PROCINFO_num (field.c:1675)
==744354==    by 0x400E76B: load_procinfo (main.c:1036)
==744354==    by 0x400E76B: init_vars (main.c:878)
==744354==    by 0x400E76B: main (main.c:403)
==744354== 
==744354== 48 bytes in 1 blocks are still reachable in loss record 107 of 282
==744354==    at 0x497D858: malloc (vg_replace_malloc.c:447)
==744354==    by 0x4068FEB: emalloc_real (awk.h:2156)
==744354==    by 0x4068FEB: r_getblock (node.c:1164)
==744354==    by 0x40768D9: str_lookup (str_array.c:214)
==744354==    by 0x405802A: assoc_set (awk.h:2220)
==744354==    by 0x405802A: update_PROCINFO_num (field.c:1675)
==744354==    by 0x400E784: load_procinfo (main.c:1046)
==744354==    by 0x400E784: init_vars (main.c:878)
==744354==    by 0x400E784: main (main.c:403)
==744354== 
==744354== 48 bytes in 1 blocks are still reachable in loss record 108 of 282
==744354==    at 0x497D858: malloc (vg_replace_malloc.c:447)
==744354==    by 0x4068FEB: emalloc_real (awk.h:2156)
==744354==    by 0x4068FEB: r_getblock (node.c:1164)
==744354==    by 0x40768D9: str_lookup (str_array.c:214)
==744354==    by 0x405802A: assoc_set (awk.h:2220)
==744354==    by 0x405802A: update_PROCINFO_num (field.c:1675)
==744354==    by 0x400E79D: load_procinfo (main.c:1055)
==744354==    by 0x400E79D: init_vars (main.c:878)
==744354==    by 0x400E79D: main (main.c:403)
==744354== 
==744354== 48 bytes in 1 blocks are still reachable in loss record 109 of 282
==744354==    at 0x497D858: malloc (vg_replace_malloc.c:447)
==744354==    by 0x4068FEB: emalloc_real (awk.h:2156)
==744354==    by 0x4068FEB: r_getblock (node.c:1164)
==744354==    by 0x40768D9: str_lookup (str_array.c:214)
==744354==    by 0x405802A: assoc_set (awk.h:2220)
==744354==    by 0x405802A: update_PROCINFO_num (field.c:1675)
==744354==    by 0x400E7B6: load_procinfo (main.c:1058)
==744354==    by 0x400E7B6: init_vars (main.c:878)
==744354==    by 0x400E7B6: main (main.c:403)
==744354== 
==744354== 48 bytes in 1 blocks are still reachable in loss record 110 of 282
==744354==    at 0x497D858: malloc (vg_replace_malloc.c:447)
==744354==    by 0x4068FEB: emalloc_real (awk.h:2156)
==744354==    by 0x4068FEB: r_getblock (node.c:1164)
==744354==    by 0x40768D9: str_lookup (str_array.c:214)
==744354==    by 0x405802A: assoc_set (awk.h:2220)
==744354==    by 0x405802A: update_PROCINFO_num (field.c:1675)
==744354==    by 0x400E7D2: load_procinfo (main.c:1061)
==744354==    by 0x400E7D2: init_vars (main.c:878)
==744354==    by 0x400E7D2: main (main.c:403)
==744354== 
==744354== 48 bytes in 1 blocks are still reachable in loss record 111 of 282
==744354==    at 0x497D858: malloc (vg_replace_malloc.c:447)
==744354==    by 0x4068FEB: emalloc_real (awk.h:2156)
==744354==    by 0x4068FEB: r_getblock (node.c:1164)
==744354==    by 0x40768D9: str_lookup (str_array.c:214)
==744354==    by 0x405802A: assoc_set (awk.h:2220)
==744354==    by 0x405802A: update_PROCINFO_num (field.c:1675)
==744354==    by 0x400E7EE: load_procinfo (main.c:1064)
==744354==    by 0x400E7EE: init_vars (main.c:878)
==744354==    by 0x400E7EE: main (main.c:403)
==744354== 
==744354== 48 bytes in 1 blocks are still reachable in loss record 112 of 282
==744354==    at 0x497D858: malloc (vg_replace_malloc.c:447)
==744354==    by 0x4068FEB: emalloc_real (awk.h:2156)
==744354==    by 0x4068FEB: r_getblock (node.c:1164)
==744354==    by 0x40768D9: str_lookup (str_array.c:214)
==744354==    by 0x405802A: assoc_set (awk.h:2220)
==744354==    by 0x405802A: update_PROCINFO_num (field.c:1675)
==744354==    by 0x400E80A: load_procinfo (main.c:1067)
==744354==    by 0x400E80A: init_vars (main.c:878)
==744354==    by 0x400E80A: main (main.c:403)
==744354== 
==744354== 48 bytes in 1 blocks are still reachable in loss record 113 of 282
==744354==    at 0x497D858: malloc (vg_replace_malloc.c:447)
==744354==    by 0x4068FEB: emalloc_real (awk.h:2156)
==744354==    by 0x4068FEB: r_getblock (node.c:1164)
==744354==    by 0x40768D9: str_lookup (str_array.c:214)
==744354==    by 0x405802A: assoc_set (awk.h:2220)
==744354==    by 0x405802A: update_PROCINFO_num (field.c:1675)
==744354==    by 0x400E826: load_procinfo (main.c:1070)
==744354==    by 0x400E826: init_vars (main.c:878)
==744354==    by 0x400E826: main (main.c:403)
==744354== 
==744354== 48 bytes in 1 blocks are still reachable in loss record 114 of 282
==744354==    at 0x497D858: malloc (vg_replace_malloc.c:447)
==744354==    by 0x4068FEB: emalloc_real (awk.h:2156)
==744354==    by 0x4068FEB: r_getblock (node.c:1164)
==744354==    by 0x40768D9: str_lookup (str_array.c:214)
==744354==    by 0x4054B9E: assoc_set (awk.h:2220)
==744354==    by 0x4054B9E: update_PROCINFO_str.part.0 (field.c:1662)
==744354==    by 0x400E83A: load_procinfo (main.c:1072)
==744354==    by 0x400E83A: init_vars (main.c:878)
==744354==    by 0x400E83A: main (main.c:403)
==744354== 
==744354== 48 bytes in 1 blocks are still reachable in loss record 115 of 282
==744354==    at 0x497D858: malloc (vg_replace_malloc.c:447)
==744354==    by 0x4068FEB: emalloc_real (awk.h:2156)
==744354==    by 0x4068FEB: r_getblock (node.c:1164)
==744354==    by 0x40768D9: str_lookup (str_array.c:214)
==744354==    by 0x4054B9E: assoc_set (awk.h:2220)
==744354==    by 0x4054B9E: update_PROCINFO_str.part.0 (field.c:1662)
==744354==    by 0x400E8D2: load_procinfo (main.c:1087)
==744354==    by 0x400E8D2: init_vars (main.c:878)
==744354==    by 0x400E8D2: main (main.c:403)
==744354== 
==744354== 48 bytes in 1 blocks are still reachable in loss record 116 of 282
==744354==    at 0x497D858: malloc (vg_replace_malloc.c:447)
==744354==    by 0x4068FEB: emalloc_real (awk.h:2156)
==744354==    by 0x4068FEB: r_getblock (node.c:1164)
==744354==    by 0x40768D9: str_lookup (str_array.c:214)
==744354==    by 0x40662E6: assoc_set (awk.h:2220)
==744354==    by 0x400EC2D: load_procinfo_argv (main.c:997)
==744354==    by 0x400EC2D: load_procinfo (main.c:1093)
==744354==    by 0x400EC2D: init_vars (main.c:878)
==744354==    by 0x400EC2D: main (main.c:403)
==744354== 
==744354== 48 bytes in 1 blocks are still reachable in loss record 117 of 282
==744354==    at 0x497D858: malloc (vg_replace_malloc.c:447)
==744354==    by 0x4068FEB: emalloc_real (awk.h:2156)
==744354==    by 0x4068FEB: r_getblock (node.c:1164)
==744354==    by 0x40768D9: str_lookup (str_array.c:214)
==744354==    by 0x407708C: assoc_set (awk.h:2220)
==744354==    by 0x407708C: install (symbol.c:430)
==744354==    by 0x400E038: load_environ (main.c:930)
==744354==    by 0x400E038: init_vars (main.c:879)
==744354==    by 0x400E038: main (main.c:403)
==744354== 
==744354== 48 bytes in 1 blocks are still reachable in loss record 118 of 282
==744354==    at 0x497D858: malloc (vg_replace_malloc.c:447)
==744354==    by 0x4068FEB: emalloc_real (awk.h:2156)
==744354==    by 0x4068FEB: r_getblock (node.c:1164)
==744354==    by 0x40768D9: str_lookup (str_array.c:214)
==744354==    by 0x407708C: assoc_set (awk.h:2220)
==744354==    by 0x407708C: install (symbol.c:430)
==744354==    by 0x40669EE: arg_assign (main.c:1276)
==744354==    by 0x400E259: main (main.c:416)
==744354== 
==744354== 48 bytes in 1 blocks are still reachable in loss record 119 of 282
==744354==    at 0x497D858: malloc (vg_replace_malloc.c:447)
==744354==    by 0x4068FEB: emalloc_real (awk.h:2156)
==744354==    by 0x4068FEB: r_getblock (node.c:1164)
==744354==    by 0x40768D9: str_lookup (str_array.c:214)
==744354==    by 0x407708C: assoc_set (awk.h:2220)
==744354==    by 0x407708C: install (symbol.c:430)
==744354==    by 0x400E414: init_args (main.c:764)
==744354==    by 0x400E414: main (main.c:470)
==744354== 
==744354== 48 bytes in 1 blocks are still reachable in loss record 120 of 282
==744354==    at 0x497D858: malloc (vg_replace_malloc.c:447)
==744354==    by 0x4068FEB: emalloc_real (awk.h:2156)
==744354==    by 0x4068FEB: r_getblock (node.c:1164)
==744354==    by 0x40768D9: str_lookup (str_array.c:214)
==744354==    by 0x407708C: assoc_set (awk.h:2220)
==744354==    by 0x407708C: install (symbol.c:430)
==744354==    by 0x400EA90: init_args (main.c:791)
==744354==    by 0x400EA90: main (main.c:470)
==744354== 
==744354== 48 bytes in 1 blocks are still reachable in loss record 121 of 282
==744354==    at 0x497D858: malloc (vg_replace_malloc.c:447)
==744354==    by 0x4068FEB: emalloc_real (awk.h:2156)
==744354==    by 0x4068FEB: r_getblock (node.c:1164)
==744354==    by 0x40768D9: str_lookup (str_array.c:214)
==744354==    by 0x407708C: assoc_set (awk.h:2220)
==744354==    by 0x407708C: install (symbol.c:430)
==744354==    by 0x401E274: install_function (awkgram.y:5083)
==744354==    by 0x401E274: yyparse (awkgram.y:546)
==744354==    by 0x402073A: parse_program (awkgram.y:2797)
==744354==    by 0x400EAD8: main (main.c:483)
==744354== 
==744354== 48 bytes in 1 blocks are still reachable in loss record 122 of 282
==744354==    at 0x497D858: malloc (vg_replace_malloc.c:447)
==744354==    by 0x4068FEB: emalloc_real (awk.h:2156)
==744354==    by 0x4068FEB: r_getblock (node.c:1164)
==744354==    by 0x40768D9: str_lookup (str_array.c:214)
==744354==    by 0x407708C: assoc_set (awk.h:2220)
==744354==    by 0x407708C: install (symbol.c:430)
==744354==    by 0x401CA25: yyparse (awkgram.y:2156)
==744354==    by 0x402073A: parse_program (awkgram.y:2797)
==744354==    by 0x400EAD8: main (main.c:483)
==744354== 
==744354== 48 bytes in 1 blocks are still reachable in loss record 123 of 282
==744354==    at 0x497D858: malloc (vg_replace_malloc.c:447)
==744354==    by 0x4020D1E: emalloc_real (awk.h:2156)
==744354==    by 0x4020D1E: parse_program (awkgram.y:2810)
==744354==    by 0x400EAD8: main (main.c:483)
==744354== 
==744354== 48 bytes in 1 blocks are still reachable in loss record 124 of 282
==744354==    at 0x497D858: malloc (vg_replace_malloc.c:447)
==744354==    by 0x4068FEB: emalloc_real (awk.h:2156)
==744354==    by 0x4068FEB: r_getblock (node.c:1164)
==744354==    by 0x40768D9: str_lookup (str_array.c:214)
==744354==    by 0x4077FEA: load_symbols (symbol.c:664)
==744354==    by 0x400ED85: main (main.c:499)
==744354== 
==744354== 48 bytes in 1 blocks are still reachable in loss record 125 of 282
==744354==    at 0x497D858: malloc (vg_replace_malloc.c:447)
==744354==    by 0x4068FEB: emalloc_real (awk.h:2156)
==744354==    by 0x4068FEB: r_getblock (node.c:1164)
==744354==    by 0x40768D9: str_lookup (str_array.c:214)
==744354==    by 0x407708C: assoc_set (awk.h:2220)
==744354==    by 0x407708C: install (symbol.c:430)
==744354==    by 0x405B0DB: api_sym_update (gawkapi.c:874)
==744354==    by 0x49967C6: do_poke (rwarray.c:478)
==744354==    by 0x49967C6: read_global (rwarray.c:505)
==744354==    by 0x4995C90: read_backend (rwarray.c:589)
==744354==    by 0x404F26E: r_interpret (interpret.h:1139)
==744354==    by 0x400EDDE: main (main.c:532)
==744354== 
==744354== 49 bytes in 14 blocks are still reachable in loss record 126 of 282
==744354==    at 0x497D858: malloc (vg_replace_malloc.c:447)
==744354==    by 0x4069457: emalloc_real (awk.h:2156)
==744354==    by 0x4069457: make_str_node (node.c:422)
==744354==    by 0x400D984: init_vars (main.c:867)
==744354==    by 0x400D984: main (main.c:403)
==744354== 
==744354== 54 bytes in 6 blocks are still reachable in loss record 127 of 282
==744354==    at 0x497D858: malloc (vg_replace_malloc.c:447)
==744354==    by 0x4066564: emalloc_real (awk.h:2156)
==744354==    by 0x4066564: estrdup (main.c:1451)
==744354==    by 0x400D69D: save_argv (main.c:1498)
==744354==    by 0x400D69D: parse_args (main.c:1554)
==744354==    by 0x400D69D: main (main.c:294)
==744354== 
==744354== 54 bytes in 6 blocks are still reachable in loss record 128 of 282
==744354==    at 0x497D858: malloc (vg_replace_malloc.c:447)
==744354==    by 0x4069457: emalloc_real (awk.h:2156)
==744354==    by 0x4069457: make_str_node (node.c:422)
==744354==    by 0x400E9C6: load_procinfo_argv (main.c:991)
==744354==    by 0x400E9C6: load_procinfo (main.c:1093)
==744354==    by 0x400E9C6: init_vars (main.c:878)
==744354==    by 0x400E9C6: main (main.c:403)
==744354== 
==744354== 56 bytes in 1 blocks are still reachable in loss record 129 of 282
==744354==    at 0x497D858: malloc (vg_replace_malloc.c:447)
==744354==    by 0x4066202: emalloc_real.constprop.0 (awk.h:2156)
==744354==    by 0x400D66C: save_argv (main.c:1496)
==744354==    by 0x400D66C: parse_args (main.c:1554)
==744354==    by 0x400D66C: main (main.c:294)
==744354== 
==744354== 60 bytes in 1 blocks are still reachable in loss record 130 of 282
==744354==    at 0x497D858: malloc (vg_replace_malloc.c:447)
==744354==    by 0x4014E9C: emalloc_real (awk.h:2156)
==744354==    by 0x4014E9C: tokexpand (awkgram.y:3294)
==744354==    by 0x4020FE6: parse_program (awkgram.y:2795)
==744354==    by 0x400EAD8: main (main.c:483)
==744354== 
==744354== 88 bytes in 1 blocks are still reachable in loss record 131 of 282
==744354==    at 0x497D858: malloc (vg_replace_malloc.c:447)
==744354==    by 0x4068FEB: emalloc_real (awk.h:2156)
==744354==    by 0x4068FEB: r_getblock (node.c:1164)
==744354==    by 0x40693C1: make_str_node (node.c:406)
==744354==    by 0x400D5C7: main (main.c:278)
==744354== 
==744354== 88 bytes in 1 blocks are still reachable in loss record 132 of 282
==744354==    at 0x497D858: malloc (vg_replace_malloc.c:447)
==744354==    by 0x4068FEB: emalloc_real (awk.h:2156)
==744354==    by 0x4068FEB: r_getblock (node.c:1164)
==744354==    by 0x40772C7: init_the_tables (symbol.c:68)
==744354==    by 0x400D60A: main (main.c:287)
==744354== 
==744354== 88 bytes in 1 blocks are still reachable in loss record 133 of 282
==744354==    at 0x497D858: malloc (vg_replace_malloc.c:447)
==744354==    by 0x4068FEB: emalloc_real (awk.h:2156)
==744354==    by 0x4068FEB: r_getblock (node.c:1164)
==744354==    by 0x4077308: init_the_tables (symbol.c:72)
==744354==    by 0x400D60A: main (main.c:287)
==744354== 
==744354== 88 bytes in 1 blocks are still reachable in loss record 134 of 282
==744354==    at 0x497D858: malloc (vg_replace_malloc.c:447)
==744354==    by 0x4068FEB: emalloc_real (awk.h:2156)
==744354==    by 0x4068FEB: r_getblock (node.c:1164)
==744354==    by 0x40693C1: make_str_node (node.c:406)
==744354==    by 0x4077055: install (symbol.c:399)
==744354==    by 0x4077369: install_symbol (symbol.c:173)
==744354==    by 0x4077369: init_the_tables (symbol.c:77)
==744354==    by 0x400D60A: main (main.c:287)
==744354== 
==744354== 88 bytes in 1 blocks are still reachable in loss record 135 of 282
==744354==    at 0x497D858: malloc (vg_replace_malloc.c:447)
==744354==    by 0x4068FEB: emalloc_real (awk.h:2156)
==744354==    by 0x4068FEB: r_getblock (node.c:1164)
==744354==    by 0x4077133: make_symbol (symbol.c:376)
==744354==    by 0x4077133: install (symbol.c:417)
==744354==    by 0x4077369: install_symbol (symbol.c:173)
==744354==    by 0x4077369: init_the_tables (symbol.c:77)
==744354==    by 0x400D60A: main (main.c:287)
==744354== 
==744354== 88 bytes in 1 blocks are still reachable in loss record 136 of 282
==744354==    at 0x497D858: malloc (vg_replace_malloc.c:447)
==744354==    by 0x4068FEB: emalloc_real (awk.h:2156)
==744354==    by 0x4068FEB: r_getblock (node.c:1164)
==744354==    by 0x40693C1: make_str_node (node.c:406)
==744354==    by 0x4077055: install (symbol.c:399)
==744354==    by 0x4077390: install_symbol (symbol.c:173)
==744354==    by 0x4077390: init_the_tables (symbol.c:78)
==744354==    by 0x400D60A: main (main.c:287)
==744354== 
==744354== 88 bytes in 1 blocks are still reachable in loss record 137 of 282
==744354==    at 0x497D858: malloc (vg_replace_malloc.c:447)
==744354==    by 0x4068FEB: emalloc_real (awk.h:2156)
==744354==    by 0x4068FEB: r_getblock (node.c:1164)
==744354==    by 0x4077133: make_symbol (symbol.c:376)
==744354==    by 0x4077133: install (symbol.c:417)
==744354==    by 0x4077390: install_symbol (symbol.c:173)
==744354==    by 0x4077390: init_the_tables (symbol.c:78)
==744354==    by 0x400D60A: main (main.c:287)
==744354== 
==744354== 88 bytes in 1 blocks are still reachable in loss record 138 of 282
==744354==    at 0x497D858: malloc (vg_replace_malloc.c:447)
==744354==    by 0x4068FEB: emalloc_real (awk.h:2156)
==744354==    by 0x4068FEB: r_getblock (node.c:1164)
==744354==    by 0x40693C1: make_str_node (node.c:406)
==744354==    by 0x4077055: install (symbol.c:399)
==744354==    by 0x400E703: load_procinfo (main.c:1019)
==744354==    by 0x400E703: init_vars (main.c:878)
==744354==    by 0x400E703: main (main.c:403)
==744354== 
==744354== 88 bytes in 1 blocks are still reachable in loss record 139 of 282
==744354==    at 0x497D858: malloc (vg_replace_malloc.c:447)
==744354==    by 0x4068FEB: emalloc_real (awk.h:2156)
==744354==    by 0x4068FEB: r_getblock (node.c:1164)
==744354==    by 0x4077133: make_symbol (symbol.c:376)
==744354==    by 0x4077133: install (symbol.c:417)
==744354==    by 0x400E703: load_procinfo (main.c:1019)
==744354==    by 0x400E703: init_vars (main.c:878)
==744354==    by 0x400E703: main (main.c:403)
==744354== 
==744354== 88 bytes in 1 blocks are still reachable in loss record 140 of 282
==744354==    at 0x497D858: malloc (vg_replace_malloc.c:447)
==744354==    by 0x4068FEB: emalloc_real (awk.h:2156)
==744354==    by 0x4068FEB: r_getblock (node.c:1164)
==744354==    by 0x40693C1: make_str_node (node.c:406)
==744354==    by 0x4054B6F: update_PROCINFO_str.part.0 (field.c:1661)
==744354==    by 0x400E71D: load_procinfo (main.c:1021)
==744354==    by 0x400E71D: init_vars (main.c:878)
==744354==    by 0x400E71D: main (main.c:403)
==744354== 
==744354== 88 bytes in 1 blocks are still reachable in loss record 141 of 282
==744354==    at 0x497D858: malloc (vg_replace_malloc.c:447)
==744354==    by 0x4068FEB: emalloc_real (awk.h:2156)
==744354==    by 0x4068FEB: r_getblock (node.c:1164)
==744354==    by 0x40693C1: make_str_node (node.c:406)
==744354==    by 0x4054B87: update_PROCINFO_str.part.0 (field.c:1662)
==744354==    by 0x400E71D: load_procinfo (main.c:1021)
==744354==    by 0x400E71D: init_vars (main.c:878)
==744354==    by 0x400E71D: main (main.c:403)
==744354== 
==744354== 88 bytes in 1 blocks are still reachable in loss record 142 of 282
==744354==    at 0x497D858: malloc (vg_replace_malloc.c:447)
==744354==    by 0x4068FEB: emalloc_real (awk.h:2156)
==744354==    by 0x4068FEB: r_getblock (node.c:1164)
==744354==    by 0x40693C1: make_str_node (node.c:406)
==744354==    by 0x4054B6F: update_PROCINFO_str.part.0 (field.c:1661)
==744354==    by 0x400E730: load_procinfo (main.c:1022)
==744354==    by 0x400E730: init_vars (main.c:878)
==744354==    by 0x400E730: main (main.c:403)
==744354== 
==744354== 88 bytes in 1 blocks are still reachable in loss record 143 of 282
==744354==    at 0x497D858: malloc (vg_replace_malloc.c:447)
==744354==    by 0x4068FEB: emalloc_real (awk.h:2156)
==744354==    by 0x4068FEB: r_getblock (node.c:1164)
==744354==    by 0x40693C1: make_str_node (node.c:406)
==744354==    by 0x4054B87: update_PROCINFO_str.part.0 (field.c:1662)
==744354==    by 0x400E730: load_procinfo (main.c:1022)
==744354==    by 0x400E730: init_vars (main.c:878)
==744354==    by 0x400E730: main (main.c:403)
==744354== 
==744354== 88 bytes in 1 blocks are still reachable in loss record 144 of 282
==744354==    at 0x497D858: malloc (vg_replace_malloc.c:447)
==744354==    by 0x4068FEB: emalloc_real (awk.h:2156)
==744354==    by 0x4068FEB: r_getblock (node.c:1164)
==744354==    by 0x40693C1: make_str_node (node.c:406)
==744354==    by 0x4054B6F: update_PROCINFO_str.part.0 (field.c:1661)
==744354==    by 0x400E743: load_procinfo (main.c:1023)
==744354==    by 0x400E743: init_vars (main.c:878)
==744354==    by 0x400E743: main (main.c:403)
==744354== 
==744354== 88 bytes in 1 blocks are still reachable in loss record 145 of 282
==744354==    at 0x497D858: malloc (vg_replace_malloc.c:447)
==744354==    by 0x4068FEB: emalloc_real (awk.h:2156)
==744354==    by 0x4068FEB: r_getblock (node.c:1164)
==744354==    by 0x40693C1: make_str_node (node.c:406)
==744354==    by 0x4054B87: update_PROCINFO_str.part.0 (field.c:1662)
==744354==    by 0x400E743: load_procinfo (main.c:1023)
==744354==    by 0x400E743: init_vars (main.c:878)
==744354==    by 0x400E743: main (main.c:403)
==744354== 
==744354== 88 bytes in 1 blocks are still reachable in loss record 146 of 282
==744354==    at 0x497D858: malloc (vg_replace_malloc.c:447)
==744354==    by 0x4068FEB: emalloc_real (awk.h:2156)
==744354==    by 0x4068FEB: r_getblock (node.c:1164)
==744354==    by 0x40693C1: make_str_node (node.c:406)
==744354==    by 0x4058004: update_PROCINFO_num (field.c:1674)
==744354==    by 0x400E757: load_procinfo (main.c:1035)
==744354==    by 0x400E757: init_vars (main.c:878)
==744354==    by 0x400E757: main (main.c:403)
==744354== 
==744354== 88 bytes in 1 blocks are still reachable in loss record 147 of 282
==744354==    at 0x497D858: malloc (vg_replace_malloc.c:447)
==744354==    by 0x4068FEB: emalloc_real (awk.h:2156)
==744354==    by 0x4068FEB: r_getblock (node.c:1164)
==744354==    by 0x4069930: make_number_node (awk.h:2206)
==744354==    by 0x4069930: r_make_number (node.c:369)
==744354==    by 0x4058013: update_PROCINFO_num (field.c:1675)
==744354==    by 0x400E757: load_procinfo (main.c:1035)
==744354==    by 0x400E757: init_vars (main.c:878)
==744354==    by 0x400E757: main (main.c:403)
==744354== 
==744354== 88 bytes in 1 blocks are still reachable in loss record 148 of 282
==744354==    at 0x497D858: malloc (vg_replace_malloc.c:447)
==744354==    by 0x4068FEB: emalloc_real (awk.h:2156)
==744354==    by 0x4068FEB: r_getblock (node.c:1164)
==744354==    by 0x40693C1: make_str_node (node.c:406)
==744354==    by 0x4058004: update_PROCINFO_num (field.c:1674)
==744354==    by 0x400E76B: load_procinfo (main.c:1036)
==744354==    by 0x400E76B: init_vars (main.c:878)
==744354==    by 0x400E76B: main (main.c:403)
==744354== 
==744354== 88 bytes in 1 blocks are still reachable in loss record 149 of 282
==744354==    at 0x497D858: malloc (vg_replace_malloc.c:447)
==744354==    by 0x4068FEB: emalloc_real (awk.h:2156)
==744354==    by 0x4068FEB: r_getblock (node.c:1164)
==744354==    by 0x4069930: make_number_node (awk.h:2206)
==744354==    by 0x4069930: r_make_number (node.c:369)
==744354==    by 0x4058013: update_PROCINFO_num (field.c:1675)
==744354==    by 0x400E76B: load_procinfo (main.c:1036)
==744354==    by 0x400E76B: init_vars (main.c:878)
==744354==    by 0x400E76B: main (main.c:403)
==744354== 
==744354== 88 bytes in 1 blocks are still reachable in loss record 150 of 282
==744354==    at 0x497D858: malloc (vg_replace_malloc.c:447)
==744354==    by 0x4068FEB: emalloc_real (awk.h:2156)
==744354==    by 0x4068FEB: r_getblock (node.c:1164)
==744354==    by 0x40693C1: make_str_node (node.c:406)
==744354==    by 0x4058004: update_PROCINFO_num (field.c:1674)
==744354==    by 0x400E784: load_procinfo (main.c:1046)
==744354==    by 0x400E784: init_vars (main.c:878)
==744354==    by 0x400E784: main (main.c:403)
==744354== 
==744354== 88 bytes in 1 blocks are still reachable in loss record 151 of 282
==744354==    at 0x497D858: malloc (vg_replace_malloc.c:447)
==744354==    by 0x4068FEB: emalloc_real (awk.h:2156)
==744354==    by 0x4068FEB: r_getblock (node.c:1164)
==744354==    by 0x4069930: make_number_node (awk.h:2206)
==744354==    by 0x4069930: r_make_number (node.c:369)
==744354==    by 0x4058013: update_PROCINFO_num (field.c:1675)
==744354==    by 0x400E784: load_procinfo (main.c:1046)
==744354==    by 0x400E784: init_vars (main.c:878)
==744354==    by 0x400E784: main (main.c:403)
==744354== 
==744354== 88 bytes in 1 blocks are still reachable in loss record 152 of 282
==744354==    at 0x497D858: malloc (vg_replace_malloc.c:447)
==744354==    by 0x4068FEB: emalloc_real (awk.h:2156)
==744354==    by 0x4068FEB: r_getblock (node.c:1164)
==744354==    by 0x40693C1: make_str_node (node.c:406)
==744354==    by 0x4058004: update_PROCINFO_num (field.c:1674)
==744354==    by 0x400E79D: load_procinfo (main.c:1055)
==744354==    by 0x400E79D: init_vars (main.c:878)
==744354==    by 0x400E79D: main (main.c:403)
==744354== 
==744354== 88 bytes in 1 blocks are still reachable in loss record 153 of 282
==744354==    at 0x497D858: malloc (vg_replace_malloc.c:447)
==744354==    by 0x4068FEB: emalloc_real (awk.h:2156)
==744354==    by 0x4068FEB: r_getblock (node.c:1164)
==744354==    by 0x4069930: make_number_node (awk.h:2206)
==744354==    by 0x4069930: r_make_number (node.c:369)
==744354==    by 0x4058013: update_PROCINFO_num (field.c:1675)
==744354==    by 0x400E79D: load_procinfo (main.c:1055)
==744354==    by 0x400E79D: init_vars (main.c:878)
==744354==    by 0x400E79D: main (main.c:403)
==744354== 
==744354== 88 bytes in 1 blocks are still reachable in loss record 154 of 282
==744354==    at 0x497D858: malloc (vg_replace_malloc.c:447)
==744354==    by 0x4068FEB: emalloc_real (awk.h:2156)
==744354==    by 0x4068FEB: r_getblock (node.c:1164)
==744354==    by 0x40693C1: make_str_node (node.c:406)
==744354==    by 0x4058004: update_PROCINFO_num (field.c:1674)
==744354==    by 0x400E7B6: load_procinfo (main.c:1058)
==744354==    by 0x400E7B6: init_vars (main.c:878)
==744354==    by 0x400E7B6: main (main.c:403)
==744354== 
==744354== 88 bytes in 1 blocks are still reachable in loss record 155 of 282
==744354==    at 0x497D858: malloc (vg_replace_malloc.c:447)
==744354==    by 0x4068FEB: emalloc_real (awk.h:2156)
==744354==    by 0x4068FEB: r_getblock (node.c:1164)
==744354==    by 0x4069930: make_number_node (awk.h:2206)
==744354==    by 0x4069930: r_make_number (node.c:369)
==744354==    by 0x4058013: update_PROCINFO_num (field.c:1675)
==744354==    by 0x400E7B6: load_procinfo (main.c:1058)
==744354==    by 0x400E7B6: init_vars (main.c:878)
==744354==    by 0x400E7B6: main (main.c:403)
==744354== 
==744354== 88 bytes in 1 blocks are still reachable in loss record 156 of 282
==744354==    at 0x497D858: malloc (vg_replace_malloc.c:447)
==744354==    by 0x4068FEB: emalloc_real (awk.h:2156)
==744354==    by 0x4068FEB: r_getblock (node.c:1164)
==744354==    by 0x40693C1: make_str_node (node.c:406)
==744354==    by 0x4058004: update_PROCINFO_num (field.c:1674)
==744354==    by 0x400E7D2: load_procinfo (main.c:1061)
==744354==    by 0x400E7D2: init_vars (main.c:878)
==744354==    by 0x400E7D2: main (main.c:403)
==744354== 
==744354== 88 bytes in 1 blocks are still reachable in loss record 157 of 282
==744354==    at 0x497D858: malloc (vg_replace_malloc.c:447)
==744354==    by 0x4068FEB: emalloc_real (awk.h:2156)
==744354==    by 0x4068FEB: r_getblock (node.c:1164)
==744354==    by 0x4069930: make_number_node (awk.h:2206)
==744354==    by 0x4069930: r_make_number (node.c:369)
==744354==    by 0x4058013: update_PROCINFO_num (field.c:1675)
==744354==    by 0x400E7D2: load_procinfo (main.c:1061)
==744354==    by 0x400E7D2: init_vars (main.c:878)
==744354==    by 0x400E7D2: main (main.c:403)
==744354== 
==744354== 88 bytes in 1 blocks are still reachable in loss record 158 of 282
==744354==    at 0x497D858: malloc (vg_replace_malloc.c:447)
==744354==    by 0x4068FEB: emalloc_real (awk.h:2156)
==744354==    by 0x4068FEB: r_getblock (node.c:1164)
==744354==    by 0x40693C1: make_str_node (node.c:406)
==744354==    by 0x4058004: update_PROCINFO_num (field.c:1674)
==744354==    by 0x400E7EE: load_procinfo (main.c:1064)
==744354==    by 0x400E7EE: init_vars (main.c:878)
==744354==    by 0x400E7EE: main (main.c:403)
==744354== 
==744354== 88 bytes in 1 blocks are still reachable in loss record 159 of 282
==744354==    at 0x497D858: malloc (vg_replace_malloc.c:447)
==744354==    by 0x4068FEB: emalloc_real (awk.h:2156)
==744354==    by 0x4068FEB: r_getblock (node.c:1164)
==744354==    by 0x4069930: make_number_node (awk.h:2206)
==744354==    by 0x4069930: r_make_number (node.c:369)
==744354==    by 0x4058013: update_PROCINFO_num (field.c:1675)
==744354==    by 0x400E7EE: load_procinfo (main.c:1064)
==744354==    by 0x400E7EE: init_vars (main.c:878)
==744354==    by 0x400E7EE: main (main.c:403)
==744354== 
==744354== 88 bytes in 1 blocks are still reachable in loss record 160 of 282
==744354==    at 0x497D858: malloc (vg_replace_malloc.c:447)
==744354==    by 0x4068FEB: emalloc_real (awk.h:2156)
==744354==    by 0x4068FEB: r_getblock (node.c:1164)
==744354==    by 0x40693C1: make_str_node (node.c:406)
==744354==    by 0x4058004: update_PROCINFO_num (field.c:1674)
==744354==    by 0x400E80A: load_procinfo (main.c:1067)
==744354==    by 0x400E80A: init_vars (main.c:878)
==744354==    by 0x400E80A: main (main.c:403)
==744354== 
==744354== 88 bytes in 1 blocks are still reachable in loss record 161 of 282
==744354==    at 0x497D858: malloc (vg_replace_malloc.c:447)
==744354==    by 0x4068FEB: emalloc_real (awk.h:2156)
==744354==    by 0x4068FEB: r_getblock (node.c:1164)
==744354==    by 0x4069930: make_number_node (awk.h:2206)
==744354==    by 0x4069930: r_make_number (node.c:369)
==744354==    by 0x4058013: update_PROCINFO_num (field.c:1675)
==744354==    by 0x400E80A: load_procinfo (main.c:1067)
==744354==    by 0x400E80A: init_vars (main.c:878)
==744354==    by 0x400E80A: main (main.c:403)
==744354== 
==744354== 88 bytes in 1 blocks are still reachable in loss record 162 of 282
==744354==    at 0x497D858: malloc (vg_replace_malloc.c:447)
==744354==    by 0x4068FEB: emalloc_real (awk.h:2156)
==744354==    by 0x4068FEB: r_getblock (node.c:1164)
==744354==    by 0x40693C1: make_str_node (node.c:406)
==744354==    by 0x4058004: update_PROCINFO_num (field.c:1674)
==744354==    by 0x400E826: load_procinfo (main.c:1070)
==744354==    by 0x400E826: init_vars (main.c:878)
==744354==    by 0x400E826: main (main.c:403)
==744354== 
==744354== 88 bytes in 1 blocks are still reachable in loss record 163 of 282
==744354==    at 0x497D858: malloc (vg_replace_malloc.c:447)
==744354==    by 0x4068FEB: emalloc_real (awk.h:2156)
==744354==    by 0x4068FEB: r_getblock (node.c:1164)
==744354==    by 0x4069930: make_number_node (awk.h:2206)
==744354==    by 0x4069930: r_make_number (node.c:369)
==744354==    by 0x4058013: update_PROCINFO_num (field.c:1675)
==744354==    by 0x400E826: load_procinfo (main.c:1070)
==744354==    by 0x400E826: init_vars (main.c:878)
==744354==    by 0x400E826: main (main.c:403)
==744354== 
==744354== 88 bytes in 1 blocks are still reachable in loss record 164 of 282
==744354==    at 0x497D858: malloc (vg_replace_malloc.c:447)
==744354==    by 0x4068FEB: emalloc_real (awk.h:2156)
==744354==    by 0x4068FEB: r_getblock (node.c:1164)
==744354==    by 0x40693C1: make_str_node (node.c:406)
==744354==    by 0x4054B6F: update_PROCINFO_str.part.0 (field.c:1661)
==744354==    by 0x400E83A: load_procinfo (main.c:1072)
==744354==    by 0x400E83A: init_vars (main.c:878)
==744354==    by 0x400E83A: main (main.c:403)
==744354== 
==744354== 88 bytes in 1 blocks are still reachable in loss record 165 of 282
==744354==    at 0x497D858: malloc (vg_replace_malloc.c:447)
==744354==    by 0x4068FEB: emalloc_real (awk.h:2156)
==744354==    by 0x4068FEB: r_getblock (node.c:1164)
==744354==    by 0x40693C1: make_str_node (node.c:406)
==744354==    by 0x4054B87: update_PROCINFO_str.part.0 (field.c:1662)
==744354==    by 0x400E83A: load_procinfo (main.c:1072)
==744354==    by 0x400E83A: init_vars (main.c:878)
==744354==    by 0x400E83A: main (main.c:403)
==744354== 
==744354== 88 bytes in 1 blocks are still reachable in loss record 166 of 282
==744354==    at 0x497D858: malloc (vg_replace_malloc.c:447)
==744354==    by 0x4068FEB: emalloc_real (awk.h:2156)
==744354==    by 0x4068FEB: r_getblock (node.c:1164)
==744354==    by 0x40693C1: make_str_node (node.c:406)
==744354==    by 0x4054B6F: update_PROCINFO_str.part.0 (field.c:1661)
==744354==    by 0x400E8D2: load_procinfo (main.c:1087)
==744354==    by 0x400E8D2: init_vars (main.c:878)
==744354==    by 0x400E8D2: main (main.c:403)
==744354== 
==744354== 88 bytes in 1 blocks are still reachable in loss record 167 of 282
==744354==    at 0x497D858: malloc (vg_replace_malloc.c:447)
==744354==    by 0x4068FEB: emalloc_real (awk.h:2156)
==744354==    by 0x4068FEB: r_getblock (node.c:1164)
==744354==    by 0x40693C1: make_str_node (node.c:406)
==744354==    by 0x4054B87: update_PROCINFO_str.part.0 (field.c:1662)
==744354==    by 0x400E8D2: load_procinfo (main.c:1087)
==744354==    by 0x400E8D2: init_vars (main.c:878)
==744354==    by 0x400E8D2: main (main.c:403)
==744354== 
==744354== 88 bytes in 1 blocks are still reachable in loss record 168 of 282
==744354==    at 0x497D858: malloc (vg_replace_malloc.c:447)
==744354==    by 0x4068FEB: emalloc_real (awk.h:2156)
==744354==    by 0x4068FEB: r_getblock (node.c:1164)
==744354==    by 0x400E8E9: load_procinfo_argv (main.c:984)
==744354==    by 0x400E8E9: load_procinfo (main.c:1093)
==744354==    by 0x400E8E9: init_vars (main.c:878)
==744354==    by 0x400E8E9: main (main.c:403)
==744354== 
==744354== 88 bytes in 1 blocks are still reachable in loss record 169 of 282
==744354==    at 0x497D858: malloc (vg_replace_malloc.c:447)
==744354==    by 0x4068FEB: emalloc_real (awk.h:2156)
==744354==    by 0x4068FEB: r_getblock (node.c:1164)
==744354==    by 0x40348D2: make_node (cint_array.c:731)
==744354==    by 0x40348D2: cint_lookup (cint_array.c:256)
==744354==    by 0x400E9D6: assoc_set (awk.h:2220)
==744354==    by 0x400E9D6: load_procinfo_argv (main.c:992)
==744354==    by 0x400E9D6: load_procinfo (main.c:1093)
==744354==    by 0x400E9D6: init_vars (main.c:878)
==744354==    by 0x400E9D6: main (main.c:403)
==744354== 
==744354== 88 bytes in 1 blocks are still reachable in loss record 170 of 282
==744354==    at 0x497D858: malloc (vg_replace_malloc.c:447)
==744354==    by 0x4068FEB: emalloc_real (awk.h:2156)
==744354==    by 0x4068FEB: r_getblock (node.c:1164)
==744354==    by 0x40344E7: make_node (cint_array.c:731)
==744354==    by 0x40344E7: tree_lookup (cint_array.c:796)
==744354==    by 0x400E9D6: assoc_set (awk.h:2220)
==744354==    by 0x400E9D6: load_procinfo_argv (main.c:992)
==744354==    by 0x400E9D6: load_procinfo (main.c:1093)
==744354==    by 0x400E9D6: init_vars (main.c:878)
==744354==    by 0x400E9D6: main (main.c:403)
==744354== 
==744354== 88 bytes in 1 blocks are still reachable in loss record 171 of 282
==744354==    at 0x497D858: malloc (vg_replace_malloc.c:447)
==744354==    by 0x4068FEB: emalloc_real (awk.h:2156)
==744354==    by 0x4068FEB: r_getblock (node.c:1164)
==744354==    by 0x40693C1: make_str_node (node.c:406)
==744354==    by 0x400EC1B: load_procinfo_argv (main.c:996)
==744354==    by 0x400EC1B: load_procinfo (main.c:1093)
==744354==    by 0x400EC1B: init_vars (main.c:878)
==744354==    by 0x400EC1B: main (main.c:403)
==744354== 
==744354== 88 bytes in 1 blocks are still reachable in loss record 172 of 282
==744354==    at 0x497D858: malloc (vg_replace_malloc.c:447)
==744354==    by 0x4068FEB: emalloc_real (awk.h:2156)
==744354==    by 0x4068FEB: r_getblock (node.c:1164)
==744354==    by 0x40693C1: make_str_node (node.c:406)
==744354==    by 0x4077055: install (symbol.c:399)
==744354==    by 0x400E038: load_environ (main.c:930)
==744354==    by 0x400E038: init_vars (main.c:879)
==744354==    by 0x400E038: main (main.c:403)
==744354== 
==744354== 88 bytes in 1 blocks are still reachable in loss record 173 of 282
==744354==    at 0x497D858: malloc (vg_replace_malloc.c:447)
==744354==    by 0x4068FEB: emalloc_real (awk.h:2156)
==744354==    by 0x4068FEB: r_getblock (node.c:1164)
==744354==    by 0x4077133: make_symbol (symbol.c:376)
==744354==    by 0x4077133: install (symbol.c:417)
==744354==    by 0x400E038: load_environ (main.c:930)
==744354==    by 0x400E038: init_vars (main.c:879)
==744354==    by 0x400E038: main (main.c:403)
==744354== 
==744354== 88 bytes in 1 blocks are still reachable in loss record 174 of 282
==744354==    at 0x497D858: malloc (vg_replace_malloc.c:447)
==744354==    by 0x4068FEB: emalloc_real (awk.h:2156)
==744354==    by 0x4068FEB: r_getblock (node.c:1164)
==744354==    by 0x40693C1: make_str_node (node.c:406)
==744354==    by 0x4055395: init_fields (field.c:105)
==744354==    by 0x400E1A4: main (main.c:410)
==744354== 
==744354== 88 bytes in 1 blocks are still reachable in loss record 175 of 282
==744354==    at 0x497D858: malloc (vg_replace_malloc.c:447)
==744354==    by 0x4068FEB: emalloc_real (awk.h:2156)
==744354==    by 0x4068FEB: r_getblock (node.c:1164)
==744354==    by 0x40693C1: make_str_node (node.c:406)
==744354==    by 0x40553E0: init_fields (field.c:111)
==744354==    by 0x400E1A4: main (main.c:410)
==744354== 
==744354== 88 bytes in 1 blocks are still reachable in loss record 176 of 282
==744354==    at 0x497D858: malloc (vg_replace_malloc.c:447)
==744354==    by 0x4068FEB: emalloc_real (awk.h:2156)
==744354==    by 0x4068FEB: r_getblock (node.c:1164)
==744354==    by 0x40693C1: make_str_node (node.c:406)
==744354==    by 0x4066BF5: arg_assign (main.c:1252)
==744354==    by 0x400E259: main (main.c:416)
==744354== 
==744354== 88 bytes in 1 blocks are still reachable in loss record 177 of 282
==744354==    at 0x497D858: malloc (vg_replace_malloc.c:447)
==744354==    by 0x4068FEB: emalloc_real (awk.h:2156)
==744354==    by 0x4068FEB: r_getblock (node.c:1164)
==744354==    by 0x40693C1: make_str_node (node.c:406)
==744354==    by 0x4077055: install (symbol.c:399)
==744354==    by 0x40669EE: arg_assign (main.c:1276)
==744354==    by 0x400E259: main (main.c:416)
==744354== 
==744354== 88 bytes in 1 blocks are still reachable in loss record 178 of 282
==744354==    at 0x497D858: malloc (vg_replace_malloc.c:447)
==744354==    by 0x4068FEB: emalloc_real (awk.h:2156)
==744354==    by 0x4068FEB: r_getblock (node.c:1164)
==744354==    by 0x4077133: make_symbol (symbol.c:376)
==744354==    by 0x4077133: install (symbol.c:417)
==744354==    by 0x40669EE: arg_assign (main.c:1276)
==744354==    by 0x400E259: main (main.c:416)
==744354== 
==744354== 88 bytes in 1 blocks are still reachable in loss record 179 of 282
==744354==    at 0x497D858: malloc (vg_replace_malloc.c:447)
==744354==    by 0x4068FEB: emalloc_real (awk.h:2156)
==744354==    by 0x4068FEB: r_getblock (node.c:1164)
==744354==    by 0x4048A91: init_interpret (eval.c:1902)
==744354==    by 0x400E3D5: main (main.c:468)
==744354== 
==744354== 88 bytes in 1 blocks are still reachable in loss record 180 of 282
==744354==    at 0x497D858: malloc (vg_replace_malloc.c:447)
==744354==    by 0x4068FEB: emalloc_real (awk.h:2156)
==744354==    by 0x4068FEB: r_getblock (node.c:1164)
==744354==    by 0x4069930: make_number_node (awk.h:2206)
==744354==    by 0x4069930: r_make_number (node.c:369)
==744354==    by 0x4048AE5: init_interpret (eval.c:1910)
==744354==    by 0x400E3D5: main (main.c:468)
==744354== 
==744354== 88 bytes in 1 blocks are still reachable in loss record 181 of 282
==744354==    at 0x497D858: malloc (vg_replace_malloc.c:447)
==744354==    by 0x4068FEB: emalloc_real (awk.h:2156)
==744354==    by 0x4068FEB: r_getblock (node.c:1164)
==744354==    by 0x4069930: make_number_node (awk.h:2206)
==744354==    by 0x4069930: r_make_number (node.c:369)
==744354==    by 0x4048AFA: init_interpret (eval.c:1911)
==744354==    by 0x400E3D5: main (main.c:468)
==744354== 
==744354== 88 bytes in 1 blocks are still reachable in loss record 182 of 282
==744354==    at 0x497D858: malloc (vg_replace_malloc.c:447)
==744354==    by 0x4068FEB: emalloc_real (awk.h:2156)
==744354==    by 0x4068FEB: r_getblock (node.c:1164)
==744354==    by 0x40693C1: make_str_node (node.c:406)
==744354==    by 0x4077055: install (symbol.c:399)
==744354==    by 0x400E414: init_args (main.c:764)
==744354==    by 0x400E414: main (main.c:470)
==744354== 
==744354== 88 bytes in 1 blocks are still reachable in loss record 183 of 282
==744354==    at 0x497D858: malloc (vg_replace_malloc.c:447)
==744354==    by 0x4068FEB: emalloc_real (awk.h:2156)
==744354==    by 0x4068FEB: r_getblock (node.c:1164)
==744354==    by 0x4077133: make_symbol (symbol.c:376)
==744354==    by 0x4077133: install (symbol.c:417)
==744354==    by 0x400E414: init_args (main.c:764)
==744354==    by 0x400E414: main (main.c:470)
==744354== 
==744354== 88 bytes in 1 blocks are still reachable in loss record 184 of 282
==744354==    at 0x497D858: malloc (vg_replace_malloc.c:447)
==744354==    by 0x4068FEB: emalloc_real (awk.h:2156)
==744354==    by 0x4068FEB: r_getblock (node.c:1164)
==744354==    by 0x40693C1: make_str_node (node.c:406)
==744354==    by 0x400E43D: init_args (main.c:766)
==744354==    by 0x400E43D: main (main.c:470)
==744354== 
==744354== 88 bytes in 1 blocks are still reachable in loss record 185 of 282
==744354==    at 0x497D858: malloc (vg_replace_malloc.c:447)
==744354==    by 0x4068FEB: emalloc_real (awk.h:2156)
==744354==    by 0x4068FEB: r_getblock (node.c:1164)
==744354==    by 0x40348D2: make_node (cint_array.c:731)
==744354==    by 0x40348D2: cint_lookup (cint_array.c:256)
==744354==    by 0x40662E6: assoc_set (awk.h:2220)
==744354==    by 0x400E453: init_args (main.c:768)
==744354==    by 0x400E453: main (main.c:470)
==744354== 
==744354== 88 bytes in 1 blocks are still reachable in loss record 186 of 282
==744354==    at 0x497D858: malloc (vg_replace_malloc.c:447)
==744354==    by 0x4068FEB: emalloc_real (awk.h:2156)
==744354==    by 0x4068FEB: r_getblock (node.c:1164)
==744354==    by 0x40344E7: make_node (cint_array.c:731)
==744354==    by 0x40344E7: tree_lookup (cint_array.c:796)
==744354==    by 0x40662E6: assoc_set (awk.h:2220)
==744354==    by 0x400E453: init_args (main.c:768)
==744354==    by 0x400E453: main (main.c:470)
==744354== 
==744354== 88 bytes in 1 blocks are still reachable in loss record 187 of 282
==744354==    at 0x497D858: malloc (vg_replace_malloc.c:447)
==744354==    by 0x4068FEB: emalloc_real (awk.h:2156)
==744354==    by 0x4068FEB: r_getblock (node.c:1164)
==744354==    by 0x40693C1: make_str_node (node.c:406)
==744354==    by 0x4077055: install (symbol.c:399)
==744354==    by 0x400EA90: init_args (main.c:791)
==744354==    by 0x400EA90: main (main.c:470)
==744354== 
==744354== 88 bytes in 1 blocks are still reachable in loss record 188 of 282
==744354==    at 0x497D858: malloc (vg_replace_malloc.c:447)
==744354==    by 0x4068FEB: emalloc_real (awk.h:2156)
==744354==    by 0x4068FEB: r_getblock (node.c:1164)
==744354==    by 0x4077133: make_symbol (symbol.c:376)
==744354==    by 0x4077133: install (symbol.c:417)
==744354==    by 0x400EA90: init_args (main.c:791)
==744354==    by 0x400EA90: main (main.c:470)
==744354== 
==744354== 88 bytes in 1 blocks are still reachable in loss record 189 of 282
==744354==    at 0x497D858: malloc (vg_replace_malloc.c:447)
==744354==    by 0x4068FEB: emalloc_real (awk.h:2156)
==744354==    by 0x4068FEB: r_getblock (node.c:1164)
==744354==    by 0x4069930: make_number_node (awk.h:2206)
==744354==    by 0x4069930: r_make_number (node.c:369)
==744354==    by 0x400EAA8: init_args (main.c:792)
==744354==    by 0x400EAA8: main (main.c:470)
==744354== 
==744354== 88 bytes in 1 blocks are still reachable in loss record 190 of 282
==744354==    at 0x497D858: malloc (vg_replace_malloc.c:447)
==744354==    by 0x4068FEB: emalloc_real (awk.h:2156)
==744354==    by 0x4068FEB: r_getblock (node.c:1164)
==744354==    by 0x40693C1: make_str_node (node.c:406)
==744354==    by 0x4077055: install (symbol.c:399)
==744354==    by 0x401E274: install_function (awkgram.y:5083)
==744354==    by 0x401E274: yyparse (awkgram.y:546)
==744354==    by 0x402073A: parse_program (awkgram.y:2797)
==744354==    by 0x400EAD8: main (main.c:483)
==744354== 
==744354== 88 bytes in 1 blocks are still reachable in loss record 191 of 282
==744354==    at 0x497D858: malloc (vg_replace_malloc.c:447)
==744354==    by 0x4068FEB: emalloc_real (awk.h:2156)
==744354==    by 0x4068FEB: r_getblock (node.c:1164)
==744354==    by 0x407721E: make_symbol (symbol.c:376)
==744354==    by 0x407721E: install (symbol.c:417)
==744354==    by 0x401E274: install_function (awkgram.y:5083)
==744354==    by 0x401E274: yyparse (awkgram.y:546)
==744354==    by 0x402073A: parse_program (awkgram.y:2797)
==744354==    by 0x400EAD8: main (main.c:483)
==744354== 
==744354== 88 bytes in 1 blocks are still reachable in loss record 192 of 282
==744354==    at 0x497D858: malloc (vg_replace_malloc.c:447)
==744354==    by 0x4068FEB: emalloc_real (awk.h:2156)
==744354==    by 0x4068FEB: r_getblock (node.c:1164)
==744354==    by 0x40693C1: make_str_node (node.c:406)
==744354==    by 0x4077055: install (symbol.c:399)
==744354==    by 0x401CA25: yyparse (awkgram.y:2156)
==744354==    by 0x402073A: parse_program (awkgram.y:2797)
==744354==    by 0x400EAD8: main (main.c:483)
==744354== 
==744354== 88 bytes in 1 blocks are still reachable in loss record 193 of 282
==744354==    at 0x497D858: malloc (vg_replace_malloc.c:447)
==744354==    by 0x4068FEB: emalloc_real (awk.h:2156)
==744354==    by 0x4068FEB: r_getblock (node.c:1164)
==744354==    by 0x4077133: make_symbol (symbol.c:376)
==744354==    by 0x4077133: install (symbol.c:417)
==744354==    by 0x401CA25: yyparse (awkgram.y:2156)
==744354==    by 0x402073A: parse_program (awkgram.y:2797)
==744354==    by 0x400EAD8: main (main.c:483)
==744354== 
==744354== 88 bytes in 1 blocks are still reachable in loss record 194 of 282
==744354==    at 0x497D858: malloc (vg_replace_malloc.c:447)
==744354==    by 0x4068FEB: emalloc_real (awk.h:2156)
==744354==    by 0x4068FEB: r_getblock (node.c:1164)
==744354==    by 0x40693C1: make_str_node (node.c:406)
==744354==    by 0x4077FD7: load_symbols (symbol.c:663)
==744354==    by 0x400ED85: main (main.c:499)
==744354== 
==744354== 88 bytes in 1 blocks are still reachable in loss record 195 of 282
==744354==    at 0x497D858: malloc (vg_replace_malloc.c:447)
==744354==    by 0x4068FEB: emalloc_real (awk.h:2156)
==744354==    by 0x4068FEB: r_getblock (node.c:1164)
==744354==    by 0x4077FF4: load_symbols (symbol.c:666)
==744354==    by 0x400ED85: main (main.c:499)
==744354== 
==744354== 88 bytes in 1 blocks are still reachable in loss record 196 of 282
==744354==    at 0x497D858: malloc (vg_replace_malloc.c:447)
==744354==    by 0x4068FEB: emalloc_real (awk.h:2156)
==744354==    by 0x4068FEB: r_getblock (node.c:1164)
==744354==    by 0x40693C1: make_str_node (node.c:406)
==744354==    by 0x40780AA: load_symbols (symbol.c:677)
==744354==    by 0x400ED85: main (main.c:499)
==744354== 
==744354== 88 bytes in 1 blocks are still reachable in loss record 197 of 282
==744354==    at 0x497D858: malloc (vg_replace_malloc.c:447)
==744354==    by 0x4068FEB: emalloc_real (awk.h:2156)
==744354==    by 0x4068FEB: r_getblock (node.c:1164)
==744354==    by 0x40693C1: make_str_node (node.c:406)
==744354==    by 0x40780C2: load_symbols (symbol.c:678)
==744354==    by 0x400ED85: main (main.c:499)
==744354== 
==744354== 88 bytes in 1 blocks are still reachable in loss record 198 of 282
==744354==    at 0x497D858: malloc (vg_replace_malloc.c:447)
==744354==    by 0x4068FEB: emalloc_real (awk.h:2156)
==744354==    by 0x4068FEB: r_getblock (node.c:1164)
==744354==    by 0x40693C1: make_str_node (node.c:406)
==744354==    by 0x40780DA: load_symbols (symbol.c:679)
==744354==    by 0x400ED85: main (main.c:499)
==744354== 
==744354== 88 bytes in 1 blocks are still reachable in loss record 199 of 282
==744354==    at 0x497D858: malloc (vg_replace_malloc.c:447)
==744354==    by 0x4068FEB: emalloc_real (awk.h:2156)
==744354==    by 0x4068FEB: r_getblock (node.c:1164)
==744354==    by 0x40693C1: make_str_node (node.c:406)
==744354==    by 0x40780F2: load_symbols (symbol.c:680)
==744354==    by 0x400ED85: main (main.c:499)
==744354== 
==744354== 88 bytes in 1 blocks are still reachable in loss record 200 of 282
==744354==    at 0x497D858: malloc (vg_replace_malloc.c:447)
==744354==    by 0x4068FEB: emalloc_real (awk.h:2156)
==744354==    by 0x4068FEB: r_getblock (node.c:1164)
==744354==    by 0x40693C1: make_str_node (node.c:406)
==744354==    by 0x407810A: load_symbols (symbol.c:681)
==744354==    by 0x400ED85: main (main.c:499)
==744354== 
==744354== 88 bytes in 1 blocks are still reachable in loss record 201 of 282
==744354==    at 0x497D858: malloc (vg_replace_malloc.c:447)
==744354==    by 0x4068FEB: emalloc_real (awk.h:2156)
==744354==    by 0x4068FEB: r_getblock (node.c:1164)
==744354==    by 0x40693C1: make_str_node (node.c:406)
==744354==    by 0x4078122: load_symbols (symbol.c:682)
==744354==    by 0x400ED85: main (main.c:499)
==744354== 
==744354== 88 bytes in 1 blocks are still reachable in loss record 202 of 282
==744354==    at 0x497D858: malloc (vg_replace_malloc.c:447)
==744354==    by 0x4068FEB: emalloc_real (awk.h:2156)
==744354==    by 0x4068FEB: r_getblock (node.c:1164)
==744354==    by 0x40348D2: make_node (cint_array.c:731)
==744354==    by 0x40348D2: cint_lookup (cint_array.c:256)
==744354==    by 0x4053EB4: assoc_set (awk.h:2220)
==744354==    by 0x4053EB4: set_element (field.c:1116)
==744354==    by 0x4054088: def_parse_field (field.c:630)
==744354==    by 0x40566D5: do_split (field.c:1252)
==744354==    by 0x404FC3C: r_interpret (interpret.h:1114)
==744354==    by 0x400EDDE: main (main.c:532)
==744354== 
==744354== 88 bytes in 1 blocks are still reachable in loss record 203 of 282
==744354==    at 0x497D858: malloc (vg_replace_malloc.c:447)
==744354==    by 0x4068FEB: emalloc_real (awk.h:2156)
==744354==    by 0x4068FEB: r_getblock (node.c:1164)
==744354==    by 0x40344E7: make_node (cint_array.c:731)
==744354==    by 0x40344E7: tree_lookup (cint_array.c:796)
==744354==    by 0x4053EB4: assoc_set (awk.h:2220)
==744354==    by 0x4053EB4: set_element (field.c:1116)
==744354==    by 0x4054088: def_parse_field (field.c:630)
==744354==    by 0x40566D5: do_split (field.c:1252)
==744354==    by 0x404FC3C: r_interpret (interpret.h:1114)
==744354==    by 0x400EDDE: main (main.c:532)
==744354== 
==744354== 88 bytes in 1 blocks are still reachable in loss record 204 of 282
==744354==    at 0x497D858: malloc (vg_replace_malloc.c:447)
==744354==    by 0x4068FEB: emalloc_real (awk.h:2156)
==744354==    by 0x4068FEB: r_getblock (node.c:1164)
==744354==    by 0x4069930: make_number_node (awk.h:2206)
==744354==    by 0x4069930: r_make_number (node.c:369)
==744354==    by 0x404763F: update_NF (eval.c:1109)
==744354==    by 0x4066E2A: update_global_values (main.c:1516)
==744354==    by 0x405A5E0: api_sym_lookup (gawkapi.c:786)
==744354==    by 0x4996794: do_poke (rwarray.c:474)
==744354==    by 0x4996794: read_global (rwarray.c:505)
==744354==    by 0x4995C90: read_backend (rwarray.c:589)
==744354==    by 0x404F26E: r_interpret (interpret.h:1139)
==744354==    by 0x400EDDE: main (main.c:532)
==744354== 
==744354== 88 bytes in 1 blocks are still reachable in loss record 205 of 282
==744354==    at 0x497D858: malloc (vg_replace_malloc.c:447)
==744354==    by 0x4068FEB: emalloc_real (awk.h:2156)
==744354==    by 0x4068FEB: r_getblock (node.c:1164)
==744354==    by 0x40587AB: api_create_array (gawkapi.c:1198)
==744354==    by 0x4996513: read_value (rwarray.c:720)
==744354==    by 0x4996513: read_elem.isra.0 (rwarray.c:701)
==744354==    by 0x4996904: read_array (rwarray.c:644)
==744354==    by 0x4996521: read_value (rwarray.c:722)
==744354==    by 0x4996521: read_elem.isra.0 (rwarray.c:701)
==744354==    by 0x499661C: read_global (rwarray.c:504)
==744354==    by 0x4995C90: read_backend (rwarray.c:589)
==744354==    by 0x404F26E: r_interpret (interpret.h:1139)
==744354==    by 0x400EDDE: main (main.c:532)
==744354== 
==744354== 88 bytes in 1 blocks are still reachable in loss record 206 of 282
==744354==    at 0x497D858: malloc (vg_replace_malloc.c:447)
==744354==    by 0x4068FEB: emalloc_real (awk.h:2156)
==744354==    by 0x4068FEB: r_getblock (node.c:1164)
==744354==    by 0x40693C1: make_str_node (node.c:406)
==744354==    by 0x4077055: install (symbol.c:399)
==744354==    by 0x405B0DB: api_sym_update (gawkapi.c:874)
==744354==    by 0x49967C6: do_poke (rwarray.c:478)
==744354==    by 0x49967C6: read_global (rwarray.c:505)
==744354==    by 0x4995C90: read_backend (rwarray.c:589)
==744354==    by 0x404F26E: r_interpret (interpret.h:1139)
==744354==    by 0x400EDDE: main (main.c:532)
==744354== 
==744354== 88 bytes in 1 blocks are still reachable in loss record 207 of 282
==744354==    at 0x497D858: malloc (vg_replace_malloc.c:447)
==744354==    by 0x4068FEB: emalloc_real (awk.h:2156)
==744354==    by 0x4068FEB: r_getblock (node.c:1164)
==744354==    by 0x4077133: make_symbol (symbol.c:376)
==744354==    by 0x4077133: install (symbol.c:417)
==744354==    by 0x405B0DB: api_sym_update (gawkapi.c:874)
==744354==    by 0x49967C6: do_poke (rwarray.c:478)
==744354==    by 0x49967C6: read_global (rwarray.c:505)
==744354==    by 0x4995C90: read_backend (rwarray.c:589)
==744354==    by 0x404F26E: r_interpret (interpret.h:1139)
==744354==    by 0x400EDDE: main (main.c:532)
==744354== 
==744354== 88 bytes in 1 blocks are still reachable in loss record 208 of 282
==744354==    at 0x497D858: malloc (vg_replace_malloc.c:447)
==744354==    by 0x4068FEB: emalloc_real (awk.h:2156)
==744354==    by 0x4068FEB: r_getblock (node.c:1164)
==744354==    by 0x40693C1: make_str_node (node.c:406)
==744354==    by 0x405B0E8: api_sym_update (gawkapi.c:875)
==744354==    by 0x49967C6: do_poke (rwarray.c:478)
==744354==    by 0x49967C6: read_global (rwarray.c:505)
==744354==    by 0x4995C90: read_backend (rwarray.c:589)
==744354==    by 0x404F26E: r_interpret (interpret.h:1139)
==744354==    by 0x400EDDE: main (main.c:532)
==744354== 
==744354== 88 bytes in 1 blocks are still reachable in loss record 209 of 282
==744354==    at 0x497D858: malloc (vg_replace_malloc.c:447)
==744354==    by 0x4068FEB: emalloc_real (awk.h:2156)
==744354==    by 0x4068FEB: r_getblock (node.c:1164)
==744354==    by 0x40348D2: make_node (cint_array.c:731)
==744354==    by 0x40348D2: cint_lookup (cint_array.c:256)
==744354==    by 0x404F68B: r_interpret (interpret.h:327)
==744354==    by 0x400EDDE: main (main.c:532)
==744354== 
==744354== 88 bytes in 1 blocks are still reachable in loss record 210 of 282
==744354==    at 0x497D858: malloc (vg_replace_malloc.c:447)
==744354==    by 0x4068FEB: emalloc_real (awk.h:2156)
==744354==    by 0x4068FEB: r_getblock (node.c:1164)
==744354==    by 0x40344E7: make_node (cint_array.c:731)
==744354==    by 0x40344E7: tree_lookup (cint_array.c:796)
==744354==    by 0x404F68B: r_interpret (interpret.h:327)
==744354==    by 0x400EDDE: main (main.c:532)
==744354== 
==744354== 88 bytes in 1 blocks are still reachable in loss record 211 of 282
==744354==    at 0x497D858: malloc (vg_replace_malloc.c:447)
==744354==    by 0x4068FEB: emalloc_real (awk.h:2156)
==744354==    by 0x4068FEB: r_getblock (node.c:1164)
==744354==    by 0x4069930: make_number_node (awk.h:2206)
==744354==    by 0x4069930: r_make_number (node.c:369)
==744354==    by 0x4012E72: new_array_element (array.c:1524)
==744354==    by 0x403448F: leaf_lookup (cint_array.c:1071)
==744354==    by 0x403448F: tree_lookup (cint_array.c:797)
==744354==    by 0x404F68B: r_interpret (interpret.h:327)
==744354==    by 0x400EDDE: main (main.c:532)
==744354== 
==744354== 88 bytes in 1 blocks are still reachable in loss record 212 of 282
==744354==    at 0x497D858: malloc (vg_replace_malloc.c:447)
==744354==    by 0x4068FEB: emalloc_real (awk.h:2156)
==744354==    by 0x4068FEB: r_getblock (node.c:1164)
==744354==    by 0x40693C1: make_str_node (node.c:406)
==744354==    by 0x4052611: r_interpret (interpret.h:1052)
==744354==    by 0x400EDDE: main (main.c:532)
==744354== 
==744354== 96 bytes in 2 blocks are still reachable in loss record 213 of 282
==744354==    at 0x497D858: malloc (vg_replace_malloc.c:447)
==744354==    by 0x4068FEB: emalloc_real (awk.h:2156)
==744354==    by 0x4068FEB: r_getblock (node.c:1164)
==744354==    by 0x40768D9: str_lookup (str_array.c:214)
==744354==    by 0x405AA8D: assoc_set (awk.h:2220)
==744354==    by 0x405AA8D: api_set_array_element (gawkapi.c:1110)
==744354==    by 0x49968E8: read_array (rwarray.c:646)
==744354==    by 0x4996521: read_value (rwarray.c:722)
==744354==    by 0x4996521: read_elem.isra.0 (rwarray.c:701)
==744354==    by 0x4996904: read_array (rwarray.c:644)
==744354==    by 0x4996521: read_value (rwarray.c:722)
==744354==    by 0x4996521: read_elem.isra.0 (rwarray.c:701)
==744354==    by 0x499661C: read_global (rwarray.c:504)
==744354==    by 0x4995C90: read_backend (rwarray.c:589)
==744354==    by 0x404F26E: r_interpret (interpret.h:1139)
==744354==    by 0x400EDDE: main (main.c:532)
==744354== 
==744354== 104 bytes in 1 blocks are still reachable in loss record 214 of 282
==744354==    at 0x4984E43: calloc (vg_replace_malloc.c:1678)
==744354==    by 0x4075D54: ezalloc_real (awk.h:2174)
==744354==    by 0x4075D54: grow_table (str_array.c:682)
==744354==    by 0x407693C: str_lookup (str_array.c:150)
==744354==    by 0x407708C: assoc_set (awk.h:2220)
==744354==    by 0x407708C: install (symbol.c:430)
==744354==    by 0x4077369: install_symbol (symbol.c:173)
==744354==    by 0x4077369: init_the_tables (symbol.c:77)
==744354==    by 0x400D60A: main (main.c:287)
==744354== 
==744354== 104 bytes in 1 blocks are still reachable in loss record 215 of 282
==744354==    at 0x4984E43: calloc (vg_replace_malloc.c:1678)
==744354==    by 0x4075D54: ezalloc_real (awk.h:2174)
==744354==    by 0x4075D54: grow_table (str_array.c:682)
==744354==    by 0x407693C: str_lookup (str_array.c:150)
==744354==    by 0x407708C: assoc_set (awk.h:2220)
==744354==    by 0x407708C: install (symbol.c:430)
==744354==    by 0x400DA01: init_vars (main.c:865)
==744354==    by 0x400DA01: main (main.c:403)
==744354== 
==744354== 104 bytes in 1 blocks are still reachable in loss record 216 of 282
==744354==    at 0x4984E43: calloc (vg_replace_malloc.c:1678)
==744354==    by 0x4075D54: ezalloc_real (awk.h:2174)
==744354==    by 0x4075D54: grow_table (str_array.c:682)
==744354==    by 0x407693C: str_lookup (str_array.c:150)
==744354==    by 0x4054B9E: assoc_set (awk.h:2220)
==744354==    by 0x4054B9E: update_PROCINFO_str.part.0 (field.c:1662)
==744354==    by 0x400E71D: load_procinfo (main.c:1021)
==744354==    by 0x400E71D: init_vars (main.c:878)
==744354==    by 0x400E71D: main (main.c:403)
==744354== 
==744354== 104 bytes in 1 blocks are still reachable in loss record 217 of 282
==744354==    at 0x4984E43: calloc (vg_replace_malloc.c:1678)
==744354==    by 0x4075D54: ezalloc_real (awk.h:2174)
==744354==    by 0x4075D54: grow_table (str_array.c:682)
==744354==    by 0x407693C: str_lookup (str_array.c:150)
==744354==    by 0x400E127: assoc_set (awk.h:2220)
==744354==    by 0x400E127: load_environ (main.c:949)
==744354==    by 0x400E127: init_vars (main.c:879)
==744354==    by 0x400E127: main (main.c:403)
==744354== 
==744354== 104 bytes in 1 blocks are still reachable in loss record 218 of 282
==744354==    at 0x4984E43: calloc (vg_replace_malloc.c:1678)
==744354==    by 0x4075D54: ezalloc_real (awk.h:2174)
==744354==    by 0x4075D54: grow_table (str_array.c:682)
==744354==    by 0x407693C: str_lookup (str_array.c:150)
==744354==    by 0x407708C: assoc_set (awk.h:2220)
==744354==    by 0x407708C: install (symbol.c:430)
==744354==    by 0x4053117: make_builtin (ext.c:202)
==744354==    by 0x4996A4A: dl_load (rwarray.c:843)
==744354==    by 0x4052BC2: load_ext (ext.c:125)
==744354==    by 0x400E371: main (main.c:450)
==744354== 
==744354== 104 bytes in 1 blocks are still reachable in loss record 219 of 282
==744354==    at 0x4984E43: calloc (vg_replace_malloc.c:1678)
==744354==    by 0x4075D54: ezalloc_real (awk.h:2174)
==744354==    by 0x4075D54: grow_table (str_array.c:682)
==744354==    by 0x407693C: str_lookup (str_array.c:150)
==744354==    by 0x40782E9: load_symbols (symbol.c:701)
==744354==    by 0x400ED85: main (main.c:499)
==744354== 
==744354== 104 bytes in 1 blocks are still reachable in loss record 220 of 282
==744354==    at 0x4984E43: calloc (vg_replace_malloc.c:1678)
==744354==    by 0x4075D54: ezalloc_real (awk.h:2174)
==744354==    by 0x4075D54: grow_table (str_array.c:682)
==744354==    by 0x407693C: str_lookup (str_array.c:150)
==744354==    by 0x405AA8D: assoc_set (awk.h:2220)
==744354==    by 0x405AA8D: api_set_array_element (gawkapi.c:1110)
==744354==    by 0x49968E8: read_array (rwarray.c:646)
==744354==    by 0x4996521: read_value (rwarray.c:722)
==744354==    by 0x4996521: read_elem.isra.0 (rwarray.c:701)
==744354==    by 0x4996904: read_array (rwarray.c:644)
==744354==    by 0x4996521: read_value (rwarray.c:722)
==744354==    by 0x4996521: read_elem.isra.0 (rwarray.c:701)
==744354==    by 0x499661C: read_global (rwarray.c:504)
==744354==    by 0x4995C90: read_backend (rwarray.c:589)
==744354==    by 0x404F26E: r_interpret (interpret.h:1139)
==744354==    by 0x400EDDE: main (main.c:532)
==744354== 
==744354== 128 bytes in 2 blocks are still reachable in loss record 221 of 282
==744354==    at 0x497D858: malloc (vg_replace_malloc.c:447)
==744354==    by 0x406B0EF: emalloc_real (awk.h:2156)
==744354==    by 0x406B0EF: format_args (printf.c:203)
==744354==    by 0x406861C: r_format_val.part.0 (node.c:258)
==744354==    by 0x4026E28: force_string_fmt (awk.h:2058)
==744354==    by 0x4026E28: do_print (builtin.c:1166)
==744354==    by 0x404FED0: r_interpret (interpret.h:1166)
==744354==    by 0x400EDDE: main (main.c:532)
==744354== 
==744354== 151 bytes in 24 blocks are still reachable in loss record 222 of 282
==744354==    at 0x497D858: malloc (vg_replace_malloc.c:447)
==744354==    by 0x4066564: emalloc_real (awk.h:2156)
==744354==    by 0x4066564: estrdup (main.c:1451)
==744354==    by 0x400D9F0: init_vars (main.c:865)
==744354==    by 0x400D9F0: main (main.c:403)
==744354== 
==744354== 151 bytes in 24 blocks are still reachable in loss record 223 of 282
==744354==    at 0x497D858: malloc (vg_replace_malloc.c:447)
==744354==    by 0x4069457: emalloc_real (awk.h:2156)
==744354==    by 0x4069457: make_str_node (node.c:422)
==744354==    by 0x4077055: install (symbol.c:399)
==744354==    by 0x400DA01: init_vars (main.c:865)
==744354==    by 0x400DA01: main (main.c:403)
==744354== 
==744354== 158 bytes in 1 blocks are still reachable in loss record 224 of 282
==744354==    at 0x498507F: realloc (vg_replace_malloc.c:1804)
==744354==    by 0x413FE8E: realloc (rtld-malloc.h:62)
==744354==    by 0x413FE8E: _dl_new_object (dl-object.c:218)
==744354==    by 0x413AEA0: _dl_map_object_from_fd (dl-load.c:1065)
==744354==    by 0x413C989: _dl_map_new_object (dl-load.c:2206)
==744354==    by 0x4141460: dl_open_worker_begin (dl-open.c:535)
==744354==    by 0x4134512: _dl_catch_exception (dl-catch.c:241)
==744354==    by 0x414020B: dl_open_worker (dl-open.c:762)
==744354==    by 0x4134512: _dl_catch_exception (dl-catch.c:241)
==744354==    by 0x4140749: _dl_open (dl-open.c:900)
==744354==    by 0x4BC8EA3: dlopen_doit (dlopen.c:56)
==744354==    by 0x4134512: _dl_catch_exception (dl-catch.c:241)
==744354==    by 0x4134658: _dl_catch_error (dl-catch.c:260)
==744354== 
==744354== 176 bytes in 2 blocks are still reachable in loss record 225 of 282
==744354==    at 0x497D858: malloc (vg_replace_malloc.c:447)
==744354==    by 0x4068FEB: emalloc_real (awk.h:2156)
==744354==    by 0x4068FEB: r_getblock (node.c:1164)
==744354==    by 0x4014FDC: make_regnode (awkgram.y:5300)
==744354==    by 0x4014FDC: mk_rexp (awkgram.y:5332)
==744354==    by 0x401810E: snode (awkgram.y:4759)
==744354==    by 0x401DBAA: yyparse (awkgram.y:1917)
==744354==    by 0x402073A: parse_program (awkgram.y:2797)
==744354==    by 0x400EAD8: main (main.c:483)
==744354== 
==744354== 176 bytes in 2 blocks are still reachable in loss record 226 of 282
==744354==    at 0x497D858: malloc (vg_replace_malloc.c:447)
==744354==    by 0x4068FEB: emalloc_real (awk.h:2156)
==744354==    by 0x4068FEB: r_getblock (node.c:1164)
==744354==    by 0x40693C1: make_str_node (node.c:406)
==744354==    by 0x405AA6C: api_set_array_element (gawkapi.c:1103)
==744354==    by 0x49968E8: read_array (rwarray.c:646)
==744354==    by 0x4996521: read_value (rwarray.c:722)
==744354==    by 0x4996521: read_elem.isra.0 (rwarray.c:701)
==744354==    by 0x499661C: read_global (rwarray.c:504)
==744354==    by 0x4995C90: read_backend (rwarray.c:589)
==744354==    by 0x404F26E: r_interpret (interpret.h:1139)
==744354==    by 0x400EDDE: main (main.c:532)
==744354== 
==744354== 176 bytes in 2 blocks are still reachable in loss record 227 of 282
==744354==    at 0x497D858: malloc (vg_replace_malloc.c:447)
==744354==    by 0x4068FEB: emalloc_real (awk.h:2156)
==744354==    by 0x4068FEB: r_getblock (node.c:1164)
==744354==    by 0x40693C1: make_str_node (node.c:406)
==744354==    by 0x405AA61: api_set_array_element (gawkapi.c:1102)
==744354==    by 0x49968E8: read_array (rwarray.c:646)
==744354==    by 0x4996521: read_value (rwarray.c:722)
==744354==    by 0x4996521: read_elem.isra.0 (rwarray.c:701)
==744354==    by 0x4996904: read_array (rwarray.c:644)
==744354==    by 0x4996521: read_value (rwarray.c:722)
==744354==    by 0x4996521: read_elem.isra.0 (rwarray.c:701)
==744354==    by 0x499661C: read_global (rwarray.c:504)
==744354==    by 0x4995C90: read_backend (rwarray.c:589)
==744354==    by 0x404F26E: r_interpret (interpret.h:1139)
==744354==    by 0x400EDDE: main (main.c:532)
==744354== 
==744354== 176 bytes in 2 blocks are still reachable in loss record 228 of 282
==744354==    at 0x497D858: malloc (vg_replace_malloc.c:447)
==744354==    by 0x4068FEB: emalloc_real (awk.h:2156)
==744354==    by 0x4068FEB: r_getblock (node.c:1164)
==744354==    by 0x40693C1: make_str_node (node.c:406)
==744354==    by 0x405AA6C: api_set_array_element (gawkapi.c:1103)
==744354==    by 0x49968E8: read_array (rwarray.c:646)
==744354==    by 0x4996521: read_value (rwarray.c:722)
==744354==    by 0x4996521: read_elem.isra.0 (rwarray.c:701)
==744354==    by 0x4996904: read_array (rwarray.c:644)
==744354==    by 0x4996521: read_value (rwarray.c:722)
==744354==    by 0x4996521: read_elem.isra.0 (rwarray.c:701)
==744354==    by 0x499661C: read_global (rwarray.c:504)
==744354==    by 0x4995C90: read_backend (rwarray.c:589)
==744354==    by 0x404F26E: r_interpret (interpret.h:1139)
==744354==    by 0x400EDDE: main (main.c:532)
==744354== 
==744354== 176 bytes in 2 blocks are still reachable in loss record 229 of 282
==744354==    at 0x497D858: malloc (vg_replace_malloc.c:447)
==744354==    by 0x4068FEB: emalloc_real (awk.h:2156)
==744354==    by 0x4068FEB: r_getblock (node.c:1164)
==744354==    by 0x4069930: make_number_node (awk.h:2206)
==744354==    by 0x4069930: r_make_number (node.c:369)
==744354==    by 0x405AA6C: api_set_array_element (gawkapi.c:1103)
==744354==    by 0x49968E8: read_array (rwarray.c:646)
==744354==    by 0x4996521: read_value (rwarray.c:722)
==744354==    by 0x4996521: read_elem.isra.0 (rwarray.c:701)
==744354==    by 0x499661C: read_global (rwarray.c:504)
==744354==    by 0x4995C90: read_backend (rwarray.c:589)
==744354==    by 0x404F26E: r_interpret (interpret.h:1139)
==744354==    by 0x400EDDE: main (main.c:532)
==744354== 
==744354== 192 bytes in 1 blocks are still reachable in loss record 230 of 282
==744354==    at 0x4984E43: calloc (vg_replace_malloc.c:1678)
==744354==    by 0x414A2BD: calloc (rtld-malloc.h:44)
==744354==    by 0x414A2BD: _dl_check_map_versions (dl-version.c:280)
==744354==    by 0x414110C: dl_open_worker_begin (dl-open.c:617)
==744354==    by 0x4134512: _dl_catch_exception (dl-catch.c:241)
==744354==    by 0x414020B: dl_open_worker (dl-open.c:762)
==744354==    by 0x4134512: _dl_catch_exception (dl-catch.c:241)
==744354==    by 0x4140749: _dl_open (dl-open.c:900)
==744354==    by 0x4BC8EA3: dlopen_doit (dlopen.c:56)
==744354==    by 0x4134512: _dl_catch_exception (dl-catch.c:241)
==744354==    by 0x4134658: _dl_catch_error (dl-catch.c:260)
==744354==    by 0x4BC8992: _dlerror_run (dlerror.c:138)
==744354==    by 0x4BC8F5A: dlopen_implementation (dlopen.c:71)
==744354==    by 0x4BC8F5A: dlopen@@GLIBC_2.34 (dlopen.c:81)
==744354== 
==744354== 192 bytes in 4 blocks are still reachable in loss record 231 of 282
==744354==    at 0x497D858: malloc (vg_replace_malloc.c:447)
==744354==    by 0x4068FEB: emalloc_real (awk.h:2156)
==744354==    by 0x4068FEB: r_getblock (node.c:1164)
==744354==    by 0x40768D9: str_lookup (str_array.c:214)
==744354==    by 0x407708C: assoc_set (awk.h:2220)
==744354==    by 0x407708C: install (symbol.c:430)
==744354==    by 0x4053117: make_builtin (ext.c:202)
==744354==    by 0x4996A4A: dl_load (rwarray.c:843)
==744354==    by 0x4052BC2: load_ext (ext.c:125)
==744354==    by 0x400E371: main (main.c:450)
==744354== 
==744354== 205 bytes in 24 blocks are still reachable in loss record 232 of 282
==744354==    at 0x497D858: malloc (vg_replace_malloc.c:447)
==744354==    by 0x4069457: emalloc_real (awk.h:2156)
==744354==    by 0x4069457: make_str_node (node.c:422)
==744354==    by 0x400E0F5: load_environ (main.c:946)
==744354==    by 0x400E0F5: init_vars (main.c:879)
==744354==    by 0x400E0F5: main (main.c:403)
==744354== 
==744354== 208 bytes in 2 blocks are still reachable in loss record 233 of 282
==744354==    at 0x4984E43: calloc (vg_replace_malloc.c:1678)
==744354==    by 0x4075D54: ezalloc_real (awk.h:2174)
==744354==    by 0x4075D54: grow_table (str_array.c:682)
==744354==    by 0x407693C: str_lookup (str_array.c:150)
==744354==    by 0x405AA8D: assoc_set (awk.h:2220)
==744354==    by 0x405AA8D: api_set_array_element (gawkapi.c:1110)
==744354==    by 0x49968E8: read_array (rwarray.c:646)
==744354==    by 0x4996521: read_value (rwarray.c:722)
==744354==    by 0x4996521: read_elem.isra.0 (rwarray.c:701)
==744354==    by 0x499661C: read_global (rwarray.c:504)
==744354==    by 0x4995C90: read_backend (rwarray.c:589)
==744354==    by 0x404F26E: r_interpret (interpret.h:1139)
==744354==    by 0x400EDDE: main (main.c:532)
==744354== 
==744354== 240 bytes in 5 blocks are still reachable in loss record 234 of 282
==744354==    at 0x497D858: malloc (vg_replace_malloc.c:447)
==744354==    by 0x4068FEB: emalloc_real (awk.h:2156)
==744354==    by 0x4068FEB: r_getblock (node.c:1164)
==744354==    by 0x40768D9: str_lookup (str_array.c:214)
==744354==    by 0x405AA8D: assoc_set (awk.h:2220)
==744354==    by 0x405AA8D: api_set_array_element (gawkapi.c:1110)
==744354==    by 0x49968E8: read_array (rwarray.c:646)
==744354==    by 0x4996521: read_value (rwarray.c:722)
==744354==    by 0x4996521: read_elem.isra.0 (rwarray.c:701)
==744354==    by 0x499661C: read_global (rwarray.c:504)
==744354==    by 0x4995C90: read_backend (rwarray.c:589)
==744354==    by 0x404F26E: r_interpret (interpret.h:1139)
==744354==    by 0x400EDDE: main (main.c:532)
==744354== 
==744354== 256 bytes in 1 blocks are still reachable in loss record 235 of 282
==744354==    at 0x4984E43: calloc (vg_replace_malloc.c:1678)
==744354==    by 0x4034892: ezalloc_real (awk.h:2174)
==744354==    by 0x4034892: cint_lookup (cint_array.c:249)
==744354==    by 0x400E9D6: assoc_set (awk.h:2220)
==744354==    by 0x400E9D6: load_procinfo_argv (main.c:992)
==744354==    by 0x400E9D6: load_procinfo (main.c:1093)
==744354==    by 0x400E9D6: init_vars (main.c:878)
==744354==    by 0x400E9D6: main (main.c:403)
==744354== 
==744354== 256 bytes in 1 blocks are still reachable in loss record 236 of 282
==744354==    at 0x4984E43: calloc (vg_replace_malloc.c:1678)
==744354==    by 0x4034297: ezalloc_real (awk.h:2174)
==744354==    by 0x4034297: tree_lookup (cint_array.c:773)
==744354==    by 0x400E9D6: assoc_set (awk.h:2220)
==744354==    by 0x400E9D6: load_procinfo_argv (main.c:992)
==744354==    by 0x400E9D6: load_procinfo (main.c:1093)
==744354==    by 0x400E9D6: init_vars (main.c:878)
==744354==    by 0x400E9D6: main (main.c:403)
==744354== 
==744354== 256 bytes in 1 blocks are still reachable in loss record 237 of 282
==744354==    at 0x4984E43: calloc (vg_replace_malloc.c:1678)
==744354==    by 0x40344C0: ezalloc_real (awk.h:2174)
==744354==    by 0x40344C0: leaf_lookup (cint_array.c:1064)
==744354==    by 0x40344C0: tree_lookup (cint_array.c:797)
==744354==    by 0x400E9D6: assoc_set (awk.h:2220)
==744354==    by 0x400E9D6: load_procinfo_argv (main.c:992)
==744354==    by 0x400E9D6: load_procinfo (main.c:1093)
==744354==    by 0x400E9D6: init_vars (main.c:878)
==744354==    by 0x400E9D6: main (main.c:403)
==744354== 
==744354== 256 bytes in 1 blocks are still reachable in loss record 238 of 282
==744354==    at 0x4984E43: calloc (vg_replace_malloc.c:1678)
==744354==    by 0x4034892: ezalloc_real (awk.h:2174)
==744354==    by 0x4034892: cint_lookup (cint_array.c:249)
==744354==    by 0x40662E6: assoc_set (awk.h:2220)
==744354==    by 0x400E453: init_args (main.c:768)
==744354==    by 0x400E453: main (main.c:470)
==744354== 
==744354== 256 bytes in 1 blocks are still reachable in loss record 239 of 282
==744354==    at 0x4984E43: calloc (vg_replace_malloc.c:1678)
==744354==    by 0x4034297: ezalloc_real (awk.h:2174)
==744354==    by 0x4034297: tree_lookup (cint_array.c:773)
==744354==    by 0x40662E6: assoc_set (awk.h:2220)
==744354==    by 0x400E453: init_args (main.c:768)
==744354==    by 0x400E453: main (main.c:470)
==744354== 
==744354== 256 bytes in 1 blocks are still reachable in loss record 240 of 282
==744354==    at 0x4984E43: calloc (vg_replace_malloc.c:1678)
==744354==    by 0x40344C0: ezalloc_real (awk.h:2174)
==744354==    by 0x40344C0: leaf_lookup (cint_array.c:1064)
==744354==    by 0x40344C0: tree_lookup (cint_array.c:797)
==744354==    by 0x40662E6: assoc_set (awk.h:2220)
==744354==    by 0x400E453: init_args (main.c:768)
==744354==    by 0x400E453: main (main.c:470)
==744354== 
==744354== 256 bytes in 1 blocks are still reachable in loss record 241 of 282
==744354==    at 0x4984E43: calloc (vg_replace_malloc.c:1678)
==744354==    by 0x4034892: ezalloc_real (awk.h:2174)
==744354==    by 0x4034892: cint_lookup (cint_array.c:249)
==744354==    by 0x4053EB4: assoc_set (awk.h:2220)
==744354==    by 0x4053EB4: set_element (field.c:1116)
==744354==    by 0x4054088: def_parse_field (field.c:630)
==744354==    by 0x40566D5: do_split (field.c:1252)
==744354==    by 0x404FC3C: r_interpret (interpret.h:1114)
==744354==    by 0x400EDDE: main (main.c:532)
==744354== 
==744354== 256 bytes in 1 blocks are still reachable in loss record 242 of 282
==744354==    at 0x4984E43: calloc (vg_replace_malloc.c:1678)
==744354==    by 0x4034297: ezalloc_real (awk.h:2174)
==744354==    by 0x4034297: tree_lookup (cint_array.c:773)
==744354==    by 0x4053EB4: assoc_set (awk.h:2220)
==744354==    by 0x4053EB4: set_element (field.c:1116)
==744354==    by 0x4054088: def_parse_field (field.c:630)
==744354==    by 0x40566D5: do_split (field.c:1252)
==744354==    by 0x404FC3C: r_interpret (interpret.h:1114)
==744354==    by 0x400EDDE: main (main.c:532)
==744354== 
==744354== 256 bytes in 1 blocks are still reachable in loss record 243 of 282
==744354==    at 0x4984E43: calloc (vg_replace_malloc.c:1678)
==744354==    by 0x40344C0: ezalloc_real (awk.h:2174)
==744354==    by 0x40344C0: leaf_lookup (cint_array.c:1064)
==744354==    by 0x40344C0: tree_lookup (cint_array.c:797)
==744354==    by 0x4053EB4: assoc_set (awk.h:2220)
==744354==    by 0x4053EB4: set_element (field.c:1116)
==744354==    by 0x4054088: def_parse_field (field.c:630)
==744354==    by 0x40566D5: do_split (field.c:1252)
==744354==    by 0x404FC3C: r_interpret (interpret.h:1114)
==744354==    by 0x400EDDE: main (main.c:532)
==744354== 
==744354== 256 bytes in 1 blocks are still reachable in loss record 244 of 282
==744354==    at 0x4984E43: calloc (vg_replace_malloc.c:1678)
==744354==    by 0x4034892: ezalloc_real (awk.h:2174)
==744354==    by 0x4034892: cint_lookup (cint_array.c:249)
==744354==    by 0x404F68B: r_interpret (interpret.h:327)
==744354==    by 0x400EDDE: main (main.c:532)
==744354== 
==744354== 256 bytes in 1 blocks are still reachable in loss record 245 of 282
==744354==    at 0x4984E43: calloc (vg_replace_malloc.c:1678)
==744354==    by 0x4034297: ezalloc_real (awk.h:2174)
==744354==    by 0x4034297: tree_lookup (cint_array.c:773)
==744354==    by 0x404F68B: r_interpret (interpret.h:327)
==744354==    by 0x400EDDE: main (main.c:532)
==744354== 
==744354== 256 bytes in 1 blocks are still reachable in loss record 246 of 282
==744354==    at 0x4984E43: calloc (vg_replace_malloc.c:1678)
==744354==    by 0x40344C0: ezalloc_real (awk.h:2174)
==744354==    by 0x40344C0: leaf_lookup (cint_array.c:1064)
==744354==    by 0x40344C0: tree_lookup (cint_array.c:797)
==744354==    by 0x404F68B: r_interpret (interpret.h:327)
==744354==    by 0x400EDDE: main (main.c:532)
==744354== 
==744354== 264 bytes in 1 blocks are still reachable in loss record 247 of 282
==744354==    at 0x4984E43: calloc (vg_replace_malloc.c:1678)
==744354==    by 0x40778BB: ezalloc_real (awk.h:2174)
==744354==    by 0x40778BB: make_params (symbol.c:229)
==744354==    by 0x401E2B5: install_function (awkgram.y:5096)
==744354==    by 0x401E2B5: yyparse (awkgram.y:546)
==744354==    by 0x402073A: parse_program (awkgram.y:2797)
==744354==    by 0x400EAD8: main (main.c:483)
==744354== 
==744354== 264 bytes in 3 blocks are still reachable in loss record 248 of 282
==744354==    at 0x497D858: malloc (vg_replace_malloc.c:447)
==744354==    by 0x4068FEB: emalloc_real (awk.h:2156)
==744354==    by 0x4068FEB: r_getblock (node.c:1164)
==744354==    by 0x4069930: make_number_node (awk.h:2206)
==744354==    by 0x4069930: r_make_number (node.c:369)
==744354==    by 0x401A26C: yylex (awkgram.y:4256)
==744354==    by 0x401C83C: yyparse (awkgram.c:1879)
==744354==    by 0x402073A: parse_program (awkgram.y:2797)
==744354==    by 0x400EAD8: main (main.c:483)
==744354== 
==744354== 264 bytes in 3 blocks are still reachable in loss record 249 of 282
==744354==    at 0x497D858: malloc (vg_replace_malloc.c:447)
==744354==    by 0x4068FEB: emalloc_real (awk.h:2156)
==744354==    by 0x4068FEB: r_getblock (node.c:1164)
==744354==    by 0x40693C1: make_str_node (node.c:406)
==744354==    by 0x4053E8E: set_element (field.c:1113)
==744354==    by 0x4054088: def_parse_field (field.c:630)
==744354==    by 0x40566D5: do_split (field.c:1252)
==744354==    by 0x404FC3C: r_interpret (interpret.h:1114)
==744354==    by 0x400EDDE: main (main.c:532)
==744354== 
==744354== 278 bytes in 42 blocks are still reachable in loss record 250 of 282
==744354==    at 0x497D858: malloc (vg_replace_malloc.c:447)
==744354==    by 0x4069457: emalloc_real (awk.h:2156)
==744354==    by 0x4069457: make_str_node (node.c:422)
==744354==    by 0x4077055: install (symbol.c:399)
==744354==    by 0x401982E: install_builtins (awkgram.y:6601)
==744354==    by 0x400ED71: main (main.c:491)
==744354== 
==744354== 296 bytes in 1 blocks are still reachable in loss record 251 of 282
==744354==    at 0x4984E43: calloc (vg_replace_malloc.c:1678)
==744354==    by 0x4014A06: ezalloc_real (awk.h:2174)
==744354==    by 0x4014A06: do_add_srcfile (awkgram.y:2833)
==744354==    by 0x4018A70: add_srcfile (awkgram.y:2916)
==744354==    by 0x400DBDD: parse_args (main.c:1652)
==744354==    by 0x400DBDD: main (main.c:294)
==744354== 
==744354== 296 bytes in 1 blocks are still reachable in loss record 252 of 282
==744354==    at 0x4984E43: calloc (vg_replace_malloc.c:1678)
==744354==    by 0x4014A06: ezalloc_real (awk.h:2174)
==744354==    by 0x4014A06: do_add_srcfile (awkgram.y:2833)
==744354==    by 0x4018A70: add_srcfile (awkgram.y:2916)
==744354==    by 0x400D7E5: parse_args (main.c:1585)
==744354==    by 0x400D7E5: main (main.c:294)
==744354== 
==744354== 352 bytes in 4 blocks are still reachable in loss record 253 of 282
==744354==    at 0x497D858: malloc (vg_replace_malloc.c:447)
==744354==    by 0x4068FEB: emalloc_real (awk.h:2156)
==744354==    by 0x4068FEB: r_getblock (node.c:1164)
==744354==    by 0x40693C1: make_str_node (node.c:406)
==744354==    by 0x4077055: install (symbol.c:399)
==744354==    by 0x4053117: make_builtin (ext.c:202)
==744354==    by 0x4996A4A: dl_load (rwarray.c:843)
==744354==    by 0x4052BC2: load_ext (ext.c:125)
==744354==    by 0x400E371: main (main.c:450)
==744354== 
==744354== 352 bytes in 4 blocks are still reachable in loss record 254 of 282
==744354==    at 0x497D858: malloc (vg_replace_malloc.c:447)
==744354==    by 0x4068FEB: emalloc_real (awk.h:2156)
==744354==    by 0x4068FEB: r_getblock (node.c:1164)
==744354==    by 0x407721E: make_symbol (symbol.c:376)
==744354==    by 0x407721E: install (symbol.c:417)
==744354==    by 0x4053117: make_builtin (ext.c:202)
==744354==    by 0x4996A4A: dl_load (rwarray.c:843)
==744354==    by 0x4052BC2: load_ext (ext.c:125)
==744354==    by 0x400E371: main (main.c:450)
==744354== 
==744354== 352 bytes in 4 blocks are still reachable in loss record 255 of 282
==744354==    at 0x497D858: malloc (vg_replace_malloc.c:447)
==744354==    by 0x4068FEB: emalloc_real (awk.h:2156)
==744354==    by 0x4068FEB: r_getblock (node.c:1164)
==744354==    by 0x4069930: make_number_node (awk.h:2206)
==744354==    by 0x4069930: r_make_number (node.c:369)
==744354==    by 0x405B16E: api_sym_update (gawkapi.c:910)
==744354==    by 0x49967C6: do_poke (rwarray.c:478)
==744354==    by 0x49967C6: read_global (rwarray.c:505)
==744354==    by 0x4995C90: read_backend (rwarray.c:589)
==744354==    by 0x404F26E: r_interpret (interpret.h:1139)
==744354==    by 0x400EDDE: main (main.c:532)
==744354== 
==744354== 384 bytes in 8 blocks are still reachable in loss record 256 of 282
==744354==    at 0x497D858: malloc (vg_replace_malloc.c:447)
==744354==    by 0x4068FEB: emalloc_real (awk.h:2156)
==744354==    by 0x4068FEB: r_getblock (node.c:1164)
==744354==    by 0x40768D9: str_lookup (str_array.c:214)
==744354==    by 0x407708C: assoc_set (awk.h:2220)
==744354==    by 0x407708C: install (symbol.c:430)
==744354==    by 0x401CA63: yyparse (awkgram.y:2148)
==744354==    by 0x402073A: parse_program (awkgram.y:2797)
==744354==    by 0x400EAD8: main (main.c:483)
==744354== 
==744354== 440 bytes in 5 blocks are still reachable in loss record 257 of 282
==744354==    at 0x497D858: malloc (vg_replace_malloc.c:447)
==744354==    by 0x4068FEB: emalloc_real (awk.h:2156)
==744354==    by 0x4068FEB: r_getblock (node.c:1164)
==744354==    by 0x40693C1: make_str_node (node.c:406)
==744354==    by 0x405AA61: api_set_array_element (gawkapi.c:1102)
==744354==    by 0x49968E8: read_array (rwarray.c:646)
==744354==    by 0x4996521: read_value (rwarray.c:722)
==744354==    by 0x4996521: read_elem.isra.0 (rwarray.c:701)
==744354==    by 0x499661C: read_global (rwarray.c:504)
==744354==    by 0x4995C90: read_backend (rwarray.c:589)
==744354==    by 0x404F26E: r_interpret (interpret.h:1139)
==744354==    by 0x400EDDE: main (main.c:532)
==744354== 
==744354== 528 bytes in 6 blocks are still reachable in loss record 258 of 282
==744354==    at 0x497D858: malloc (vg_replace_malloc.c:447)
==744354==    by 0x4068FEB: emalloc_real (awk.h:2156)
==744354==    by 0x4068FEB: r_getblock (node.c:1164)
==744354==    by 0x40693C1: make_str_node (node.c:406)
==744354==    by 0x400E9C6: load_procinfo_argv (main.c:991)
==744354==    by 0x400E9C6: load_procinfo (main.c:1093)
==744354==    by 0x400E9C6: init_vars (main.c:878)
==744354==    by 0x400E9C6: main (main.c:403)
==744354== 
==744354== 552 bytes in 1 blocks are still reachable in loss record 259 of 282
==744354==    at 0x4984E43: calloc (vg_replace_malloc.c:1678)
==744354==    by 0x4078976: ezalloc_real (awk.h:2174)
==744354==    by 0x4078976: new_context (symbol.c:870)
==744354==    by 0x400D61D: main (main.c:292)
==744354== 
==744354== 552 bytes in 87 blocks are still reachable in loss record 260 of 282
==744354==    at 0x497D858: malloc (vg_replace_malloc.c:447)
==744354==    by 0x4069457: emalloc_real (awk.h:2156)
==744354==    by 0x4069457: make_str_node (node.c:422)
==744354==    by 0x4078494: load_symbols (symbol.c:700)
==744354==    by 0x400ED85: main (main.c:499)
==744354== 
==744354== 616 bytes in 7 blocks are still reachable in loss record 261 of 282
==744354==    at 0x497D858: malloc (vg_replace_malloc.c:447)
==744354==    by 0x4068FEB: emalloc_real (awk.h:2156)
==744354==    by 0x4068FEB: r_getblock (node.c:1164)
==744354==    by 0x40693C1: make_str_node (node.c:406)
==744354==    by 0x401B194: yylex (awkgram.y:4074)
==744354==    by 0x401C83C: yyparse (awkgram.c:1879)
==744354==    by 0x402073A: parse_program (awkgram.y:2797)
==744354==    by 0x400EAD8: main (main.c:483)
==744354== 
==744354== 704 bytes in 8 blocks are still reachable in loss record 262 of 282
==744354==    at 0x497D858: malloc (vg_replace_malloc.c:447)
==744354==    by 0x4068FEB: emalloc_real (awk.h:2156)
==744354==    by 0x4068FEB: r_getblock (node.c:1164)
==744354==    by 0x40693C1: make_str_node (node.c:406)
==744354==    by 0x4077055: install (symbol.c:399)
==744354==    by 0x401CA63: yyparse (awkgram.y:2148)
==744354==    by 0x402073A: parse_program (awkgram.y:2797)
==744354==    by 0x400EAD8: main (main.c:483)
==744354== 
==744354== 704 bytes in 8 blocks are still reachable in loss record 263 of 282
==744354==    at 0x497D858: malloc (vg_replace_malloc.c:447)
==744354==    by 0x4068FEB: emalloc_real (awk.h:2156)
==744354==    by 0x4068FEB: r_getblock (node.c:1164)
==744354==    by 0x4077133: make_symbol (symbol.c:376)
==744354==    by 0x4077133: install (symbol.c:417)
==744354==    by 0x401CA63: yyparse (awkgram.y:2148)
==744354==    by 0x402073A: parse_program (awkgram.y:2797)
==744354==    by 0x400EAD8: main (main.c:483)
==744354== 
==744354== 792 bytes in 9 blocks are still reachable in loss record 264 of 282
==744354==    at 0x497D858: malloc (vg_replace_malloc.c:447)
==744354==    by 0x4068FEB: emalloc_real (awk.h:2156)
==744354==    by 0x4068FEB: r_getblock (node.c:1164)
==744354==    by 0x4069930: make_number_node (awk.h:2206)
==744354==    by 0x4069930: r_make_number (node.c:369)
==744354==    by 0x400DA23: init_vars (main.c:869)
==744354==    by 0x400DA23: main (main.c:403)
==744354== 
==744354== 860 bytes in 24 blocks are still reachable in loss record 265 of 282
==744354==    at 0x497D858: malloc (vg_replace_malloc.c:447)
==744354==    by 0x4069457: emalloc_real (awk.h:2156)
==744354==    by 0x4069457: make_str_node (node.c:422)
==744354==    by 0x400E10D: load_environ (main.c:947)
==744354==    by 0x400E10D: init_vars (main.c:879)
==744354==    by 0x400E10D: main (main.c:403)
==744354== 
==744354== 1,152 bytes in 24 blocks are still reachable in loss record 266 of 282
==744354==    at 0x497D858: malloc (vg_replace_malloc.c:447)
==744354==    by 0x4068FEB: emalloc_real (awk.h:2156)
==744354==    by 0x4068FEB: r_getblock (node.c:1164)
==744354==    by 0x40768D9: str_lookup (str_array.c:214)
==744354==    by 0x407708C: assoc_set (awk.h:2220)
==744354==    by 0x407708C: install (symbol.c:430)
==744354==    by 0x400DA01: init_vars (main.c:865)
==744354==    by 0x400DA01: main (main.c:403)
==744354== 
==744354== 1,152 bytes in 24 blocks are still reachable in loss record 267 of 282
==744354==    at 0x497D858: malloc (vg_replace_malloc.c:447)
==744354==    by 0x4068FEB: emalloc_real (awk.h:2156)
==744354==    by 0x4068FEB: r_getblock (node.c:1164)
==744354==    by 0x40768D9: str_lookup (str_array.c:214)
==744354==    by 0x400E127: assoc_set (awk.h:2220)
==744354==    by 0x400E127: load_environ (main.c:949)
==744354==    by 0x400E127: init_vars (main.c:879)
==744354==    by 0x400E127: main (main.c:403)
==744354== 
==744354== 1,232 bytes in 14 blocks are still reachable in loss record 268 of 282
==744354==    at 0x497D858: malloc (vg_replace_malloc.c:447)
==744354==    by 0x4068FEB: emalloc_real (awk.h:2156)
==744354==    by 0x4068FEB: r_getblock (node.c:1164)
==744354==    by 0x40693C1: make_str_node (node.c:406)
==744354==    by 0x400D984: init_vars (main.c:867)
==744354==    by 0x400D984: main (main.c:403)
==744354== 
==744354== 1,270 bytes in 1 blocks are still reachable in loss record 269 of 282
==744354==    at 0x4984E43: calloc (vg_replace_malloc.c:1678)
==744354==    by 0x413FCAC: calloc (rtld-malloc.h:44)
==744354==    by 0x413FCAC: _dl_new_object (dl-object.c:92)
==744354==    by 0x413AEA0: _dl_map_object_from_fd (dl-load.c:1065)
==744354==    by 0x413C989: _dl_map_new_object (dl-load.c:2206)
==744354==    by 0x4141460: dl_open_worker_begin (dl-open.c:535)
==744354==    by 0x4134512: _dl_catch_exception (dl-catch.c:241)
==744354==    by 0x414020B: dl_open_worker (dl-open.c:762)
==744354==    by 0x4134512: _dl_catch_exception (dl-catch.c:241)
==744354==    by 0x4140749: _dl_open (dl-open.c:900)
==744354==    by 0x4BC8EA3: dlopen_doit (dlopen.c:56)
==744354==    by 0x4134512: _dl_catch_exception (dl-catch.c:241)
==744354==    by 0x4134658: _dl_catch_error (dl-catch.c:260)
==744354== 
==744354== 2,016 bytes in 42 blocks are still reachable in loss record 270 of 282
==744354==    at 0x497D858: malloc (vg_replace_malloc.c:447)
==744354==    by 0x4068FEB: emalloc_real (awk.h:2156)
==744354==    by 0x4068FEB: r_getblock (node.c:1164)
==744354==    by 0x40768D9: str_lookup (str_array.c:214)
==744354==    by 0x407708C: assoc_set (awk.h:2220)
==744354==    by 0x407708C: install (symbol.c:430)
==744354==    by 0x401982E: install_builtins (awkgram.y:6601)
==744354==    by 0x400ED71: main (main.c:491)
==744354== 
==744354== 2,048 bytes in 1 blocks are still reachable in loss record 271 of 282
==744354==    at 0x497D858: malloc (vg_replace_malloc.c:447)
==744354==    by 0x4048A59: emalloc_real (awk.h:2156)
==744354==    by 0x4048A59: init_interpret (eval.c:1897)
==744354==    by 0x400E3D5: main (main.c:468)
==744354== 
==744354== 2,112 bytes in 24 blocks are still reachable in loss record 272 of 282
==744354==    at 0x497D858: malloc (vg_replace_malloc.c:447)
==744354==    by 0x4068FEB: emalloc_real (awk.h:2156)
==744354==    by 0x4068FEB: r_getblock (node.c:1164)
==744354==    by 0x40693C1: make_str_node (node.c:406)
==744354==    by 0x4077055: install (symbol.c:399)
==744354==    by 0x400DA01: init_vars (main.c:865)
==744354==    by 0x400DA01: main (main.c:403)
==744354== 
==744354== 2,112 bytes in 24 blocks are still reachable in loss record 273 of 282
==744354==    at 0x497D858: malloc (vg_replace_malloc.c:447)
==744354==    by 0x4068FEB: emalloc_real (awk.h:2156)
==744354==    by 0x4068FEB: r_getblock (node.c:1164)
==744354==    by 0x4077133: make_symbol (symbol.c:376)
==744354==    by 0x4077133: install (symbol.c:417)
==744354==    by 0x400DA01: init_vars (main.c:865)
==744354==    by 0x400DA01: main (main.c:403)
==744354== 
==744354== 2,112 bytes in 24 blocks are still reachable in loss record 274 of 282
==744354==    at 0x497D858: malloc (vg_replace_malloc.c:447)
==744354==    by 0x4068FEB: emalloc_real (awk.h:2156)
==744354==    by 0x4068FEB: r_getblock (node.c:1164)
==744354==    by 0x40693C1: make_str_node (node.c:406)
==744354==    by 0x400E0F5: load_environ (main.c:946)
==744354==    by 0x400E0F5: init_vars (main.c:879)
==744354==    by 0x400E0F5: main (main.c:403)
==744354== 
==744354== 2,112 bytes in 24 blocks are still reachable in loss record 275 of 282
==744354==    at 0x497D858: malloc (vg_replace_malloc.c:447)
==744354==    by 0x4068FEB: emalloc_real (awk.h:2156)
==744354==    by 0x4068FEB: r_getblock (node.c:1164)
==744354==    by 0x40693C1: make_str_node (node.c:406)
==744354==    by 0x400E10D: load_environ (main.c:947)
==744354==    by 0x400E10D: init_vars (main.c:879)
==744354==    by 0x400E10D: main (main.c:403)
==744354== 
==744354== 3,696 bytes in 42 blocks are still reachable in loss record 276 of 282
==744354==    at 0x497D858: malloc (vg_replace_malloc.c:447)
==744354==    by 0x4068FEB: emalloc_real (awk.h:2156)
==744354==    by 0x4068FEB: r_getblock (node.c:1164)
==744354==    by 0x40693C1: make_str_node (node.c:406)
==744354==    by 0x4077055: install (symbol.c:399)
==744354==    by 0x401982E: install_builtins (awkgram.y:6601)
==744354==    by 0x400ED71: main (main.c:491)
==744354== 
==744354== 3,696 bytes in 42 blocks are still reachable in loss record 277 of 282
==744354==    at 0x497D858: malloc (vg_replace_malloc.c:447)
==744354==    by 0x4068FEB: emalloc_real (awk.h:2156)
==744354==    by 0x4068FEB: r_getblock (node.c:1164)
==744354==    by 0x407721E: make_symbol (symbol.c:376)
==744354==    by 0x407721E: install (symbol.c:417)
==744354==    by 0x401982E: install_builtins (awkgram.y:6601)
==744354==    by 0x400ED71: main (main.c:491)
==744354== 
==744354== 4,176 bytes in 87 blocks are still reachable in loss record 278 of 282
==744354==    at 0x497D858: malloc (vg_replace_malloc.c:447)
==744354==    by 0x4068FEB: emalloc_real (awk.h:2156)
==744354==    by 0x4068FEB: r_getblock (node.c:1164)
==744354==    by 0x40768D9: str_lookup (str_array.c:214)
==744354==    by 0x40782E9: load_symbols (symbol.c:701)
==744354==    by 0x400ED85: main (main.c:499)
==744354== 
==744354== 5,048 bytes in 1 blocks are still reachable in loss record 279 of 282
==744354==    at 0x497D858: malloc (vg_replace_malloc.c:447)
==744354==    by 0x4078891: emalloc_real (awk.h:2156)
==744354==    by 0x4078891: bcalloc (symbol.c:849)
==744354==    by 0x40530FA: make_builtin (ext.c:196)
==744354==    by 0x4996A4A: dl_load (rwarray.c:843)
==744354==    by 0x4052BC2: load_ext (ext.c:125)
==744354==    by 0x400E371: main (main.c:450)
==744354== 
==744354== 5,048 bytes in 1 blocks are still reachable in loss record 280 of 282
==744354==    at 0x497D858: malloc (vg_replace_malloc.c:447)
==744354==    by 0x4078891: emalloc_real (awk.h:2156)
==744354==    by 0x4078891: bcalloc (symbol.c:849)
==744354==    by 0x4020B58: parse_program (awkgram.y:2778)
==744354==    by 0x400EAD8: main (main.c:483)
==744354== 
==744354== 5,048 bytes in 1 blocks are still reachable in loss record 281 of 282
==744354==    at 0x497D858: malloc (vg_replace_malloc.c:447)
==744354==    by 0x4078891: emalloc_real (awk.h:2156)
==744354==    by 0x4078891: bcalloc (symbol.c:849)
==744354==    by 0x401C2EA: yylex (awkgram.y:4447)
==744354==    by 0x401C83C: yyparse (awkgram.c:1879)
==744354==    by 0x402073A: parse_program (awkgram.y:2797)
==744354==    by 0x400EAD8: main (main.c:483)
==744354== 
==744354== 7,656 bytes in 87 blocks are still reachable in loss record 282 of 282
==744354==    at 0x497D858: malloc (vg_replace_malloc.c:447)
==744354==    by 0x4068FEB: emalloc_real (awk.h:2156)
==744354==    by 0x4068FEB: r_getblock (node.c:1164)
==744354==    by 0x40693C1: make_str_node (node.c:406)
==744354==    by 0x4078494: load_symbols (symbol.c:700)
==744354==    by 0x400ED85: main (main.c:499)
==744354== 
==744354== LEAK SUMMARY:
==744354==    definitely lost: 0 bytes in 0 blocks
==744354==    indirectly lost: 0 bytes in 0 blocks
==744354==      possibly lost: 0 bytes in 0 blocks
==744354==    still reachable: 76,686 bytes in 1,084 blocks
==744354==         suppressed: 0 bytes in 0 blocks
==744354== 
==744354== For lists of detected and suppressed errors, rerun with: -s
==744354== ERROR SUMMARY: 0 errors from 0 contexts (suppressed: 0 from 0)
