==743765== Memcheck, a memory error detector
==743765== Copyright (C) 2002-2024, and GNU GPL'd, by Julian Seward et al.
==743765== Using Valgrind-3.26.0 and LibVEX; rerun with -h for copyright info
==743765== Command: gawk -f profile11.awk --pretty-print=_profile11
==743765== Parent PID: 743764
==743765== 
==743765== 
==743765== FILE DESCRIPTORS: 3 open (3 inherited) at exit.
==743765== 
==743765== HEAP SUMMARY:
==743765==     in use at exit: 109,046 bytes in 1,348 blocks
==743765==   total heap usage: 2,695 allocs, 1,347 frees, 185,374 bytes allocated
==743765== 
==743765== 1 bytes in 1 blocks are still reachable in loss record 1 of 245
==743765==    at 0x497D858: malloc (vg_replace_malloc.c:447)
==743765==    by 0x4066564: emalloc_real (awk.h:2156)
==743765==    by 0x4066564: estrdup (main.c:1451)
==743765==    by 0x400D434: init_locale (main.c:1476)
==743765==    by 0x400D434: set_locale_stuff (main.c:1849)
==743765==    by 0x400D434: main (main.c:254)
==743765== 
==743765== 1 bytes in 1 blocks are still reachable in loss record 2 of 245
==743765==    at 0x497D858: malloc (vg_replace_malloc.c:447)
==743765==    by 0x4066564: emalloc_real (awk.h:2156)
==743765==    by 0x4066564: estrdup (main.c:1451)
==743765==    by 0x400D469: init_locale (main.c:1478)
==743765==    by 0x400D469: set_locale_stuff (main.c:1849)
==743765==    by 0x400D469: main (main.c:254)
==743765== 
==743765== 1 bytes in 1 blocks are still reachable in loss record 3 of 245
==743765==    at 0x497D858: malloc (vg_replace_malloc.c:447)
==743765==    by 0x4066564: emalloc_real (awk.h:2156)
==743765==    by 0x4066564: estrdup (main.c:1451)
==743765==    by 0x400D485: init_locale (main.c:1479)
==743765==    by 0x400D485: set_locale_stuff (main.c:1849)
==743765==    by 0x400D485: main (main.c:254)
==743765== 
==743765== 1 bytes in 1 blocks are still reachable in loss record 4 of 245
==743765==    at 0x497D858: malloc (vg_replace_malloc.c:447)
==743765==    by 0x4066564: emalloc_real (awk.h:2156)
==743765==    by 0x4066564: estrdup (main.c:1451)
==743765==    by 0x400D4A1: init_locale (main.c:1480)
==743765==    by 0x400D4A1: set_locale_stuff (main.c:1849)
==743765==    by 0x400D4A1: main (main.c:254)
==743765== 
==743765== 1 bytes in 1 blocks are still reachable in loss record 5 of 245
==743765==    at 0x497D858: malloc (vg_replace_malloc.c:447)
==743765==    by 0x4066564: emalloc_real (awk.h:2156)
==743765==    by 0x4066564: estrdup (main.c:1451)
==743765==    by 0x400D4BD: init_locale (main.c:1481)
==743765==    by 0x400D4BD: set_locale_stuff (main.c:1849)
==743765==    by 0x400D4BD: main (main.c:254)
==743765== 
==743765== 1 bytes in 1 blocks are still reachable in loss record 6 of 245
==743765==    at 0x497D858: malloc (vg_replace_malloc.c:447)
==743765==    by 0x4066564: emalloc_real (awk.h:2156)
==743765==    by 0x4066564: estrdup (main.c:1451)
==743765==    by 0x400D4D9: init_locale (main.c:1482)
==743765==    by 0x400D4D9: set_locale_stuff (main.c:1849)
==743765==    by 0x400D4D9: main (main.c:254)
==743765== 
==743765== 1 bytes in 1 blocks are still reachable in loss record 7 of 245
==743765==    at 0x497D858: malloc (vg_replace_malloc.c:447)
==743765==    by 0x4066564: emalloc_real (awk.h:2156)
==743765==    by 0x4066564: estrdup (main.c:1451)
==743765==    by 0x400D4F5: init_locale (main.c:1483)
==743765==    by 0x400D4F5: set_locale_stuff (main.c:1849)
==743765==    by 0x400D4F5: main (main.c:254)
==743765== 
==743765== 1 bytes in 1 blocks are still reachable in loss record 8 of 245
==743765==    at 0x497D858: malloc (vg_replace_malloc.c:447)
==743765==    by 0x4066564: emalloc_real (awk.h:2156)
==743765==    by 0x4066564: estrdup (main.c:1451)
==743765==    by 0x400D511: init_locale (main.c:1484)
==743765==    by 0x400D511: set_locale_stuff (main.c:1849)
==743765==    by 0x400D511: main (main.c:254)
==743765== 
==743765== 1 bytes in 1 blocks are still reachable in loss record 9 of 245
==743765==    at 0x497D858: malloc (vg_replace_malloc.c:447)
==743765==    by 0x4066564: emalloc_real (awk.h:2156)
==743765==    by 0x4066564: estrdup (main.c:1451)
==743765==    by 0x400D52D: init_locale (main.c:1485)
==743765==    by 0x400D52D: set_locale_stuff (main.c:1849)
==743765==    by 0x400D52D: main (main.c:254)
==743765== 
==743765== 1 bytes in 1 blocks are still reachable in loss record 10 of 245
==743765==    at 0x497D858: malloc (vg_replace_malloc.c:447)
==743765==    by 0x4069457: emalloc_real (awk.h:2156)
==743765==    by 0x4069457: make_str_node (node.c:422)
==743765==    by 0x400D5C7: main (main.c:278)
==743765== 
==743765== 1 bytes in 1 blocks are still reachable in loss record 11 of 245
==743765==    at 0x497D858: malloc (vg_replace_malloc.c:447)
==743765==    by 0x4069457: emalloc_real (awk.h:2156)
==743765==    by 0x4069457: make_str_node (node.c:422)
==743765==    by 0x4055395: init_fields (field.c:105)
==743765==    by 0x400E1A4: main (main.c:410)
==743765== 
==743765== 1 bytes in 1 blocks are still reachable in loss record 12 of 245
==743765==    at 0x497D858: malloc (vg_replace_malloc.c:447)
==743765==    by 0x4069457: emalloc_real (awk.h:2156)
==743765==    by 0x4069457: make_str_node (node.c:422)
==743765==    by 0x40553E0: init_fields (field.c:111)
==743765==    by 0x400E1A4: main (main.c:410)
==743765== 
==743765== 2 bytes in 1 blocks are still reachable in loss record 13 of 245
==743765==    at 0x497D858: malloc (vg_replace_malloc.c:447)
==743765==    by 0x4066564: emalloc_real (awk.h:2156)
==743765==    by 0x4066564: estrdup (main.c:1451)
==743765==    by 0x400D44E: init_locale (main.c:1477)
==743765==    by 0x400D44E: set_locale_stuff (main.c:1849)
==743765==    by 0x400D44E: main (main.c:254)
==743765== 
==743765== 2 bytes in 1 blocks are still reachable in loss record 14 of 245
==743765==    at 0x497D858: malloc (vg_replace_malloc.c:447)
==743765==    by 0x4046CFF: emalloc_real (awk.h:2156)
==743765==    by 0x4046CFF: set_OFS (eval.c:839)
==743765==    by 0x400D9A3: init_vars (main.c:873)
==743765==    by 0x400D9A3: main (main.c:403)
==743765== 
==743765== 3 bytes in 1 blocks are still reachable in loss record 15 of 245
==743765==    at 0x497D858: malloc (vg_replace_malloc.c:447)
==743765==    by 0x4069457: emalloc_real (awk.h:2156)
==743765==    by 0x4069457: make_str_node (node.c:422)
==743765==    by 0x4054B6F: update_PROCINFO_str.part.0 (field.c:1661)
==743765==    by 0x400E83A: load_procinfo (main.c:1072)
==743765==    by 0x400E83A: init_vars (main.c:878)
==743765==    by 0x400E83A: main (main.c:403)
==743765== 
==743765== 3 bytes in 1 blocks are still reachable in loss record 16 of 245
==743765==    at 0x497D858: malloc (vg_replace_malloc.c:447)
==743765==    by 0x4069457: emalloc_real (awk.h:2156)
==743765==    by 0x4069457: make_str_node (node.c:422)
==743765==    by 0x4054B87: update_PROCINFO_str.part.0 (field.c:1662)
==743765==    by 0x400E83A: load_procinfo (main.c:1072)
==743765==    by 0x400E83A: init_vars (main.c:878)
==743765==    by 0x400E83A: main (main.c:403)
==743765== 
==743765== 4 bytes in 1 blocks are still reachable in loss record 17 of 245
==743765==    at 0x497D858: malloc (vg_replace_malloc.c:447)
==743765==    by 0x4069457: emalloc_real (awk.h:2156)
==743765==    by 0x4069457: make_str_node (node.c:422)
==743765==    by 0x4058004: update_PROCINFO_num (field.c:1674)
==743765==    by 0x400E79D: load_procinfo (main.c:1055)
==743765==    by 0x400E79D: init_vars (main.c:878)
==743765==    by 0x400E79D: main (main.c:403)
==743765== 
==743765== 4 bytes in 1 blocks are still reachable in loss record 18 of 245
==743765==    at 0x497D858: malloc (vg_replace_malloc.c:447)
==743765==    by 0x4069457: emalloc_real (awk.h:2156)
==743765==    by 0x4069457: make_str_node (node.c:422)
==743765==    by 0x4058004: update_PROCINFO_num (field.c:1674)
==743765==    by 0x400E7D2: load_procinfo (main.c:1061)
==743765==    by 0x400E7D2: init_vars (main.c:878)
==743765==    by 0x400E7D2: main (main.c:403)
==743765== 
==743765== 4 bytes in 1 blocks are still reachable in loss record 19 of 245
==743765==    at 0x497D858: malloc (vg_replace_malloc.c:447)
==743765==    by 0x4069457: emalloc_real (awk.h:2156)
==743765==    by 0x4069457: make_str_node (node.c:422)
==743765==    by 0x4058004: update_PROCINFO_num (field.c:1674)
==743765==    by 0x400E80A: load_procinfo (main.c:1067)
==743765==    by 0x400E80A: init_vars (main.c:878)
==743765==    by 0x400E80A: main (main.c:403)
==743765== 
==743765== 4 bytes in 1 blocks are still reachable in loss record 20 of 245
==743765==    at 0x497D858: malloc (vg_replace_malloc.c:447)
==743765==    by 0x4069457: emalloc_real (awk.h:2156)
==743765==    by 0x4069457: make_str_node (node.c:422)
==743765==    by 0x4054B6F: update_PROCINFO_str.part.0 (field.c:1661)
==743765==    by 0x400E8D2: load_procinfo (main.c:1087)
==743765==    by 0x400E8D2: init_vars (main.c:878)
==743765==    by 0x400E8D2: main (main.c:403)
==743765== 
==743765== 4 bytes in 1 blocks are still reachable in loss record 21 of 245
==743765==    at 0x497D858: malloc (vg_replace_malloc.c:447)
==743765==    by 0x4074886: emalloc_real (awk.h:2156)
==743765==    by 0x4074886: make_regexp (re.c:98)
==743765==    by 0x40195EB: make_regnode (awkgram.y:5306)
==743765==    by 0x401D996: yyparse (awkgram.y:584)
==743765==    by 0x402073A: parse_program (awkgram.y:2797)
==743765==    by 0x400EAD8: main (main.c:483)
==743765== 
==743765== 5 bytes in 1 blocks are still reachable in loss record 22 of 245
==743765==    at 0x497D858: malloc (vg_replace_malloc.c:447)
==743765==    by 0x4069457: emalloc_real (awk.h:2156)
==743765==    by 0x4069457: make_str_node (node.c:422)
==743765==    by 0x4058004: update_PROCINFO_num (field.c:1674)
==743765==    by 0x400E7B6: load_procinfo (main.c:1058)
==743765==    by 0x400E7B6: init_vars (main.c:878)
==743765==    by 0x400E7B6: main (main.c:403)
==743765== 
==743765== 5 bytes in 1 blocks are still reachable in loss record 23 of 245
==743765==    at 0x497D858: malloc (vg_replace_malloc.c:447)
==743765==    by 0x4069457: emalloc_real (awk.h:2156)
==743765==    by 0x4069457: make_str_node (node.c:422)
==743765==    by 0x4058004: update_PROCINFO_num (field.c:1674)
==743765==    by 0x400E7EE: load_procinfo (main.c:1064)
==743765==    by 0x400E7EE: init_vars (main.c:878)
==743765==    by 0x400E7EE: main (main.c:403)
==743765== 
==743765== 5 bytes in 1 blocks are still reachable in loss record 24 of 245
==743765==    at 0x497D858: malloc (vg_replace_malloc.c:447)
==743765==    by 0x4069457: emalloc_real (awk.h:2156)
==743765==    by 0x4069457: make_str_node (node.c:422)
==743765==    by 0x4058004: update_PROCINFO_num (field.c:1674)
==743765==    by 0x400E826: load_procinfo (main.c:1070)
==743765==    by 0x400E826: init_vars (main.c:878)
==743765==    by 0x400E826: main (main.c:403)
==743765== 
==743765== 5 bytes in 1 blocks are still reachable in loss record 25 of 245
==743765==    at 0x497D858: malloc (vg_replace_malloc.c:447)
==743765==    by 0x4066564: emalloc_real (awk.h:2156)
==743765==    by 0x4066564: estrdup (main.c:1451)
==743765==    by 0x400E91C: load_procinfo_argv (main.c:988)
==743765==    by 0x400E91C: load_procinfo (main.c:1093)
==743765==    by 0x400E91C: init_vars (main.c:878)
==743765==    by 0x400E91C: main (main.c:403)
==743765== 
==743765== 5 bytes in 1 blocks are still reachable in loss record 26 of 245
==743765==    at 0x497D858: malloc (vg_replace_malloc.c:447)
==743765==    by 0x4069457: emalloc_real (awk.h:2156)
==743765==    by 0x4069457: make_str_node (node.c:422)
==743765==    by 0x400EC1B: load_procinfo_argv (main.c:996)
==743765==    by 0x400EC1B: load_procinfo (main.c:1093)
==743765==    by 0x400EC1B: init_vars (main.c:878)
==743765==    by 0x400EC1B: main (main.c:403)
==743765== 
==743765== 5 bytes in 1 blocks are still reachable in loss record 27 of 245
==743765==    at 0x497D858: malloc (vg_replace_malloc.c:447)
==743765==    by 0x4066564: emalloc_real (awk.h:2156)
==743765==    by 0x4066564: estrdup (main.c:1451)
==743765==    by 0x400E407: init_args (main.c:764)
==743765==    by 0x400E407: main (main.c:470)
==743765== 
==743765== 5 bytes in 1 blocks are still reachable in loss record 28 of 245
==743765==    at 0x497D858: malloc (vg_replace_malloc.c:447)
==743765==    by 0x4069457: emalloc_real (awk.h:2156)
==743765==    by 0x4069457: make_str_node (node.c:422)
==743765==    by 0x4077055: install (symbol.c:399)
==743765==    by 0x400E414: init_args (main.c:764)
==743765==    by 0x400E414: main (main.c:470)
==743765== 
==743765== 5 bytes in 1 blocks are still reachable in loss record 29 of 245
==743765==    at 0x497D858: malloc (vg_replace_malloc.c:447)
==743765==    by 0x4069457: emalloc_real (awk.h:2156)
==743765==    by 0x4069457: make_str_node (node.c:422)
==743765==    by 0x400E43D: init_args (main.c:766)
==743765==    by 0x400E43D: main (main.c:470)
==743765== 
==743765== 5 bytes in 1 blocks are still reachable in loss record 30 of 245
==743765==    at 0x497D858: malloc (vg_replace_malloc.c:447)
==743765==    by 0x4066564: emalloc_real (awk.h:2156)
==743765==    by 0x4066564: estrdup (main.c:1451)
==743765==    by 0x400EA83: init_args (main.c:791)
==743765==    by 0x400EA83: main (main.c:470)
==743765== 
==743765== 5 bytes in 1 blocks are still reachable in loss record 31 of 245
==743765==    at 0x497D858: malloc (vg_replace_malloc.c:447)
==743765==    by 0x4069457: emalloc_real (awk.h:2156)
==743765==    by 0x4069457: make_str_node (node.c:422)
==743765==    by 0x4077055: install (symbol.c:399)
==743765==    by 0x400EA90: init_args (main.c:791)
==743765==    by 0x400EA90: main (main.c:470)
==743765== 
==743765== 5 bytes in 1 blocks are still reachable in loss record 32 of 245
==743765==    at 0x497D858: malloc (vg_replace_malloc.c:447)
==743765==    by 0x4069457: emalloc_real (awk.h:2156)
==743765==    by 0x4069457: make_str_node (node.c:422)
==743765==    by 0x4077055: install (symbol.c:399)
==743765==    by 0x401D146: yyparse (awkgram.y:953)
==743765==    by 0x402073A: parse_program (awkgram.y:2797)
==743765==    by 0x400EAD8: main (main.c:483)
==743765== 
==743765== 5 bytes in 1 blocks are still reachable in loss record 33 of 245
==743765==    at 0x497D858: malloc (vg_replace_malloc.c:447)
==743765==    by 0x4069457: emalloc_real (awk.h:2156)
==743765==    by 0x4069457: make_str_node (node.c:422)
==743765==    by 0x40780AA: load_symbols (symbol.c:677)
==743765==    by 0x400ED85: main (main.c:499)
==743765== 
==743765== 6 bytes in 1 blocks are still reachable in loss record 34 of 245
==743765==    at 0x497D858: malloc (vg_replace_malloc.c:447)
==743765==    by 0x4069457: emalloc_real (awk.h:2156)
==743765==    by 0x4069457: make_str_node (node.c:422)
==743765==    by 0x4054B87: update_PROCINFO_str.part.0 (field.c:1662)
==743765==    by 0x400E71D: load_procinfo (main.c:1021)
==743765==    by 0x400E71D: init_vars (main.c:878)
==743765==    by 0x400E71D: main (main.c:403)
==743765== 
==743765== 6 bytes in 1 blocks are still reachable in loss record 35 of 245
==743765==    at 0x497D858: malloc (vg_replace_malloc.c:447)
==743765==    by 0x4069457: emalloc_real (awk.h:2156)
==743765==    by 0x4069457: make_str_node (node.c:422)
==743765==    by 0x4054B87: update_PROCINFO_str.part.0 (field.c:1662)
==743765==    by 0x400E743: load_procinfo (main.c:1023)
==743765==    by 0x400E743: init_vars (main.c:878)
==743765==    by 0x400E743: main (main.c:403)
==743765== 
==743765== 6 bytes in 1 blocks are still reachable in loss record 36 of 245
==743765==    at 0x497D858: malloc (vg_replace_malloc.c:447)
==743765==    by 0x4069457: emalloc_real (awk.h:2156)
==743765==    by 0x4069457: make_str_node (node.c:422)
==743765==    by 0x407810A: load_symbols (symbol.c:681)
==743765==    by 0x400ED85: main (main.c:499)
==743765== 
==743765== 7 bytes in 1 blocks are still reachable in loss record 37 of 245
==743765==    at 0x497D858: malloc (vg_replace_malloc.c:447)
==743765==    by 0x4066564: emalloc_real (awk.h:2156)
==743765==    by 0x4066564: estrdup (main.c:1451)
==743765==    by 0x4077381: init_the_tables (symbol.c:78)
==743765==    by 0x400D60A: main (main.c:287)
==743765== 
==743765== 7 bytes in 1 blocks are still reachable in loss record 38 of 245
==743765==    at 0x497D858: malloc (vg_replace_malloc.c:447)
==743765==    by 0x4069457: emalloc_real (awk.h:2156)
==743765==    by 0x4069457: make_str_node (node.c:422)
==743765==    by 0x4077055: install (symbol.c:399)
==743765==    by 0x4077390: install_symbol (symbol.c:173)
==743765==    by 0x4077390: init_the_tables (symbol.c:78)
==743765==    by 0x400D60A: main (main.c:287)
==743765== 
==743765== 7 bytes in 1 blocks are still reachable in loss record 39 of 245
==743765==    at 0x497D858: malloc (vg_replace_malloc.c:447)
==743765==    by 0x4069457: emalloc_real (awk.h:2156)
==743765==    by 0x4069457: make_str_node (node.c:422)
==743765==    by 0x4058004: update_PROCINFO_num (field.c:1674)
==743765==    by 0x400E784: load_procinfo (main.c:1046)
==743765==    by 0x400E784: init_vars (main.c:878)
==743765==    by 0x400E784: main (main.c:403)
==743765== 
==743765== 7 bytes in 1 blocks are still reachable in loss record 40 of 245
==743765==    at 0x497D858: malloc (vg_replace_malloc.c:447)
==743765==    by 0x4069457: emalloc_real (awk.h:2156)
==743765==    by 0x4069457: make_str_node (node.c:422)
==743765==    by 0x40780DA: load_symbols (symbol.c:679)
==743765==    by 0x400ED85: main (main.c:499)
==743765== 
==743765== 8 bytes in 1 blocks are still reachable in loss record 41 of 245
==743765==    at 0x497D858: malloc (vg_replace_malloc.c:447)
==743765==    by 0x4066564: emalloc_real (awk.h:2156)
==743765==    by 0x4066564: estrdup (main.c:1451)
==743765==    by 0x407735A: init_the_tables (symbol.c:77)
==743765==    by 0x400D60A: main (main.c:287)
==743765== 
==743765== 8 bytes in 1 blocks are still reachable in loss record 42 of 245
==743765==    at 0x497D858: malloc (vg_replace_malloc.c:447)
==743765==    by 0x4069457: emalloc_real (awk.h:2156)
==743765==    by 0x4069457: make_str_node (node.c:422)
==743765==    by 0x4077055: install (symbol.c:399)
==743765==    by 0x4077369: install_symbol (symbol.c:173)
==743765==    by 0x4077369: init_the_tables (symbol.c:77)
==743765==    by 0x400D60A: main (main.c:287)
==743765== 
==743765== 8 bytes in 1 blocks are still reachable in loss record 43 of 245
==743765==    at 0x497D858: malloc (vg_replace_malloc.c:447)
==743765==    by 0x4069457: emalloc_real (awk.h:2156)
==743765==    by 0x4069457: make_str_node (node.c:422)
==743765==    by 0x4054B6F: update_PROCINFO_str.part.0 (field.c:1661)
==743765==    by 0x400E71D: load_procinfo (main.c:1021)
==743765==    by 0x400E71D: init_vars (main.c:878)
==743765==    by 0x400E71D: main (main.c:403)
==743765== 
==743765== 8 bytes in 1 blocks are still reachable in loss record 44 of 245
==743765==    at 0x497D858: malloc (vg_replace_malloc.c:447)
==743765==    by 0x4066564: emalloc_real (awk.h:2156)
==743765==    by 0x4066564: estrdup (main.c:1451)
==743765==    by 0x400E02B: load_environ (main.c:930)
==743765==    by 0x400E02B: init_vars (main.c:879)
==743765==    by 0x400E02B: main (main.c:403)
==743765== 
==743765== 8 bytes in 1 blocks are still reachable in loss record 45 of 245
==743765==    at 0x497D858: malloc (vg_replace_malloc.c:447)
==743765==    by 0x4069457: emalloc_real (awk.h:2156)
==743765==    by 0x4069457: make_str_node (node.c:422)
==743765==    by 0x4077055: install (symbol.c:399)
==743765==    by 0x400E038: load_environ (main.c:930)
==743765==    by 0x400E038: init_vars (main.c:879)
==743765==    by 0x400E038: main (main.c:403)
==743765== 
==743765== 8 bytes in 1 blocks are still reachable in loss record 46 of 245
==743765==    at 0x497D858: malloc (vg_replace_malloc.c:447)
==743765==    by 0x4055372: emalloc_real (awk.h:2156)
==743765==    by 0x4055372: init_fields (field.c:103)
==743765==    by 0x400E1A4: main (main.c:410)
==743765== 
==743765== 8 bytes in 1 blocks are still reachable in loss record 47 of 245
==743765==    at 0x497D858: malloc (vg_replace_malloc.c:447)
==743765==    by 0x4069457: emalloc_real (awk.h:2156)
==743765==    by 0x4069457: make_str_node (node.c:422)
==743765==    by 0x40780F2: load_symbols (symbol.c:680)
==743765==    by 0x400ED85: main (main.c:499)
==743765== 
==743765== 8 bytes in 1 blocks are still reachable in loss record 48 of 245
==743765==    at 0x497D858: malloc (vg_replace_malloc.c:447)
==743765==    by 0x4069457: emalloc_real (awk.h:2156)
==743765==    by 0x4069457: make_str_node (node.c:422)
==743765==    by 0x4078122: load_symbols (symbol.c:682)
==743765==    by 0x400ED85: main (main.c:499)
==743765== 
==743765== 8 bytes in 2 blocks are still reachable in loss record 49 of 245
==743765==    at 0x497D858: malloc (vg_replace_malloc.c:447)
==743765==    by 0x4066564: emalloc_real (awk.h:2156)
==743765==    by 0x4066564: estrdup (main.c:1451)
==743765==    by 0x4019CDE: yylex (awkgram.y:3684)
==743765==    by 0x401C83C: yyparse (awkgram.c:1879)
==743765==    by 0x402073A: parse_program (awkgram.y:2797)
==743765==    by 0x400EAD8: main (main.c:483)
==743765== 
==743765== 9 bytes in 1 blocks are still reachable in loss record 50 of 245
==743765==    at 0x497D858: malloc (vg_replace_malloc.c:447)
==743765==    by 0x4066564: emalloc_real (awk.h:2156)
==743765==    by 0x4066564: estrdup (main.c:1451)
==743765==    by 0x400E6F6: load_procinfo (main.c:1019)
==743765==    by 0x400E6F6: init_vars (main.c:878)
==743765==    by 0x400E6F6: main (main.c:403)
==743765== 
==743765== 9 bytes in 1 blocks are still reachable in loss record 51 of 245
==743765==    at 0x497D858: malloc (vg_replace_malloc.c:447)
==743765==    by 0x4069457: emalloc_real (awk.h:2156)
==743765==    by 0x4069457: make_str_node (node.c:422)
==743765==    by 0x4077055: install (symbol.c:399)
==743765==    by 0x400E703: load_procinfo (main.c:1019)
==743765==    by 0x400E703: init_vars (main.c:878)
==743765==    by 0x400E703: main (main.c:403)
==743765== 
==743765== 9 bytes in 1 blocks are still reachable in loss record 52 of 245
==743765==    at 0x497D858: malloc (vg_replace_malloc.c:447)
==743765==    by 0x4069457: emalloc_real (awk.h:2156)
==743765==    by 0x4069457: make_str_node (node.c:422)
==743765==    by 0x4054B6F: update_PROCINFO_str.part.0 (field.c:1661)
==743765==    by 0x400E730: load_procinfo (main.c:1022)
==743765==    by 0x400E730: init_vars (main.c:878)
==743765==    by 0x400E730: main (main.c:403)
==743765== 
==743765== 9 bytes in 1 blocks are still reachable in loss record 53 of 245
==743765==    at 0x497D858: malloc (vg_replace_malloc.c:447)
==743765==    by 0x4069457: emalloc_real (awk.h:2156)
==743765==    by 0x4069457: make_str_node (node.c:422)
==743765==    by 0x4054B6F: update_PROCINFO_str.part.0 (field.c:1661)
==743765==    by 0x400E743: load_procinfo (main.c:1023)
==743765==    by 0x400E743: init_vars (main.c:878)
==743765==    by 0x400E743: main (main.c:403)
==743765== 
==743765== 10 bytes in 1 blocks are still reachable in loss record 54 of 245
==743765==    at 0x497D858: malloc (vg_replace_malloc.c:447)
==743765==    by 0x4069457: emalloc_real (awk.h:2156)
==743765==    by 0x4069457: make_str_node (node.c:422)
==743765==    by 0x4058004: update_PROCINFO_num (field.c:1674)
==743765==    by 0x400E757: load_procinfo (main.c:1035)
==743765==    by 0x400E757: init_vars (main.c:878)
==743765==    by 0x400E757: main (main.c:403)
==743765== 
==743765== 10 bytes in 1 blocks are still reachable in loss record 55 of 245
==743765==    at 0x497D858: malloc (vg_replace_malloc.c:447)
==743765==    by 0x4069457: emalloc_real (awk.h:2156)
==743765==    by 0x4069457: make_str_node (node.c:422)
==743765==    by 0x4058004: update_PROCINFO_num (field.c:1674)
==743765==    by 0x400E76B: load_procinfo (main.c:1036)
==743765==    by 0x400E76B: init_vars (main.c:878)
==743765==    by 0x400E76B: main (main.c:403)
==743765== 
==743765== 10 bytes in 1 blocks are still reachable in loss record 56 of 245
==743765==    at 0x497D858: malloc (vg_replace_malloc.c:447)
==743765==    by 0x4069457: emalloc_real (awk.h:2156)
==743765==    by 0x4069457: make_str_node (node.c:422)
==743765==    by 0x4054B87: update_PROCINFO_str.part.0 (field.c:1662)
==743765==    by 0x400E8D2: load_procinfo (main.c:1087)
==743765==    by 0x400E8D2: init_vars (main.c:878)
==743765==    by 0x400E8D2: main (main.c:403)
==743765== 
==743765== 10 bytes in 1 blocks are still reachable in loss record 57 of 245
==743765==    at 0x497D858: malloc (vg_replace_malloc.c:447)
==743765==    by 0x4066564: emalloc_real (awk.h:2156)
==743765==    by 0x4066564: estrdup (main.c:1451)
==743765==    by 0x4014A21: do_add_srcfile (awkgram.y:2834)
==743765==    by 0x40190C2: load_library (awkgram.y:3008)
==743765==    by 0x401CADF: yyparse (awkgram.y:379)
==743765==    by 0x402073A: parse_program (awkgram.y:2797)
==743765==    by 0x400EAD8: main (main.c:483)
==743765== 
==743765== 12 bytes in 1 blocks are still reachable in loss record 58 of 245
==743765==    at 0x497D858: malloc (vg_replace_malloc.c:447)
==743765==    by 0x4069457: emalloc_real (awk.h:2156)
==743765==    by 0x4069457: make_str_node (node.c:422)
==743765==    by 0x4077FD7: load_symbols (symbol.c:663)
==743765==    by 0x400ED85: main (main.c:499)
==743765== 
==743765== 12 bytes in 1 blocks are still reachable in loss record 59 of 245
==743765==    at 0x497D858: malloc (vg_replace_malloc.c:447)
==743765==    by 0x4066564: emalloc_real (awk.h:2156)
==743765==    by 0x4066564: estrdup (main.c:1451)
==743765==    by 0x4078093: load_symbols (symbol.c:675)
==743765==    by 0x400ED85: main (main.c:499)
==743765== 
==743765== 12 bytes in 2 blocks are still reachable in loss record 60 of 245
==743765==    at 0x497D858: malloc (vg_replace_malloc.c:447)
==743765==    by 0x4066564: emalloc_real (awk.h:2156)
==743765==    by 0x4066564: estrdup (main.c:1451)
==743765==    by 0x401E3D7: yyparse (awkgram.y:2042)
==743765==    by 0x402073A: parse_program (awkgram.y:2797)
==743765==    by 0x400EAD8: main (main.c:483)
==743765== 
==743765== 14 bytes in 1 blocks are still reachable in loss record 61 of 245
==743765==    at 0x497D858: malloc (vg_replace_malloc.c:447)
==743765==    by 0x4066564: emalloc_real (awk.h:2156)
==743765==    by 0x4066564: estrdup (main.c:1451)
==743765==    by 0x4014A21: do_add_srcfile (awkgram.y:2834)
==743765==    by 0x4018A70: add_srcfile (awkgram.y:2916)
==743765==    by 0x400D7E5: parse_args (main.c:1585)
==743765==    by 0x400D7E5: main (main.c:294)
==743765== 
==743765== 14 bytes in 1 blocks are still reachable in loss record 62 of 245
==743765==    at 0x497D858: malloc (vg_replace_malloc.c:447)
==743765==    by 0x4069457: emalloc_real (awk.h:2156)
==743765==    by 0x4069457: make_str_node (node.c:422)
==743765==    by 0x401787F: get_comment (awkgram.y:3498)
==743765==    by 0x40179D4: allow_newline.constprop.0 (awkgram.y:3520)
==743765==    by 0x401BD34: yylex (awkgram.y:4278)
==743765==    by 0x401C83C: yyparse (awkgram.c:1879)
==743765==    by 0x402073A: parse_program (awkgram.y:2797)
==743765==    by 0x400EAD8: main (main.c:483)
==743765== 
==743765== 15 bytes in 1 blocks are still reachable in loss record 63 of 245
==743765==    at 0x497D858: malloc (vg_replace_malloc.c:447)
==743765==    by 0x4069457: emalloc_real (awk.h:2156)
==743765==    by 0x4069457: make_str_node (node.c:422)
==743765==    by 0x401787F: get_comment (awkgram.y:3498)
==743765==    by 0x40179D4: allow_newline.constprop.0 (awkgram.y:3520)
==743765==    by 0x401B65B: yylex (awkgram.y:4265)
==743765==    by 0x401C83C: yyparse (awkgram.c:1879)
==743765==    by 0x402073A: parse_program (awkgram.y:2797)
==743765==    by 0x400EAD8: main (main.c:483)
==743765== 
==743765== 16 bytes in 2 blocks are still reachable in loss record 64 of 245
==743765==    at 0x497D858: malloc (vg_replace_malloc.c:447)
==743765==    by 0x4086EBA: firstclosure (minrx.c:1834)
==743765==    by 0x4086EBA: compile.constprop.0 (minrx.c:1923)
==743765==    by 0x4089B38: minrx_regncomp (minrx.c:2490)
==743765==    by 0x407427D: make_regexp (re.c:355)
==743765==    by 0x40195EB: make_regnode (awkgram.y:5306)
==743765==    by 0x401D996: yyparse (awkgram.y:584)
==743765==    by 0x402073A: parse_program (awkgram.y:2797)
==743765==    by 0x400EAD8: main (main.c:483)
==743765== 
==743765== 17 bytes in 6 blocks are still reachable in loss record 65 of 245
==743765==    at 0x497D858: malloc (vg_replace_malloc.c:447)
==743765==    by 0x4069457: emalloc_real (awk.h:2156)
==743765==    by 0x4069457: make_str_node (node.c:422)
==743765==    by 0x4077055: install (symbol.c:399)
==743765==    by 0x401CA63: yyparse (awkgram.y:2148)
==743765==    by 0x402073A: parse_program (awkgram.y:2797)
==743765==    by 0x400EAD8: main (main.c:483)
==743765== 
==743765== 20 bytes in 5 blocks are still reachable in loss record 66 of 245
==743765==    at 0x497D858: malloc (vg_replace_malloc.c:447)
==743765==    by 0x4066564: emalloc_real (awk.h:2156)
==743765==    by 0x4066564: estrdup (main.c:1451)
==743765==    by 0x40134BA: push_ns_onto_namespace_chain (awkgram.y:5058)
==743765==    by 0x4015A06: mk_function.isra.0 (awkgram.y:5026)
==743765==    by 0x401E674: yyparse (awkgram.y:294)
==743765==    by 0x402073A: parse_program (awkgram.y:2797)
==743765==    by 0x400EAD8: main (main.c:483)
==743765== 
==743765== 22 bytes in 7 blocks are still reachable in loss record 67 of 245
==743765==    at 0x497D858: malloc (vg_replace_malloc.c:447)
==743765==    by 0x4066564: emalloc_real (awk.h:2156)
==743765==    by 0x4066564: estrdup (main.c:1451)
==743765==    by 0x401A0B8: yylex (awkgram.y:4495)
==743765==    by 0x401C83C: yyparse (awkgram.c:1879)
==743765==    by 0x402073A: parse_program (awkgram.y:2797)
==743765==    by 0x400EAD8: main (main.c:483)
==743765== 
==743765== 24 bytes in 1 blocks are still reachable in loss record 68 of 245
==743765==    at 0x4984E43: calloc (vg_replace_malloc.c:1678)
==743765==    by 0x405E8B2: ezalloc_real (awk.h:2174)
==743765==    by 0x405E8B2: init_awkpath (io.c:2996)
==743765==    by 0x405E8B2: do_find_source (io.c:3068)
==743765==    by 0x4065061: find_source (io.c:3098)
==743765==    by 0x40189F8: add_srcfile (awkgram.y:2864)
==743765==    by 0x400D7E5: parse_args (main.c:1585)
==743765==    by 0x400D7E5: main (main.c:294)
==743765== 
==743765== 24 bytes in 1 blocks are still reachable in loss record 69 of 245
==743765==    at 0x497D858: malloc (vg_replace_malloc.c:447)
==743765==    by 0x4069457: emalloc_real (awk.h:2156)
==743765==    by 0x4069457: make_str_node (node.c:422)
==743765==    by 0x4054B87: update_PROCINFO_str.part.0 (field.c:1662)
==743765==    by 0x400E730: load_procinfo (main.c:1022)
==743765==    by 0x400E730: init_vars (main.c:878)
==743765==    by 0x400E730: main (main.c:403)
==743765== 
==743765== 24 bytes in 1 blocks are still reachable in loss record 70 of 245
==743765==    at 0x498507F: realloc (vg_replace_malloc.c:1804)
==743765==    by 0x406956E: erealloc_real (awk.h:2192)
==743765==    by 0x406956E: make_str_node (node.c:494)
==743765==    by 0x401B194: yylex (awkgram.y:4074)
==743765==    by 0x401C83C: yyparse (awkgram.c:1879)
==743765==    by 0x402073A: parse_program (awkgram.y:2797)
==743765==    by 0x400EAD8: main (main.c:483)
==743765== 
==743765== 26 bytes in 1 blocks are still reachable in loss record 71 of 245
==743765==    at 0x497D858: malloc (vg_replace_malloc.c:447)
==743765==    by 0x405E9A7: emalloc_real (awk.h:2156)
==743765==    by 0x405E9A7: init_awkpath (io.c:3026)
==743765==    by 0x405E9A7: do_find_source (io.c:3068)
==743765==    by 0x4065061: find_source (io.c:3098)
==743765==    by 0x40189F8: add_srcfile (awkgram.y:2864)
==743765==    by 0x400D7E5: parse_args (main.c:1585)
==743765==    by 0x400D7E5: main (main.c:294)
==743765== 
==743765== 31 bytes in 5 blocks are still reachable in loss record 72 of 245
==743765==    at 0x497D858: malloc (vg_replace_malloc.c:447)
==743765==    by 0x4066564: emalloc_real (awk.h:2156)
==743765==    by 0x4066564: estrdup (main.c:1451)
==743765==    by 0x401D86A: yyparse (awkgram.y:502)
==743765==    by 0x402073A: parse_program (awkgram.y:2797)
==743765==    by 0x400EAD8: main (main.c:483)
==743765== 
==743765== 31 bytes in 5 blocks are still reachable in loss record 73 of 245
==743765==    at 0x497D858: malloc (vg_replace_malloc.c:447)
==743765==    by 0x4069457: emalloc_real (awk.h:2156)
==743765==    by 0x4069457: make_str_node (node.c:422)
==743765==    by 0x4077055: install (symbol.c:399)
==743765==    by 0x401E274: install_function (awkgram.y:5083)
==743765==    by 0x401E274: yyparse (awkgram.y:546)
==743765==    by 0x402073A: parse_program (awkgram.y:2797)
==743765==    by 0x400EAD8: main (main.c:483)
==743765== 
==743765== 32 bytes in 1 blocks are still reachable in loss record 74 of 245
==743765==    at 0x497D858: malloc (vg_replace_malloc.c:447)
==743765==    by 0x4045E57: emalloc_real (awk.h:2156)
==743765==    by 0x4045E57: fmt_index (eval.c:913)
==743765==    by 0x4046F46: set_CONVFMT (eval.c:956)
==743765==    by 0x400D9A3: init_vars (main.c:873)
==743765==    by 0x400D9A3: main (main.c:403)
==743765== 
==743765== 32 bytes in 2 blocks are still reachable in loss record 75 of 245
==743765==    at 0x497D858: malloc (vg_replace_malloc.c:447)
==743765==    by 0x407474B: emalloc_real (awk.h:2156)
==743765==    by 0x407474B: make_regexp (re.c:370)
==743765==    by 0x40195EB: make_regnode (awkgram.y:5306)
==743765==    by 0x401D996: yyparse (awkgram.y:584)
==743765==    by 0x402073A: parse_program (awkgram.y:2797)
==743765==    by 0x400EAD8: main (main.c:483)
==743765== 
==743765== 39 bytes in 1 blocks are still reachable in loss record 76 of 245
==743765==    at 0x497D858: malloc (vg_replace_malloc.c:447)
==743765==    by 0x405E673: emalloc_real (awk.h:2156)
==743765==    by 0x405E673: do_find_source (io.c:3070)
==743765==    by 0x4065061: find_source (io.c:3098)
==743765==    by 0x40189F8: add_srcfile (awkgram.y:2864)
==743765==    by 0x400D7E5: parse_args (main.c:1585)
==743765==    by 0x400D7E5: main (main.c:294)
==743765== 
==743765== 40 bytes in 1 blocks are still reachable in loss record 77 of 245
==743765==    at 0x497D858: malloc (vg_replace_malloc.c:447)
==743765==    by 0x4066202: emalloc_real.constprop.0 (awk.h:2156)
==743765==    by 0x400D66C: save_argv (main.c:1496)
==743765==    by 0x400D66C: parse_args (main.c:1554)
==743765==    by 0x400D66C: main (main.c:294)
==743765== 
==743765== 48 bytes in 1 blocks are still reachable in loss record 78 of 245
==743765==    at 0x497D858: malloc (vg_replace_malloc.c:447)
==743765==    by 0x4068FEB: emalloc_real (awk.h:2156)
==743765==    by 0x4068FEB: r_getblock (node.c:1164)
==743765==    by 0x40768D9: str_lookup (str_array.c:214)
==743765==    by 0x407708C: assoc_set (awk.h:2220)
==743765==    by 0x407708C: install (symbol.c:430)
==743765==    by 0x4077369: install_symbol (symbol.c:173)
==743765==    by 0x4077369: init_the_tables (symbol.c:77)
==743765==    by 0x400D60A: main (main.c:287)
==743765== 
==743765== 48 bytes in 1 blocks are still reachable in loss record 79 of 245
==743765==    at 0x497D858: malloc (vg_replace_malloc.c:447)
==743765==    by 0x4068FEB: emalloc_real (awk.h:2156)
==743765==    by 0x4068FEB: r_getblock (node.c:1164)
==743765==    by 0x40768D9: str_lookup (str_array.c:214)
==743765==    by 0x407708C: assoc_set (awk.h:2220)
==743765==    by 0x407708C: install (symbol.c:430)
==743765==    by 0x4077390: install_symbol (symbol.c:173)
==743765==    by 0x4077390: init_the_tables (symbol.c:78)
==743765==    by 0x400D60A: main (main.c:287)
==743765== 
==743765== 48 bytes in 1 blocks are still reachable in loss record 80 of 245
==743765==    at 0x497D858: malloc (vg_replace_malloc.c:447)
==743765==    by 0x4068FEB: emalloc_real (awk.h:2156)
==743765==    by 0x4068FEB: r_getblock (node.c:1164)
==743765==    by 0x40768D9: str_lookup (str_array.c:214)
==743765==    by 0x407708C: assoc_set (awk.h:2220)
==743765==    by 0x407708C: install (symbol.c:430)
==743765==    by 0x400E703: load_procinfo (main.c:1019)
==743765==    by 0x400E703: init_vars (main.c:878)
==743765==    by 0x400E703: main (main.c:403)
==743765== 
==743765== 48 bytes in 1 blocks are still reachable in loss record 81 of 245
==743765==    at 0x497D858: malloc (vg_replace_malloc.c:447)
==743765==    by 0x4068FEB: emalloc_real (awk.h:2156)
==743765==    by 0x4068FEB: r_getblock (node.c:1164)
==743765==    by 0x40768D9: str_lookup (str_array.c:214)
==743765==    by 0x4054B9E: assoc_set (awk.h:2220)
==743765==    by 0x4054B9E: update_PROCINFO_str.part.0 (field.c:1662)
==743765==    by 0x400E71D: load_procinfo (main.c:1021)
==743765==    by 0x400E71D: init_vars (main.c:878)
==743765==    by 0x400E71D: main (main.c:403)
==743765== 
==743765== 48 bytes in 1 blocks are still reachable in loss record 82 of 245
==743765==    at 0x497D858: malloc (vg_replace_malloc.c:447)
==743765==    by 0x4068FEB: emalloc_real (awk.h:2156)
==743765==    by 0x4068FEB: r_getblock (node.c:1164)
==743765==    by 0x40768D9: str_lookup (str_array.c:214)
==743765==    by 0x4054B9E: assoc_set (awk.h:2220)
==743765==    by 0x4054B9E: update_PROCINFO_str.part.0 (field.c:1662)
==743765==    by 0x400E730: load_procinfo (main.c:1022)
==743765==    by 0x400E730: init_vars (main.c:878)
==743765==    by 0x400E730: main (main.c:403)
==743765== 
==743765== 48 bytes in 1 blocks are still reachable in loss record 83 of 245
==743765==    at 0x497D858: malloc (vg_replace_malloc.c:447)
==743765==    by 0x4068FEB: emalloc_real (awk.h:2156)
==743765==    by 0x4068FEB: r_getblock (node.c:1164)
==743765==    by 0x40768D9: str_lookup (str_array.c:214)
==743765==    by 0x4054B9E: assoc_set (awk.h:2220)
==743765==    by 0x4054B9E: update_PROCINFO_str.part.0 (field.c:1662)
==743765==    by 0x400E743: load_procinfo (main.c:1023)
==743765==    by 0x400E743: init_vars (main.c:878)
==743765==    by 0x400E743: main (main.c:403)
==743765== 
==743765== 48 bytes in 1 blocks are still reachable in loss record 84 of 245
==743765==    at 0x497D858: malloc (vg_replace_malloc.c:447)
==743765==    by 0x4068FEB: emalloc_real (awk.h:2156)
==743765==    by 0x4068FEB: r_getblock (node.c:1164)
==743765==    by 0x40768D9: str_lookup (str_array.c:214)
==743765==    by 0x405802A: assoc_set (awk.h:2220)
==743765==    by 0x405802A: update_PROCINFO_num (field.c:1675)
==743765==    by 0x400E757: load_procinfo (main.c:1035)
==743765==    by 0x400E757: init_vars (main.c:878)
==743765==    by 0x400E757: main (main.c:403)
==743765== 
==743765== 48 bytes in 1 blocks are still reachable in loss record 85 of 245
==743765==    at 0x497D858: malloc (vg_replace_malloc.c:447)
==743765==    by 0x4068FEB: emalloc_real (awk.h:2156)
==743765==    by 0x4068FEB: r_getblock (node.c:1164)
==743765==    by 0x40768D9: str_lookup (str_array.c:214)
==743765==    by 0x405802A: assoc_set (awk.h:2220)
==743765==    by 0x405802A: update_PROCINFO_num (field.c:1675)
==743765==    by 0x400E76B: load_procinfo (main.c:1036)
==743765==    by 0x400E76B: init_vars (main.c:878)
==743765==    by 0x400E76B: main (main.c:403)
==743765== 
==743765== 48 bytes in 1 blocks are still reachable in loss record 86 of 245
==743765==    at 0x497D858: malloc (vg_replace_malloc.c:447)
==743765==    by 0x4068FEB: emalloc_real (awk.h:2156)
==743765==    by 0x4068FEB: r_getblock (node.c:1164)
==743765==    by 0x40768D9: str_lookup (str_array.c:214)
==743765==    by 0x405802A: assoc_set (awk.h:2220)
==743765==    by 0x405802A: update_PROCINFO_num (field.c:1675)
==743765==    by 0x400E784: load_procinfo (main.c:1046)
==743765==    by 0x400E784: init_vars (main.c:878)
==743765==    by 0x400E784: main (main.c:403)
==743765== 
==743765== 48 bytes in 1 blocks are still reachable in loss record 87 of 245
==743765==    at 0x497D858: malloc (vg_replace_malloc.c:447)
==743765==    by 0x4068FEB: emalloc_real (awk.h:2156)
==743765==    by 0x4068FEB: r_getblock (node.c:1164)
==743765==    by 0x40768D9: str_lookup (str_array.c:214)
==743765==    by 0x405802A: assoc_set (awk.h:2220)
==743765==    by 0x405802A: update_PROCINFO_num (field.c:1675)
==743765==    by 0x400E79D: load_procinfo (main.c:1055)
==743765==    by 0x400E79D: init_vars (main.c:878)
==743765==    by 0x400E79D: main (main.c:403)
==743765== 
==743765== 48 bytes in 1 blocks are still reachable in loss record 88 of 245
==743765==    at 0x497D858: malloc (vg_replace_malloc.c:447)
==743765==    by 0x4068FEB: emalloc_real (awk.h:2156)
==743765==    by 0x4068FEB: r_getblock (node.c:1164)
==743765==    by 0x40768D9: str_lookup (str_array.c:214)
==743765==    by 0x405802A: assoc_set (awk.h:2220)
==743765==    by 0x405802A: update_PROCINFO_num (field.c:1675)
==743765==    by 0x400E7B6: load_procinfo (main.c:1058)
==743765==    by 0x400E7B6: init_vars (main.c:878)
==743765==    by 0x400E7B6: main (main.c:403)
==743765== 
==743765== 48 bytes in 1 blocks are still reachable in loss record 89 of 245
==743765==    at 0x497D858: malloc (vg_replace_malloc.c:447)
==743765==    by 0x4068FEB: emalloc_real (awk.h:2156)
==743765==    by 0x4068FEB: r_getblock (node.c:1164)
==743765==    by 0x40768D9: str_lookup (str_array.c:214)
==743765==    by 0x405802A: assoc_set (awk.h:2220)
==743765==    by 0x405802A: update_PROCINFO_num (field.c:1675)
==743765==    by 0x400E7D2: load_procinfo (main.c:1061)
==743765==    by 0x400E7D2: init_vars (main.c:878)
==743765==    by 0x400E7D2: main (main.c:403)
==743765== 
==743765== 48 bytes in 1 blocks are still reachable in loss record 90 of 245
==743765==    at 0x497D858: malloc (vg_replace_malloc.c:447)
==743765==    by 0x4068FEB: emalloc_real (awk.h:2156)
==743765==    by 0x4068FEB: r_getblock (node.c:1164)
==743765==    by 0x40768D9: str_lookup (str_array.c:214)
==743765==    by 0x405802A: assoc_set (awk.h:2220)
==743765==    by 0x405802A: update_PROCINFO_num (field.c:1675)
==743765==    by 0x400E7EE: load_procinfo (main.c:1064)
==743765==    by 0x400E7EE: init_vars (main.c:878)
==743765==    by 0x400E7EE: main (main.c:403)
==743765== 
==743765== 48 bytes in 1 blocks are still reachable in loss record 91 of 245
==743765==    at 0x497D858: malloc (vg_replace_malloc.c:447)
==743765==    by 0x4068FEB: emalloc_real (awk.h:2156)
==743765==    by 0x4068FEB: r_getblock (node.c:1164)
==743765==    by 0x40768D9: str_lookup (str_array.c:214)
==743765==    by 0x405802A: assoc_set (awk.h:2220)
==743765==    by 0x405802A: update_PROCINFO_num (field.c:1675)
==743765==    by 0x400E80A: load_procinfo (main.c:1067)
==743765==    by 0x400E80A: init_vars (main.c:878)
==743765==    by 0x400E80A: main (main.c:403)
==743765== 
==743765== 48 bytes in 1 blocks are still reachable in loss record 92 of 245
==743765==    at 0x497D858: malloc (vg_replace_malloc.c:447)
==743765==    by 0x4068FEB: emalloc_real (awk.h:2156)
==743765==    by 0x4068FEB: r_getblock (node.c:1164)
==743765==    by 0x40768D9: str_lookup (str_array.c:214)
==743765==    by 0x405802A: assoc_set (awk.h:2220)
==743765==    by 0x405802A: update_PROCINFO_num (field.c:1675)
==743765==    by 0x400E826: load_procinfo (main.c:1070)
==743765==    by 0x400E826: init_vars (main.c:878)
==743765==    by 0x400E826: main (main.c:403)
==743765== 
==743765== 48 bytes in 1 blocks are still reachable in loss record 93 of 245
==743765==    at 0x497D858: malloc (vg_replace_malloc.c:447)
==743765==    by 0x4068FEB: emalloc_real (awk.h:2156)
==743765==    by 0x4068FEB: r_getblock (node.c:1164)
==743765==    by 0x40768D9: str_lookup (str_array.c:214)
==743765==    by 0x4054B9E: assoc_set (awk.h:2220)
==743765==    by 0x4054B9E: update_PROCINFO_str.part.0 (field.c:1662)
==743765==    by 0x400E83A: load_procinfo (main.c:1072)
==743765==    by 0x400E83A: init_vars (main.c:878)
==743765==    by 0x400E83A: main (main.c:403)
==743765== 
==743765== 48 bytes in 1 blocks are still reachable in loss record 94 of 245
==743765==    at 0x497D858: malloc (vg_replace_malloc.c:447)
==743765==    by 0x4068FEB: emalloc_real (awk.h:2156)
==743765==    by 0x4068FEB: r_getblock (node.c:1164)
==743765==    by 0x40768D9: str_lookup (str_array.c:214)
==743765==    by 0x4054B9E: assoc_set (awk.h:2220)
==743765==    by 0x4054B9E: update_PROCINFO_str.part.0 (field.c:1662)
==743765==    by 0x400E8D2: load_procinfo (main.c:1087)
==743765==    by 0x400E8D2: init_vars (main.c:878)
==743765==    by 0x400E8D2: main (main.c:403)
==743765== 
==743765== 48 bytes in 1 blocks are still reachable in loss record 95 of 245
==743765==    at 0x497D858: malloc (vg_replace_malloc.c:447)
==743765==    by 0x4068FEB: emalloc_real (awk.h:2156)
==743765==    by 0x4068FEB: r_getblock (node.c:1164)
==743765==    by 0x40768D9: str_lookup (str_array.c:214)
==743765==    by 0x40662E6: assoc_set (awk.h:2220)
==743765==    by 0x400EC2D: load_procinfo_argv (main.c:997)
==743765==    by 0x400EC2D: load_procinfo (main.c:1093)
==743765==    by 0x400EC2D: init_vars (main.c:878)
==743765==    by 0x400EC2D: main (main.c:403)
==743765== 
==743765== 48 bytes in 1 blocks are still reachable in loss record 96 of 245
==743765==    at 0x497D858: malloc (vg_replace_malloc.c:447)
==743765==    by 0x4068FEB: emalloc_real (awk.h:2156)
==743765==    by 0x4068FEB: r_getblock (node.c:1164)
==743765==    by 0x40768D9: str_lookup (str_array.c:214)
==743765==    by 0x407708C: assoc_set (awk.h:2220)
==743765==    by 0x407708C: install (symbol.c:430)
==743765==    by 0x400E038: load_environ (main.c:930)
==743765==    by 0x400E038: init_vars (main.c:879)
==743765==    by 0x400E038: main (main.c:403)
==743765== 
==743765== 48 bytes in 1 blocks are still reachable in loss record 97 of 245
==743765==    at 0x497D858: malloc (vg_replace_malloc.c:447)
==743765==    by 0x4068FEB: emalloc_real (awk.h:2156)
==743765==    by 0x4068FEB: r_getblock (node.c:1164)
==743765==    by 0x40768D9: str_lookup (str_array.c:214)
==743765==    by 0x407708C: assoc_set (awk.h:2220)
==743765==    by 0x407708C: install (symbol.c:430)
==743765==    by 0x400E414: init_args (main.c:764)
==743765==    by 0x400E414: main (main.c:470)
==743765== 
==743765== 48 bytes in 1 blocks are still reachable in loss record 98 of 245
==743765==    at 0x497D858: malloc (vg_replace_malloc.c:447)
==743765==    by 0x4068FEB: emalloc_real (awk.h:2156)
==743765==    by 0x4068FEB: r_getblock (node.c:1164)
==743765==    by 0x40768D9: str_lookup (str_array.c:214)
==743765==    by 0x407708C: assoc_set (awk.h:2220)
==743765==    by 0x407708C: install (symbol.c:430)
==743765==    by 0x400EA90: init_args (main.c:791)
==743765==    by 0x400EA90: main (main.c:470)
==743765== 
==743765== 48 bytes in 1 blocks are still reachable in loss record 99 of 245
==743765==    at 0x497D858: malloc (vg_replace_malloc.c:447)
==743765==    by 0x4068FEB: emalloc_real (awk.h:2156)
==743765==    by 0x4068FEB: r_getblock (node.c:1164)
==743765==    by 0x40768D9: str_lookup (str_array.c:214)
==743765==    by 0x407708C: assoc_set (awk.h:2220)
==743765==    by 0x407708C: install (symbol.c:430)
==743765==    by 0x401D146: yyparse (awkgram.y:953)
==743765==    by 0x402073A: parse_program (awkgram.y:2797)
==743765==    by 0x400EAD8: main (main.c:483)
==743765== 
==743765== 48 bytes in 1 blocks are still reachable in loss record 100 of 245
==743765==    at 0x497D858: malloc (vg_replace_malloc.c:447)
==743765==    by 0x4020D1E: emalloc_real (awk.h:2156)
==743765==    by 0x4020D1E: parse_program (awkgram.y:2810)
==743765==    by 0x400EAD8: main (main.c:483)
==743765== 
==743765== 48 bytes in 1 blocks are still reachable in loss record 101 of 245
==743765==    at 0x497D858: malloc (vg_replace_malloc.c:447)
==743765==    by 0x4068FEB: emalloc_real (awk.h:2156)
==743765==    by 0x4068FEB: r_getblock (node.c:1164)
==743765==    by 0x40768D9: str_lookup (str_array.c:214)
==743765==    by 0x4077FEA: load_symbols (symbol.c:664)
==743765==    by 0x400ED85: main (main.c:499)
==743765== 
==743765== 48 bytes in 1 blocks are still reachable in loss record 102 of 245
==743765==    at 0x498507F: realloc (vg_replace_malloc.c:1804)
==743765==    by 0x406FC90: erealloc_real (awk.h:2192)
==743765==    by 0x406FC90: pp_list (profile.c:1823)
==743765==    by 0x4072DB9: pprint (profile.c:719)
==743765==    by 0x4073D78: pp_func (profile.c:2063)
==743765==    by 0x4077E4C: foreach_func (symbol.c:587)
==743765==    by 0x4019382: dump_funcs (awkgram.y:4962)
==743765==    by 0x400EFAA: main (main.c:537)
==743765== 
==743765== 48 bytes in 4 blocks are still reachable in loss record 103 of 245
==743765==    at 0x497D858: malloc (vg_replace_malloc.c:447)
==743765==    by 0x4066564: emalloc_real (awk.h:2156)
==743765==    by 0x4066564: estrdup (main.c:1451)
==743765==    by 0x400D69D: save_argv (main.c:1498)
==743765==    by 0x400D69D: parse_args (main.c:1554)
==743765==    by 0x400D69D: main (main.c:294)
==743765== 
==743765== 48 bytes in 4 blocks are still reachable in loss record 104 of 245
==743765==    at 0x497D858: malloc (vg_replace_malloc.c:447)
==743765==    by 0x4069457: emalloc_real (awk.h:2156)
==743765==    by 0x4069457: make_str_node (node.c:422)
==743765==    by 0x400E9C6: load_procinfo_argv (main.c:991)
==743765==    by 0x400E9C6: load_procinfo (main.c:1093)
==743765==    by 0x400E9C6: init_vars (main.c:878)
==743765==    by 0x400E9C6: main (main.c:403)
==743765== 
==743765== 49 bytes in 14 blocks are still reachable in loss record 105 of 245
==743765==    at 0x497D858: malloc (vg_replace_malloc.c:447)
==743765==    by 0x4069457: emalloc_real (awk.h:2156)
==743765==    by 0x4069457: make_str_node (node.c:422)
==743765==    by 0x400D984: init_vars (main.c:867)
==743765==    by 0x400D984: main (main.c:403)
==743765== 
==743765== 60 bytes in 1 blocks are still reachable in loss record 106 of 245
==743765==    at 0x497D858: malloc (vg_replace_malloc.c:447)
==743765==    by 0x4014E9C: emalloc_real (awk.h:2156)
==743765==    by 0x4014E9C: tokexpand (awkgram.y:3294)
==743765==    by 0x4020FE6: parse_program (awkgram.y:2795)
==743765==    by 0x400EAD8: main (main.c:483)
==743765== 
==743765== 62 bytes in 4 blocks are still reachable in loss record 107 of 245
==743765==    at 0x497D858: malloc (vg_replace_malloc.c:447)
==743765==    by 0x4069457: emalloc_real (awk.h:2156)
==743765==    by 0x4069457: make_str_node (node.c:422)
==743765==    by 0x401787F: get_comment (awkgram.y:3498)
==743765==    by 0x40179D4: allow_newline.constprop.0 (awkgram.y:3520)
==743765==    by 0x401B3FE: yylex (awkgram.y:3822)
==743765==    by 0x401C83C: yyparse (awkgram.c:1879)
==743765==    by 0x402073A: parse_program (awkgram.y:2797)
==743765==    by 0x400EAD8: main (main.c:483)
==743765== 
==743765== 74 bytes in 15 blocks are still reachable in loss record 108 of 245
==743765==    at 0x497D858: malloc (vg_replace_malloc.c:447)
==743765==    by 0x4066564: emalloc_real (awk.h:2156)
==743765==    by 0x4066564: estrdup (main.c:1451)
==743765==    by 0x401B5EC: yylex (awkgram.y:4493)
==743765==    by 0x401C83C: yyparse (awkgram.c:1879)
==743765==    by 0x402073A: parse_program (awkgram.y:2797)
==743765==    by 0x400EAD8: main (main.c:483)
==743765== 
==743765== 80 bytes in 2 blocks are still reachable in loss record 109 of 245
==743765==    at 0x497D858: malloc (vg_replace_malloc.c:447)
==743765==    by 0x4082059: add_char_to_set (charset.c:3407)
==743765==    by 0x4082C22: charset_add_char.part.0 (charset.c:9054)
==743765==    by 0x4086F77: charset_add_char (charset.c:9051)
==743765==    by 0x4086F77: cset_set (minrx.c:928)
==743765==    by 0x4086F77: firstclosure (minrx.c:1841)
==743765==    by 0x4086F77: compile.constprop.0 (minrx.c:1923)
==743765==    by 0x4089B38: minrx_regncomp (minrx.c:2490)
==743765==    by 0x407427D: make_regexp (re.c:355)
==743765==    by 0x40195EB: make_regnode (awkgram.y:5306)
==743765==    by 0x401D996: yyparse (awkgram.y:584)
==743765==    by 0x402073A: parse_program (awkgram.y:2797)
==743765==    by 0x400EAD8: main (main.c:483)
==743765== 
==743765== 88 bytes in 1 blocks are still reachable in loss record 110 of 245
==743765==    at 0x497D858: malloc (vg_replace_malloc.c:447)
==743765==    by 0x4068FEB: emalloc_real (awk.h:2156)
==743765==    by 0x4068FEB: r_getblock (node.c:1164)
==743765==    by 0x40693C1: make_str_node (node.c:406)
==743765==    by 0x400D5C7: main (main.c:278)
==743765== 
==743765== 88 bytes in 1 blocks are still reachable in loss record 111 of 245
==743765==    at 0x497D858: malloc (vg_replace_malloc.c:447)
==743765==    by 0x4068FEB: emalloc_real (awk.h:2156)
==743765==    by 0x4068FEB: r_getblock (node.c:1164)
==743765==    by 0x40772C7: init_the_tables (symbol.c:68)
==743765==    by 0x400D60A: main (main.c:287)
==743765== 
==743765== 88 bytes in 1 blocks are still reachable in loss record 112 of 245
==743765==    at 0x497D858: malloc (vg_replace_malloc.c:447)
==743765==    by 0x4068FEB: emalloc_real (awk.h:2156)
==743765==    by 0x4068FEB: r_getblock (node.c:1164)
==743765==    by 0x4077308: init_the_tables (symbol.c:72)
==743765==    by 0x400D60A: main (main.c:287)
==743765== 
==743765== 88 bytes in 1 blocks are still reachable in loss record 113 of 245
==743765==    at 0x497D858: malloc (vg_replace_malloc.c:447)
==743765==    by 0x4068FEB: emalloc_real (awk.h:2156)
==743765==    by 0x4068FEB: r_getblock (node.c:1164)
==743765==    by 0x40693C1: make_str_node (node.c:406)
==743765==    by 0x4077055: install (symbol.c:399)
==743765==    by 0x4077369: install_symbol (symbol.c:173)
==743765==    by 0x4077369: init_the_tables (symbol.c:77)
==743765==    by 0x400D60A: main (main.c:287)
==743765== 
==743765== 88 bytes in 1 blocks are still reachable in loss record 114 of 245
==743765==    at 0x497D858: malloc (vg_replace_malloc.c:447)
==743765==    by 0x4068FEB: emalloc_real (awk.h:2156)
==743765==    by 0x4068FEB: r_getblock (node.c:1164)
==743765==    by 0x4077133: make_symbol (symbol.c:376)
==743765==    by 0x4077133: install (symbol.c:417)
==743765==    by 0x4077369: install_symbol (symbol.c:173)
==743765==    by 0x4077369: init_the_tables (symbol.c:77)
==743765==    by 0x400D60A: main (main.c:287)
==743765== 
==743765== 88 bytes in 1 blocks are still reachable in loss record 115 of 245
==743765==    at 0x497D858: malloc (vg_replace_malloc.c:447)
==743765==    by 0x4068FEB: emalloc_real (awk.h:2156)
==743765==    by 0x4068FEB: r_getblock (node.c:1164)
==743765==    by 0x40693C1: make_str_node (node.c:406)
==743765==    by 0x4077055: install (symbol.c:399)
==743765==    by 0x4077390: install_symbol (symbol.c:173)
==743765==    by 0x4077390: init_the_tables (symbol.c:78)
==743765==    by 0x400D60A: main (main.c:287)
==743765== 
==743765== 88 bytes in 1 blocks are still reachable in loss record 116 of 245
==743765==    at 0x497D858: malloc (vg_replace_malloc.c:447)
==743765==    by 0x4068FEB: emalloc_real (awk.h:2156)
==743765==    by 0x4068FEB: r_getblock (node.c:1164)
==743765==    by 0x4077133: make_symbol (symbol.c:376)
==743765==    by 0x4077133: install (symbol.c:417)
==743765==    by 0x4077390: install_symbol (symbol.c:173)
==743765==    by 0x4077390: init_the_tables (symbol.c:78)
==743765==    by 0x400D60A: main (main.c:287)
==743765== 
==743765== 88 bytes in 1 blocks are still reachable in loss record 117 of 245
==743765==    at 0x497D858: malloc (vg_replace_malloc.c:447)
==743765==    by 0x4068FEB: emalloc_real (awk.h:2156)
==743765==    by 0x4068FEB: r_getblock (node.c:1164)
==743765==    by 0x40693C1: make_str_node (node.c:406)
==743765==    by 0x4077055: install (symbol.c:399)
==743765==    by 0x400E703: load_procinfo (main.c:1019)
==743765==    by 0x400E703: init_vars (main.c:878)
==743765==    by 0x400E703: main (main.c:403)
==743765== 
==743765== 88 bytes in 1 blocks are still reachable in loss record 118 of 245
==743765==    at 0x497D858: malloc (vg_replace_malloc.c:447)
==743765==    by 0x4068FEB: emalloc_real (awk.h:2156)
==743765==    by 0x4068FEB: r_getblock (node.c:1164)
==743765==    by 0x4077133: make_symbol (symbol.c:376)
==743765==    by 0x4077133: install (symbol.c:417)
==743765==    by 0x400E703: load_procinfo (main.c:1019)
==743765==    by 0x400E703: init_vars (main.c:878)
==743765==    by 0x400E703: main (main.c:403)
==743765== 
==743765== 88 bytes in 1 blocks are still reachable in loss record 119 of 245
==743765==    at 0x497D858: malloc (vg_replace_malloc.c:447)
==743765==    by 0x4068FEB: emalloc_real (awk.h:2156)
==743765==    by 0x4068FEB: r_getblock (node.c:1164)
==743765==    by 0x40693C1: make_str_node (node.c:406)
==743765==    by 0x4054B6F: update_PROCINFO_str.part.0 (field.c:1661)
==743765==    by 0x400E71D: load_procinfo (main.c:1021)
==743765==    by 0x400E71D: init_vars (main.c:878)
==743765==    by 0x400E71D: main (main.c:403)
==743765== 
==743765== 88 bytes in 1 blocks are still reachable in loss record 120 of 245
==743765==    at 0x497D858: malloc (vg_replace_malloc.c:447)
==743765==    by 0x4068FEB: emalloc_real (awk.h:2156)
==743765==    by 0x4068FEB: r_getblock (node.c:1164)
==743765==    by 0x40693C1: make_str_node (node.c:406)
==743765==    by 0x4054B87: update_PROCINFO_str.part.0 (field.c:1662)
==743765==    by 0x400E71D: load_procinfo (main.c:1021)
==743765==    by 0x400E71D: init_vars (main.c:878)
==743765==    by 0x400E71D: main (main.c:403)
==743765== 
==743765== 88 bytes in 1 blocks are still reachable in loss record 121 of 245
==743765==    at 0x497D858: malloc (vg_replace_malloc.c:447)
==743765==    by 0x4068FEB: emalloc_real (awk.h:2156)
==743765==    by 0x4068FEB: r_getblock (node.c:1164)
==743765==    by 0x40693C1: make_str_node (node.c:406)
==743765==    by 0x4054B6F: update_PROCINFO_str.part.0 (field.c:1661)
==743765==    by 0x400E730: load_procinfo (main.c:1022)
==743765==    by 0x400E730: init_vars (main.c:878)
==743765==    by 0x400E730: main (main.c:403)
==743765== 
==743765== 88 bytes in 1 blocks are still reachable in loss record 122 of 245
==743765==    at 0x497D858: malloc (vg_replace_malloc.c:447)
==743765==    by 0x4068FEB: emalloc_real (awk.h:2156)
==743765==    by 0x4068FEB: r_getblock (node.c:1164)
==743765==    by 0x40693C1: make_str_node (node.c:406)
==743765==    by 0x4054B87: update_PROCINFO_str.part.0 (field.c:1662)
==743765==    by 0x400E730: load_procinfo (main.c:1022)
==743765==    by 0x400E730: init_vars (main.c:878)
==743765==    by 0x400E730: main (main.c:403)
==743765== 
==743765== 88 bytes in 1 blocks are still reachable in loss record 123 of 245
==743765==    at 0x497D858: malloc (vg_replace_malloc.c:447)
==743765==    by 0x4068FEB: emalloc_real (awk.h:2156)
==743765==    by 0x4068FEB: r_getblock (node.c:1164)
==743765==    by 0x40693C1: make_str_node (node.c:406)
==743765==    by 0x4054B6F: update_PROCINFO_str.part.0 (field.c:1661)
==743765==    by 0x400E743: load_procinfo (main.c:1023)
==743765==    by 0x400E743: init_vars (main.c:878)
==743765==    by 0x400E743: main (main.c:403)
==743765== 
==743765== 88 bytes in 1 blocks are still reachable in loss record 124 of 245
==743765==    at 0x497D858: malloc (vg_replace_malloc.c:447)
==743765==    by 0x4068FEB: emalloc_real (awk.h:2156)
==743765==    by 0x4068FEB: r_getblock (node.c:1164)
==743765==    by 0x40693C1: make_str_node (node.c:406)
==743765==    by 0x4054B87: update_PROCINFO_str.part.0 (field.c:1662)
==743765==    by 0x400E743: load_procinfo (main.c:1023)
==743765==    by 0x400E743: init_vars (main.c:878)
==743765==    by 0x400E743: main (main.c:403)
==743765== 
==743765== 88 bytes in 1 blocks are still reachable in loss record 125 of 245
==743765==    at 0x497D858: malloc (vg_replace_malloc.c:447)
==743765==    by 0x4068FEB: emalloc_real (awk.h:2156)
==743765==    by 0x4068FEB: r_getblock (node.c:1164)
==743765==    by 0x40693C1: make_str_node (node.c:406)
==743765==    by 0x4058004: update_PROCINFO_num (field.c:1674)
==743765==    by 0x400E757: load_procinfo (main.c:1035)
==743765==    by 0x400E757: init_vars (main.c:878)
==743765==    by 0x400E757: main (main.c:403)
==743765== 
==743765== 88 bytes in 1 blocks are still reachable in loss record 126 of 245
==743765==    at 0x497D858: malloc (vg_replace_malloc.c:447)
==743765==    by 0x4068FEB: emalloc_real (awk.h:2156)
==743765==    by 0x4068FEB: r_getblock (node.c:1164)
==743765==    by 0x4069930: make_number_node (awk.h:2206)
==743765==    by 0x4069930: r_make_number (node.c:369)
==743765==    by 0x4058013: update_PROCINFO_num (field.c:1675)
==743765==    by 0x400E757: load_procinfo (main.c:1035)
==743765==    by 0x400E757: init_vars (main.c:878)
==743765==    by 0x400E757: main (main.c:403)
==743765== 
==743765== 88 bytes in 1 blocks are still reachable in loss record 127 of 245
==743765==    at 0x497D858: malloc (vg_replace_malloc.c:447)
==743765==    by 0x4068FEB: emalloc_real (awk.h:2156)
==743765==    by 0x4068FEB: r_getblock (node.c:1164)
==743765==    by 0x40693C1: make_str_node (node.c:406)
==743765==    by 0x4058004: update_PROCINFO_num (field.c:1674)
==743765==    by 0x400E76B: load_procinfo (main.c:1036)
==743765==    by 0x400E76B: init_vars (main.c:878)
==743765==    by 0x400E76B: main (main.c:403)
==743765== 
==743765== 88 bytes in 1 blocks are still reachable in loss record 128 of 245
==743765==    at 0x497D858: malloc (vg_replace_malloc.c:447)
==743765==    by 0x4068FEB: emalloc_real (awk.h:2156)
==743765==    by 0x4068FEB: r_getblock (node.c:1164)
==743765==    by 0x4069930: make_number_node (awk.h:2206)
==743765==    by 0x4069930: r_make_number (node.c:369)
==743765==    by 0x4058013: update_PROCINFO_num (field.c:1675)
==743765==    by 0x400E76B: load_procinfo (main.c:1036)
==743765==    by 0x400E76B: init_vars (main.c:878)
==743765==    by 0x400E76B: main (main.c:403)
==743765== 
==743765== 88 bytes in 1 blocks are still reachable in loss record 129 of 245
==743765==    at 0x497D858: malloc (vg_replace_malloc.c:447)
==743765==    by 0x4068FEB: emalloc_real (awk.h:2156)
==743765==    by 0x4068FEB: r_getblock (node.c:1164)
==743765==    by 0x40693C1: make_str_node (node.c:406)
==743765==    by 0x4058004: update_PROCINFO_num (field.c:1674)
==743765==    by 0x400E784: load_procinfo (main.c:1046)
==743765==    by 0x400E784: init_vars (main.c:878)
==743765==    by 0x400E784: main (main.c:403)
==743765== 
==743765== 88 bytes in 1 blocks are still reachable in loss record 130 of 245
==743765==    at 0x497D858: malloc (vg_replace_malloc.c:447)
==743765==    by 0x4068FEB: emalloc_real (awk.h:2156)
==743765==    by 0x4068FEB: r_getblock (node.c:1164)
==743765==    by 0x4069930: make_number_node (awk.h:2206)
==743765==    by 0x4069930: r_make_number (node.c:369)
==743765==    by 0x4058013: update_PROCINFO_num (field.c:1675)
==743765==    by 0x400E784: load_procinfo (main.c:1046)
==743765==    by 0x400E784: init_vars (main.c:878)
==743765==    by 0x400E784: main (main.c:403)
==743765== 
==743765== 88 bytes in 1 blocks are still reachable in loss record 131 of 245
==743765==    at 0x497D858: malloc (vg_replace_malloc.c:447)
==743765==    by 0x4068FEB: emalloc_real (awk.h:2156)
==743765==    by 0x4068FEB: r_getblock (node.c:1164)
==743765==    by 0x40693C1: make_str_node (node.c:406)
==743765==    by 0x4058004: update_PROCINFO_num (field.c:1674)
==743765==    by 0x400E79D: load_procinfo (main.c:1055)
==743765==    by 0x400E79D: init_vars (main.c:878)
==743765==    by 0x400E79D: main (main.c:403)
==743765== 
==743765== 88 bytes in 1 blocks are still reachable in loss record 132 of 245
==743765==    at 0x497D858: malloc (vg_replace_malloc.c:447)
==743765==    by 0x4068FEB: emalloc_real (awk.h:2156)
==743765==    by 0x4068FEB: r_getblock (node.c:1164)
==743765==    by 0x4069930: make_number_node (awk.h:2206)
==743765==    by 0x4069930: r_make_number (node.c:369)
==743765==    by 0x4058013: update_PROCINFO_num (field.c:1675)
==743765==    by 0x400E79D: load_procinfo (main.c:1055)
==743765==    by 0x400E79D: init_vars (main.c:878)
==743765==    by 0x400E79D: main (main.c:403)
==743765== 
==743765== 88 bytes in 1 blocks are still reachable in loss record 133 of 245
==743765==    at 0x497D858: malloc (vg_replace_malloc.c:447)
==743765==    by 0x4068FEB: emalloc_real (awk.h:2156)
==743765==    by 0x4068FEB: r_getblock (node.c:1164)
==743765==    by 0x40693C1: make_str_node (node.c:406)
==743765==    by 0x4058004: update_PROCINFO_num (field.c:1674)
==743765==    by 0x400E7B6: load_procinfo (main.c:1058)
==743765==    by 0x400E7B6: init_vars (main.c:878)
==743765==    by 0x400E7B6: main (main.c:403)
==743765== 
==743765== 88 bytes in 1 blocks are still reachable in loss record 134 of 245
==743765==    at 0x497D858: malloc (vg_replace_malloc.c:447)
==743765==    by 0x4068FEB: emalloc_real (awk.h:2156)
==743765==    by 0x4068FEB: r_getblock (node.c:1164)
==743765==    by 0x4069930: make_number_node (awk.h:2206)
==743765==    by 0x4069930: r_make_number (node.c:369)
==743765==    by 0x4058013: update_PROCINFO_num (field.c:1675)
==743765==    by 0x400E7B6: load_procinfo (main.c:1058)
==743765==    by 0x400E7B6: init_vars (main.c:878)
==743765==    by 0x400E7B6: main (main.c:403)
==743765== 
==743765== 88 bytes in 1 blocks are still reachable in loss record 135 of 245
==743765==    at 0x497D858: malloc (vg_replace_malloc.c:447)
==743765==    by 0x4068FEB: emalloc_real (awk.h:2156)
==743765==    by 0x4068FEB: r_getblock (node.c:1164)
==743765==    by 0x40693C1: make_str_node (node.c:406)
==743765==    by 0x4058004: update_PROCINFO_num (field.c:1674)
==743765==    by 0x400E7D2: load_procinfo (main.c:1061)
==743765==    by 0x400E7D2: init_vars (main.c:878)
==743765==    by 0x400E7D2: main (main.c:403)
==743765== 
==743765== 88 bytes in 1 blocks are still reachable in loss record 136 of 245
==743765==    at 0x497D858: malloc (vg_replace_malloc.c:447)
==743765==    by 0x4068FEB: emalloc_real (awk.h:2156)
==743765==    by 0x4068FEB: r_getblock (node.c:1164)
==743765==    by 0x4069930: make_number_node (awk.h:2206)
==743765==    by 0x4069930: r_make_number (node.c:369)
==743765==    by 0x4058013: update_PROCINFO_num (field.c:1675)
==743765==    by 0x400E7D2: load_procinfo (main.c:1061)
==743765==    by 0x400E7D2: init_vars (main.c:878)
==743765==    by 0x400E7D2: main (main.c:403)
==743765== 
==743765== 88 bytes in 1 blocks are still reachable in loss record 137 of 245
==743765==    at 0x497D858: malloc (vg_replace_malloc.c:447)
==743765==    by 0x4068FEB: emalloc_real (awk.h:2156)
==743765==    by 0x4068FEB: r_getblock (node.c:1164)
==743765==    by 0x40693C1: make_str_node (node.c:406)
==743765==    by 0x4058004: update_PROCINFO_num (field.c:1674)
==743765==    by 0x400E7EE: load_procinfo (main.c:1064)
==743765==    by 0x400E7EE: init_vars (main.c:878)
==743765==    by 0x400E7EE: main (main.c:403)
==743765== 
==743765== 88 bytes in 1 blocks are still reachable in loss record 138 of 245
==743765==    at 0x497D858: malloc (vg_replace_malloc.c:447)
==743765==    by 0x4068FEB: emalloc_real (awk.h:2156)
==743765==    by 0x4068FEB: r_getblock (node.c:1164)
==743765==    by 0x4069930: make_number_node (awk.h:2206)
==743765==    by 0x4069930: r_make_number (node.c:369)
==743765==    by 0x4058013: update_PROCINFO_num (field.c:1675)
==743765==    by 0x400E7EE: load_procinfo (main.c:1064)
==743765==    by 0x400E7EE: init_vars (main.c:878)
==743765==    by 0x400E7EE: main (main.c:403)
==743765== 
==743765== 88 bytes in 1 blocks are still reachable in loss record 139 of 245
==743765==    at 0x497D858: malloc (vg_replace_malloc.c:447)
==743765==    by 0x4068FEB: emalloc_real (awk.h:2156)
==743765==    by 0x4068FEB: r_getblock (node.c:1164)
==743765==    by 0x40693C1: make_str_node (node.c:406)
==743765==    by 0x4058004: update_PROCINFO_num (field.c:1674)
==743765==    by 0x400E80A: load_procinfo (main.c:1067)
==743765==    by 0x400E80A: init_vars (main.c:878)
==743765==    by 0x400E80A: main (main.c:403)
==743765== 
==743765== 88 bytes in 1 blocks are still reachable in loss record 140 of 245
==743765==    at 0x497D858: malloc (vg_replace_malloc.c:447)
==743765==    by 0x4068FEB: emalloc_real (awk.h:2156)
==743765==    by 0x4068FEB: r_getblock (node.c:1164)
==743765==    by 0x4069930: make_number_node (awk.h:2206)
==743765==    by 0x4069930: r_make_number (node.c:369)
==743765==    by 0x4058013: update_PROCINFO_num (field.c:1675)
==743765==    by 0x400E80A: load_procinfo (main.c:1067)
==743765==    by 0x400E80A: init_vars (main.c:878)
==743765==    by 0x400E80A: main (main.c:403)
==743765== 
==743765== 88 bytes in 1 blocks are still reachable in loss record 141 of 245
==743765==    at 0x497D858: malloc (vg_replace_malloc.c:447)
==743765==    by 0x4068FEB: emalloc_real (awk.h:2156)
==743765==    by 0x4068FEB: r_getblock (node.c:1164)
==743765==    by 0x40693C1: make_str_node (node.c:406)
==743765==    by 0x4058004: update_PROCINFO_num (field.c:1674)
==743765==    by 0x400E826: load_procinfo (main.c:1070)
==743765==    by 0x400E826: init_vars (main.c:878)
==743765==    by 0x400E826: main (main.c:403)
==743765== 
==743765== 88 bytes in 1 blocks are still reachable in loss record 142 of 245
==743765==    at 0x497D858: malloc (vg_replace_malloc.c:447)
==743765==    by 0x4068FEB: emalloc_real (awk.h:2156)
==743765==    by 0x4068FEB: r_getblock (node.c:1164)
==743765==    by 0x4069930: make_number_node (awk.h:2206)
==743765==    by 0x4069930: r_make_number (node.c:369)
==743765==    by 0x4058013: update_PROCINFO_num (field.c:1675)
==743765==    by 0x400E826: load_procinfo (main.c:1070)
==743765==    by 0x400E826: init_vars (main.c:878)
==743765==    by 0x400E826: main (main.c:403)
==743765== 
==743765== 88 bytes in 1 blocks are still reachable in loss record 143 of 245
==743765==    at 0x497D858: malloc (vg_replace_malloc.c:447)
==743765==    by 0x4068FEB: emalloc_real (awk.h:2156)
==743765==    by 0x4068FEB: r_getblock (node.c:1164)
==743765==    by 0x40693C1: make_str_node (node.c:406)
==743765==    by 0x4054B6F: update_PROCINFO_str.part.0 (field.c:1661)
==743765==    by 0x400E83A: load_procinfo (main.c:1072)
==743765==    by 0x400E83A: init_vars (main.c:878)
==743765==    by 0x400E83A: main (main.c:403)
==743765== 
==743765== 88 bytes in 1 blocks are still reachable in loss record 144 of 245
==743765==    at 0x497D858: malloc (vg_replace_malloc.c:447)
==743765==    by 0x4068FEB: emalloc_real (awk.h:2156)
==743765==    by 0x4068FEB: r_getblock (node.c:1164)
==743765==    by 0x40693C1: make_str_node (node.c:406)
==743765==    by 0x4054B87: update_PROCINFO_str.part.0 (field.c:1662)
==743765==    by 0x400E83A: load_procinfo (main.c:1072)
==743765==    by 0x400E83A: init_vars (main.c:878)
==743765==    by 0x400E83A: main (main.c:403)
==743765== 
==743765== 88 bytes in 1 blocks are still reachable in loss record 145 of 245
==743765==    at 0x497D858: malloc (vg_replace_malloc.c:447)
==743765==    by 0x4068FEB: emalloc_real (awk.h:2156)
==743765==    by 0x4068FEB: r_getblock (node.c:1164)
==743765==    by 0x40693C1: make_str_node (node.c:406)
==743765==    by 0x4054B6F: update_PROCINFO_str.part.0 (field.c:1661)
==743765==    by 0x400E8D2: load_procinfo (main.c:1087)
==743765==    by 0x400E8D2: init_vars (main.c:878)
==743765==    by 0x400E8D2: main (main.c:403)
==743765== 
==743765== 88 bytes in 1 blocks are still reachable in loss record 146 of 245
==743765==    at 0x497D858: malloc (vg_replace_malloc.c:447)
==743765==    by 0x4068FEB: emalloc_real (awk.h:2156)
==743765==    by 0x4068FEB: r_getblock (node.c:1164)
==743765==    by 0x40693C1: make_str_node (node.c:406)
==743765==    by 0x4054B87: update_PROCINFO_str.part.0 (field.c:1662)
==743765==    by 0x400E8D2: load_procinfo (main.c:1087)
==743765==    by 0x400E8D2: init_vars (main.c:878)
==743765==    by 0x400E8D2: main (main.c:403)
==743765== 
==743765== 88 bytes in 1 blocks are still reachable in loss record 147 of 245
==743765==    at 0x497D858: malloc (vg_replace_malloc.c:447)
==743765==    by 0x4068FEB: emalloc_real (awk.h:2156)
==743765==    by 0x4068FEB: r_getblock (node.c:1164)
==743765==    by 0x400E8E9: load_procinfo_argv (main.c:984)
==743765==    by 0x400E8E9: load_procinfo (main.c:1093)
==743765==    by 0x400E8E9: init_vars (main.c:878)
==743765==    by 0x400E8E9: main (main.c:403)
==743765== 
==743765== 88 bytes in 1 blocks are still reachable in loss record 148 of 245
==743765==    at 0x497D858: malloc (vg_replace_malloc.c:447)
==743765==    by 0x4068FEB: emalloc_real (awk.h:2156)
==743765==    by 0x4068FEB: r_getblock (node.c:1164)
==743765==    by 0x40348D2: make_node (cint_array.c:731)
==743765==    by 0x40348D2: cint_lookup (cint_array.c:256)
==743765==    by 0x400E9D6: assoc_set (awk.h:2220)
==743765==    by 0x400E9D6: load_procinfo_argv (main.c:992)
==743765==    by 0x400E9D6: load_procinfo (main.c:1093)
==743765==    by 0x400E9D6: init_vars (main.c:878)
==743765==    by 0x400E9D6: main (main.c:403)
==743765== 
==743765== 88 bytes in 1 blocks are still reachable in loss record 149 of 245
==743765==    at 0x497D858: malloc (vg_replace_malloc.c:447)
==743765==    by 0x4068FEB: emalloc_real (awk.h:2156)
==743765==    by 0x4068FEB: r_getblock (node.c:1164)
==743765==    by 0x40344E7: make_node (cint_array.c:731)
==743765==    by 0x40344E7: tree_lookup (cint_array.c:796)
==743765==    by 0x400E9D6: assoc_set (awk.h:2220)
==743765==    by 0x400E9D6: load_procinfo_argv (main.c:992)
==743765==    by 0x400E9D6: load_procinfo (main.c:1093)
==743765==    by 0x400E9D6: init_vars (main.c:878)
==743765==    by 0x400E9D6: main (main.c:403)
==743765== 
==743765== 88 bytes in 1 blocks are still reachable in loss record 150 of 245
==743765==    at 0x497D858: malloc (vg_replace_malloc.c:447)
==743765==    by 0x4068FEB: emalloc_real (awk.h:2156)
==743765==    by 0x4068FEB: r_getblock (node.c:1164)
==743765==    by 0x40693C1: make_str_node (node.c:406)
==743765==    by 0x400EC1B: load_procinfo_argv (main.c:996)
==743765==    by 0x400EC1B: load_procinfo (main.c:1093)
==743765==    by 0x400EC1B: init_vars (main.c:878)
==743765==    by 0x400EC1B: main (main.c:403)
==743765== 
==743765== 88 bytes in 1 blocks are still reachable in loss record 151 of 245
==743765==    at 0x497D858: malloc (vg_replace_malloc.c:447)
==743765==    by 0x4068FEB: emalloc_real (awk.h:2156)
==743765==    by 0x4068FEB: r_getblock (node.c:1164)
==743765==    by 0x40693C1: make_str_node (node.c:406)
==743765==    by 0x4077055: install (symbol.c:399)
==743765==    by 0x400E038: load_environ (main.c:930)
==743765==    by 0x400E038: init_vars (main.c:879)
==743765==    by 0x400E038: main (main.c:403)
==743765== 
==743765== 88 bytes in 1 blocks are still reachable in loss record 152 of 245
==743765==    at 0x497D858: malloc (vg_replace_malloc.c:447)
==743765==    by 0x4068FEB: emalloc_real (awk.h:2156)
==743765==    by 0x4068FEB: r_getblock (node.c:1164)
==743765==    by 0x4077133: make_symbol (symbol.c:376)
==743765==    by 0x4077133: install (symbol.c:417)
==743765==    by 0x400E038: load_environ (main.c:930)
==743765==    by 0x400E038: init_vars (main.c:879)
==743765==    by 0x400E038: main (main.c:403)
==743765== 
==743765== 88 bytes in 1 blocks are still reachable in loss record 153 of 245
==743765==    at 0x497D858: malloc (vg_replace_malloc.c:447)
==743765==    by 0x4068FEB: emalloc_real (awk.h:2156)
==743765==    by 0x4068FEB: r_getblock (node.c:1164)
==743765==    by 0x40693C1: make_str_node (node.c:406)
==743765==    by 0x4055395: init_fields (field.c:105)
==743765==    by 0x400E1A4: main (main.c:410)
==743765== 
==743765== 88 bytes in 1 blocks are still reachable in loss record 154 of 245
==743765==    at 0x497D858: malloc (vg_replace_malloc.c:447)
==743765==    by 0x4068FEB: emalloc_real (awk.h:2156)
==743765==    by 0x4068FEB: r_getblock (node.c:1164)
==743765==    by 0x40693C1: make_str_node (node.c:406)
==743765==    by 0x40553E0: init_fields (field.c:111)
==743765==    by 0x400E1A4: main (main.c:410)
==743765== 
==743765== 88 bytes in 1 blocks are still reachable in loss record 155 of 245
==743765==    at 0x497D858: malloc (vg_replace_malloc.c:447)
==743765==    by 0x4068FEB: emalloc_real (awk.h:2156)
==743765==    by 0x4068FEB: r_getblock (node.c:1164)
==743765==    by 0x4048A91: init_interpret (eval.c:1902)
==743765==    by 0x400E3D5: main (main.c:468)
==743765== 
==743765== 88 bytes in 1 blocks are still reachable in loss record 156 of 245
==743765==    at 0x497D858: malloc (vg_replace_malloc.c:447)
==743765==    by 0x4068FEB: emalloc_real (awk.h:2156)
==743765==    by 0x4068FEB: r_getblock (node.c:1164)
==743765==    by 0x4069930: make_number_node (awk.h:2206)
==743765==    by 0x4069930: r_make_number (node.c:369)
==743765==    by 0x4048AE5: init_interpret (eval.c:1910)
==743765==    by 0x400E3D5: main (main.c:468)
==743765== 
==743765== 88 bytes in 1 blocks are still reachable in loss record 157 of 245
==743765==    at 0x497D858: malloc (vg_replace_malloc.c:447)
==743765==    by 0x4068FEB: emalloc_real (awk.h:2156)
==743765==    by 0x4068FEB: r_getblock (node.c:1164)
==743765==    by 0x4069930: make_number_node (awk.h:2206)
==743765==    by 0x4069930: r_make_number (node.c:369)
==743765==    by 0x4048AFA: init_interpret (eval.c:1911)
==743765==    by 0x400E3D5: main (main.c:468)
==743765== 
==743765== 88 bytes in 1 blocks are still reachable in loss record 158 of 245
==743765==    at 0x497D858: malloc (vg_replace_malloc.c:447)
==743765==    by 0x4068FEB: emalloc_real (awk.h:2156)
==743765==    by 0x4068FEB: r_getblock (node.c:1164)
==743765==    by 0x40693C1: make_str_node (node.c:406)
==743765==    by 0x4077055: install (symbol.c:399)
==743765==    by 0x400E414: init_args (main.c:764)
==743765==    by 0x400E414: main (main.c:470)
==743765== 
==743765== 88 bytes in 1 blocks are still reachable in loss record 159 of 245
==743765==    at 0x497D858: malloc (vg_replace_malloc.c:447)
==743765==    by 0x4068FEB: emalloc_real (awk.h:2156)
==743765==    by 0x4068FEB: r_getblock (node.c:1164)
==743765==    by 0x4077133: make_symbol (symbol.c:376)
==743765==    by 0x4077133: install (symbol.c:417)
==743765==    by 0x400E414: init_args (main.c:764)
==743765==    by 0x400E414: main (main.c:470)
==743765== 
==743765== 88 bytes in 1 blocks are still reachable in loss record 160 of 245
==743765==    at 0x497D858: malloc (vg_replace_malloc.c:447)
==743765==    by 0x4068FEB: emalloc_real (awk.h:2156)
==743765==    by 0x4068FEB: r_getblock (node.c:1164)
==743765==    by 0x40693C1: make_str_node (node.c:406)
==743765==    by 0x400E43D: init_args (main.c:766)
==743765==    by 0x400E43D: main (main.c:470)
==743765== 
==743765== 88 bytes in 1 blocks are still reachable in loss record 161 of 245
==743765==    at 0x497D858: malloc (vg_replace_malloc.c:447)
==743765==    by 0x4068FEB: emalloc_real (awk.h:2156)
==743765==    by 0x4068FEB: r_getblock (node.c:1164)
==743765==    by 0x40348D2: make_node (cint_array.c:731)
==743765==    by 0x40348D2: cint_lookup (cint_array.c:256)
==743765==    by 0x40662E6: assoc_set (awk.h:2220)
==743765==    by 0x400E453: init_args (main.c:768)
==743765==    by 0x400E453: main (main.c:470)
==743765== 
==743765== 88 bytes in 1 blocks are still reachable in loss record 162 of 245
==743765==    at 0x497D858: malloc (vg_replace_malloc.c:447)
==743765==    by 0x4068FEB: emalloc_real (awk.h:2156)
==743765==    by 0x4068FEB: r_getblock (node.c:1164)
==743765==    by 0x40344E7: make_node (cint_array.c:731)
==743765==    by 0x40344E7: tree_lookup (cint_array.c:796)
==743765==    by 0x40662E6: assoc_set (awk.h:2220)
==743765==    by 0x400E453: init_args (main.c:768)
==743765==    by 0x400E453: main (main.c:470)
==743765== 
==743765== 88 bytes in 1 blocks are still reachable in loss record 163 of 245
==743765==    at 0x497D858: malloc (vg_replace_malloc.c:447)
==743765==    by 0x4068FEB: emalloc_real (awk.h:2156)
==743765==    by 0x4068FEB: r_getblock (node.c:1164)
==743765==    by 0x40693C1: make_str_node (node.c:406)
==743765==    by 0x4077055: install (symbol.c:399)
==743765==    by 0x400EA90: init_args (main.c:791)
==743765==    by 0x400EA90: main (main.c:470)
==743765== 
==743765== 88 bytes in 1 blocks are still reachable in loss record 164 of 245
==743765==    at 0x497D858: malloc (vg_replace_malloc.c:447)
==743765==    by 0x4068FEB: emalloc_real (awk.h:2156)
==743765==    by 0x4068FEB: r_getblock (node.c:1164)
==743765==    by 0x4077133: make_symbol (symbol.c:376)
==743765==    by 0x4077133: install (symbol.c:417)
==743765==    by 0x400EA90: init_args (main.c:791)
==743765==    by 0x400EA90: main (main.c:470)
==743765== 
==743765== 88 bytes in 1 blocks are still reachable in loss record 165 of 245
==743765==    at 0x497D858: malloc (vg_replace_malloc.c:447)
==743765==    by 0x4068FEB: emalloc_real (awk.h:2156)
==743765==    by 0x4068FEB: r_getblock (node.c:1164)
==743765==    by 0x4069930: make_number_node (awk.h:2206)
==743765==    by 0x4069930: r_make_number (node.c:369)
==743765==    by 0x400EAA8: init_args (main.c:792)
==743765==    by 0x400EAA8: main (main.c:470)
==743765== 
==743765== 88 bytes in 1 blocks are still reachable in loss record 166 of 245
==743765==    at 0x497D858: malloc (vg_replace_malloc.c:447)
==743765==    by 0x4068FEB: emalloc_real (awk.h:2156)
==743765==    by 0x4068FEB: r_getblock (node.c:1164)
==743765==    by 0x40693C1: make_str_node (node.c:406)
==743765==    by 0x4077055: install (symbol.c:399)
==743765==    by 0x401D146: yyparse (awkgram.y:953)
==743765==    by 0x402073A: parse_program (awkgram.y:2797)
==743765==    by 0x400EAD8: main (main.c:483)
==743765== 
==743765== 88 bytes in 1 blocks are still reachable in loss record 167 of 245
==743765==    at 0x497D858: malloc (vg_replace_malloc.c:447)
==743765==    by 0x4068FEB: emalloc_real (awk.h:2156)
==743765==    by 0x4068FEB: r_getblock (node.c:1164)
==743765==    by 0x4077133: make_symbol (symbol.c:376)
==743765==    by 0x4077133: install (symbol.c:417)
==743765==    by 0x401D146: yyparse (awkgram.y:953)
==743765==    by 0x402073A: parse_program (awkgram.y:2797)
==743765==    by 0x400EAD8: main (main.c:483)
==743765== 
==743765== 88 bytes in 1 blocks are still reachable in loss record 168 of 245
==743765==    at 0x497D858: malloc (vg_replace_malloc.c:447)
==743765==    by 0x4068FEB: emalloc_real (awk.h:2156)
==743765==    by 0x4068FEB: r_getblock (node.c:1164)
==743765==    by 0x40693C1: make_str_node (node.c:406)
==743765==    by 0x401787F: get_comment (awkgram.y:3498)
==743765==    by 0x40179D4: allow_newline.constprop.0 (awkgram.y:3520)
==743765==    by 0x401B65B: yylex (awkgram.y:4265)
==743765==    by 0x401C83C: yyparse (awkgram.c:1879)
==743765==    by 0x402073A: parse_program (awkgram.y:2797)
==743765==    by 0x400EAD8: main (main.c:483)
==743765== 
==743765== 88 bytes in 1 blocks are still reachable in loss record 169 of 245
==743765==    at 0x497D858: malloc (vg_replace_malloc.c:447)
==743765==    by 0x4068FEB: emalloc_real (awk.h:2156)
==743765==    by 0x4068FEB: r_getblock (node.c:1164)
==743765==    by 0x40693C1: make_str_node (node.c:406)
==743765==    by 0x401787F: get_comment (awkgram.y:3498)
==743765==    by 0x40179D4: allow_newline.constprop.0 (awkgram.y:3520)
==743765==    by 0x401BD34: yylex (awkgram.y:4278)
==743765==    by 0x401C83C: yyparse (awkgram.c:1879)
==743765==    by 0x402073A: parse_program (awkgram.y:2797)
==743765==    by 0x400EAD8: main (main.c:483)
==743765== 
==743765== 88 bytes in 1 blocks are still reachable in loss record 170 of 245
==743765==    at 0x497D858: malloc (vg_replace_malloc.c:447)
==743765==    by 0x4068FEB: emalloc_real (awk.h:2156)
==743765==    by 0x4068FEB: r_getblock (node.c:1164)
==743765==    by 0x40693C1: make_str_node (node.c:406)
==743765==    by 0x4077FD7: load_symbols (symbol.c:663)
==743765==    by 0x400ED85: main (main.c:499)
==743765== 
==743765== 88 bytes in 1 blocks are still reachable in loss record 171 of 245
==743765==    at 0x497D858: malloc (vg_replace_malloc.c:447)
==743765==    by 0x4068FEB: emalloc_real (awk.h:2156)
==743765==    by 0x4068FEB: r_getblock (node.c:1164)
==743765==    by 0x4077FF4: load_symbols (symbol.c:666)
==743765==    by 0x400ED85: main (main.c:499)
==743765== 
==743765== 88 bytes in 1 blocks are still reachable in loss record 172 of 245
==743765==    at 0x497D858: malloc (vg_replace_malloc.c:447)
==743765==    by 0x4068FEB: emalloc_real (awk.h:2156)
==743765==    by 0x4068FEB: r_getblock (node.c:1164)
==743765==    by 0x40693C1: make_str_node (node.c:406)
==743765==    by 0x40780AA: load_symbols (symbol.c:677)
==743765==    by 0x400ED85: main (main.c:499)
==743765== 
==743765== 88 bytes in 1 blocks are still reachable in loss record 173 of 245
==743765==    at 0x497D858: malloc (vg_replace_malloc.c:447)
==743765==    by 0x4068FEB: emalloc_real (awk.h:2156)
==743765==    by 0x4068FEB: r_getblock (node.c:1164)
==743765==    by 0x40693C1: make_str_node (node.c:406)
==743765==    by 0x40780DA: load_symbols (symbol.c:679)
==743765==    by 0x400ED85: main (main.c:499)
==743765== 
==743765== 88 bytes in 1 blocks are still reachable in loss record 174 of 245
==743765==    at 0x497D858: malloc (vg_replace_malloc.c:447)
==743765==    by 0x4068FEB: emalloc_real (awk.h:2156)
==743765==    by 0x4068FEB: r_getblock (node.c:1164)
==743765==    by 0x40693C1: make_str_node (node.c:406)
==743765==    by 0x40780F2: load_symbols (symbol.c:680)
==743765==    by 0x400ED85: main (main.c:499)
==743765== 
==743765== 88 bytes in 1 blocks are still reachable in loss record 175 of 245
==743765==    at 0x497D858: malloc (vg_replace_malloc.c:447)
==743765==    by 0x4068FEB: emalloc_real (awk.h:2156)
==743765==    by 0x4068FEB: r_getblock (node.c:1164)
==743765==    by 0x40693C1: make_str_node (node.c:406)
==743765==    by 0x407810A: load_symbols (symbol.c:681)
==743765==    by 0x400ED85: main (main.c:499)
==743765== 
==743765== 88 bytes in 1 blocks are still reachable in loss record 176 of 245
==743765==    at 0x497D858: malloc (vg_replace_malloc.c:447)
==743765==    by 0x4068FEB: emalloc_real (awk.h:2156)
==743765==    by 0x4068FEB: r_getblock (node.c:1164)
==743765==    by 0x40693C1: make_str_node (node.c:406)
==743765==    by 0x4078122: load_symbols (symbol.c:682)
==743765==    by 0x400ED85: main (main.c:499)
==743765== 
==743765== 104 bytes in 1 blocks are still reachable in loss record 177 of 245
==743765==    at 0x4984E43: calloc (vg_replace_malloc.c:1678)
==743765==    by 0x4075D54: ezalloc_real (awk.h:2174)
==743765==    by 0x4075D54: grow_table (str_array.c:682)
==743765==    by 0x407693C: str_lookup (str_array.c:150)
==743765==    by 0x407708C: assoc_set (awk.h:2220)
==743765==    by 0x407708C: install (symbol.c:430)
==743765==    by 0x4077369: install_symbol (symbol.c:173)
==743765==    by 0x4077369: init_the_tables (symbol.c:77)
==743765==    by 0x400D60A: main (main.c:287)
==743765== 
==743765== 104 bytes in 1 blocks are still reachable in loss record 178 of 245
==743765==    at 0x4984E43: calloc (vg_replace_malloc.c:1678)
==743765==    by 0x4075D54: ezalloc_real (awk.h:2174)
==743765==    by 0x4075D54: grow_table (str_array.c:682)
==743765==    by 0x407693C: str_lookup (str_array.c:150)
==743765==    by 0x407708C: assoc_set (awk.h:2220)
==743765==    by 0x407708C: install (symbol.c:430)
==743765==    by 0x400DA01: init_vars (main.c:865)
==743765==    by 0x400DA01: main (main.c:403)
==743765== 
==743765== 104 bytes in 1 blocks are still reachable in loss record 179 of 245
==743765==    at 0x4984E43: calloc (vg_replace_malloc.c:1678)
==743765==    by 0x4075D54: ezalloc_real (awk.h:2174)
==743765==    by 0x4075D54: grow_table (str_array.c:682)
==743765==    by 0x407693C: str_lookup (str_array.c:150)
==743765==    by 0x4054B9E: assoc_set (awk.h:2220)
==743765==    by 0x4054B9E: update_PROCINFO_str.part.0 (field.c:1662)
==743765==    by 0x400E71D: load_procinfo (main.c:1021)
==743765==    by 0x400E71D: init_vars (main.c:878)
==743765==    by 0x400E71D: main (main.c:403)
==743765== 
==743765== 104 bytes in 1 blocks are still reachable in loss record 180 of 245
==743765==    at 0x4984E43: calloc (vg_replace_malloc.c:1678)
==743765==    by 0x4075D54: ezalloc_real (awk.h:2174)
==743765==    by 0x4075D54: grow_table (str_array.c:682)
==743765==    by 0x407693C: str_lookup (str_array.c:150)
==743765==    by 0x400E127: assoc_set (awk.h:2220)
==743765==    by 0x400E127: load_environ (main.c:949)
==743765==    by 0x400E127: init_vars (main.c:879)
==743765==    by 0x400E127: main (main.c:403)
==743765== 
==743765== 104 bytes in 1 blocks are still reachable in loss record 181 of 245
==743765==    at 0x4984E43: calloc (vg_replace_malloc.c:1678)
==743765==    by 0x4075D54: ezalloc_real (awk.h:2174)
==743765==    by 0x4075D54: grow_table (str_array.c:682)
==743765==    by 0x407693C: str_lookup (str_array.c:150)
==743765==    by 0x407708C: assoc_set (awk.h:2220)
==743765==    by 0x407708C: install (symbol.c:430)
==743765==    by 0x401E274: install_function (awkgram.y:5083)
==743765==    by 0x401E274: yyparse (awkgram.y:546)
==743765==    by 0x402073A: parse_program (awkgram.y:2797)
==743765==    by 0x400EAD8: main (main.c:483)
==743765== 
==743765== 104 bytes in 1 blocks are still reachable in loss record 182 of 245
==743765==    at 0x4984E43: calloc (vg_replace_malloc.c:1678)
==743765==    by 0x4075D54: ezalloc_real (awk.h:2174)
==743765==    by 0x4075D54: grow_table (str_array.c:682)
==743765==    by 0x407693C: str_lookup (str_array.c:150)
==743765==    by 0x40782E9: load_symbols (symbol.c:701)
==743765==    by 0x400ED85: main (main.c:499)
==743765== 
==743765== 104 bytes in 4 blocks are still reachable in loss record 183 of 245
==743765==    at 0x497D858: malloc (vg_replace_malloc.c:447)
==743765==    by 0x40151B2: emalloc_real (awk.h:2156)
==743765==    by 0x40151B2: merge_comments (awkgram.y:6725)
==743765==    by 0x401D211: yyparse (awkgram.y:989)
==743765==    by 0x402073A: parse_program (awkgram.y:2797)
==743765==    by 0x400EAD8: main (main.c:483)
==743765== 
==743765== 119 bytes in 21 blocks are still reachable in loss record 184 of 245
==743765==    at 0x497D858: malloc (vg_replace_malloc.c:447)
==743765==    by 0x4069457: emalloc_real (awk.h:2156)
==743765==    by 0x4069457: make_str_node (node.c:422)
==743765==    by 0x401B194: yylex (awkgram.y:4074)
==743765==    by 0x401C83C: yyparse (awkgram.c:1879)
==743765==    by 0x402073A: parse_program (awkgram.y:2797)
==743765==    by 0x400EAD8: main (main.c:483)
==743765== 
==743765== 128 bytes in 2 blocks are still reachable in loss record 185 of 245
==743765==    at 0x497D858: malloc (vg_replace_malloc.c:447)
==743765==    by 0x4086F0A: charset_create (charset.c:9027)
==743765==    by 0x4086F0A: cset_construct (minrx.c:883)
==743765==    by 0x4086F0A: firstclosure (minrx.c:1836)
==743765==    by 0x4086F0A: compile.constprop.0 (minrx.c:1923)
==743765==    by 0x4089B38: minrx_regncomp (minrx.c:2490)
==743765==    by 0x407427D: make_regexp (re.c:355)
==743765==    by 0x40195EB: make_regnode (awkgram.y:5306)
==743765==    by 0x401D996: yyparse (awkgram.y:584)
==743765==    by 0x402073A: parse_program (awkgram.y:2797)
==743765==    by 0x400EAD8: main (main.c:483)
==743765== 
==743765== 133 bytes in 41 blocks are still reachable in loss record 186 of 245
==743765==    at 0x497D858: malloc (vg_replace_malloc.c:447)
==743765==    by 0x4014AEB: emalloc_real (awk.h:2156)
==743765==    by 0x4014AEB: set_profile_text.part.0 (awkgram.y:6681)
==743765==    by 0x401B0F4: set_profile_text (awkgram.y:4256)
==743765==    by 0x401B0F4: yylex (awkgram.y:4256)
==743765==    by 0x401C83C: yyparse (awkgram.c:1879)
==743765==    by 0x402073A: parse_program (awkgram.y:2797)
==743765==    by 0x400EAD8: main (main.c:483)
==743765== 
==743765== 151 bytes in 24 blocks are still reachable in loss record 187 of 245
==743765==    at 0x497D858: malloc (vg_replace_malloc.c:447)
==743765==    by 0x4066564: emalloc_real (awk.h:2156)
==743765==    by 0x4066564: estrdup (main.c:1451)
==743765==    by 0x400D9F0: init_vars (main.c:865)
==743765==    by 0x400D9F0: main (main.c:403)
==743765== 
==743765== 151 bytes in 24 blocks are still reachable in loss record 188 of 245
==743765==    at 0x497D858: malloc (vg_replace_malloc.c:447)
==743765==    by 0x4069457: emalloc_real (awk.h:2156)
==743765==    by 0x4069457: make_str_node (node.c:422)
==743765==    by 0x4077055: install (symbol.c:399)
==743765==    by 0x400DA01: init_vars (main.c:865)
==743765==    by 0x400DA01: main (main.c:403)
==743765== 
==743765== 160 bytes in 2 blocks are still reachable in loss record 189 of 245
==743765==    at 0x497D858: malloc (vg_replace_malloc.c:447)
==743765==    by 0x4082141: add_range_to_set (charset.c:3438)
==743765==    by 0x408269F: charset_finalize (charset.c:8983)
==743765==    by 0x4087709: charset_firstbytes (charset.c:9475)
==743765==    by 0x4087709: cset_firstbytes (minrx.c:1060)
==743765==    by 0x4087709: firstbytes (minrx.c:1859)
==743765==    by 0x4087709: compile.constprop.0 (minrx.c:1924)
==743765==    by 0x4089B38: minrx_regncomp (minrx.c:2490)
==743765==    by 0x407427D: make_regexp (re.c:355)
==743765==    by 0x40195EB: make_regnode (awkgram.y:5306)
==743765==    by 0x401D996: yyparse (awkgram.y:584)
==743765==    by 0x402073A: parse_program (awkgram.y:2797)
==743765==    by 0x400EAD8: main (main.c:483)
==743765== 
==743765== 176 bytes in 2 blocks are still reachable in loss record 190 of 245
==743765==    at 0x497D858: malloc (vg_replace_malloc.c:447)
==743765==    by 0x4068FEB: emalloc_real (awk.h:2156)
==743765==    by 0x4068FEB: r_getblock (node.c:1164)
==743765==    by 0x40693C1: make_str_node (node.c:406)
==743765==    by 0x401D986: yyparse (awkgram.y:583)
==743765==    by 0x402073A: parse_program (awkgram.y:2797)
==743765==    by 0x400EAD8: main (main.c:483)
==743765== 
==743765== 176 bytes in 2 blocks are still reachable in loss record 191 of 245
==743765==    at 0x497D858: malloc (vg_replace_malloc.c:447)
==743765==    by 0x4068FEB: emalloc_real (awk.h:2156)
==743765==    by 0x4068FEB: r_getblock (node.c:1164)
==743765==    by 0x4019588: make_regnode (awkgram.y:5300)
==743765==    by 0x401D996: yyparse (awkgram.y:584)
==743765==    by 0x402073A: parse_program (awkgram.y:2797)
==743765==    by 0x400EAD8: main (main.c:483)
==743765== 
==743765== 184 bytes in 2 blocks are still reachable in loss record 192 of 245
==743765==    at 0x497D858: malloc (vg_replace_malloc.c:447)
==743765==    by 0x40151B2: emalloc_real (awk.h:2156)
==743765==    by 0x40151B2: merge_comments (awkgram.y:6725)
==743765==    by 0x401F155: yyparse (awkgram.y:752)
==743765==    by 0x402073A: parse_program (awkgram.y:2797)
==743765==    by 0x400EAD8: main (main.c:483)
==743765== 
==743765== 205 bytes in 24 blocks are still reachable in loss record 193 of 245
==743765==    at 0x497D858: malloc (vg_replace_malloc.c:447)
==743765==    by 0x4069457: emalloc_real (awk.h:2156)
==743765==    by 0x4069457: make_str_node (node.c:422)
==743765==    by 0x400E0F5: load_environ (main.c:946)
==743765==    by 0x400E0F5: init_vars (main.c:879)
==743765==    by 0x400E0F5: main (main.c:403)
==743765== 
==743765== 240 bytes in 5 blocks are still reachable in loss record 194 of 245
==743765==    at 0x497D858: malloc (vg_replace_malloc.c:447)
==743765==    by 0x4068FEB: emalloc_real (awk.h:2156)
==743765==    by 0x4068FEB: r_getblock (node.c:1164)
==743765==    by 0x40768D9: str_lookup (str_array.c:214)
==743765==    by 0x407708C: assoc_set (awk.h:2220)
==743765==    by 0x407708C: install (symbol.c:430)
==743765==    by 0x401E274: install_function (awkgram.y:5083)
==743765==    by 0x401E274: yyparse (awkgram.y:546)
==743765==    by 0x402073A: parse_program (awkgram.y:2797)
==743765==    by 0x400EAD8: main (main.c:483)
==743765== 
==743765== 256 bytes in 1 blocks are still reachable in loss record 195 of 245
==743765==    at 0x4984E43: calloc (vg_replace_malloc.c:1678)
==743765==    by 0x4034892: ezalloc_real (awk.h:2174)
==743765==    by 0x4034892: cint_lookup (cint_array.c:249)
==743765==    by 0x400E9D6: assoc_set (awk.h:2220)
==743765==    by 0x400E9D6: load_procinfo_argv (main.c:992)
==743765==    by 0x400E9D6: load_procinfo (main.c:1093)
==743765==    by 0x400E9D6: init_vars (main.c:878)
==743765==    by 0x400E9D6: main (main.c:403)
==743765== 
==743765== 256 bytes in 1 blocks are still reachable in loss record 196 of 245
==743765==    at 0x4984E43: calloc (vg_replace_malloc.c:1678)
==743765==    by 0x4034297: ezalloc_real (awk.h:2174)
==743765==    by 0x4034297: tree_lookup (cint_array.c:773)
==743765==    by 0x400E9D6: assoc_set (awk.h:2220)
==743765==    by 0x400E9D6: load_procinfo_argv (main.c:992)
==743765==    by 0x400E9D6: load_procinfo (main.c:1093)
==743765==    by 0x400E9D6: init_vars (main.c:878)
==743765==    by 0x400E9D6: main (main.c:403)
==743765== 
==743765== 256 bytes in 1 blocks are still reachable in loss record 197 of 245
==743765==    at 0x4984E43: calloc (vg_replace_malloc.c:1678)
==743765==    by 0x40344C0: ezalloc_real (awk.h:2174)
==743765==    by 0x40344C0: leaf_lookup (cint_array.c:1064)
==743765==    by 0x40344C0: tree_lookup (cint_array.c:797)
==743765==    by 0x400E9D6: assoc_set (awk.h:2220)
==743765==    by 0x400E9D6: load_procinfo_argv (main.c:992)
==743765==    by 0x400E9D6: load_procinfo (main.c:1093)
==743765==    by 0x400E9D6: init_vars (main.c:878)
==743765==    by 0x400E9D6: main (main.c:403)
==743765== 
==743765== 256 bytes in 1 blocks are still reachable in loss record 198 of 245
==743765==    at 0x4984E43: calloc (vg_replace_malloc.c:1678)
==743765==    by 0x4034892: ezalloc_real (awk.h:2174)
==743765==    by 0x4034892: cint_lookup (cint_array.c:249)
==743765==    by 0x40662E6: assoc_set (awk.h:2220)
==743765==    by 0x400E453: init_args (main.c:768)
==743765==    by 0x400E453: main (main.c:470)
==743765== 
==743765== 256 bytes in 1 blocks are still reachable in loss record 199 of 245
==743765==    at 0x4984E43: calloc (vg_replace_malloc.c:1678)
==743765==    by 0x4034297: ezalloc_real (awk.h:2174)
==743765==    by 0x4034297: tree_lookup (cint_array.c:773)
==743765==    by 0x40662E6: assoc_set (awk.h:2220)
==743765==    by 0x400E453: init_args (main.c:768)
==743765==    by 0x400E453: main (main.c:470)
==743765== 
==743765== 256 bytes in 1 blocks are still reachable in loss record 200 of 245
==743765==    at 0x4984E43: calloc (vg_replace_malloc.c:1678)
==743765==    by 0x40344C0: ezalloc_real (awk.h:2174)
==743765==    by 0x40344C0: leaf_lookup (cint_array.c:1064)
==743765==    by 0x40344C0: tree_lookup (cint_array.c:797)
==743765==    by 0x40662E6: assoc_set (awk.h:2220)
==743765==    by 0x400E453: init_args (main.c:768)
==743765==    by 0x400E453: main (main.c:470)
==743765== 
==743765== 256 bytes in 2 blocks are still reachable in loss record 201 of 245
==743765==    at 0x497D858: malloc (vg_replace_malloc.c:447)
==743765==    by 0x4086BDE: compile.constprop.0 (minrx.c:1905)
==743765==    by 0x4089B38: minrx_regncomp (minrx.c:2490)
==743765==    by 0x407427D: make_regexp (re.c:355)
==743765==    by 0x40195EB: make_regnode (awkgram.y:5306)
==743765==    by 0x401D996: yyparse (awkgram.y:584)
==743765==    by 0x402073A: parse_program (awkgram.y:2797)
==743765==    by 0x400EAD8: main (main.c:483)
==743765== 
==743765== 272 bytes in 2 blocks are still reachable in loss record 202 of 245
==743765==    at 0x4984E43: calloc (vg_replace_malloc.c:1678)
==743765==    by 0x407421C: ezalloc_real (awk.h:2174)
==743765==    by 0x407421C: make_regexp (re.c:278)
==743765==    by 0x40195EB: make_regnode (awkgram.y:5306)
==743765==    by 0x401D996: yyparse (awkgram.y:584)
==743765==    by 0x402073A: parse_program (awkgram.y:2797)
==743765==    by 0x400EAD8: main (main.c:483)
==743765== 
==743765== 278 bytes in 42 blocks are still reachable in loss record 203 of 245
==743765==    at 0x497D858: malloc (vg_replace_malloc.c:447)
==743765==    by 0x4069457: emalloc_real (awk.h:2156)
==743765==    by 0x4069457: make_str_node (node.c:422)
==743765==    by 0x4077055: install (symbol.c:399)
==743765==    by 0x401982E: install_builtins (awkgram.y:6601)
==743765==    by 0x400ED71: main (main.c:491)
==743765== 
==743765== 288 bytes in 6 blocks are still reachable in loss record 204 of 245
==743765==    at 0x497D858: malloc (vg_replace_malloc.c:447)
==743765==    by 0x4068FEB: emalloc_real (awk.h:2156)
==743765==    by 0x4068FEB: r_getblock (node.c:1164)
==743765==    by 0x40768D9: str_lookup (str_array.c:214)
==743765==    by 0x407708C: assoc_set (awk.h:2220)
==743765==    by 0x407708C: install (symbol.c:430)
==743765==    by 0x401CA63: yyparse (awkgram.y:2148)
==743765==    by 0x402073A: parse_program (awkgram.y:2797)
==743765==    by 0x400EAD8: main (main.c:483)
==743765== 
==743765== 296 bytes in 1 blocks are still reachable in loss record 205 of 245
==743765==    at 0x4984E43: calloc (vg_replace_malloc.c:1678)
==743765==    by 0x4014A06: ezalloc_real (awk.h:2174)
==743765==    by 0x4014A06: do_add_srcfile (awkgram.y:2833)
==743765==    by 0x4018A70: add_srcfile (awkgram.y:2916)
==743765==    by 0x400D7E5: parse_args (main.c:1585)
==743765==    by 0x400D7E5: main (main.c:294)
==743765== 
==743765== 296 bytes in 1 blocks are still reachable in loss record 206 of 245
==743765==    at 0x4984E43: calloc (vg_replace_malloc.c:1678)
==743765==    by 0x4014A06: ezalloc_real (awk.h:2174)
==743765==    by 0x4014A06: do_add_srcfile (awkgram.y:2833)
==743765==    by 0x40190C2: load_library (awkgram.y:3008)
==743765==    by 0x401CADF: yyparse (awkgram.y:379)
==743765==    by 0x402073A: parse_program (awkgram.y:2797)
==743765==    by 0x400EAD8: main (main.c:483)
==743765== 
==743765== 352 bytes in 4 blocks are still reachable in loss record 207 of 245
==743765==    at 0x497D858: malloc (vg_replace_malloc.c:447)
==743765==    by 0x4068FEB: emalloc_real (awk.h:2156)
==743765==    by 0x4068FEB: r_getblock (node.c:1164)
==743765==    by 0x40693C1: make_str_node (node.c:406)
==743765==    by 0x400E9C6: load_procinfo_argv (main.c:991)
==743765==    by 0x400E9C6: load_procinfo (main.c:1093)
==743765==    by 0x400E9C6: init_vars (main.c:878)
==743765==    by 0x400E9C6: main (main.c:403)
==743765== 
==743765== 352 bytes in 4 blocks are still reachable in loss record 208 of 245
==743765==    at 0x497D858: malloc (vg_replace_malloc.c:447)
==743765==    by 0x4068FEB: emalloc_real (awk.h:2156)
==743765==    by 0x4068FEB: r_getblock (node.c:1164)
==743765==    by 0x40693C1: make_str_node (node.c:406)
==743765==    by 0x401787F: get_comment (awkgram.y:3498)
==743765==    by 0x40179D4: allow_newline.constprop.0 (awkgram.y:3520)
==743765==    by 0x401B3FE: yylex (awkgram.y:3822)
==743765==    by 0x401C83C: yyparse (awkgram.c:1879)
==743765==    by 0x402073A: parse_program (awkgram.y:2797)
==743765==    by 0x400EAD8: main (main.c:483)
==743765== 
==743765== 408 bytes in 4 blocks are still reachable in loss record 209 of 245
==743765==    at 0x497D858: malloc (vg_replace_malloc.c:447)
==743765==    by 0x40151B2: emalloc_real (awk.h:2156)
==743765==    by 0x40151B2: merge_comments (awkgram.y:6725)
==743765==    by 0x4015895: mk_function.isra.0 (awkgram.y:5005)
==743765==    by 0x401E674: yyparse (awkgram.y:294)
==743765==    by 0x402073A: parse_program (awkgram.y:2797)
==743765==    by 0x400EAD8: main (main.c:483)
==743765== 
==743765== 440 bytes in 5 blocks are still reachable in loss record 210 of 245
==743765==    at 0x497D858: malloc (vg_replace_malloc.c:447)
==743765==    by 0x4068FEB: emalloc_real (awk.h:2156)
==743765==    by 0x4068FEB: r_getblock (node.c:1164)
==743765==    by 0x40693C1: make_str_node (node.c:406)
==743765==    by 0x4077055: install (symbol.c:399)
==743765==    by 0x401E274: install_function (awkgram.y:5083)
==743765==    by 0x401E274: yyparse (awkgram.y:546)
==743765==    by 0x402073A: parse_program (awkgram.y:2797)
==743765==    by 0x400EAD8: main (main.c:483)
==743765== 
==743765== 440 bytes in 5 blocks are still reachable in loss record 211 of 245
==743765==    at 0x497D858: malloc (vg_replace_malloc.c:447)
==743765==    by 0x4068FEB: emalloc_real (awk.h:2156)
==743765==    by 0x4068FEB: r_getblock (node.c:1164)
==743765==    by 0x407721E: make_symbol (symbol.c:376)
==743765==    by 0x407721E: install (symbol.c:417)
==743765==    by 0x401E274: install_function (awkgram.y:5083)
==743765==    by 0x401E274: yyparse (awkgram.y:546)
==743765==    by 0x402073A: parse_program (awkgram.y:2797)
==743765==    by 0x400EAD8: main (main.c:483)
==743765== 
==743765== 524 bytes in 84 blocks are still reachable in loss record 212 of 245
==743765==    at 0x497D858: malloc (vg_replace_malloc.c:447)
==743765==    by 0x4069457: emalloc_real (awk.h:2156)
==743765==    by 0x4069457: make_str_node (node.c:422)
==743765==    by 0x4078494: load_symbols (symbol.c:700)
==743765==    by 0x400ED85: main (main.c:499)
==743765== 
==743765== 528 bytes in 6 blocks are still reachable in loss record 213 of 245
==743765==    at 0x497D858: malloc (vg_replace_malloc.c:447)
==743765==    by 0x4068FEB: emalloc_real (awk.h:2156)
==743765==    by 0x4068FEB: r_getblock (node.c:1164)
==743765==    by 0x40693C1: make_str_node (node.c:406)
==743765==    by 0x4077055: install (symbol.c:399)
==743765==    by 0x401CA63: yyparse (awkgram.y:2148)
==743765==    by 0x402073A: parse_program (awkgram.y:2797)
==743765==    by 0x400EAD8: main (main.c:483)
==743765== 
==743765== 528 bytes in 6 blocks are still reachable in loss record 214 of 245
==743765==    at 0x497D858: malloc (vg_replace_malloc.c:447)
==743765==    by 0x4068FEB: emalloc_real (awk.h:2156)
==743765==    by 0x4068FEB: r_getblock (node.c:1164)
==743765==    by 0x4077133: make_symbol (symbol.c:376)
==743765==    by 0x4077133: install (symbol.c:417)
==743765==    by 0x401CA63: yyparse (awkgram.y:2148)
==743765==    by 0x402073A: parse_program (awkgram.y:2797)
==743765==    by 0x400EAD8: main (main.c:483)
==743765== 
==743765== 552 bytes in 1 blocks are still reachable in loss record 215 of 245
==743765==    at 0x4984E43: calloc (vg_replace_malloc.c:1678)
==743765==    by 0x4078976: ezalloc_real (awk.h:2174)
==743765==    by 0x4078976: new_context (symbol.c:870)
==743765==    by 0x400D61D: main (main.c:292)
==743765== 
==743765== 704 bytes in 2 blocks are still reachable in loss record 216 of 245
==743765==    at 0x497D858: malloc (vg_replace_malloc.c:447)
==743765==    by 0x40869ED: compile.constprop.0 (minrx.c:1866)
==743765==    by 0x4089B38: minrx_regncomp (minrx.c:2490)
==743765==    by 0x407427D: make_regexp (re.c:355)
==743765==    by 0x40195EB: make_regnode (awkgram.y:5306)
==743765==    by 0x401D996: yyparse (awkgram.y:584)
==743765==    by 0x402073A: parse_program (awkgram.y:2797)
==743765==    by 0x400EAD8: main (main.c:483)
==743765== 
==743765== 860 bytes in 24 blocks are still reachable in loss record 217 of 245
==743765==    at 0x497D858: malloc (vg_replace_malloc.c:447)
==743765==    by 0x4069457: emalloc_real (awk.h:2156)
==743765==    by 0x4069457: make_str_node (node.c:422)
==743765==    by 0x400E10D: load_environ (main.c:947)
==743765==    by 0x400E10D: init_vars (main.c:879)
==743765==    by 0x400E10D: main (main.c:403)
==743765== 
==743765== 880 bytes in 10 blocks are still reachable in loss record 218 of 245
==743765==    at 0x497D858: malloc (vg_replace_malloc.c:447)
==743765==    by 0x4068FEB: emalloc_real (awk.h:2156)
==743765==    by 0x4068FEB: r_getblock (node.c:1164)
==743765==    by 0x4069930: make_number_node (awk.h:2206)
==743765==    by 0x4069930: r_make_number (node.c:369)
==743765==    by 0x400DA23: init_vars (main.c:869)
==743765==    by 0x400DA23: main (main.c:403)
==743765== 
==743765== 928 bytes in 57 blocks are still reachable in loss record 219 of 245
==743765==    at 0x497D858: malloc (vg_replace_malloc.c:447)
==743765==    by 0x4069457: emalloc_real (awk.h:2156)
==743765==    by 0x4069457: make_str_node (node.c:422)
==743765==    by 0x401787F: get_comment (awkgram.y:3498)
==743765==    by 0x401BCA0: yylex (awkgram.y:3738)
==743765==    by 0x401C83C: yyparse (awkgram.c:1879)
==743765==    by 0x402073A: parse_program (awkgram.y:2797)
==743765==    by 0x400EAD8: main (main.c:483)
==743765== 
==743765== 939 bytes in 41 blocks are still reachable in loss record 220 of 245
==743765==    at 0x497D858: malloc (vg_replace_malloc.c:447)
==743765==    by 0x4069457: emalloc_real (awk.h:2156)
==743765==    by 0x4069457: make_str_node (node.c:422)
==743765==    by 0x401787F: get_comment (awkgram.y:3498)
==743765==    by 0x401BD06: yylex (awkgram.y:3736)
==743765==    by 0x401C83C: yyparse (awkgram.c:1879)
==743765==    by 0x402073A: parse_program (awkgram.y:2797)
==743765==    by 0x400EAD8: main (main.c:483)
==743765== 
==743765== 1,152 bytes in 24 blocks are still reachable in loss record 221 of 245
==743765==    at 0x497D858: malloc (vg_replace_malloc.c:447)
==743765==    by 0x4068FEB: emalloc_real (awk.h:2156)
==743765==    by 0x4068FEB: r_getblock (node.c:1164)
==743765==    by 0x40768D9: str_lookup (str_array.c:214)
==743765==    by 0x407708C: assoc_set (awk.h:2220)
==743765==    by 0x407708C: install (symbol.c:430)
==743765==    by 0x400DA01: init_vars (main.c:865)
==743765==    by 0x400DA01: main (main.c:403)
==743765== 
==743765== 1,152 bytes in 24 blocks are still reachable in loss record 222 of 245
==743765==    at 0x497D858: malloc (vg_replace_malloc.c:447)
==743765==    by 0x4068FEB: emalloc_real (awk.h:2156)
==743765==    by 0x4068FEB: r_getblock (node.c:1164)
==743765==    by 0x40768D9: str_lookup (str_array.c:214)
==743765==    by 0x400E127: assoc_set (awk.h:2220)
==743765==    by 0x400E127: load_environ (main.c:949)
==743765==    by 0x400E127: init_vars (main.c:879)
==743765==    by 0x400E127: main (main.c:403)
==743765== 
==743765== 1,232 bytes in 14 blocks are still reachable in loss record 223 of 245
==743765==    at 0x497D858: malloc (vg_replace_malloc.c:447)
==743765==    by 0x4068FEB: emalloc_real (awk.h:2156)
==743765==    by 0x4068FEB: r_getblock (node.c:1164)
==743765==    by 0x40693C1: make_str_node (node.c:406)
==743765==    by 0x400D984: init_vars (main.c:867)
==743765==    by 0x400D984: main (main.c:403)
==743765== 
==743765== 1,320 bytes in 5 blocks are still reachable in loss record 224 of 245
==743765==    at 0x4984E43: calloc (vg_replace_malloc.c:1678)
==743765==    by 0x40778BB: ezalloc_real (awk.h:2174)
==743765==    by 0x40778BB: make_params (symbol.c:229)
==743765==    by 0x401E2B5: install_function (awkgram.y:5096)
==743765==    by 0x401E2B5: yyparse (awkgram.y:546)
==743765==    by 0x402073A: parse_program (awkgram.y:2797)
==743765==    by 0x400EAD8: main (main.c:483)
==743765== 
==743765== 1,936 bytes in 22 blocks are still reachable in loss record 225 of 245
==743765==    at 0x497D858: malloc (vg_replace_malloc.c:447)
==743765==    by 0x4068FEB: emalloc_real (awk.h:2156)
==743765==    by 0x4068FEB: r_getblock (node.c:1164)
==743765==    by 0x40693C1: make_str_node (node.c:406)
==743765==    by 0x401B194: yylex (awkgram.y:4074)
==743765==    by 0x401C83C: yyparse (awkgram.c:1879)
==743765==    by 0x402073A: parse_program (awkgram.y:2797)
==743765==    by 0x400EAD8: main (main.c:483)
==743765== 
==743765== 2,016 bytes in 42 blocks are still reachable in loss record 226 of 245
==743765==    at 0x497D858: malloc (vg_replace_malloc.c:447)
==743765==    by 0x4068FEB: emalloc_real (awk.h:2156)
==743765==    by 0x4068FEB: r_getblock (node.c:1164)
==743765==    by 0x40768D9: str_lookup (str_array.c:214)
==743765==    by 0x407708C: assoc_set (awk.h:2220)
==743765==    by 0x407708C: install (symbol.c:430)
==743765==    by 0x401982E: install_builtins (awkgram.y:6601)
==743765==    by 0x400ED71: main (main.c:491)
==743765== 
==743765== 2,048 bytes in 1 blocks are still reachable in loss record 227 of 245
==743765==    at 0x497D858: malloc (vg_replace_malloc.c:447)
==743765==    by 0x4048A59: emalloc_real (awk.h:2156)
==743765==    by 0x4048A59: init_interpret (eval.c:1897)
==743765==    by 0x400E3D5: main (main.c:468)
==743765== 
==743765== 2,112 bytes in 24 blocks are still reachable in loss record 228 of 245
==743765==    at 0x497D858: malloc (vg_replace_malloc.c:447)
==743765==    by 0x4068FEB: emalloc_real (awk.h:2156)
==743765==    by 0x4068FEB: r_getblock (node.c:1164)
==743765==    by 0x40693C1: make_str_node (node.c:406)
==743765==    by 0x4077055: install (symbol.c:399)
==743765==    by 0x400DA01: init_vars (main.c:865)
==743765==    by 0x400DA01: main (main.c:403)
==743765== 
==743765== 2,112 bytes in 24 blocks are still reachable in loss record 229 of 245
==743765==    at 0x497D858: malloc (vg_replace_malloc.c:447)
==743765==    by 0x4068FEB: emalloc_real (awk.h:2156)
==743765==    by 0x4068FEB: r_getblock (node.c:1164)
==743765==    by 0x4077133: make_symbol (symbol.c:376)
==743765==    by 0x4077133: install (symbol.c:417)
==743765==    by 0x400DA01: init_vars (main.c:865)
==743765==    by 0x400DA01: main (main.c:403)
==743765== 
==743765== 2,112 bytes in 24 blocks are still reachable in loss record 230 of 245
==743765==    at 0x497D858: malloc (vg_replace_malloc.c:447)
==743765==    by 0x4068FEB: emalloc_real (awk.h:2156)
==743765==    by 0x4068FEB: r_getblock (node.c:1164)
==743765==    by 0x40693C1: make_str_node (node.c:406)
==743765==    by 0x400E0F5: load_environ (main.c:946)
==743765==    by 0x400E0F5: init_vars (main.c:879)
==743765==    by 0x400E0F5: main (main.c:403)
==743765== 
==743765== 2,112 bytes in 24 blocks are still reachable in loss record 231 of 245
==743765==    at 0x497D858: malloc (vg_replace_malloc.c:447)
==743765==    by 0x4068FEB: emalloc_real (awk.h:2156)
==743765==    by 0x4068FEB: r_getblock (node.c:1164)
==743765==    by 0x40693C1: make_str_node (node.c:406)
==743765==    by 0x400E10D: load_environ (main.c:947)
==743765==    by 0x400E10D: init_vars (main.c:879)
==743765==    by 0x400E10D: main (main.c:403)
==743765== 
==743765== 3,608 bytes in 41 blocks are still reachable in loss record 232 of 245
==743765==    at 0x497D858: malloc (vg_replace_malloc.c:447)
==743765==    by 0x4068FEB: emalloc_real (awk.h:2156)
==743765==    by 0x4068FEB: r_getblock (node.c:1164)
==743765==    by 0x40693C1: make_str_node (node.c:406)
==743765==    by 0x401787F: get_comment (awkgram.y:3498)
==743765==    by 0x401BD06: yylex (awkgram.y:3736)
==743765==    by 0x401C83C: yyparse (awkgram.c:1879)
==743765==    by 0x402073A: parse_program (awkgram.y:2797)
==743765==    by 0x400EAD8: main (main.c:483)
==743765== 
==743765== 3,608 bytes in 41 blocks are still reachable in loss record 233 of 245
==743765==    at 0x497D858: malloc (vg_replace_malloc.c:447)
==743765==    by 0x4068FEB: emalloc_real (awk.h:2156)
==743765==    by 0x4068FEB: r_getblock (node.c:1164)
==743765==    by 0x4069930: make_number_node (awk.h:2206)
==743765==    by 0x4069930: r_make_number (node.c:369)
==743765==    by 0x401A26C: yylex (awkgram.y:4256)
==743765==    by 0x401C83C: yyparse (awkgram.c:1879)
==743765==    by 0x402073A: parse_program (awkgram.y:2797)
==743765==    by 0x400EAD8: main (main.c:483)
==743765== 
==743765== 3,696 bytes in 42 blocks are still reachable in loss record 234 of 245
==743765==    at 0x497D858: malloc (vg_replace_malloc.c:447)
==743765==    by 0x4068FEB: emalloc_real (awk.h:2156)
==743765==    by 0x4068FEB: r_getblock (node.c:1164)
==743765==    by 0x40693C1: make_str_node (node.c:406)
==743765==    by 0x4077055: install (symbol.c:399)
==743765==    by 0x401982E: install_builtins (awkgram.y:6601)
==743765==    by 0x400ED71: main (main.c:491)
==743765== 
==743765== 3,696 bytes in 42 blocks are still reachable in loss record 235 of 245
==743765==    at 0x497D858: malloc (vg_replace_malloc.c:447)
==743765==    by 0x4068FEB: emalloc_real (awk.h:2156)
==743765==    by 0x4068FEB: r_getblock (node.c:1164)
==743765==    by 0x407721E: make_symbol (symbol.c:376)
==743765==    by 0x407721E: install (symbol.c:417)
==743765==    by 0x401982E: install_builtins (awkgram.y:6601)
==743765==    by 0x400ED71: main (main.c:491)
==743765== 
==743765== 4,032 bytes in 84 blocks are still reachable in loss record 236 of 245
==743765==    at 0x497D858: malloc (vg_replace_malloc.c:447)
==743765==    by 0x4068FEB: emalloc_real (awk.h:2156)
==743765==    by 0x4068FEB: r_getblock (node.c:1164)
==743765==    by 0x40768D9: str_lookup (str_array.c:214)
==743765==    by 0x40782E9: load_symbols (symbol.c:701)
==743765==    by 0x400ED85: main (main.c:499)
==743765== 
==743765== 5,048 bytes in 1 blocks are still reachable in loss record 237 of 245
==743765==    at 0x497D858: malloc (vg_replace_malloc.c:447)
==743765==    by 0x4078891: emalloc_real (awk.h:2156)
==743765==    by 0x4078891: bcalloc (symbol.c:849)
==743765==    by 0x402065C: parse_program (awkgram.y:2770)
==743765==    by 0x400EAD8: main (main.c:483)
==743765== 
==743765== 5,048 bytes in 1 blocks are still reachable in loss record 238 of 245
==743765==    at 0x497D858: malloc (vg_replace_malloc.c:447)
==743765==    by 0x4078891: emalloc_real (awk.h:2156)
==743765==    by 0x4078891: bcalloc (symbol.c:849)
==743765==    by 0x4020B58: parse_program (awkgram.y:2778)
==743765==    by 0x400EAD8: main (main.c:483)
==743765== 
==743765== 5,048 bytes in 1 blocks are still reachable in loss record 239 of 245
==743765==    at 0x497D858: malloc (vg_replace_malloc.c:447)
==743765==    by 0x4078891: emalloc_real (awk.h:2156)
==743765==    by 0x4078891: bcalloc (symbol.c:849)
==743765==    by 0x401C2EA: yylex (awkgram.y:4447)
==743765==    by 0x401C83C: yyparse (awkgram.c:1879)
==743765==    by 0x402073A: parse_program (awkgram.y:2797)
==743765==    by 0x400EAD8: main (main.c:483)
==743765== 
==743765== 5,048 bytes in 1 blocks are still reachable in loss record 240 of 245
==743765==    at 0x497D858: malloc (vg_replace_malloc.c:447)
==743765==    by 0x4078891: emalloc_real (awk.h:2156)
==743765==    by 0x4078891: bcalloc (symbol.c:849)
==743765==    by 0x4017854: get_comment (awkgram.y:3496)
==743765==    by 0x401BD06: yylex (awkgram.y:3736)
==743765==    by 0x401C83C: yyparse (awkgram.c:1879)
==743765==    by 0x402073A: parse_program (awkgram.y:2797)
==743765==    by 0x400EAD8: main (main.c:483)
==743765== 
==743765== 5,048 bytes in 1 blocks are still reachable in loss record 241 of 245
==743765==    at 0x497D858: malloc (vg_replace_malloc.c:447)
==743765==    by 0x4078891: emalloc_real (awk.h:2156)
==743765==    by 0x4078891: bcalloc (symbol.c:849)
==743765==    by 0x401DF23: list_create (awkgram.y:6411)
==743765==    by 0x401DF23: yyparse (awkgram.y:1958)
==743765==    by 0x402073A: parse_program (awkgram.y:2797)
==743765==    by 0x400EAD8: main (main.c:483)
==743765== 
==743765== 5,048 bytes in 1 blocks are still reachable in loss record 242 of 245
==743765==    at 0x497D858: malloc (vg_replace_malloc.c:447)
==743765==    by 0x4078891: emalloc_real (awk.h:2156)
==743765==    by 0x4078891: bcalloc (symbol.c:849)
==743765==    by 0x401AF98: yylex (awkgram.y:4064)
==743765==    by 0x401C83C: yyparse (awkgram.c:1879)
==743765==    by 0x402073A: parse_program (awkgram.y:2797)
==743765==    by 0x400EAD8: main (main.c:483)
==743765== 
==743765== 5,048 bytes in 1 blocks are still reachable in loss record 243 of 245
==743765==    at 0x497D858: malloc (vg_replace_malloc.c:447)
==743765==    by 0x4078891: emalloc_real (awk.h:2156)
==743765==    by 0x4078891: bcalloc (symbol.c:849)
==743765==    by 0x401A0E0: yylex (awkgram.y:4504)
==743765==    by 0x401C83C: yyparse (awkgram.c:1879)
==743765==    by 0x402073A: parse_program (awkgram.y:2797)
==743765==    by 0x400EAD8: main (main.c:483)
==743765== 
==743765== 5,896 bytes in 67 blocks are still reachable in loss record 244 of 245
==743765==    at 0x497D858: malloc (vg_replace_malloc.c:447)
==743765==    by 0x4068FEB: emalloc_real (awk.h:2156)
==743765==    by 0x4068FEB: r_getblock (node.c:1164)
==743765==    by 0x40693C1: make_str_node (node.c:406)
==743765==    by 0x401787F: get_comment (awkgram.y:3498)
==743765==    by 0x401BCA0: yylex (awkgram.y:3738)
==743765==    by 0x401C83C: yyparse (awkgram.c:1879)
==743765==    by 0x402073A: parse_program (awkgram.y:2797)
==743765==    by 0x400EAD8: main (main.c:483)
==743765== 
==743765== 7,392 bytes in 84 blocks are still reachable in loss record 245 of 245
==743765==    at 0x497D858: malloc (vg_replace_malloc.c:447)
==743765==    by 0x4068FEB: emalloc_real (awk.h:2156)
==743765==    by 0x4068FEB: r_getblock (node.c:1164)
==743765==    by 0x40693C1: make_str_node (node.c:406)
==743765==    by 0x4078494: load_symbols (symbol.c:700)
==743765==    by 0x400ED85: main (main.c:499)
==743765== 
==743765== LEAK SUMMARY:
==743765==    definitely lost: 0 bytes in 0 blocks
==743765==    indirectly lost: 0 bytes in 0 blocks
==743765==      possibly lost: 0 bytes in 0 blocks
==743765==    still reachable: 109,046 bytes in 1,348 blocks
==743765==         suppressed: 0 bytes in 0 blocks
==743765== 
==743765== For lists of detected and suppressed errors, rerun with: -s
==743765== ERROR SUMMARY: 0 errors from 0 contexts (suppressed: 0 from 0)
