==737567== Memcheck, a memory error detector
==737567== Copyright (C) 2002-2024, and GNU GPL'd, by Julian Seward et al.
==737567== Using Valgrind-3.26.0 and LibVEX; rerun with -h for copyright info
==737567== Command: gawk -f filefuncs.awk -v builddir=/root/rboxc/build/gnu-gawk
==737567== Parent PID: 737566
==737567== 
==737567== 
==737567== FILE DESCRIPTORS: 3 open (3 inherited) at exit.
==737567== 
==737567== HEAP SUMMARY:
==737567==     in use at exit: 76,114 bytes in 1,067 blocks
==737567==   total heap usage: 1,871 allocs, 804 frees, 118,568 bytes allocated
==737567== 
==737567== 1 bytes in 1 blocks are still reachable in loss record 1 of 247
==737567==    at 0x497D858: malloc (vg_replace_malloc.c:447)
==737567==    by 0x4066564: emalloc_real (awk.h:2156)
==737567==    by 0x4066564: estrdup (main.c:1451)
==737567==    by 0x400D434: init_locale (main.c:1476)
==737567==    by 0x400D434: set_locale_stuff (main.c:1849)
==737567==    by 0x400D434: main (main.c:254)
==737567== 
==737567== 1 bytes in 1 blocks are still reachable in loss record 2 of 247
==737567==    at 0x497D858: malloc (vg_replace_malloc.c:447)
==737567==    by 0x4066564: emalloc_real (awk.h:2156)
==737567==    by 0x4066564: estrdup (main.c:1451)
==737567==    by 0x400D469: init_locale (main.c:1478)
==737567==    by 0x400D469: set_locale_stuff (main.c:1849)
==737567==    by 0x400D469: main (main.c:254)
==737567== 
==737567== 1 bytes in 1 blocks are still reachable in loss record 3 of 247
==737567==    at 0x497D858: malloc (vg_replace_malloc.c:447)
==737567==    by 0x4066564: emalloc_real (awk.h:2156)
==737567==    by 0x4066564: estrdup (main.c:1451)
==737567==    by 0x400D485: init_locale (main.c:1479)
==737567==    by 0x400D485: set_locale_stuff (main.c:1849)
==737567==    by 0x400D485: main (main.c:254)
==737567== 
==737567== 1 bytes in 1 blocks are still reachable in loss record 4 of 247
==737567==    at 0x497D858: malloc (vg_replace_malloc.c:447)
==737567==    by 0x4066564: emalloc_real (awk.h:2156)
==737567==    by 0x4066564: estrdup (main.c:1451)
==737567==    by 0x400D4A1: init_locale (main.c:1480)
==737567==    by 0x400D4A1: set_locale_stuff (main.c:1849)
==737567==    by 0x400D4A1: main (main.c:254)
==737567== 
==737567== 1 bytes in 1 blocks are still reachable in loss record 5 of 247
==737567==    at 0x497D858: malloc (vg_replace_malloc.c:447)
==737567==    by 0x4066564: emalloc_real (awk.h:2156)
==737567==    by 0x4066564: estrdup (main.c:1451)
==737567==    by 0x400D4BD: init_locale (main.c:1481)
==737567==    by 0x400D4BD: set_locale_stuff (main.c:1849)
==737567==    by 0x400D4BD: main (main.c:254)
==737567== 
==737567== 1 bytes in 1 blocks are still reachable in loss record 6 of 247
==737567==    at 0x497D858: malloc (vg_replace_malloc.c:447)
==737567==    by 0x4066564: emalloc_real (awk.h:2156)
==737567==    by 0x4066564: estrdup (main.c:1451)
==737567==    by 0x400D4D9: init_locale (main.c:1482)
==737567==    by 0x400D4D9: set_locale_stuff (main.c:1849)
==737567==    by 0x400D4D9: main (main.c:254)
==737567== 
==737567== 1 bytes in 1 blocks are still reachable in loss record 7 of 247
==737567==    at 0x497D858: malloc (vg_replace_malloc.c:447)
==737567==    by 0x4066564: emalloc_real (awk.h:2156)
==737567==    by 0x4066564: estrdup (main.c:1451)
==737567==    by 0x400D4F5: init_locale (main.c:1483)
==737567==    by 0x400D4F5: set_locale_stuff (main.c:1849)
==737567==    by 0x400D4F5: main (main.c:254)
==737567== 
==737567== 1 bytes in 1 blocks are still reachable in loss record 8 of 247
==737567==    at 0x497D858: malloc (vg_replace_malloc.c:447)
==737567==    by 0x4066564: emalloc_real (awk.h:2156)
==737567==    by 0x4066564: estrdup (main.c:1451)
==737567==    by 0x400D511: init_locale (main.c:1484)
==737567==    by 0x400D511: set_locale_stuff (main.c:1849)
==737567==    by 0x400D511: main (main.c:254)
==737567== 
==737567== 1 bytes in 1 blocks are still reachable in loss record 9 of 247
==737567==    at 0x497D858: malloc (vg_replace_malloc.c:447)
==737567==    by 0x4066564: emalloc_real (awk.h:2156)
==737567==    by 0x4066564: estrdup (main.c:1451)
==737567==    by 0x400D52D: init_locale (main.c:1485)
==737567==    by 0x400D52D: set_locale_stuff (main.c:1849)
==737567==    by 0x400D52D: main (main.c:254)
==737567== 
==737567== 1 bytes in 1 blocks are still reachable in loss record 10 of 247
==737567==    at 0x497D858: malloc (vg_replace_malloc.c:447)
==737567==    by 0x4069457: emalloc_real (awk.h:2156)
==737567==    by 0x4069457: make_str_node (node.c:422)
==737567==    by 0x400D5C7: main (main.c:278)
==737567== 
==737567== 1 bytes in 1 blocks are still reachable in loss record 11 of 247
==737567==    at 0x497D858: malloc (vg_replace_malloc.c:447)
==737567==    by 0x4069457: emalloc_real (awk.h:2156)
==737567==    by 0x4069457: make_str_node (node.c:422)
==737567==    by 0x4055395: init_fields (field.c:105)
==737567==    by 0x400E1A4: main (main.c:410)
==737567== 
==737567== 1 bytes in 1 blocks are still reachable in loss record 12 of 247
==737567==    at 0x497D858: malloc (vg_replace_malloc.c:447)
==737567==    by 0x4069457: emalloc_real (awk.h:2156)
==737567==    by 0x4069457: make_str_node (node.c:422)
==737567==    by 0x40553E0: init_fields (field.c:111)
==737567==    by 0x400E1A4: main (main.c:410)
==737567== 
==737567== 2 bytes in 1 blocks are still reachable in loss record 13 of 247
==737567==    at 0x497D858: malloc (vg_replace_malloc.c:447)
==737567==    by 0x4066564: emalloc_real (awk.h:2156)
==737567==    by 0x4066564: estrdup (main.c:1451)
==737567==    by 0x400D44E: init_locale (main.c:1477)
==737567==    by 0x400D44E: set_locale_stuff (main.c:1849)
==737567==    by 0x400D44E: main (main.c:254)
==737567== 
==737567== 2 bytes in 1 blocks are still reachable in loss record 14 of 247
==737567==    at 0x497D858: malloc (vg_replace_malloc.c:447)
==737567==    by 0x4046CFF: emalloc_real (awk.h:2156)
==737567==    by 0x4046CFF: set_OFS (eval.c:839)
==737567==    by 0x400D9A3: init_vars (main.c:873)
==737567==    by 0x400D9A3: main (main.c:403)
==737567== 
==737567== 3 bytes in 1 blocks are still reachable in loss record 15 of 247
==737567==    at 0x497D858: malloc (vg_replace_malloc.c:447)
==737567==    by 0x4069457: emalloc_real (awk.h:2156)
==737567==    by 0x4069457: make_str_node (node.c:422)
==737567==    by 0x4054B6F: update_PROCINFO_str.part.0 (field.c:1661)
==737567==    by 0x400E83A: load_procinfo (main.c:1072)
==737567==    by 0x400E83A: init_vars (main.c:878)
==737567==    by 0x400E83A: main (main.c:403)
==737567== 
==737567== 3 bytes in 1 blocks are still reachable in loss record 16 of 247
==737567==    at 0x497D858: malloc (vg_replace_malloc.c:447)
==737567==    by 0x4069457: emalloc_real (awk.h:2156)
==737567==    by 0x4069457: make_str_node (node.c:422)
==737567==    by 0x4054B87: update_PROCINFO_str.part.0 (field.c:1662)
==737567==    by 0x400E83A: load_procinfo (main.c:1072)
==737567==    by 0x400E83A: init_vars (main.c:878)
==737567==    by 0x400E83A: main (main.c:403)
==737567== 
==737567== 4 bytes in 1 blocks are still reachable in loss record 17 of 247
==737567==    at 0x497D858: malloc (vg_replace_malloc.c:447)
==737567==    by 0x4069457: emalloc_real (awk.h:2156)
==737567==    by 0x4069457: make_str_node (node.c:422)
==737567==    by 0x4058004: update_PROCINFO_num (field.c:1674)
==737567==    by 0x400E79D: load_procinfo (main.c:1055)
==737567==    by 0x400E79D: init_vars (main.c:878)
==737567==    by 0x400E79D: main (main.c:403)
==737567== 
==737567== 4 bytes in 1 blocks are still reachable in loss record 18 of 247
==737567==    at 0x497D858: malloc (vg_replace_malloc.c:447)
==737567==    by 0x4069457: emalloc_real (awk.h:2156)
==737567==    by 0x4069457: make_str_node (node.c:422)
==737567==    by 0x4058004: update_PROCINFO_num (field.c:1674)
==737567==    by 0x400E7D2: load_procinfo (main.c:1061)
==737567==    by 0x400E7D2: init_vars (main.c:878)
==737567==    by 0x400E7D2: main (main.c:403)
==737567== 
==737567== 4 bytes in 1 blocks are still reachable in loss record 19 of 247
==737567==    at 0x497D858: malloc (vg_replace_malloc.c:447)
==737567==    by 0x4069457: emalloc_real (awk.h:2156)
==737567==    by 0x4069457: make_str_node (node.c:422)
==737567==    by 0x4058004: update_PROCINFO_num (field.c:1674)
==737567==    by 0x400E80A: load_procinfo (main.c:1067)
==737567==    by 0x400E80A: init_vars (main.c:878)
==737567==    by 0x400E80A: main (main.c:403)
==737567== 
==737567== 4 bytes in 1 blocks are still reachable in loss record 20 of 247
==737567==    at 0x497D858: malloc (vg_replace_malloc.c:447)
==737567==    by 0x4069457: emalloc_real (awk.h:2156)
==737567==    by 0x4069457: make_str_node (node.c:422)
==737567==    by 0x4054B6F: update_PROCINFO_str.part.0 (field.c:1661)
==737567==    by 0x400E8D2: load_procinfo (main.c:1087)
==737567==    by 0x400E8D2: init_vars (main.c:878)
==737567==    by 0x400E8D2: main (main.c:403)
==737567== 
==737567== 5 bytes in 1 blocks are still reachable in loss record 21 of 247
==737567==    at 0x497D858: malloc (vg_replace_malloc.c:447)
==737567==    by 0x4069457: emalloc_real (awk.h:2156)
==737567==    by 0x4069457: make_str_node (node.c:422)
==737567==    by 0x4058004: update_PROCINFO_num (field.c:1674)
==737567==    by 0x400E7B6: load_procinfo (main.c:1058)
==737567==    by 0x400E7B6: init_vars (main.c:878)
==737567==    by 0x400E7B6: main (main.c:403)
==737567== 
==737567== 5 bytes in 1 blocks are still reachable in loss record 22 of 247
==737567==    at 0x497D858: malloc (vg_replace_malloc.c:447)
==737567==    by 0x4069457: emalloc_real (awk.h:2156)
==737567==    by 0x4069457: make_str_node (node.c:422)
==737567==    by 0x4058004: update_PROCINFO_num (field.c:1674)
==737567==    by 0x400E7EE: load_procinfo (main.c:1064)
==737567==    by 0x400E7EE: init_vars (main.c:878)
==737567==    by 0x400E7EE: main (main.c:403)
==737567== 
==737567== 5 bytes in 1 blocks are still reachable in loss record 23 of 247
==737567==    at 0x497D858: malloc (vg_replace_malloc.c:447)
==737567==    by 0x4069457: emalloc_real (awk.h:2156)
==737567==    by 0x4069457: make_str_node (node.c:422)
==737567==    by 0x4058004: update_PROCINFO_num (field.c:1674)
==737567==    by 0x400E826: load_procinfo (main.c:1070)
==737567==    by 0x400E826: init_vars (main.c:878)
==737567==    by 0x400E826: main (main.c:403)
==737567== 
==737567== 5 bytes in 1 blocks are still reachable in loss record 24 of 247
==737567==    at 0x497D858: malloc (vg_replace_malloc.c:447)
==737567==    by 0x4066564: emalloc_real (awk.h:2156)
==737567==    by 0x4066564: estrdup (main.c:1451)
==737567==    by 0x400E91C: load_procinfo_argv (main.c:988)
==737567==    by 0x400E91C: load_procinfo (main.c:1093)
==737567==    by 0x400E91C: init_vars (main.c:878)
==737567==    by 0x400E91C: main (main.c:403)
==737567== 
==737567== 5 bytes in 1 blocks are still reachable in loss record 25 of 247
==737567==    at 0x497D858: malloc (vg_replace_malloc.c:447)
==737567==    by 0x4069457: emalloc_real (awk.h:2156)
==737567==    by 0x4069457: make_str_node (node.c:422)
==737567==    by 0x400EC1B: load_procinfo_argv (main.c:996)
==737567==    by 0x400EC1B: load_procinfo (main.c:1093)
==737567==    by 0x400EC1B: init_vars (main.c:878)
==737567==    by 0x400EC1B: main (main.c:403)
==737567== 
==737567== 5 bytes in 1 blocks are still reachable in loss record 26 of 247
==737567==    at 0x497D858: malloc (vg_replace_malloc.c:447)
==737567==    by 0x4066564: emalloc_real (awk.h:2156)
==737567==    by 0x4066564: estrdup (main.c:1451)
==737567==    by 0x400E407: init_args (main.c:764)
==737567==    by 0x400E407: main (main.c:470)
==737567== 
==737567== 5 bytes in 1 blocks are still reachable in loss record 27 of 247
==737567==    at 0x497D858: malloc (vg_replace_malloc.c:447)
==737567==    by 0x4069457: emalloc_real (awk.h:2156)
==737567==    by 0x4069457: make_str_node (node.c:422)
==737567==    by 0x4077055: install (symbol.c:399)
==737567==    by 0x400E414: init_args (main.c:764)
==737567==    by 0x400E414: main (main.c:470)
==737567== 
==737567== 5 bytes in 1 blocks are still reachable in loss record 28 of 247
==737567==    at 0x497D858: malloc (vg_replace_malloc.c:447)
==737567==    by 0x4069457: emalloc_real (awk.h:2156)
==737567==    by 0x4069457: make_str_node (node.c:422)
==737567==    by 0x400E43D: init_args (main.c:766)
==737567==    by 0x400E43D: main (main.c:470)
==737567== 
==737567== 5 bytes in 1 blocks are still reachable in loss record 29 of 247
==737567==    at 0x497D858: malloc (vg_replace_malloc.c:447)
==737567==    by 0x4066564: emalloc_real (awk.h:2156)
==737567==    by 0x4066564: estrdup (main.c:1451)
==737567==    by 0x400EA83: init_args (main.c:791)
==737567==    by 0x400EA83: main (main.c:470)
==737567== 
==737567== 5 bytes in 1 blocks are still reachable in loss record 30 of 247
==737567==    at 0x497D858: malloc (vg_replace_malloc.c:447)
==737567==    by 0x4069457: emalloc_real (awk.h:2156)
==737567==    by 0x4069457: make_str_node (node.c:422)
==737567==    by 0x4077055: install (symbol.c:399)
==737567==    by 0x400EA90: init_args (main.c:791)
==737567==    by 0x400EA90: main (main.c:470)
==737567== 
==737567== 6 bytes in 1 blocks are still reachable in loss record 31 of 247
==737567==    at 0x497D858: malloc (vg_replace_malloc.c:447)
==737567==    by 0x4069457: emalloc_real (awk.h:2156)
==737567==    by 0x4069457: make_str_node (node.c:422)
==737567==    by 0x4054B87: update_PROCINFO_str.part.0 (field.c:1662)
==737567==    by 0x400E71D: load_procinfo (main.c:1021)
==737567==    by 0x400E71D: init_vars (main.c:878)
==737567==    by 0x400E71D: main (main.c:403)
==737567== 
==737567== 6 bytes in 1 blocks are still reachable in loss record 32 of 247
==737567==    at 0x497D858: malloc (vg_replace_malloc.c:447)
==737567==    by 0x4069457: emalloc_real (awk.h:2156)
==737567==    by 0x4069457: make_str_node (node.c:422)
==737567==    by 0x4054B87: update_PROCINFO_str.part.0 (field.c:1662)
==737567==    by 0x400E743: load_procinfo (main.c:1023)
==737567==    by 0x400E743: init_vars (main.c:878)
==737567==    by 0x400E743: main (main.c:403)
==737567== 
==737567== 6 bytes in 1 blocks are still reachable in loss record 33 of 247
==737567==    at 0x497D858: malloc (vg_replace_malloc.c:447)
==737567==    by 0x4069457: emalloc_real (awk.h:2156)
==737567==    by 0x4069457: make_str_node (node.c:422)
==737567==    by 0x407810A: load_symbols (symbol.c:681)
==737567==    by 0x400ED85: main (main.c:499)
==737567== 
==737567== 7 bytes in 1 blocks are still reachable in loss record 34 of 247
==737567==    at 0x497D858: malloc (vg_replace_malloc.c:447)
==737567==    by 0x4066564: emalloc_real (awk.h:2156)
==737567==    by 0x4066564: estrdup (main.c:1451)
==737567==    by 0x4077381: init_the_tables (symbol.c:78)
==737567==    by 0x400D60A: main (main.c:287)
==737567== 
==737567== 7 bytes in 1 blocks are still reachable in loss record 35 of 247
==737567==    at 0x497D858: malloc (vg_replace_malloc.c:447)
==737567==    by 0x4069457: emalloc_real (awk.h:2156)
==737567==    by 0x4069457: make_str_node (node.c:422)
==737567==    by 0x4077055: install (symbol.c:399)
==737567==    by 0x4077390: install_symbol (symbol.c:173)
==737567==    by 0x4077390: init_the_tables (symbol.c:78)
==737567==    by 0x400D60A: main (main.c:287)
==737567== 
==737567== 7 bytes in 1 blocks are still reachable in loss record 36 of 247
==737567==    at 0x497D858: malloc (vg_replace_malloc.c:447)
==737567==    by 0x4069457: emalloc_real (awk.h:2156)
==737567==    by 0x4069457: make_str_node (node.c:422)
==737567==    by 0x4058004: update_PROCINFO_num (field.c:1674)
==737567==    by 0x400E784: load_procinfo (main.c:1046)
==737567==    by 0x400E784: init_vars (main.c:878)
==737567==    by 0x400E784: main (main.c:403)
==737567== 
==737567== 7 bytes in 1 blocks are still reachable in loss record 37 of 247
==737567==    at 0x497D858: malloc (vg_replace_malloc.c:447)
==737567==    by 0x4069457: emalloc_real (awk.h:2156)
==737567==    by 0x4069457: make_str_node (node.c:422)
==737567==    by 0x40780DA: load_symbols (symbol.c:679)
==737567==    by 0x400ED85: main (main.c:499)
==737567== 
==737567== 8 bytes in 1 blocks are still reachable in loss record 38 of 247
==737567==    at 0x497D858: malloc (vg_replace_malloc.c:447)
==737567==    by 0x4066564: emalloc_real (awk.h:2156)
==737567==    by 0x4066564: estrdup (main.c:1451)
==737567==    by 0x407735A: init_the_tables (symbol.c:77)
==737567==    by 0x400D60A: main (main.c:287)
==737567== 
==737567== 8 bytes in 1 blocks are still reachable in loss record 39 of 247
==737567==    at 0x497D858: malloc (vg_replace_malloc.c:447)
==737567==    by 0x4069457: emalloc_real (awk.h:2156)
==737567==    by 0x4069457: make_str_node (node.c:422)
==737567==    by 0x4077055: install (symbol.c:399)
==737567==    by 0x4077369: install_symbol (symbol.c:173)
==737567==    by 0x4077369: init_the_tables (symbol.c:77)
==737567==    by 0x400D60A: main (main.c:287)
==737567== 
==737567== 8 bytes in 1 blocks are still reachable in loss record 40 of 247
==737567==    at 0x497D858: malloc (vg_replace_malloc.c:447)
==737567==    by 0x4069457: emalloc_real (awk.h:2156)
==737567==    by 0x4069457: make_str_node (node.c:422)
==737567==    by 0x4054B6F: update_PROCINFO_str.part.0 (field.c:1661)
==737567==    by 0x400E71D: load_procinfo (main.c:1021)
==737567==    by 0x400E71D: init_vars (main.c:878)
==737567==    by 0x400E71D: main (main.c:403)
==737567== 
==737567== 8 bytes in 1 blocks are still reachable in loss record 41 of 247
==737567==    at 0x497D858: malloc (vg_replace_malloc.c:447)
==737567==    by 0x4066564: emalloc_real (awk.h:2156)
==737567==    by 0x4066564: estrdup (main.c:1451)
==737567==    by 0x400E02B: load_environ (main.c:930)
==737567==    by 0x400E02B: init_vars (main.c:879)
==737567==    by 0x400E02B: main (main.c:403)
==737567== 
==737567== 8 bytes in 1 blocks are still reachable in loss record 42 of 247
==737567==    at 0x497D858: malloc (vg_replace_malloc.c:447)
==737567==    by 0x4069457: emalloc_real (awk.h:2156)
==737567==    by 0x4069457: make_str_node (node.c:422)
==737567==    by 0x4077055: install (symbol.c:399)
==737567==    by 0x400E038: load_environ (main.c:930)
==737567==    by 0x400E038: init_vars (main.c:879)
==737567==    by 0x400E038: main (main.c:403)
==737567== 
==737567== 8 bytes in 1 blocks are still reachable in loss record 43 of 247
==737567==    at 0x497D858: malloc (vg_replace_malloc.c:447)
==737567==    by 0x4055372: emalloc_real (awk.h:2156)
==737567==    by 0x4055372: init_fields (field.c:103)
==737567==    by 0x400E1A4: main (main.c:410)
==737567== 
==737567== 8 bytes in 1 blocks are still reachable in loss record 44 of 247
==737567==    at 0x497D858: malloc (vg_replace_malloc.c:447)
==737567==    by 0x4069457: emalloc_real (awk.h:2156)
==737567==    by 0x4069457: make_str_node (node.c:422)
==737567==    by 0x40780F2: load_symbols (symbol.c:680)
==737567==    by 0x400ED85: main (main.c:499)
==737567== 
==737567== 8 bytes in 1 blocks are still reachable in loss record 45 of 247
==737567==    at 0x497D858: malloc (vg_replace_malloc.c:447)
==737567==    by 0x4069457: emalloc_real (awk.h:2156)
==737567==    by 0x4069457: make_str_node (node.c:422)
==737567==    by 0x4078122: load_symbols (symbol.c:682)
==737567==    by 0x400ED85: main (main.c:499)
==737567== 
==737567== 8 bytes in 1 blocks are still reachable in loss record 46 of 247
==737567==    at 0x497D858: malloc (vg_replace_malloc.c:447)
==737567==    by 0x49968B2: r_make_string_type (gawkapi.h:1009)
==737567==    by 0x49968B2: r_make_string (gawkapi.h:1030)
==737567==    by 0x49968B2: array_set (filefuncs.c:344)
==737567==    by 0x499725D: array_set_numeric (filefuncs.c:357)
==737567==    by 0x499725D: fill_stat_array.isra.0 (filefuncs.c:425)
==737567==    by 0x4997A46: do_stat (filefuncs.c:504)
==737567==    by 0x404F26E: r_interpret (interpret.h:1139)
==737567==    by 0x400EDDE: main (main.c:532)
==737567== 
==737567== 9 bytes in 1 blocks are still reachable in loss record 47 of 247
==737567==    at 0x497D858: malloc (vg_replace_malloc.c:447)
==737567==    by 0x4066564: emalloc_real (awk.h:2156)
==737567==    by 0x4066564: estrdup (main.c:1451)
==737567==    by 0x400E6F6: load_procinfo (main.c:1019)
==737567==    by 0x400E6F6: init_vars (main.c:878)
==737567==    by 0x400E6F6: main (main.c:403)
==737567== 
==737567== 9 bytes in 1 blocks are still reachable in loss record 48 of 247
==737567==    at 0x497D858: malloc (vg_replace_malloc.c:447)
==737567==    by 0x4069457: emalloc_real (awk.h:2156)
==737567==    by 0x4069457: make_str_node (node.c:422)
==737567==    by 0x4077055: install (symbol.c:399)
==737567==    by 0x400E703: load_procinfo (main.c:1019)
==737567==    by 0x400E703: init_vars (main.c:878)
==737567==    by 0x400E703: main (main.c:403)
==737567== 
==737567== 9 bytes in 1 blocks are still reachable in loss record 49 of 247
==737567==    at 0x497D858: malloc (vg_replace_malloc.c:447)
==737567==    by 0x4069457: emalloc_real (awk.h:2156)
==737567==    by 0x4069457: make_str_node (node.c:422)
==737567==    by 0x4054B6F: update_PROCINFO_str.part.0 (field.c:1661)
==737567==    by 0x400E730: load_procinfo (main.c:1022)
==737567==    by 0x400E730: init_vars (main.c:878)
==737567==    by 0x400E730: main (main.c:403)
==737567== 
==737567== 9 bytes in 1 blocks are still reachable in loss record 50 of 247
==737567==    at 0x497D858: malloc (vg_replace_malloc.c:447)
==737567==    by 0x4069457: emalloc_real (awk.h:2156)
==737567==    by 0x4069457: make_str_node (node.c:422)
==737567==    by 0x4054B6F: update_PROCINFO_str.part.0 (field.c:1661)
==737567==    by 0x400E743: load_procinfo (main.c:1023)
==737567==    by 0x400E743: init_vars (main.c:878)
==737567==    by 0x400E743: main (main.c:403)
==737567== 
==737567== 9 bytes in 1 blocks are still reachable in loss record 51 of 247
==737567==    at 0x497D858: malloc (vg_replace_malloc.c:447)
==737567==    by 0x4069457: emalloc_real (awk.h:2156)
==737567==    by 0x4069457: make_str_node (node.c:422)
==737567==    by 0x4077055: install (symbol.c:399)
==737567==    by 0x40669EE: arg_assign (main.c:1276)
==737567==    by 0x400E259: main (main.c:416)
==737567== 
==737567== 9 bytes in 1 blocks are still reachable in loss record 52 of 247
==737567==    at 0x497D858: malloc (vg_replace_malloc.c:447)
==737567==    by 0x49968B2: r_make_string_type (gawkapi.h:1009)
==737567==    by 0x49968B2: r_make_string (gawkapi.h:1030)
==737567==    by 0x49968B2: array_set (filefuncs.c:344)
==737567==    by 0x499728B: array_set_numeric (filefuncs.c:357)
==737567==    by 0x499728B: fill_stat_array.isra.0 (filefuncs.c:431)
==737567==    by 0x4997A46: do_stat (filefuncs.c:504)
==737567==    by 0x404F26E: r_interpret (interpret.h:1139)
==737567==    by 0x400EDDE: main (main.c:532)
==737567== 
==737567== 10 bytes in 1 blocks are still reachable in loss record 53 of 247
==737567==    at 0x497D858: malloc (vg_replace_malloc.c:447)
==737567==    by 0x4069457: emalloc_real (awk.h:2156)
==737567==    by 0x4069457: make_str_node (node.c:422)
==737567==    by 0x4058004: update_PROCINFO_num (field.c:1674)
==737567==    by 0x400E757: load_procinfo (main.c:1035)
==737567==    by 0x400E757: init_vars (main.c:878)
==737567==    by 0x400E757: main (main.c:403)
==737567== 
==737567== 10 bytes in 1 blocks are still reachable in loss record 54 of 247
==737567==    at 0x497D858: malloc (vg_replace_malloc.c:447)
==737567==    by 0x4069457: emalloc_real (awk.h:2156)
==737567==    by 0x4069457: make_str_node (node.c:422)
==737567==    by 0x4058004: update_PROCINFO_num (field.c:1674)
==737567==    by 0x400E76B: load_procinfo (main.c:1036)
==737567==    by 0x400E76B: init_vars (main.c:878)
==737567==    by 0x400E76B: main (main.c:403)
==737567== 
==737567== 10 bytes in 1 blocks are still reachable in loss record 55 of 247
==737567==    at 0x497D858: malloc (vg_replace_malloc.c:447)
==737567==    by 0x4069457: emalloc_real (awk.h:2156)
==737567==    by 0x4069457: make_str_node (node.c:422)
==737567==    by 0x4054B87: update_PROCINFO_str.part.0 (field.c:1662)
==737567==    by 0x400E8D2: load_procinfo (main.c:1087)
==737567==    by 0x400E8D2: init_vars (main.c:878)
==737567==    by 0x400E8D2: main (main.c:403)
==737567== 
==737567== 10 bytes in 1 blocks are still reachable in loss record 56 of 247
==737567==    at 0x497D858: malloc (vg_replace_malloc.c:447)
==737567==    by 0x4066564: emalloc_real (awk.h:2156)
==737567==    by 0x4066564: estrdup (main.c:1451)
==737567==    by 0x40669DF: arg_assign (main.c:1274)
==737567==    by 0x400E259: main (main.c:416)
==737567== 
==737567== 10 bytes in 1 blocks are still reachable in loss record 57 of 247
==737567==    at 0x497D858: malloc (vg_replace_malloc.c:447)
==737567==    by 0x4066564: emalloc_real (awk.h:2156)
==737567==    by 0x4066564: estrdup (main.c:1451)
==737567==    by 0x4014A21: do_add_srcfile (awkgram.y:2834)
==737567==    by 0x4018A70: add_srcfile (awkgram.y:2916)
==737567==    by 0x4018FBB: load_library (awkgram.y:3010)
==737567==    by 0x401CADF: yyparse (awkgram.y:379)
==737567==    by 0x402073A: parse_program (awkgram.y:2797)
==737567==    by 0x400EAD8: main (main.c:483)
==737567== 
==737567== 10 bytes in 1 blocks are still reachable in loss record 58 of 247
==737567==    at 0x497D858: malloc (vg_replace_malloc.c:447)
==737567==    by 0x4069457: emalloc_real (awk.h:2156)
==737567==    by 0x4069457: make_str_node (node.c:422)
==737567==    by 0x40780C2: load_symbols (symbol.c:678)
==737567==    by 0x400ED85: main (main.c:499)
==737567== 
==737567== 11 bytes in 2 blocks are still reachable in loss record 59 of 247
==737567==    at 0x497D858: malloc (vg_replace_malloc.c:447)
==737567==    by 0x4066564: emalloc_real (awk.h:2156)
==737567==    by 0x4066564: estrdup (main.c:1451)
==737567==    by 0x401E3D7: yyparse (awkgram.y:2042)
==737567==    by 0x402073A: parse_program (awkgram.y:2797)
==737567==    by 0x400EAD8: main (main.c:483)
==737567== 
==737567== 12 bytes in 1 blocks are still reachable in loss record 60 of 247
==737567==    at 0x497D858: malloc (vg_replace_malloc.c:447)
==737567==    by 0x4069457: emalloc_real (awk.h:2156)
==737567==    by 0x4069457: make_str_node (node.c:422)
==737567==    by 0x4077FD7: load_symbols (symbol.c:663)
==737567==    by 0x400ED85: main (main.c:499)
==737567== 
==737567== 12 bytes in 1 blocks are still reachable in loss record 61 of 247
==737567==    at 0x497D858: malloc (vg_replace_malloc.c:447)
==737567==    by 0x4066564: emalloc_real (awk.h:2156)
==737567==    by 0x4066564: estrdup (main.c:1451)
==737567==    by 0x4078093: load_symbols (symbol.c:675)
==737567==    by 0x400ED85: main (main.c:499)
==737567== 
==737567== 13 bytes in 5 blocks are still reachable in loss record 62 of 247
==737567==    at 0x497D858: malloc (vg_replace_malloc.c:447)
==737567==    by 0x4066564: emalloc_real (awk.h:2156)
==737567==    by 0x4066564: estrdup (main.c:1451)
==737567==    by 0x401A0B8: yylex (awkgram.y:4495)
==737567==    by 0x401C83C: yyparse (awkgram.c:1879)
==737567==    by 0x402073A: parse_program (awkgram.y:2797)
==737567==    by 0x400EAD8: main (main.c:483)
==737567== 
==737567== 13 bytes in 5 blocks are still reachable in loss record 63 of 247
==737567==    at 0x497D858: malloc (vg_replace_malloc.c:447)
==737567==    by 0x4069457: emalloc_real (awk.h:2156)
==737567==    by 0x4069457: make_str_node (node.c:422)
==737567==    by 0x4077055: install (symbol.c:399)
==737567==    by 0x401CA63: yyparse (awkgram.y:2148)
==737567==    by 0x402073A: parse_program (awkgram.y:2797)
==737567==    by 0x400EAD8: main (main.c:483)
==737567== 
==737567== 14 bytes in 1 blocks are still reachable in loss record 64 of 247
==737567==    at 0x497D858: malloc (vg_replace_malloc.c:447)
==737567==    by 0x4066564: emalloc_real (awk.h:2156)
==737567==    by 0x4066564: estrdup (main.c:1451)
==737567==    by 0x4014A21: do_add_srcfile (awkgram.y:2834)
==737567==    by 0x4018A70: add_srcfile (awkgram.y:2916)
==737567==    by 0x400D7E5: parse_args (main.c:1585)
==737567==    by 0x400D7E5: main (main.c:294)
==737567== 
==737567== 16 bytes in 1 blocks are still reachable in loss record 65 of 247
==737567==    at 0x497D858: malloc (vg_replace_malloc.c:447)
==737567==    by 0x405907A: emalloc_real (awk.h:2156)
==737567==    by 0x405907A: api_register_ext_version (gawkapi.c:1510)
==737567==    by 0x405907A: api_register_ext_version (gawkapi.c:1501)
==737567==    by 0x49989FD: dl_load (filefuncs.c:946)
==737567==    by 0x4052BC2: load_ext (ext.c:125)
==737567==    by 0x4018FDA: load_library (awkgram.y:3020)
==737567==    by 0x401CADF: yyparse (awkgram.y:379)
==737567==    by 0x402073A: parse_program (awkgram.y:2797)
==737567==    by 0x400EAD8: main (main.c:483)
==737567== 
==737567== 20 bytes in 1 blocks are still reachable in loss record 66 of 247
==737567==    at 0x497D858: malloc (vg_replace_malloc.c:447)
==737567==    by 0x405E9A7: emalloc_real (awk.h:2156)
==737567==    by 0x405E9A7: init_awkpath (io.c:3026)
==737567==    by 0x405E9A7: do_find_source (io.c:3068)
==737567==    by 0x4065061: find_source (io.c:3098)
==737567==    by 0x40189F8: add_srcfile (awkgram.y:2864)
==737567==    by 0x4018FBB: load_library (awkgram.y:3010)
==737567==    by 0x401CADF: yyparse (awkgram.y:379)
==737567==    by 0x402073A: parse_program (awkgram.y:2797)
==737567==    by 0x400EAD8: main (main.c:483)
==737567== 
==737567== 23 bytes in 4 blocks are still reachable in loss record 67 of 247
==737567==    at 0x497D858: malloc (vg_replace_malloc.c:447)
==737567==    by 0x4066564: emalloc_real (awk.h:2156)
==737567==    by 0x4066564: estrdup (main.c:1451)
==737567==    by 0x4052FBE: make_builtin (ext.c:153)
==737567==    by 0x49989AA: dl_load (filefuncs.c:946)
==737567==    by 0x4052BC2: load_ext (ext.c:125)
==737567==    by 0x4018FDA: load_library (awkgram.y:3020)
==737567==    by 0x401CADF: yyparse (awkgram.y:379)
==737567==    by 0x402073A: parse_program (awkgram.y:2797)
==737567==    by 0x400EAD8: main (main.c:483)
==737567== 
==737567== 23 bytes in 4 blocks are still reachable in loss record 68 of 247
==737567==    at 0x497D858: malloc (vg_replace_malloc.c:447)
==737567==    by 0x4069457: emalloc_real (awk.h:2156)
==737567==    by 0x4069457: make_str_node (node.c:422)
==737567==    by 0x4077055: install (symbol.c:399)
==737567==    by 0x4053117: make_builtin (ext.c:202)
==737567==    by 0x49989AA: dl_load (filefuncs.c:946)
==737567==    by 0x4052BC2: load_ext (ext.c:125)
==737567==    by 0x4018FDA: load_library (awkgram.y:3020)
==737567==    by 0x401CADF: yyparse (awkgram.y:379)
==737567==    by 0x402073A: parse_program (awkgram.y:2797)
==737567==    by 0x400EAD8: main (main.c:483)
==737567== 
==737567== 24 bytes in 1 blocks are still reachable in loss record 69 of 247
==737567==    at 0x4984E43: calloc (vg_replace_malloc.c:1678)
==737567==    by 0x405E8B2: ezalloc_real (awk.h:2174)
==737567==    by 0x405E8B2: init_awkpath (io.c:2996)
==737567==    by 0x405E8B2: do_find_source (io.c:3068)
==737567==    by 0x4065061: find_source (io.c:3098)
==737567==    by 0x40189F8: add_srcfile (awkgram.y:2864)
==737567==    by 0x400D7E5: parse_args (main.c:1585)
==737567==    by 0x400D7E5: main (main.c:294)
==737567== 
==737567== 24 bytes in 1 blocks are still reachable in loss record 70 of 247
==737567==    at 0x497D858: malloc (vg_replace_malloc.c:447)
==737567==    by 0x4069457: emalloc_real (awk.h:2156)
==737567==    by 0x4069457: make_str_node (node.c:422)
==737567==    by 0x4054B87: update_PROCINFO_str.part.0 (field.c:1662)
==737567==    by 0x400E730: load_procinfo (main.c:1022)
==737567==    by 0x400E730: init_vars (main.c:878)
==737567==    by 0x400E730: main (main.c:403)
==737567== 
==737567== 24 bytes in 1 blocks are still reachable in loss record 71 of 247
==737567==    at 0x4984E43: calloc (vg_replace_malloc.c:1678)
==737567==    by 0x405E8B2: ezalloc_real (awk.h:2174)
==737567==    by 0x405E8B2: init_awkpath (io.c:2996)
==737567==    by 0x405E8B2: do_find_source (io.c:3068)
==737567==    by 0x4065061: find_source (io.c:3098)
==737567==    by 0x40189F8: add_srcfile (awkgram.y:2864)
==737567==    by 0x4018FBB: load_library (awkgram.y:3010)
==737567==    by 0x401CADF: yyparse (awkgram.y:379)
==737567==    by 0x402073A: parse_program (awkgram.y:2797)
==737567==    by 0x400EAD8: main (main.c:483)
==737567== 
==737567== 26 bytes in 1 blocks are still reachable in loss record 72 of 247
==737567==    at 0x497D858: malloc (vg_replace_malloc.c:447)
==737567==    by 0x405E9A7: emalloc_real (awk.h:2156)
==737567==    by 0x405E9A7: init_awkpath (io.c:3026)
==737567==    by 0x405E9A7: do_find_source (io.c:3068)
==737567==    by 0x4065061: find_source (io.c:3098)
==737567==    by 0x40189F8: add_srcfile (awkgram.y:2864)
==737567==    by 0x400D7E5: parse_args (main.c:1585)
==737567==    by 0x400D7E5: main (main.c:294)
==737567== 
==737567== 27 bytes in 1 blocks are still reachable in loss record 73 of 247
==737567==    at 0x498507F: realloc (vg_replace_malloc.c:1804)
==737567==    by 0x406956E: erealloc_real (awk.h:2192)
==737567==    by 0x406956E: make_str_node (node.c:494)
==737567==    by 0x4066BF5: arg_assign (main.c:1252)
==737567==    by 0x400E259: main (main.c:416)
==737567== 
==737567== 32 bytes in 1 blocks are still reachable in loss record 74 of 247
==737567==    at 0x497D858: malloc (vg_replace_malloc.c:447)
==737567==    by 0x4045E57: emalloc_real (awk.h:2156)
==737567==    by 0x4045E57: fmt_index (eval.c:913)
==737567==    by 0x4046F46: set_CONVFMT (eval.c:956)
==737567==    by 0x400D9A3: init_vars (main.c:873)
==737567==    by 0x400D9A3: main (main.c:403)
==737567== 
==737567== 32 bytes in 1 blocks are still reachable in loss record 75 of 247
==737567==    at 0x497D858: malloc (vg_replace_malloc.c:447)
==737567==    by 0x405E673: emalloc_real (awk.h:2156)
==737567==    by 0x405E673: do_find_source (io.c:3070)
==737567==    by 0x4065100: find_source (io.c:3118)
==737567==    by 0x40189F8: add_srcfile (awkgram.y:2864)
==737567==    by 0x4018FBB: load_library (awkgram.y:3010)
==737567==    by 0x401CADF: yyparse (awkgram.y:379)
==737567==    by 0x402073A: parse_program (awkgram.y:2797)
==737567==    by 0x400EAD8: main (main.c:483)
==737567== 
==737567== 32 bytes in 1 blocks are still reachable in loss record 76 of 247
==737567==    at 0x497D858: malloc (vg_replace_malloc.c:447)
==737567==    by 0x415EB1F: malloc (rtld-malloc.h:56)
==737567==    by 0x415EB1F: strdup (strdup.c:42)
==737567==    by 0x413C90D: _dl_map_new_object (dl-load.c:2139)
==737567==    by 0x4141460: dl_open_worker_begin (dl-open.c:535)
==737567==    by 0x4134512: _dl_catch_exception (dl-catch.c:241)
==737567==    by 0x414020B: dl_open_worker (dl-open.c:762)
==737567==    by 0x4134512: _dl_catch_exception (dl-catch.c:241)
==737567==    by 0x4140749: _dl_open (dl-open.c:900)
==737567==    by 0x4BC8EA3: dlopen_doit (dlopen.c:56)
==737567==    by 0x4134512: _dl_catch_exception (dl-catch.c:241)
==737567==    by 0x4134658: _dl_catch_error (dl-catch.c:260)
==737567==    by 0x4BC8992: _dlerror_run (dlerror.c:138)
==737567== 
==737567== 39 bytes in 1 blocks are still reachable in loss record 77 of 247
==737567==    at 0x497D858: malloc (vg_replace_malloc.c:447)
==737567==    by 0x405E673: emalloc_real (awk.h:2156)
==737567==    by 0x405E673: do_find_source (io.c:3070)
==737567==    by 0x4065061: find_source (io.c:3098)
==737567==    by 0x40189F8: add_srcfile (awkgram.y:2864)
==737567==    by 0x400D7E5: parse_args (main.c:1585)
==737567==    by 0x400D7E5: main (main.c:294)
==737567== 
==737567== 40 bytes in 1 blocks are still reachable in loss record 78 of 247
==737567==    at 0x497D858: malloc (vg_replace_malloc.c:447)
==737567==    by 0x4020D1E: emalloc_real (awk.h:2156)
==737567==    by 0x4020D1E: parse_program (awkgram.y:2810)
==737567==    by 0x400EAD8: main (main.c:483)
==737567== 
==737567== 48 bytes in 1 blocks are still reachable in loss record 79 of 247
==737567==    at 0x497D858: malloc (vg_replace_malloc.c:447)
==737567==    by 0x4068FEB: emalloc_real (awk.h:2156)
==737567==    by 0x4068FEB: r_getblock (node.c:1164)
==737567==    by 0x40768D9: str_lookup (str_array.c:214)
==737567==    by 0x407708C: assoc_set (awk.h:2220)
==737567==    by 0x407708C: install (symbol.c:430)
==737567==    by 0x4077369: install_symbol (symbol.c:173)
==737567==    by 0x4077369: init_the_tables (symbol.c:77)
==737567==    by 0x400D60A: main (main.c:287)
==737567== 
==737567== 48 bytes in 1 blocks are still reachable in loss record 80 of 247
==737567==    at 0x497D858: malloc (vg_replace_malloc.c:447)
==737567==    by 0x4068FEB: emalloc_real (awk.h:2156)
==737567==    by 0x4068FEB: r_getblock (node.c:1164)
==737567==    by 0x40768D9: str_lookup (str_array.c:214)
==737567==    by 0x407708C: assoc_set (awk.h:2220)
==737567==    by 0x407708C: install (symbol.c:430)
==737567==    by 0x4077390: install_symbol (symbol.c:173)
==737567==    by 0x4077390: init_the_tables (symbol.c:78)
==737567==    by 0x400D60A: main (main.c:287)
==737567== 
==737567== 48 bytes in 1 blocks are still reachable in loss record 81 of 247
==737567==    at 0x497D858: malloc (vg_replace_malloc.c:447)
==737567==    by 0x4066202: emalloc_real.constprop.0 (awk.h:2156)
==737567==    by 0x400D66C: save_argv (main.c:1496)
==737567==    by 0x400D66C: parse_args (main.c:1554)
==737567==    by 0x400D66C: main (main.c:294)
==737567== 
==737567== 48 bytes in 1 blocks are still reachable in loss record 82 of 247
==737567==    at 0x497D858: malloc (vg_replace_malloc.c:447)
==737567==    by 0x4068FEB: emalloc_real (awk.h:2156)
==737567==    by 0x4068FEB: r_getblock (node.c:1164)
==737567==    by 0x40768D9: str_lookup (str_array.c:214)
==737567==    by 0x407708C: assoc_set (awk.h:2220)
==737567==    by 0x407708C: install (symbol.c:430)
==737567==    by 0x400E703: load_procinfo (main.c:1019)
==737567==    by 0x400E703: init_vars (main.c:878)
==737567==    by 0x400E703: main (main.c:403)
==737567== 
==737567== 48 bytes in 1 blocks are still reachable in loss record 83 of 247
==737567==    at 0x497D858: malloc (vg_replace_malloc.c:447)
==737567==    by 0x4068FEB: emalloc_real (awk.h:2156)
==737567==    by 0x4068FEB: r_getblock (node.c:1164)
==737567==    by 0x40768D9: str_lookup (str_array.c:214)
==737567==    by 0x4054B9E: assoc_set (awk.h:2220)
==737567==    by 0x4054B9E: update_PROCINFO_str.part.0 (field.c:1662)
==737567==    by 0x400E71D: load_procinfo (main.c:1021)
==737567==    by 0x400E71D: init_vars (main.c:878)
==737567==    by 0x400E71D: main (main.c:403)
==737567== 
==737567== 48 bytes in 1 blocks are still reachable in loss record 84 of 247
==737567==    at 0x497D858: malloc (vg_replace_malloc.c:447)
==737567==    by 0x4068FEB: emalloc_real (awk.h:2156)
==737567==    by 0x4068FEB: r_getblock (node.c:1164)
==737567==    by 0x40768D9: str_lookup (str_array.c:214)
==737567==    by 0x4054B9E: assoc_set (awk.h:2220)
==737567==    by 0x4054B9E: update_PROCINFO_str.part.0 (field.c:1662)
==737567==    by 0x400E730: load_procinfo (main.c:1022)
==737567==    by 0x400E730: init_vars (main.c:878)
==737567==    by 0x400E730: main (main.c:403)
==737567== 
==737567== 48 bytes in 1 blocks are still reachable in loss record 85 of 247
==737567==    at 0x497D858: malloc (vg_replace_malloc.c:447)
==737567==    by 0x4068FEB: emalloc_real (awk.h:2156)
==737567==    by 0x4068FEB: r_getblock (node.c:1164)
==737567==    by 0x40768D9: str_lookup (str_array.c:214)
==737567==    by 0x4054B9E: assoc_set (awk.h:2220)
==737567==    by 0x4054B9E: update_PROCINFO_str.part.0 (field.c:1662)
==737567==    by 0x400E743: load_procinfo (main.c:1023)
==737567==    by 0x400E743: init_vars (main.c:878)
==737567==    by 0x400E743: main (main.c:403)
==737567== 
==737567== 48 bytes in 1 blocks are still reachable in loss record 86 of 247
==737567==    at 0x497D858: malloc (vg_replace_malloc.c:447)
==737567==    by 0x4068FEB: emalloc_real (awk.h:2156)
==737567==    by 0x4068FEB: r_getblock (node.c:1164)
==737567==    by 0x40768D9: str_lookup (str_array.c:214)
==737567==    by 0x405802A: assoc_set (awk.h:2220)
==737567==    by 0x405802A: update_PROCINFO_num (field.c:1675)
==737567==    by 0x400E757: load_procinfo (main.c:1035)
==737567==    by 0x400E757: init_vars (main.c:878)
==737567==    by 0x400E757: main (main.c:403)
==737567== 
==737567== 48 bytes in 1 blocks are still reachable in loss record 87 of 247
==737567==    at 0x497D858: malloc (vg_replace_malloc.c:447)
==737567==    by 0x4068FEB: emalloc_real (awk.h:2156)
==737567==    by 0x4068FEB: r_getblock (node.c:1164)
==737567==    by 0x40768D9: str_lookup (str_array.c:214)
==737567==    by 0x405802A: assoc_set (awk.h:2220)
==737567==    by 0x405802A: update_PROCINFO_num (field.c:1675)
==737567==    by 0x400E76B: load_procinfo (main.c:1036)
==737567==    by 0x400E76B: init_vars (main.c:878)
==737567==    by 0x400E76B: main (main.c:403)
==737567== 
==737567== 48 bytes in 1 blocks are still reachable in loss record 88 of 247
==737567==    at 0x497D858: malloc (vg_replace_malloc.c:447)
==737567==    by 0x4068FEB: emalloc_real (awk.h:2156)
==737567==    by 0x4068FEB: r_getblock (node.c:1164)
==737567==    by 0x40768D9: str_lookup (str_array.c:214)
==737567==    by 0x405802A: assoc_set (awk.h:2220)
==737567==    by 0x405802A: update_PROCINFO_num (field.c:1675)
==737567==    by 0x400E784: load_procinfo (main.c:1046)
==737567==    by 0x400E784: init_vars (main.c:878)
==737567==    by 0x400E784: main (main.c:403)
==737567== 
==737567== 48 bytes in 1 blocks are still reachable in loss record 89 of 247
==737567==    at 0x497D858: malloc (vg_replace_malloc.c:447)
==737567==    by 0x4068FEB: emalloc_real (awk.h:2156)
==737567==    by 0x4068FEB: r_getblock (node.c:1164)
==737567==    by 0x40768D9: str_lookup (str_array.c:214)
==737567==    by 0x405802A: assoc_set (awk.h:2220)
==737567==    by 0x405802A: update_PROCINFO_num (field.c:1675)
==737567==    by 0x400E79D: load_procinfo (main.c:1055)
==737567==    by 0x400E79D: init_vars (main.c:878)
==737567==    by 0x400E79D: main (main.c:403)
==737567== 
==737567== 48 bytes in 1 blocks are still reachable in loss record 90 of 247
==737567==    at 0x497D858: malloc (vg_replace_malloc.c:447)
==737567==    by 0x4068FEB: emalloc_real (awk.h:2156)
==737567==    by 0x4068FEB: r_getblock (node.c:1164)
==737567==    by 0x40768D9: str_lookup (str_array.c:214)
==737567==    by 0x405802A: assoc_set (awk.h:2220)
==737567==    by 0x405802A: update_PROCINFO_num (field.c:1675)
==737567==    by 0x400E7B6: load_procinfo (main.c:1058)
==737567==    by 0x400E7B6: init_vars (main.c:878)
==737567==    by 0x400E7B6: main (main.c:403)
==737567== 
==737567== 48 bytes in 1 blocks are still reachable in loss record 91 of 247
==737567==    at 0x497D858: malloc (vg_replace_malloc.c:447)
==737567==    by 0x4068FEB: emalloc_real (awk.h:2156)
==737567==    by 0x4068FEB: r_getblock (node.c:1164)
==737567==    by 0x40768D9: str_lookup (str_array.c:214)
==737567==    by 0x405802A: assoc_set (awk.h:2220)
==737567==    by 0x405802A: update_PROCINFO_num (field.c:1675)
==737567==    by 0x400E7D2: load_procinfo (main.c:1061)
==737567==    by 0x400E7D2: init_vars (main.c:878)
==737567==    by 0x400E7D2: main (main.c:403)
==737567== 
==737567== 48 bytes in 1 blocks are still reachable in loss record 92 of 247
==737567==    at 0x497D858: malloc (vg_replace_malloc.c:447)
==737567==    by 0x4068FEB: emalloc_real (awk.h:2156)
==737567==    by 0x4068FEB: r_getblock (node.c:1164)
==737567==    by 0x40768D9: str_lookup (str_array.c:214)
==737567==    by 0x405802A: assoc_set (awk.h:2220)
==737567==    by 0x405802A: update_PROCINFO_num (field.c:1675)
==737567==    by 0x400E7EE: load_procinfo (main.c:1064)
==737567==    by 0x400E7EE: init_vars (main.c:878)
==737567==    by 0x400E7EE: main (main.c:403)
==737567== 
==737567== 48 bytes in 1 blocks are still reachable in loss record 93 of 247
==737567==    at 0x497D858: malloc (vg_replace_malloc.c:447)
==737567==    by 0x4068FEB: emalloc_real (awk.h:2156)
==737567==    by 0x4068FEB: r_getblock (node.c:1164)
==737567==    by 0x40768D9: str_lookup (str_array.c:214)
==737567==    by 0x405802A: assoc_set (awk.h:2220)
==737567==    by 0x405802A: update_PROCINFO_num (field.c:1675)
==737567==    by 0x400E80A: load_procinfo (main.c:1067)
==737567==    by 0x400E80A: init_vars (main.c:878)
==737567==    by 0x400E80A: main (main.c:403)
==737567== 
==737567== 48 bytes in 1 blocks are still reachable in loss record 94 of 247
==737567==    at 0x497D858: malloc (vg_replace_malloc.c:447)
==737567==    by 0x4068FEB: emalloc_real (awk.h:2156)
==737567==    by 0x4068FEB: r_getblock (node.c:1164)
==737567==    by 0x40768D9: str_lookup (str_array.c:214)
==737567==    by 0x405802A: assoc_set (awk.h:2220)
==737567==    by 0x405802A: update_PROCINFO_num (field.c:1675)
==737567==    by 0x400E826: load_procinfo (main.c:1070)
==737567==    by 0x400E826: init_vars (main.c:878)
==737567==    by 0x400E826: main (main.c:403)
==737567== 
==737567== 48 bytes in 1 blocks are still reachable in loss record 95 of 247
==737567==    at 0x497D858: malloc (vg_replace_malloc.c:447)
==737567==    by 0x4068FEB: emalloc_real (awk.h:2156)
==737567==    by 0x4068FEB: r_getblock (node.c:1164)
==737567==    by 0x40768D9: str_lookup (str_array.c:214)
==737567==    by 0x4054B9E: assoc_set (awk.h:2220)
==737567==    by 0x4054B9E: update_PROCINFO_str.part.0 (field.c:1662)
==737567==    by 0x400E83A: load_procinfo (main.c:1072)
==737567==    by 0x400E83A: init_vars (main.c:878)
==737567==    by 0x400E83A: main (main.c:403)
==737567== 
==737567== 48 bytes in 1 blocks are still reachable in loss record 96 of 247
==737567==    at 0x497D858: malloc (vg_replace_malloc.c:447)
==737567==    by 0x4068FEB: emalloc_real (awk.h:2156)
==737567==    by 0x4068FEB: r_getblock (node.c:1164)
==737567==    by 0x40768D9: str_lookup (str_array.c:214)
==737567==    by 0x4054B9E: assoc_set (awk.h:2220)
==737567==    by 0x4054B9E: update_PROCINFO_str.part.0 (field.c:1662)
==737567==    by 0x400E8D2: load_procinfo (main.c:1087)
==737567==    by 0x400E8D2: init_vars (main.c:878)
==737567==    by 0x400E8D2: main (main.c:403)
==737567== 
==737567== 48 bytes in 1 blocks are still reachable in loss record 97 of 247
==737567==    at 0x497D858: malloc (vg_replace_malloc.c:447)
==737567==    by 0x4068FEB: emalloc_real (awk.h:2156)
==737567==    by 0x4068FEB: r_getblock (node.c:1164)
==737567==    by 0x40768D9: str_lookup (str_array.c:214)
==737567==    by 0x40662E6: assoc_set (awk.h:2220)
==737567==    by 0x400EC2D: load_procinfo_argv (main.c:997)
==737567==    by 0x400EC2D: load_procinfo (main.c:1093)
==737567==    by 0x400EC2D: init_vars (main.c:878)
==737567==    by 0x400EC2D: main (main.c:403)
==737567== 
==737567== 48 bytes in 1 blocks are still reachable in loss record 98 of 247
==737567==    at 0x497D858: malloc (vg_replace_malloc.c:447)
==737567==    by 0x4068FEB: emalloc_real (awk.h:2156)
==737567==    by 0x4068FEB: r_getblock (node.c:1164)
==737567==    by 0x40768D9: str_lookup (str_array.c:214)
==737567==    by 0x407708C: assoc_set (awk.h:2220)
==737567==    by 0x407708C: install (symbol.c:430)
==737567==    by 0x400E038: load_environ (main.c:930)
==737567==    by 0x400E038: init_vars (main.c:879)
==737567==    by 0x400E038: main (main.c:403)
==737567== 
==737567== 48 bytes in 1 blocks are still reachable in loss record 99 of 247
==737567==    at 0x497D858: malloc (vg_replace_malloc.c:447)
==737567==    by 0x4068FEB: emalloc_real (awk.h:2156)
==737567==    by 0x4068FEB: r_getblock (node.c:1164)
==737567==    by 0x40768D9: str_lookup (str_array.c:214)
==737567==    by 0x407708C: assoc_set (awk.h:2220)
==737567==    by 0x407708C: install (symbol.c:430)
==737567==    by 0x40669EE: arg_assign (main.c:1276)
==737567==    by 0x400E259: main (main.c:416)
==737567== 
==737567== 48 bytes in 1 blocks are still reachable in loss record 100 of 247
==737567==    at 0x497D858: malloc (vg_replace_malloc.c:447)
==737567==    by 0x4068FEB: emalloc_real (awk.h:2156)
==737567==    by 0x4068FEB: r_getblock (node.c:1164)
==737567==    by 0x40768D9: str_lookup (str_array.c:214)
==737567==    by 0x407708C: assoc_set (awk.h:2220)
==737567==    by 0x407708C: install (symbol.c:430)
==737567==    by 0x400E414: init_args (main.c:764)
==737567==    by 0x400E414: main (main.c:470)
==737567== 
==737567== 48 bytes in 1 blocks are still reachable in loss record 101 of 247
==737567==    at 0x497D858: malloc (vg_replace_malloc.c:447)
==737567==    by 0x4068FEB: emalloc_real (awk.h:2156)
==737567==    by 0x4068FEB: r_getblock (node.c:1164)
==737567==    by 0x40768D9: str_lookup (str_array.c:214)
==737567==    by 0x407708C: assoc_set (awk.h:2220)
==737567==    by 0x407708C: install (symbol.c:430)
==737567==    by 0x400EA90: init_args (main.c:791)
==737567==    by 0x400EA90: main (main.c:470)
==737567== 
==737567== 48 bytes in 1 blocks are still reachable in loss record 102 of 247
==737567==    at 0x497D858: malloc (vg_replace_malloc.c:447)
==737567==    by 0x4068FEB: emalloc_real (awk.h:2156)
==737567==    by 0x4068FEB: r_getblock (node.c:1164)
==737567==    by 0x40768D9: str_lookup (str_array.c:214)
==737567==    by 0x4077FEA: load_symbols (symbol.c:664)
==737567==    by 0x400ED85: main (main.c:499)
==737567== 
==737567== 48 bytes in 1 blocks are still reachable in loss record 103 of 247
==737567==    at 0x497D858: malloc (vg_replace_malloc.c:447)
==737567==    by 0x4068FEB: emalloc_real (awk.h:2156)
==737567==    by 0x4068FEB: r_getblock (node.c:1164)
==737567==    by 0x40768D9: str_lookup (str_array.c:214)
==737567==    by 0x405AA8D: assoc_set (awk.h:2220)
==737567==    by 0x405AA8D: api_set_array_element (gawkapi.c:1110)
==737567==    by 0x49968EB: array_set (filefuncs.c:344)
==737567==    by 0x499725D: array_set_numeric (filefuncs.c:357)
==737567==    by 0x499725D: fill_stat_array.isra.0 (filefuncs.c:425)
==737567==    by 0x4997A46: do_stat (filefuncs.c:504)
==737567==    by 0x404F26E: r_interpret (interpret.h:1139)
==737567==    by 0x400EDDE: main (main.c:532)
==737567== 
==737567== 48 bytes in 1 blocks are still reachable in loss record 104 of 247
==737567==    at 0x497D858: malloc (vg_replace_malloc.c:447)
==737567==    by 0x4068FEB: emalloc_real (awk.h:2156)
==737567==    by 0x4068FEB: r_getblock (node.c:1164)
==737567==    by 0x40768D9: str_lookup (str_array.c:214)
==737567==    by 0x405AA8D: assoc_set (awk.h:2220)
==737567==    by 0x405AA8D: api_set_array_element (gawkapi.c:1110)
==737567==    by 0x49968EB: array_set (filefuncs.c:344)
==737567==    by 0x499728B: array_set_numeric (filefuncs.c:357)
==737567==    by 0x499728B: fill_stat_array.isra.0 (filefuncs.c:431)
==737567==    by 0x4997A46: do_stat (filefuncs.c:504)
==737567==    by 0x404F26E: r_interpret (interpret.h:1139)
==737567==    by 0x400EDDE: main (main.c:532)
==737567== 
==737567== 49 bytes in 14 blocks are still reachable in loss record 105 of 247
==737567==    at 0x497D858: malloc (vg_replace_malloc.c:447)
==737567==    by 0x4069457: emalloc_real (awk.h:2156)
==737567==    by 0x4069457: make_str_node (node.c:422)
==737567==    by 0x400D984: init_vars (main.c:867)
==737567==    by 0x400D984: main (main.c:403)
==737567== 
==737567== 61 bytes in 5 blocks are still reachable in loss record 106 of 247
==737567==    at 0x497D858: malloc (vg_replace_malloc.c:447)
==737567==    by 0x4066564: emalloc_real (awk.h:2156)
==737567==    by 0x4066564: estrdup (main.c:1451)
==737567==    by 0x400D69D: save_argv (main.c:1498)
==737567==    by 0x400D69D: parse_args (main.c:1554)
==737567==    by 0x400D69D: main (main.c:294)
==737567== 
==737567== 61 bytes in 5 blocks are still reachable in loss record 107 of 247
==737567==    at 0x497D858: malloc (vg_replace_malloc.c:447)
==737567==    by 0x4069457: emalloc_real (awk.h:2156)
==737567==    by 0x4069457: make_str_node (node.c:422)
==737567==    by 0x400E9C6: load_procinfo_argv (main.c:991)
==737567==    by 0x400E9C6: load_procinfo (main.c:1093)
==737567==    by 0x400E9C6: init_vars (main.c:878)
==737567==    by 0x400E9C6: main (main.c:403)
==737567== 
==737567== 73 bytes in 14 blocks are still reachable in loss record 108 of 247
==737567==    at 0x497D858: malloc (vg_replace_malloc.c:447)
==737567==    by 0x4069457: emalloc_real (awk.h:2156)
==737567==    by 0x4069457: make_str_node (node.c:422)
==737567==    by 0x4053E8E: set_element (field.c:1113)
==737567==    by 0x4054088: def_parse_field (field.c:630)
==737567==    by 0x40566D5: do_split (field.c:1252)
==737567==    by 0x404FC3C: r_interpret (interpret.h:1114)
==737567==    by 0x400EDDE: main (main.c:532)
==737567== 
==737567== 80 bytes in 7 blocks are still reachable in loss record 109 of 247
==737567==    at 0x497D858: malloc (vg_replace_malloc.c:447)
==737567==    by 0x4066564: emalloc_real (awk.h:2156)
==737567==    by 0x4066564: estrdup (main.c:1451)
==737567==    by 0x4059263: ns_lookup (gawkapi.c:1664)
==737567==    by 0x405B009: api_sym_update (gawkapi.c:861)
==737567==    by 0x49966E7: init_filefuncs (filefuncs.c:592)
==737567==    by 0x49989DA: dl_load (filefuncs.c:946)
==737567==    by 0x4052BC2: load_ext (ext.c:125)
==737567==    by 0x4018FDA: load_library (awkgram.y:3020)
==737567==    by 0x401CADF: yyparse (awkgram.y:379)
==737567==    by 0x402073A: parse_program (awkgram.y:2797)
==737567==    by 0x400EAD8: main (main.c:483)
==737567== 
==737567== 80 bytes in 7 blocks are still reachable in loss record 110 of 247
==737567==    at 0x497D858: malloc (vg_replace_malloc.c:447)
==737567==    by 0x4069457: emalloc_real (awk.h:2156)
==737567==    by 0x4069457: make_str_node (node.c:422)
==737567==    by 0x4077055: install (symbol.c:399)
==737567==    by 0x405B0DB: api_sym_update (gawkapi.c:874)
==737567==    by 0x49966E7: init_filefuncs (filefuncs.c:592)
==737567==    by 0x49989DA: dl_load (filefuncs.c:946)
==737567==    by 0x4052BC2: load_ext (ext.c:125)
==737567==    by 0x4018FDA: load_library (awkgram.y:3020)
==737567==    by 0x401CADF: yyparse (awkgram.y:379)
==737567==    by 0x402073A: parse_program (awkgram.y:2797)
==737567==    by 0x400EAD8: main (main.c:483)
==737567== 
==737567== 85 bytes in 3 blocks are still reachable in loss record 111 of 247
==737567==    at 0x497D858: malloc (vg_replace_malloc.c:447)
==737567==    by 0x4069457: emalloc_real (awk.h:2156)
==737567==    by 0x4069457: make_str_node (node.c:422)
==737567==    by 0x401B194: yylex (awkgram.y:4074)
==737567==    by 0x401C83C: yyparse (awkgram.c:1879)
==737567==    by 0x402073A: parse_program (awkgram.y:2797)
==737567==    by 0x400EAD8: main (main.c:483)
==737567== 
==737567== 88 bytes in 1 blocks are still reachable in loss record 112 of 247
==737567==    at 0x497D858: malloc (vg_replace_malloc.c:447)
==737567==    by 0x4068FEB: emalloc_real (awk.h:2156)
==737567==    by 0x4068FEB: r_getblock (node.c:1164)
==737567==    by 0x40693C1: make_str_node (node.c:406)
==737567==    by 0x400D5C7: main (main.c:278)
==737567== 
==737567== 88 bytes in 1 blocks are still reachable in loss record 113 of 247
==737567==    at 0x497D858: malloc (vg_replace_malloc.c:447)
==737567==    by 0x4068FEB: emalloc_real (awk.h:2156)
==737567==    by 0x4068FEB: r_getblock (node.c:1164)
==737567==    by 0x40772C7: init_the_tables (symbol.c:68)
==737567==    by 0x400D60A: main (main.c:287)
==737567== 
==737567== 88 bytes in 1 blocks are still reachable in loss record 114 of 247
==737567==    at 0x497D858: malloc (vg_replace_malloc.c:447)
==737567==    by 0x4068FEB: emalloc_real (awk.h:2156)
==737567==    by 0x4068FEB: r_getblock (node.c:1164)
==737567==    by 0x4077308: init_the_tables (symbol.c:72)
==737567==    by 0x400D60A: main (main.c:287)
==737567== 
==737567== 88 bytes in 1 blocks are still reachable in loss record 115 of 247
==737567==    at 0x497D858: malloc (vg_replace_malloc.c:447)
==737567==    by 0x4068FEB: emalloc_real (awk.h:2156)
==737567==    by 0x4068FEB: r_getblock (node.c:1164)
==737567==    by 0x40693C1: make_str_node (node.c:406)
==737567==    by 0x4077055: install (symbol.c:399)
==737567==    by 0x4077369: install_symbol (symbol.c:173)
==737567==    by 0x4077369: init_the_tables (symbol.c:77)
==737567==    by 0x400D60A: main (main.c:287)
==737567== 
==737567== 88 bytes in 1 blocks are still reachable in loss record 116 of 247
==737567==    at 0x497D858: malloc (vg_replace_malloc.c:447)
==737567==    by 0x4068FEB: emalloc_real (awk.h:2156)
==737567==    by 0x4068FEB: r_getblock (node.c:1164)
==737567==    by 0x4077133: make_symbol (symbol.c:376)
==737567==    by 0x4077133: install (symbol.c:417)
==737567==    by 0x4077369: install_symbol (symbol.c:173)
==737567==    by 0x4077369: init_the_tables (symbol.c:77)
==737567==    by 0x400D60A: main (main.c:287)
==737567== 
==737567== 88 bytes in 1 blocks are still reachable in loss record 117 of 247
==737567==    at 0x497D858: malloc (vg_replace_malloc.c:447)
==737567==    by 0x4068FEB: emalloc_real (awk.h:2156)
==737567==    by 0x4068FEB: r_getblock (node.c:1164)
==737567==    by 0x40693C1: make_str_node (node.c:406)
==737567==    by 0x4077055: install (symbol.c:399)
==737567==    by 0x4077390: install_symbol (symbol.c:173)
==737567==    by 0x4077390: init_the_tables (symbol.c:78)
==737567==    by 0x400D60A: main (main.c:287)
==737567== 
==737567== 88 bytes in 1 blocks are still reachable in loss record 118 of 247
==737567==    at 0x497D858: malloc (vg_replace_malloc.c:447)
==737567==    by 0x4068FEB: emalloc_real (awk.h:2156)
==737567==    by 0x4068FEB: r_getblock (node.c:1164)
==737567==    by 0x4077133: make_symbol (symbol.c:376)
==737567==    by 0x4077133: install (symbol.c:417)
==737567==    by 0x4077390: install_symbol (symbol.c:173)
==737567==    by 0x4077390: init_the_tables (symbol.c:78)
==737567==    by 0x400D60A: main (main.c:287)
==737567== 
==737567== 88 bytes in 1 blocks are still reachable in loss record 119 of 247
==737567==    at 0x497D858: malloc (vg_replace_malloc.c:447)
==737567==    by 0x4068FEB: emalloc_real (awk.h:2156)
==737567==    by 0x4068FEB: r_getblock (node.c:1164)
==737567==    by 0x40693C1: make_str_node (node.c:406)
==737567==    by 0x4077055: install (symbol.c:399)
==737567==    by 0x400E703: load_procinfo (main.c:1019)
==737567==    by 0x400E703: init_vars (main.c:878)
==737567==    by 0x400E703: main (main.c:403)
==737567== 
==737567== 88 bytes in 1 blocks are still reachable in loss record 120 of 247
==737567==    at 0x497D858: malloc (vg_replace_malloc.c:447)
==737567==    by 0x4068FEB: emalloc_real (awk.h:2156)
==737567==    by 0x4068FEB: r_getblock (node.c:1164)
==737567==    by 0x4077133: make_symbol (symbol.c:376)
==737567==    by 0x4077133: install (symbol.c:417)
==737567==    by 0x400E703: load_procinfo (main.c:1019)
==737567==    by 0x400E703: init_vars (main.c:878)
==737567==    by 0x400E703: main (main.c:403)
==737567== 
==737567== 88 bytes in 1 blocks are still reachable in loss record 121 of 247
==737567==    at 0x497D858: malloc (vg_replace_malloc.c:447)
==737567==    by 0x4068FEB: emalloc_real (awk.h:2156)
==737567==    by 0x4068FEB: r_getblock (node.c:1164)
==737567==    by 0x40693C1: make_str_node (node.c:406)
==737567==    by 0x4054B6F: update_PROCINFO_str.part.0 (field.c:1661)
==737567==    by 0x400E71D: load_procinfo (main.c:1021)
==737567==    by 0x400E71D: init_vars (main.c:878)
==737567==    by 0x400E71D: main (main.c:403)
==737567== 
==737567== 88 bytes in 1 blocks are still reachable in loss record 122 of 247
==737567==    at 0x497D858: malloc (vg_replace_malloc.c:447)
==737567==    by 0x4068FEB: emalloc_real (awk.h:2156)
==737567==    by 0x4068FEB: r_getblock (node.c:1164)
==737567==    by 0x40693C1: make_str_node (node.c:406)
==737567==    by 0x4054B87: update_PROCINFO_str.part.0 (field.c:1662)
==737567==    by 0x400E71D: load_procinfo (main.c:1021)
==737567==    by 0x400E71D: init_vars (main.c:878)
==737567==    by 0x400E71D: main (main.c:403)
==737567== 
==737567== 88 bytes in 1 blocks are still reachable in loss record 123 of 247
==737567==    at 0x497D858: malloc (vg_replace_malloc.c:447)
==737567==    by 0x4068FEB: emalloc_real (awk.h:2156)
==737567==    by 0x4068FEB: r_getblock (node.c:1164)
==737567==    by 0x40693C1: make_str_node (node.c:406)
==737567==    by 0x4054B6F: update_PROCINFO_str.part.0 (field.c:1661)
==737567==    by 0x400E730: load_procinfo (main.c:1022)
==737567==    by 0x400E730: init_vars (main.c:878)
==737567==    by 0x400E730: main (main.c:403)
==737567== 
==737567== 88 bytes in 1 blocks are still reachable in loss record 124 of 247
==737567==    at 0x497D858: malloc (vg_replace_malloc.c:447)
==737567==    by 0x4068FEB: emalloc_real (awk.h:2156)
==737567==    by 0x4068FEB: r_getblock (node.c:1164)
==737567==    by 0x40693C1: make_str_node (node.c:406)
==737567==    by 0x4054B87: update_PROCINFO_str.part.0 (field.c:1662)
==737567==    by 0x400E730: load_procinfo (main.c:1022)
==737567==    by 0x400E730: init_vars (main.c:878)
==737567==    by 0x400E730: main (main.c:403)
==737567== 
==737567== 88 bytes in 1 blocks are still reachable in loss record 125 of 247
==737567==    at 0x497D858: malloc (vg_replace_malloc.c:447)
==737567==    by 0x4068FEB: emalloc_real (awk.h:2156)
==737567==    by 0x4068FEB: r_getblock (node.c:1164)
==737567==    by 0x40693C1: make_str_node (node.c:406)
==737567==    by 0x4054B6F: update_PROCINFO_str.part.0 (field.c:1661)
==737567==    by 0x400E743: load_procinfo (main.c:1023)
==737567==    by 0x400E743: init_vars (main.c:878)
==737567==    by 0x400E743: main (main.c:403)
==737567== 
==737567== 88 bytes in 1 blocks are still reachable in loss record 126 of 247
==737567==    at 0x497D858: malloc (vg_replace_malloc.c:447)
==737567==    by 0x4068FEB: emalloc_real (awk.h:2156)
==737567==    by 0x4068FEB: r_getblock (node.c:1164)
==737567==    by 0x40693C1: make_str_node (node.c:406)
==737567==    by 0x4054B87: update_PROCINFO_str.part.0 (field.c:1662)
==737567==    by 0x400E743: load_procinfo (main.c:1023)
==737567==    by 0x400E743: init_vars (main.c:878)
==737567==    by 0x400E743: main (main.c:403)
==737567== 
==737567== 88 bytes in 1 blocks are still reachable in loss record 127 of 247
==737567==    at 0x497D858: malloc (vg_replace_malloc.c:447)
==737567==    by 0x4068FEB: emalloc_real (awk.h:2156)
==737567==    by 0x4068FEB: r_getblock (node.c:1164)
==737567==    by 0x40693C1: make_str_node (node.c:406)
==737567==    by 0x4058004: update_PROCINFO_num (field.c:1674)
==737567==    by 0x400E757: load_procinfo (main.c:1035)
==737567==    by 0x400E757: init_vars (main.c:878)
==737567==    by 0x400E757: main (main.c:403)
==737567== 
==737567== 88 bytes in 1 blocks are still reachable in loss record 128 of 247
==737567==    at 0x497D858: malloc (vg_replace_malloc.c:447)
==737567==    by 0x4068FEB: emalloc_real (awk.h:2156)
==737567==    by 0x4068FEB: r_getblock (node.c:1164)
==737567==    by 0x4069930: make_number_node (awk.h:2206)
==737567==    by 0x4069930: r_make_number (node.c:369)
==737567==    by 0x4058013: update_PROCINFO_num (field.c:1675)
==737567==    by 0x400E757: load_procinfo (main.c:1035)
==737567==    by 0x400E757: init_vars (main.c:878)
==737567==    by 0x400E757: main (main.c:403)
==737567== 
==737567== 88 bytes in 1 blocks are still reachable in loss record 129 of 247
==737567==    at 0x497D858: malloc (vg_replace_malloc.c:447)
==737567==    by 0x4068FEB: emalloc_real (awk.h:2156)
==737567==    by 0x4068FEB: r_getblock (node.c:1164)
==737567==    by 0x40693C1: make_str_node (node.c:406)
==737567==    by 0x4058004: update_PROCINFO_num (field.c:1674)
==737567==    by 0x400E76B: load_procinfo (main.c:1036)
==737567==    by 0x400E76B: init_vars (main.c:878)
==737567==    by 0x400E76B: main (main.c:403)
==737567== 
==737567== 88 bytes in 1 blocks are still reachable in loss record 130 of 247
==737567==    at 0x497D858: malloc (vg_replace_malloc.c:447)
==737567==    by 0x4068FEB: emalloc_real (awk.h:2156)
==737567==    by 0x4068FEB: r_getblock (node.c:1164)
==737567==    by 0x4069930: make_number_node (awk.h:2206)
==737567==    by 0x4069930: r_make_number (node.c:369)
==737567==    by 0x4058013: update_PROCINFO_num (field.c:1675)
==737567==    by 0x400E76B: load_procinfo (main.c:1036)
==737567==    by 0x400E76B: init_vars (main.c:878)
==737567==    by 0x400E76B: main (main.c:403)
==737567== 
==737567== 88 bytes in 1 blocks are still reachable in loss record 131 of 247
==737567==    at 0x497D858: malloc (vg_replace_malloc.c:447)
==737567==    by 0x4068FEB: emalloc_real (awk.h:2156)
==737567==    by 0x4068FEB: r_getblock (node.c:1164)
==737567==    by 0x40693C1: make_str_node (node.c:406)
==737567==    by 0x4058004: update_PROCINFO_num (field.c:1674)
==737567==    by 0x400E784: load_procinfo (main.c:1046)
==737567==    by 0x400E784: init_vars (main.c:878)
==737567==    by 0x400E784: main (main.c:403)
==737567== 
==737567== 88 bytes in 1 blocks are still reachable in loss record 132 of 247
==737567==    at 0x497D858: malloc (vg_replace_malloc.c:447)
==737567==    by 0x4068FEB: emalloc_real (awk.h:2156)
==737567==    by 0x4068FEB: r_getblock (node.c:1164)
==737567==    by 0x4069930: make_number_node (awk.h:2206)
==737567==    by 0x4069930: r_make_number (node.c:369)
==737567==    by 0x4058013: update_PROCINFO_num (field.c:1675)
==737567==    by 0x400E784: load_procinfo (main.c:1046)
==737567==    by 0x400E784: init_vars (main.c:878)
==737567==    by 0x400E784: main (main.c:403)
==737567== 
==737567== 88 bytes in 1 blocks are still reachable in loss record 133 of 247
==737567==    at 0x497D858: malloc (vg_replace_malloc.c:447)
==737567==    by 0x4068FEB: emalloc_real (awk.h:2156)
==737567==    by 0x4068FEB: r_getblock (node.c:1164)
==737567==    by 0x40693C1: make_str_node (node.c:406)
==737567==    by 0x4058004: update_PROCINFO_num (field.c:1674)
==737567==    by 0x400E79D: load_procinfo (main.c:1055)
==737567==    by 0x400E79D: init_vars (main.c:878)
==737567==    by 0x400E79D: main (main.c:403)
==737567== 
==737567== 88 bytes in 1 blocks are still reachable in loss record 134 of 247
==737567==    at 0x497D858: malloc (vg_replace_malloc.c:447)
==737567==    by 0x4068FEB: emalloc_real (awk.h:2156)
==737567==    by 0x4068FEB: r_getblock (node.c:1164)
==737567==    by 0x4069930: make_number_node (awk.h:2206)
==737567==    by 0x4069930: r_make_number (node.c:369)
==737567==    by 0x4058013: update_PROCINFO_num (field.c:1675)
==737567==    by 0x400E79D: load_procinfo (main.c:1055)
==737567==    by 0x400E79D: init_vars (main.c:878)
==737567==    by 0x400E79D: main (main.c:403)
==737567== 
==737567== 88 bytes in 1 blocks are still reachable in loss record 135 of 247
==737567==    at 0x497D858: malloc (vg_replace_malloc.c:447)
==737567==    by 0x4068FEB: emalloc_real (awk.h:2156)
==737567==    by 0x4068FEB: r_getblock (node.c:1164)
==737567==    by 0x40693C1: make_str_node (node.c:406)
==737567==    by 0x4058004: update_PROCINFO_num (field.c:1674)
==737567==    by 0x400E7B6: load_procinfo (main.c:1058)
==737567==    by 0x400E7B6: init_vars (main.c:878)
==737567==    by 0x400E7B6: main (main.c:403)
==737567== 
==737567== 88 bytes in 1 blocks are still reachable in loss record 136 of 247
==737567==    at 0x497D858: malloc (vg_replace_malloc.c:447)
==737567==    by 0x4068FEB: emalloc_real (awk.h:2156)
==737567==    by 0x4068FEB: r_getblock (node.c:1164)
==737567==    by 0x4069930: make_number_node (awk.h:2206)
==737567==    by 0x4069930: r_make_number (node.c:369)
==737567==    by 0x4058013: update_PROCINFO_num (field.c:1675)
==737567==    by 0x400E7B6: load_procinfo (main.c:1058)
==737567==    by 0x400E7B6: init_vars (main.c:878)
==737567==    by 0x400E7B6: main (main.c:403)
==737567== 
==737567== 88 bytes in 1 blocks are still reachable in loss record 137 of 247
==737567==    at 0x497D858: malloc (vg_replace_malloc.c:447)
==737567==    by 0x4068FEB: emalloc_real (awk.h:2156)
==737567==    by 0x4068FEB: r_getblock (node.c:1164)
==737567==    by 0x40693C1: make_str_node (node.c:406)
==737567==    by 0x4058004: update_PROCINFO_num (field.c:1674)
==737567==    by 0x400E7D2: load_procinfo (main.c:1061)
==737567==    by 0x400E7D2: init_vars (main.c:878)
==737567==    by 0x400E7D2: main (main.c:403)
==737567== 
==737567== 88 bytes in 1 blocks are still reachable in loss record 138 of 247
==737567==    at 0x497D858: malloc (vg_replace_malloc.c:447)
==737567==    by 0x4068FEB: emalloc_real (awk.h:2156)
==737567==    by 0x4068FEB: r_getblock (node.c:1164)
==737567==    by 0x4069930: make_number_node (awk.h:2206)
==737567==    by 0x4069930: r_make_number (node.c:369)
==737567==    by 0x4058013: update_PROCINFO_num (field.c:1675)
==737567==    by 0x400E7D2: load_procinfo (main.c:1061)
==737567==    by 0x400E7D2: init_vars (main.c:878)
==737567==    by 0x400E7D2: main (main.c:403)
==737567== 
==737567== 88 bytes in 1 blocks are still reachable in loss record 139 of 247
==737567==    at 0x497D858: malloc (vg_replace_malloc.c:447)
==737567==    by 0x4068FEB: emalloc_real (awk.h:2156)
==737567==    by 0x4068FEB: r_getblock (node.c:1164)
==737567==    by 0x40693C1: make_str_node (node.c:406)
==737567==    by 0x4058004: update_PROCINFO_num (field.c:1674)
==737567==    by 0x400E7EE: load_procinfo (main.c:1064)
==737567==    by 0x400E7EE: init_vars (main.c:878)
==737567==    by 0x400E7EE: main (main.c:403)
==737567== 
==737567== 88 bytes in 1 blocks are still reachable in loss record 140 of 247
==737567==    at 0x497D858: malloc (vg_replace_malloc.c:447)
==737567==    by 0x4068FEB: emalloc_real (awk.h:2156)
==737567==    by 0x4068FEB: r_getblock (node.c:1164)
==737567==    by 0x4069930: make_number_node (awk.h:2206)
==737567==    by 0x4069930: r_make_number (node.c:369)
==737567==    by 0x4058013: update_PROCINFO_num (field.c:1675)
==737567==    by 0x400E7EE: load_procinfo (main.c:1064)
==737567==    by 0x400E7EE: init_vars (main.c:878)
==737567==    by 0x400E7EE: main (main.c:403)
==737567== 
==737567== 88 bytes in 1 blocks are still reachable in loss record 141 of 247
==737567==    at 0x497D858: malloc (vg_replace_malloc.c:447)
==737567==    by 0x4068FEB: emalloc_real (awk.h:2156)
==737567==    by 0x4068FEB: r_getblock (node.c:1164)
==737567==    by 0x40693C1: make_str_node (node.c:406)
==737567==    by 0x4058004: update_PROCINFO_num (field.c:1674)
==737567==    by 0x400E80A: load_procinfo (main.c:1067)
==737567==    by 0x400E80A: init_vars (main.c:878)
==737567==    by 0x400E80A: main (main.c:403)
==737567== 
==737567== 88 bytes in 1 blocks are still reachable in loss record 142 of 247
==737567==    at 0x497D858: malloc (vg_replace_malloc.c:447)
==737567==    by 0x4068FEB: emalloc_real (awk.h:2156)
==737567==    by 0x4068FEB: r_getblock (node.c:1164)
==737567==    by 0x4069930: make_number_node (awk.h:2206)
==737567==    by 0x4069930: r_make_number (node.c:369)
==737567==    by 0x4058013: update_PROCINFO_num (field.c:1675)
==737567==    by 0x400E80A: load_procinfo (main.c:1067)
==737567==    by 0x400E80A: init_vars (main.c:878)
==737567==    by 0x400E80A: main (main.c:403)
==737567== 
==737567== 88 bytes in 1 blocks are still reachable in loss record 143 of 247
==737567==    at 0x497D858: malloc (vg_replace_malloc.c:447)
==737567==    by 0x4068FEB: emalloc_real (awk.h:2156)
==737567==    by 0x4068FEB: r_getblock (node.c:1164)
==737567==    by 0x40693C1: make_str_node (node.c:406)
==737567==    by 0x4058004: update_PROCINFO_num (field.c:1674)
==737567==    by 0x400E826: load_procinfo (main.c:1070)
==737567==    by 0x400E826: init_vars (main.c:878)
==737567==    by 0x400E826: main (main.c:403)
==737567== 
==737567== 88 bytes in 1 blocks are still reachable in loss record 144 of 247
==737567==    at 0x497D858: malloc (vg_replace_malloc.c:447)
==737567==    by 0x4068FEB: emalloc_real (awk.h:2156)
==737567==    by 0x4068FEB: r_getblock (node.c:1164)
==737567==    by 0x4069930: make_number_node (awk.h:2206)
==737567==    by 0x4069930: r_make_number (node.c:369)
==737567==    by 0x4058013: update_PROCINFO_num (field.c:1675)
==737567==    by 0x400E826: load_procinfo (main.c:1070)
==737567==    by 0x400E826: init_vars (main.c:878)
==737567==    by 0x400E826: main (main.c:403)
==737567== 
==737567== 88 bytes in 1 blocks are still reachable in loss record 145 of 247
==737567==    at 0x497D858: malloc (vg_replace_malloc.c:447)
==737567==    by 0x4068FEB: emalloc_real (awk.h:2156)
==737567==    by 0x4068FEB: r_getblock (node.c:1164)
==737567==    by 0x40693C1: make_str_node (node.c:406)
==737567==    by 0x4054B6F: update_PROCINFO_str.part.0 (field.c:1661)
==737567==    by 0x400E83A: load_procinfo (main.c:1072)
==737567==    by 0x400E83A: init_vars (main.c:878)
==737567==    by 0x400E83A: main (main.c:403)
==737567== 
==737567== 88 bytes in 1 blocks are still reachable in loss record 146 of 247
==737567==    at 0x497D858: malloc (vg_replace_malloc.c:447)
==737567==    by 0x4068FEB: emalloc_real (awk.h:2156)
==737567==    by 0x4068FEB: r_getblock (node.c:1164)
==737567==    by 0x40693C1: make_str_node (node.c:406)
==737567==    by 0x4054B87: update_PROCINFO_str.part.0 (field.c:1662)
==737567==    by 0x400E83A: load_procinfo (main.c:1072)
==737567==    by 0x400E83A: init_vars (main.c:878)
==737567==    by 0x400E83A: main (main.c:403)
==737567== 
==737567== 88 bytes in 1 blocks are still reachable in loss record 147 of 247
==737567==    at 0x497D858: malloc (vg_replace_malloc.c:447)
==737567==    by 0x4068FEB: emalloc_real (awk.h:2156)
==737567==    by 0x4068FEB: r_getblock (node.c:1164)
==737567==    by 0x40693C1: make_str_node (node.c:406)
==737567==    by 0x4054B6F: update_PROCINFO_str.part.0 (field.c:1661)
==737567==    by 0x400E8D2: load_procinfo (main.c:1087)
==737567==    by 0x400E8D2: init_vars (main.c:878)
==737567==    by 0x400E8D2: main (main.c:403)
==737567== 
==737567== 88 bytes in 1 blocks are still reachable in loss record 148 of 247
==737567==    at 0x497D858: malloc (vg_replace_malloc.c:447)
==737567==    by 0x4068FEB: emalloc_real (awk.h:2156)
==737567==    by 0x4068FEB: r_getblock (node.c:1164)
==737567==    by 0x40693C1: make_str_node (node.c:406)
==737567==    by 0x4054B87: update_PROCINFO_str.part.0 (field.c:1662)
==737567==    by 0x400E8D2: load_procinfo (main.c:1087)
==737567==    by 0x400E8D2: init_vars (main.c:878)
==737567==    by 0x400E8D2: main (main.c:403)
==737567== 
==737567== 88 bytes in 1 blocks are still reachable in loss record 149 of 247
==737567==    at 0x497D858: malloc (vg_replace_malloc.c:447)
==737567==    by 0x4068FEB: emalloc_real (awk.h:2156)
==737567==    by 0x4068FEB: r_getblock (node.c:1164)
==737567==    by 0x400E8E9: load_procinfo_argv (main.c:984)
==737567==    by 0x400E8E9: load_procinfo (main.c:1093)
==737567==    by 0x400E8E9: init_vars (main.c:878)
==737567==    by 0x400E8E9: main (main.c:403)
==737567== 
==737567== 88 bytes in 1 blocks are still reachable in loss record 150 of 247
==737567==    at 0x497D858: malloc (vg_replace_malloc.c:447)
==737567==    by 0x4068FEB: emalloc_real (awk.h:2156)
==737567==    by 0x4068FEB: r_getblock (node.c:1164)
==737567==    by 0x40348D2: make_node (cint_array.c:731)
==737567==    by 0x40348D2: cint_lookup (cint_array.c:256)
==737567==    by 0x400E9D6: assoc_set (awk.h:2220)
==737567==    by 0x400E9D6: load_procinfo_argv (main.c:992)
==737567==    by 0x400E9D6: load_procinfo (main.c:1093)
==737567==    by 0x400E9D6: init_vars (main.c:878)
==737567==    by 0x400E9D6: main (main.c:403)
==737567== 
==737567== 88 bytes in 1 blocks are still reachable in loss record 151 of 247
==737567==    at 0x497D858: malloc (vg_replace_malloc.c:447)
==737567==    by 0x4068FEB: emalloc_real (awk.h:2156)
==737567==    by 0x4068FEB: r_getblock (node.c:1164)
==737567==    by 0x40344E7: make_node (cint_array.c:731)
==737567==    by 0x40344E7: tree_lookup (cint_array.c:796)
==737567==    by 0x400E9D6: assoc_set (awk.h:2220)
==737567==    by 0x400E9D6: load_procinfo_argv (main.c:992)
==737567==    by 0x400E9D6: load_procinfo (main.c:1093)
==737567==    by 0x400E9D6: init_vars (main.c:878)
==737567==    by 0x400E9D6: main (main.c:403)
==737567== 
==737567== 88 bytes in 1 blocks are still reachable in loss record 152 of 247
==737567==    at 0x497D858: malloc (vg_replace_malloc.c:447)
==737567==    by 0x4068FEB: emalloc_real (awk.h:2156)
==737567==    by 0x4068FEB: r_getblock (node.c:1164)
==737567==    by 0x40693C1: make_str_node (node.c:406)
==737567==    by 0x400EC1B: load_procinfo_argv (main.c:996)
==737567==    by 0x400EC1B: load_procinfo (main.c:1093)
==737567==    by 0x400EC1B: init_vars (main.c:878)
==737567==    by 0x400EC1B: main (main.c:403)
==737567== 
==737567== 88 bytes in 1 blocks are still reachable in loss record 153 of 247
==737567==    at 0x497D858: malloc (vg_replace_malloc.c:447)
==737567==    by 0x4068FEB: emalloc_real (awk.h:2156)
==737567==    by 0x4068FEB: r_getblock (node.c:1164)
==737567==    by 0x40693C1: make_str_node (node.c:406)
==737567==    by 0x4077055: install (symbol.c:399)
==737567==    by 0x400E038: load_environ (main.c:930)
==737567==    by 0x400E038: init_vars (main.c:879)
==737567==    by 0x400E038: main (main.c:403)
==737567== 
==737567== 88 bytes in 1 blocks are still reachable in loss record 154 of 247
==737567==    at 0x497D858: malloc (vg_replace_malloc.c:447)
==737567==    by 0x4068FEB: emalloc_real (awk.h:2156)
==737567==    by 0x4068FEB: r_getblock (node.c:1164)
==737567==    by 0x4077133: make_symbol (symbol.c:376)
==737567==    by 0x4077133: install (symbol.c:417)
==737567==    by 0x400E038: load_environ (main.c:930)
==737567==    by 0x400E038: init_vars (main.c:879)
==737567==    by 0x400E038: main (main.c:403)
==737567== 
==737567== 88 bytes in 1 blocks are still reachable in loss record 155 of 247
==737567==    at 0x497D858: malloc (vg_replace_malloc.c:447)
==737567==    by 0x4068FEB: emalloc_real (awk.h:2156)
==737567==    by 0x4068FEB: r_getblock (node.c:1164)
==737567==    by 0x40693C1: make_str_node (node.c:406)
==737567==    by 0x4055395: init_fields (field.c:105)
==737567==    by 0x400E1A4: main (main.c:410)
==737567== 
==737567== 88 bytes in 1 blocks are still reachable in loss record 156 of 247
==737567==    at 0x497D858: malloc (vg_replace_malloc.c:447)
==737567==    by 0x4068FEB: emalloc_real (awk.h:2156)
==737567==    by 0x4068FEB: r_getblock (node.c:1164)
==737567==    by 0x40693C1: make_str_node (node.c:406)
==737567==    by 0x40553E0: init_fields (field.c:111)
==737567==    by 0x400E1A4: main (main.c:410)
==737567== 
==737567== 88 bytes in 1 blocks are still reachable in loss record 157 of 247
==737567==    at 0x497D858: malloc (vg_replace_malloc.c:447)
==737567==    by 0x4068FEB: emalloc_real (awk.h:2156)
==737567==    by 0x4068FEB: r_getblock (node.c:1164)
==737567==    by 0x40693C1: make_str_node (node.c:406)
==737567==    by 0x4066BF5: arg_assign (main.c:1252)
==737567==    by 0x400E259: main (main.c:416)
==737567== 
==737567== 88 bytes in 1 blocks are still reachable in loss record 158 of 247
==737567==    at 0x497D858: malloc (vg_replace_malloc.c:447)
==737567==    by 0x4068FEB: emalloc_real (awk.h:2156)
==737567==    by 0x4068FEB: r_getblock (node.c:1164)
==737567==    by 0x40693C1: make_str_node (node.c:406)
==737567==    by 0x4077055: install (symbol.c:399)
==737567==    by 0x40669EE: arg_assign (main.c:1276)
==737567==    by 0x400E259: main (main.c:416)
==737567== 
==737567== 88 bytes in 1 blocks are still reachable in loss record 159 of 247
==737567==    at 0x497D858: malloc (vg_replace_malloc.c:447)
==737567==    by 0x4068FEB: emalloc_real (awk.h:2156)
==737567==    by 0x4068FEB: r_getblock (node.c:1164)
==737567==    by 0x4077133: make_symbol (symbol.c:376)
==737567==    by 0x4077133: install (symbol.c:417)
==737567==    by 0x40669EE: arg_assign (main.c:1276)
==737567==    by 0x400E259: main (main.c:416)
==737567== 
==737567== 88 bytes in 1 blocks are still reachable in loss record 160 of 247
==737567==    at 0x497D858: malloc (vg_replace_malloc.c:447)
==737567==    by 0x4068FEB: emalloc_real (awk.h:2156)
==737567==    by 0x4068FEB: r_getblock (node.c:1164)
==737567==    by 0x4048A91: init_interpret (eval.c:1902)
==737567==    by 0x400E3D5: main (main.c:468)
==737567== 
==737567== 88 bytes in 1 blocks are still reachable in loss record 161 of 247
==737567==    at 0x497D858: malloc (vg_replace_malloc.c:447)
==737567==    by 0x4068FEB: emalloc_real (awk.h:2156)
==737567==    by 0x4068FEB: r_getblock (node.c:1164)
==737567==    by 0x4069930: make_number_node (awk.h:2206)
==737567==    by 0x4069930: r_make_number (node.c:369)
==737567==    by 0x4048AE5: init_interpret (eval.c:1910)
==737567==    by 0x400E3D5: main (main.c:468)
==737567== 
==737567== 88 bytes in 1 blocks are still reachable in loss record 162 of 247
==737567==    at 0x497D858: malloc (vg_replace_malloc.c:447)
==737567==    by 0x4068FEB: emalloc_real (awk.h:2156)
==737567==    by 0x4068FEB: r_getblock (node.c:1164)
==737567==    by 0x4069930: make_number_node (awk.h:2206)
==737567==    by 0x4069930: r_make_number (node.c:369)
==737567==    by 0x4048AFA: init_interpret (eval.c:1911)
==737567==    by 0x400E3D5: main (main.c:468)
==737567== 
==737567== 88 bytes in 1 blocks are still reachable in loss record 163 of 247
==737567==    at 0x497D858: malloc (vg_replace_malloc.c:447)
==737567==    by 0x4068FEB: emalloc_real (awk.h:2156)
==737567==    by 0x4068FEB: r_getblock (node.c:1164)
==737567==    by 0x40693C1: make_str_node (node.c:406)
==737567==    by 0x4077055: install (symbol.c:399)
==737567==    by 0x400E414: init_args (main.c:764)
==737567==    by 0x400E414: main (main.c:470)
==737567== 
==737567== 88 bytes in 1 blocks are still reachable in loss record 164 of 247
==737567==    at 0x497D858: malloc (vg_replace_malloc.c:447)
==737567==    by 0x4068FEB: emalloc_real (awk.h:2156)
==737567==    by 0x4068FEB: r_getblock (node.c:1164)
==737567==    by 0x4077133: make_symbol (symbol.c:376)
==737567==    by 0x4077133: install (symbol.c:417)
==737567==    by 0x400E414: init_args (main.c:764)
==737567==    by 0x400E414: main (main.c:470)
==737567== 
==737567== 88 bytes in 1 blocks are still reachable in loss record 165 of 247
==737567==    at 0x497D858: malloc (vg_replace_malloc.c:447)
==737567==    by 0x4068FEB: emalloc_real (awk.h:2156)
==737567==    by 0x4068FEB: r_getblock (node.c:1164)
==737567==    by 0x40693C1: make_str_node (node.c:406)
==737567==    by 0x400E43D: init_args (main.c:766)
==737567==    by 0x400E43D: main (main.c:470)
==737567== 
==737567== 88 bytes in 1 blocks are still reachable in loss record 166 of 247
==737567==    at 0x497D858: malloc (vg_replace_malloc.c:447)
==737567==    by 0x4068FEB: emalloc_real (awk.h:2156)
==737567==    by 0x4068FEB: r_getblock (node.c:1164)
==737567==    by 0x40348D2: make_node (cint_array.c:731)
==737567==    by 0x40348D2: cint_lookup (cint_array.c:256)
==737567==    by 0x40662E6: assoc_set (awk.h:2220)
==737567==    by 0x400E453: init_args (main.c:768)
==737567==    by 0x400E453: main (main.c:470)
==737567== 
==737567== 88 bytes in 1 blocks are still reachable in loss record 167 of 247
==737567==    at 0x497D858: malloc (vg_replace_malloc.c:447)
==737567==    by 0x4068FEB: emalloc_real (awk.h:2156)
==737567==    by 0x4068FEB: r_getblock (node.c:1164)
==737567==    by 0x40344E7: make_node (cint_array.c:731)
==737567==    by 0x40344E7: tree_lookup (cint_array.c:796)
==737567==    by 0x40662E6: assoc_set (awk.h:2220)
==737567==    by 0x400E453: init_args (main.c:768)
==737567==    by 0x400E453: main (main.c:470)
==737567== 
==737567== 88 bytes in 1 blocks are still reachable in loss record 168 of 247
==737567==    at 0x497D858: malloc (vg_replace_malloc.c:447)
==737567==    by 0x4068FEB: emalloc_real (awk.h:2156)
==737567==    by 0x4068FEB: r_getblock (node.c:1164)
==737567==    by 0x40693C1: make_str_node (node.c:406)
==737567==    by 0x4077055: install (symbol.c:399)
==737567==    by 0x400EA90: init_args (main.c:791)
==737567==    by 0x400EA90: main (main.c:470)
==737567== 
==737567== 88 bytes in 1 blocks are still reachable in loss record 169 of 247
==737567==    at 0x497D858: malloc (vg_replace_malloc.c:447)
==737567==    by 0x4068FEB: emalloc_real (awk.h:2156)
==737567==    by 0x4068FEB: r_getblock (node.c:1164)
==737567==    by 0x4077133: make_symbol (symbol.c:376)
==737567==    by 0x4077133: install (symbol.c:417)
==737567==    by 0x400EA90: init_args (main.c:791)
==737567==    by 0x400EA90: main (main.c:470)
==737567== 
==737567== 88 bytes in 1 blocks are still reachable in loss record 170 of 247
==737567==    at 0x497D858: malloc (vg_replace_malloc.c:447)
==737567==    by 0x4068FEB: emalloc_real (awk.h:2156)
==737567==    by 0x4068FEB: r_getblock (node.c:1164)
==737567==    by 0x4069930: make_number_node (awk.h:2206)
==737567==    by 0x4069930: r_make_number (node.c:369)
==737567==    by 0x400EAA8: init_args (main.c:792)
==737567==    by 0x400EAA8: main (main.c:470)
==737567== 
==737567== 88 bytes in 1 blocks are still reachable in loss record 171 of 247
==737567==    at 0x497D858: malloc (vg_replace_malloc.c:447)
==737567==    by 0x4068FEB: emalloc_real (awk.h:2156)
==737567==    by 0x4068FEB: r_getblock (node.c:1164)
==737567==    by 0x4014FDC: make_regnode (awkgram.y:5300)
==737567==    by 0x4014FDC: mk_rexp (awkgram.y:5332)
==737567==    by 0x401810E: snode (awkgram.y:4759)
==737567==    by 0x401DBAA: yyparse (awkgram.y:1917)
==737567==    by 0x402073A: parse_program (awkgram.y:2797)
==737567==    by 0x400EAD8: main (main.c:483)
==737567== 
==737567== 88 bytes in 1 blocks are still reachable in loss record 172 of 247
==737567==    at 0x497D858: malloc (vg_replace_malloc.c:447)
==737567==    by 0x4068FEB: emalloc_real (awk.h:2156)
==737567==    by 0x4068FEB: r_getblock (node.c:1164)
==737567==    by 0x40693C1: make_str_node (node.c:406)
==737567==    by 0x4077FD7: load_symbols (symbol.c:663)
==737567==    by 0x400ED85: main (main.c:499)
==737567== 
==737567== 88 bytes in 1 blocks are still reachable in loss record 173 of 247
==737567==    at 0x497D858: malloc (vg_replace_malloc.c:447)
==737567==    by 0x4068FEB: emalloc_real (awk.h:2156)
==737567==    by 0x4068FEB: r_getblock (node.c:1164)
==737567==    by 0x4077FF4: load_symbols (symbol.c:666)
==737567==    by 0x400ED85: main (main.c:499)
==737567== 
==737567== 88 bytes in 1 blocks are still reachable in loss record 174 of 247
==737567==    at 0x497D858: malloc (vg_replace_malloc.c:447)
==737567==    by 0x4068FEB: emalloc_real (awk.h:2156)
==737567==    by 0x4068FEB: r_getblock (node.c:1164)
==737567==    by 0x40693C1: make_str_node (node.c:406)
==737567==    by 0x40780C2: load_symbols (symbol.c:678)
==737567==    by 0x400ED85: main (main.c:499)
==737567== 
==737567== 88 bytes in 1 blocks are still reachable in loss record 175 of 247
==737567==    at 0x497D858: malloc (vg_replace_malloc.c:447)
==737567==    by 0x4068FEB: emalloc_real (awk.h:2156)
==737567==    by 0x4068FEB: r_getblock (node.c:1164)
==737567==    by 0x40693C1: make_str_node (node.c:406)
==737567==    by 0x40780DA: load_symbols (symbol.c:679)
==737567==    by 0x400ED85: main (main.c:499)
==737567== 
==737567== 88 bytes in 1 blocks are still reachable in loss record 176 of 247
==737567==    at 0x497D858: malloc (vg_replace_malloc.c:447)
==737567==    by 0x4068FEB: emalloc_real (awk.h:2156)
==737567==    by 0x4068FEB: r_getblock (node.c:1164)
==737567==    by 0x40693C1: make_str_node (node.c:406)
==737567==    by 0x40780F2: load_symbols (symbol.c:680)
==737567==    by 0x400ED85: main (main.c:499)
==737567== 
==737567== 88 bytes in 1 blocks are still reachable in loss record 177 of 247
==737567==    at 0x497D858: malloc (vg_replace_malloc.c:447)
==737567==    by 0x4068FEB: emalloc_real (awk.h:2156)
==737567==    by 0x4068FEB: r_getblock (node.c:1164)
==737567==    by 0x40693C1: make_str_node (node.c:406)
==737567==    by 0x407810A: load_symbols (symbol.c:681)
==737567==    by 0x400ED85: main (main.c:499)
==737567== 
==737567== 88 bytes in 1 blocks are still reachable in loss record 178 of 247
==737567==    at 0x497D858: malloc (vg_replace_malloc.c:447)
==737567==    by 0x4068FEB: emalloc_real (awk.h:2156)
==737567==    by 0x4068FEB: r_getblock (node.c:1164)
==737567==    by 0x40693C1: make_str_node (node.c:406)
==737567==    by 0x4078122: load_symbols (symbol.c:682)
==737567==    by 0x400ED85: main (main.c:499)
==737567== 
==737567== 88 bytes in 1 blocks are still reachable in loss record 179 of 247
==737567==    at 0x497D858: malloc (vg_replace_malloc.c:447)
==737567==    by 0x4068FEB: emalloc_real (awk.h:2156)
==737567==    by 0x4068FEB: r_getblock (node.c:1164)
==737567==    by 0x40693C1: make_str_node (node.c:406)
==737567==    by 0x405AA61: api_set_array_element (gawkapi.c:1102)
==737567==    by 0x49968EB: array_set (filefuncs.c:344)
==737567==    by 0x499725D: array_set_numeric (filefuncs.c:357)
==737567==    by 0x499725D: fill_stat_array.isra.0 (filefuncs.c:425)
==737567==    by 0x4997A46: do_stat (filefuncs.c:504)
==737567==    by 0x404F26E: r_interpret (interpret.h:1139)
==737567==    by 0x400EDDE: main (main.c:532)
==737567== 
==737567== 88 bytes in 1 blocks are still reachable in loss record 180 of 247
==737567==    at 0x497D858: malloc (vg_replace_malloc.c:447)
==737567==    by 0x4068FEB: emalloc_real (awk.h:2156)
==737567==    by 0x4068FEB: r_getblock (node.c:1164)
==737567==    by 0x4069930: make_number_node (awk.h:2206)
==737567==    by 0x4069930: r_make_number (node.c:369)
==737567==    by 0x405AA6C: api_set_array_element (gawkapi.c:1103)
==737567==    by 0x49968EB: array_set (filefuncs.c:344)
==737567==    by 0x499725D: array_set_numeric (filefuncs.c:357)
==737567==    by 0x499725D: fill_stat_array.isra.0 (filefuncs.c:425)
==737567==    by 0x4997A46: do_stat (filefuncs.c:504)
==737567==    by 0x404F26E: r_interpret (interpret.h:1139)
==737567==    by 0x400EDDE: main (main.c:532)
==737567== 
==737567== 88 bytes in 1 blocks are still reachable in loss record 181 of 247
==737567==    at 0x497D858: malloc (vg_replace_malloc.c:447)
==737567==    by 0x4068FEB: emalloc_real (awk.h:2156)
==737567==    by 0x4068FEB: r_getblock (node.c:1164)
==737567==    by 0x40693C1: make_str_node (node.c:406)
==737567==    by 0x405AA61: api_set_array_element (gawkapi.c:1102)
==737567==    by 0x49968EB: array_set (filefuncs.c:344)
==737567==    by 0x499728B: array_set_numeric (filefuncs.c:357)
==737567==    by 0x499728B: fill_stat_array.isra.0 (filefuncs.c:431)
==737567==    by 0x4997A46: do_stat (filefuncs.c:504)
==737567==    by 0x404F26E: r_interpret (interpret.h:1139)
==737567==    by 0x400EDDE: main (main.c:532)
==737567== 
==737567== 88 bytes in 1 blocks are still reachable in loss record 182 of 247
==737567==    at 0x497D858: malloc (vg_replace_malloc.c:447)
==737567==    by 0x4068FEB: emalloc_real (awk.h:2156)
==737567==    by 0x4068FEB: r_getblock (node.c:1164)
==737567==    by 0x4069930: make_number_node (awk.h:2206)
==737567==    by 0x4069930: r_make_number (node.c:369)
==737567==    by 0x405AA6C: api_set_array_element (gawkapi.c:1103)
==737567==    by 0x49968EB: array_set (filefuncs.c:344)
==737567==    by 0x499728B: array_set_numeric (filefuncs.c:357)
==737567==    by 0x499728B: fill_stat_array.isra.0 (filefuncs.c:431)
==737567==    by 0x4997A46: do_stat (filefuncs.c:504)
==737567==    by 0x404F26E: r_interpret (interpret.h:1139)
==737567==    by 0x400EDDE: main (main.c:532)
==737567== 
==737567== 88 bytes in 1 blocks are still reachable in loss record 183 of 247
==737567==    at 0x497D858: malloc (vg_replace_malloc.c:447)
==737567==    by 0x4068FEB: emalloc_real (awk.h:2156)
==737567==    by 0x4068FEB: r_getblock (node.c:1164)
==737567==    by 0x40348D2: make_node (cint_array.c:731)
==737567==    by 0x40348D2: cint_lookup (cint_array.c:256)
==737567==    by 0x4053EB4: assoc_set (awk.h:2220)
==737567==    by 0x4053EB4: set_element (field.c:1116)
==737567==    by 0x4054088: def_parse_field (field.c:630)
==737567==    by 0x40566D5: do_split (field.c:1252)
==737567==    by 0x404FC3C: r_interpret (interpret.h:1114)
==737567==    by 0x400EDDE: main (main.c:532)
==737567== 
==737567== 88 bytes in 1 blocks are still reachable in loss record 184 of 247
==737567==    at 0x497D858: malloc (vg_replace_malloc.c:447)
==737567==    by 0x4068FEB: emalloc_real (awk.h:2156)
==737567==    by 0x4068FEB: r_getblock (node.c:1164)
==737567==    by 0x40344E7: make_node (cint_array.c:731)
==737567==    by 0x40344E7: tree_lookup (cint_array.c:796)
==737567==    by 0x4053EB4: assoc_set (awk.h:2220)
==737567==    by 0x4053EB4: set_element (field.c:1116)
==737567==    by 0x4054088: def_parse_field (field.c:630)
==737567==    by 0x40566D5: do_split (field.c:1252)
==737567==    by 0x404FC3C: r_interpret (interpret.h:1114)
==737567==    by 0x400EDDE: main (main.c:532)
==737567== 
==737567== 88 bytes in 1 blocks are still reachable in loss record 185 of 247
==737567==    at 0x497D858: malloc (vg_replace_malloc.c:447)
==737567==    by 0x4068FEB: emalloc_real (awk.h:2156)
==737567==    by 0x4068FEB: r_getblock (node.c:1164)
==737567==    by 0x4069930: make_number_node (awk.h:2206)
==737567==    by 0x4069930: r_make_number (node.c:369)
==737567==    by 0x40566E4: do_split (field.c:1252)
==737567==    by 0x404FC3C: r_interpret (interpret.h:1114)
==737567==    by 0x400EDDE: main (main.c:532)
==737567== 
==737567== 88 bytes in 1 blocks are still reachable in loss record 186 of 247
==737567==    at 0x497D858: malloc (vg_replace_malloc.c:447)
==737567==    by 0x4068FEB: emalloc_real (awk.h:2156)
==737567==    by 0x4068FEB: r_getblock (node.c:1164)
==737567==    by 0x4069930: make_number_node (awk.h:2206)
==737567==    by 0x4069930: r_make_number (node.c:369)
==737567==    by 0x404E0D1: r_interpret (interpret.h:731)
==737567==    by 0x400EDDE: main (main.c:532)
==737567== 
==737567== 103 bytes in 3 blocks are still reachable in loss record 187 of 247
==737567==    at 0x498507F: realloc (vg_replace_malloc.c:1804)
==737567==    by 0x406956E: erealloc_real (awk.h:2192)
==737567==    by 0x406956E: make_str_node (node.c:494)
==737567==    by 0x401B194: yylex (awkgram.y:4074)
==737567==    by 0x401C83C: yyparse (awkgram.c:1879)
==737567==    by 0x402073A: parse_program (awkgram.y:2797)
==737567==    by 0x400EAD8: main (main.c:483)
==737567== 
==737567== 104 bytes in 1 blocks are still reachable in loss record 188 of 247
==737567==    at 0x4984E43: calloc (vg_replace_malloc.c:1678)
==737567==    by 0x4075D54: ezalloc_real (awk.h:2174)
==737567==    by 0x4075D54: grow_table (str_array.c:682)
==737567==    by 0x407693C: str_lookup (str_array.c:150)
==737567==    by 0x407708C: assoc_set (awk.h:2220)
==737567==    by 0x407708C: install (symbol.c:430)
==737567==    by 0x4077369: install_symbol (symbol.c:173)
==737567==    by 0x4077369: init_the_tables (symbol.c:77)
==737567==    by 0x400D60A: main (main.c:287)
==737567== 
==737567== 104 bytes in 1 blocks are still reachable in loss record 189 of 247
==737567==    at 0x4984E43: calloc (vg_replace_malloc.c:1678)
==737567==    by 0x4075D54: ezalloc_real (awk.h:2174)
==737567==    by 0x4075D54: grow_table (str_array.c:682)
==737567==    by 0x407693C: str_lookup (str_array.c:150)
==737567==    by 0x407708C: assoc_set (awk.h:2220)
==737567==    by 0x407708C: install (symbol.c:430)
==737567==    by 0x400DA01: init_vars (main.c:865)
==737567==    by 0x400DA01: main (main.c:403)
==737567== 
==737567== 104 bytes in 1 blocks are still reachable in loss record 190 of 247
==737567==    at 0x4984E43: calloc (vg_replace_malloc.c:1678)
==737567==    by 0x4075D54: ezalloc_real (awk.h:2174)
==737567==    by 0x4075D54: grow_table (str_array.c:682)
==737567==    by 0x407693C: str_lookup (str_array.c:150)
==737567==    by 0x4054B9E: assoc_set (awk.h:2220)
==737567==    by 0x4054B9E: update_PROCINFO_str.part.0 (field.c:1662)
==737567==    by 0x400E71D: load_procinfo (main.c:1021)
==737567==    by 0x400E71D: init_vars (main.c:878)
==737567==    by 0x400E71D: main (main.c:403)
==737567== 
==737567== 104 bytes in 1 blocks are still reachable in loss record 191 of 247
==737567==    at 0x4984E43: calloc (vg_replace_malloc.c:1678)
==737567==    by 0x4075D54: ezalloc_real (awk.h:2174)
==737567==    by 0x4075D54: grow_table (str_array.c:682)
==737567==    by 0x407693C: str_lookup (str_array.c:150)
==737567==    by 0x400E127: assoc_set (awk.h:2220)
==737567==    by 0x400E127: load_environ (main.c:949)
==737567==    by 0x400E127: init_vars (main.c:879)
==737567==    by 0x400E127: main (main.c:403)
==737567== 
==737567== 104 bytes in 1 blocks are still reachable in loss record 192 of 247
==737567==    at 0x4984E43: calloc (vg_replace_malloc.c:1678)
==737567==    by 0x4075D54: ezalloc_real (awk.h:2174)
==737567==    by 0x4075D54: grow_table (str_array.c:682)
==737567==    by 0x407693C: str_lookup (str_array.c:150)
==737567==    by 0x407708C: assoc_set (awk.h:2220)
==737567==    by 0x407708C: install (symbol.c:430)
==737567==    by 0x4053117: make_builtin (ext.c:202)
==737567==    by 0x49989AA: dl_load (filefuncs.c:946)
==737567==    by 0x4052BC2: load_ext (ext.c:125)
==737567==    by 0x4018FDA: load_library (awkgram.y:3020)
==737567==    by 0x401CADF: yyparse (awkgram.y:379)
==737567==    by 0x402073A: parse_program (awkgram.y:2797)
==737567==    by 0x400EAD8: main (main.c:483)
==737567== 
==737567== 104 bytes in 1 blocks are still reachable in loss record 193 of 247
==737567==    at 0x4984E43: calloc (vg_replace_malloc.c:1678)
==737567==    by 0x4075D54: ezalloc_real (awk.h:2174)
==737567==    by 0x4075D54: grow_table (str_array.c:682)
==737567==    by 0x407693C: str_lookup (str_array.c:150)
==737567==    by 0x40782E9: load_symbols (symbol.c:701)
==737567==    by 0x400ED85: main (main.c:499)
==737567== 
==737567== 104 bytes in 1 blocks are still reachable in loss record 194 of 247
==737567==    at 0x4984E43: calloc (vg_replace_malloc.c:1678)
==737567==    by 0x4075D54: ezalloc_real (awk.h:2174)
==737567==    by 0x4075D54: grow_table (str_array.c:682)
==737567==    by 0x407693C: str_lookup (str_array.c:150)
==737567==    by 0x405AA8D: assoc_set (awk.h:2220)
==737567==    by 0x405AA8D: api_set_array_element (gawkapi.c:1110)
==737567==    by 0x49968EB: array_set (filefuncs.c:344)
==737567==    by 0x4996FB3: fill_stat_array.isra.0 (filefuncs.c:395)
==737567==    by 0x4997A46: do_stat (filefuncs.c:504)
==737567==    by 0x404F26E: r_interpret (interpret.h:1139)
==737567==    by 0x400EDDE: main (main.c:532)
==737567== 
==737567== 120 bytes in 1 blocks are still reachable in loss record 195 of 247
==737567==    at 0x498507F: realloc (vg_replace_malloc.c:1804)
==737567==    by 0x4014E11: erealloc_real (awk.h:2192)
==737567==    by 0x4014E11: tokexpand (awkgram.y:3290)
==737567==    by 0x401ACE7: yylex (awkgram.y:4062)
==737567==    by 0x401C83C: yyparse (awkgram.c:1879)
==737567==    by 0x402073A: parse_program (awkgram.y:2797)
==737567==    by 0x400EAD8: main (main.c:483)
==737567== 
==737567== 151 bytes in 24 blocks are still reachable in loss record 196 of 247
==737567==    at 0x497D858: malloc (vg_replace_malloc.c:447)
==737567==    by 0x4066564: emalloc_real (awk.h:2156)
==737567==    by 0x4066564: estrdup (main.c:1451)
==737567==    by 0x400D9F0: init_vars (main.c:865)
==737567==    by 0x400D9F0: main (main.c:403)
==737567== 
==737567== 151 bytes in 24 blocks are still reachable in loss record 197 of 247
==737567==    at 0x497D858: malloc (vg_replace_malloc.c:447)
==737567==    by 0x4069457: emalloc_real (awk.h:2156)
==737567==    by 0x4069457: make_str_node (node.c:422)
==737567==    by 0x4077055: install (symbol.c:399)
==737567==    by 0x400DA01: init_vars (main.c:865)
==737567==    by 0x400DA01: main (main.c:403)
==737567== 
==737567== 160 bytes in 1 blocks are still reachable in loss record 198 of 247
==737567==    at 0x498507F: realloc (vg_replace_malloc.c:1804)
==737567==    by 0x413FE8E: realloc (rtld-malloc.h:62)
==737567==    by 0x413FE8E: _dl_new_object (dl-object.c:218)
==737567==    by 0x413AEA0: _dl_map_object_from_fd (dl-load.c:1065)
==737567==    by 0x413C989: _dl_map_new_object (dl-load.c:2206)
==737567==    by 0x4141460: dl_open_worker_begin (dl-open.c:535)
==737567==    by 0x4134512: _dl_catch_exception (dl-catch.c:241)
==737567==    by 0x414020B: dl_open_worker (dl-open.c:762)
==737567==    by 0x4134512: _dl_catch_exception (dl-catch.c:241)
==737567==    by 0x4140749: _dl_open (dl-open.c:900)
==737567==    by 0x4BC8EA3: dlopen_doit (dlopen.c:56)
==737567==    by 0x4134512: _dl_catch_exception (dl-catch.c:241)
==737567==    by 0x4134658: _dl_catch_error (dl-catch.c:260)
==737567== 
==737567== 168 bytes in 1 blocks are still reachable in loss record 199 of 247
==737567==    at 0x4984E43: calloc (vg_replace_malloc.c:1678)
==737567==    by 0x414A2BD: calloc (rtld-malloc.h:44)
==737567==    by 0x414A2BD: _dl_check_map_versions (dl-version.c:280)
==737567==    by 0x414110C: dl_open_worker_begin (dl-open.c:617)
==737567==    by 0x4134512: _dl_catch_exception (dl-catch.c:241)
==737567==    by 0x414020B: dl_open_worker (dl-open.c:762)
==737567==    by 0x4134512: _dl_catch_exception (dl-catch.c:241)
==737567==    by 0x4140749: _dl_open (dl-open.c:900)
==737567==    by 0x4BC8EA3: dlopen_doit (dlopen.c:56)
==737567==    by 0x4134512: _dl_catch_exception (dl-catch.c:241)
==737567==    by 0x4134658: _dl_catch_error (dl-catch.c:260)
==737567==    by 0x4BC8992: _dlerror_run (dlerror.c:138)
==737567==    by 0x4BC8F5A: dlopen_implementation (dlopen.c:71)
==737567==    by 0x4BC8F5A: dlopen@@GLIBC_2.34 (dlopen.c:81)
==737567== 
==737567== 192 bytes in 4 blocks are still reachable in loss record 200 of 247
==737567==    at 0x497D858: malloc (vg_replace_malloc.c:447)
==737567==    by 0x4068FEB: emalloc_real (awk.h:2156)
==737567==    by 0x4068FEB: r_getblock (node.c:1164)
==737567==    by 0x40768D9: str_lookup (str_array.c:214)
==737567==    by 0x407708C: assoc_set (awk.h:2220)
==737567==    by 0x407708C: install (symbol.c:430)
==737567==    by 0x4053117: make_builtin (ext.c:202)
==737567==    by 0x49989AA: dl_load (filefuncs.c:946)
==737567==    by 0x4052BC2: load_ext (ext.c:125)
==737567==    by 0x4018FDA: load_library (awkgram.y:3020)
==737567==    by 0x401CADF: yyparse (awkgram.y:379)
==737567==    by 0x402073A: parse_program (awkgram.y:2797)
==737567==    by 0x400EAD8: main (main.c:483)
==737567== 
==737567== 205 bytes in 24 blocks are still reachable in loss record 201 of 247
==737567==    at 0x497D858: malloc (vg_replace_malloc.c:447)
==737567==    by 0x4069457: emalloc_real (awk.h:2156)
==737567==    by 0x4069457: make_str_node (node.c:422)
==737567==    by 0x400E0F5: load_environ (main.c:946)
==737567==    by 0x400E0F5: init_vars (main.c:879)
==737567==    by 0x400E0F5: main (main.c:403)
==737567== 
==737567== 240 bytes in 5 blocks are still reachable in loss record 202 of 247
==737567==    at 0x497D858: malloc (vg_replace_malloc.c:447)
==737567==    by 0x4068FEB: emalloc_real (awk.h:2156)
==737567==    by 0x4068FEB: r_getblock (node.c:1164)
==737567==    by 0x40768D9: str_lookup (str_array.c:214)
==737567==    by 0x407708C: assoc_set (awk.h:2220)
==737567==    by 0x407708C: install (symbol.c:430)
==737567==    by 0x401CA63: yyparse (awkgram.y:2148)
==737567==    by 0x402073A: parse_program (awkgram.y:2797)
==737567==    by 0x400EAD8: main (main.c:483)
==737567== 
==737567== 256 bytes in 1 blocks are still reachable in loss record 203 of 247
==737567==    at 0x4984E43: calloc (vg_replace_malloc.c:1678)
==737567==    by 0x4034892: ezalloc_real (awk.h:2174)
==737567==    by 0x4034892: cint_lookup (cint_array.c:249)
==737567==    by 0x400E9D6: assoc_set (awk.h:2220)
==737567==    by 0x400E9D6: load_procinfo_argv (main.c:992)
==737567==    by 0x400E9D6: load_procinfo (main.c:1093)
==737567==    by 0x400E9D6: init_vars (main.c:878)
==737567==    by 0x400E9D6: main (main.c:403)
==737567== 
==737567== 256 bytes in 1 blocks are still reachable in loss record 204 of 247
==737567==    at 0x4984E43: calloc (vg_replace_malloc.c:1678)
==737567==    by 0x4034297: ezalloc_real (awk.h:2174)
==737567==    by 0x4034297: tree_lookup (cint_array.c:773)
==737567==    by 0x400E9D6: assoc_set (awk.h:2220)
==737567==    by 0x400E9D6: load_procinfo_argv (main.c:992)
==737567==    by 0x400E9D6: load_procinfo (main.c:1093)
==737567==    by 0x400E9D6: init_vars (main.c:878)
==737567==    by 0x400E9D6: main (main.c:403)
==737567== 
==737567== 256 bytes in 1 blocks are still reachable in loss record 205 of 247
==737567==    at 0x4984E43: calloc (vg_replace_malloc.c:1678)
==737567==    by 0x40344C0: ezalloc_real (awk.h:2174)
==737567==    by 0x40344C0: leaf_lookup (cint_array.c:1064)
==737567==    by 0x40344C0: tree_lookup (cint_array.c:797)
==737567==    by 0x400E9D6: assoc_set (awk.h:2220)
==737567==    by 0x400E9D6: load_procinfo_argv (main.c:992)
==737567==    by 0x400E9D6: load_procinfo (main.c:1093)
==737567==    by 0x400E9D6: init_vars (main.c:878)
==737567==    by 0x400E9D6: main (main.c:403)
==737567== 
==737567== 256 bytes in 1 blocks are still reachable in loss record 206 of 247
==737567==    at 0x4984E43: calloc (vg_replace_malloc.c:1678)
==737567==    by 0x4034892: ezalloc_real (awk.h:2174)
==737567==    by 0x4034892: cint_lookup (cint_array.c:249)
==737567==    by 0x40662E6: assoc_set (awk.h:2220)
==737567==    by 0x400E453: init_args (main.c:768)
==737567==    by 0x400E453: main (main.c:470)
==737567== 
==737567== 256 bytes in 1 blocks are still reachable in loss record 207 of 247
==737567==    at 0x4984E43: calloc (vg_replace_malloc.c:1678)
==737567==    by 0x4034297: ezalloc_real (awk.h:2174)
==737567==    by 0x4034297: tree_lookup (cint_array.c:773)
==737567==    by 0x40662E6: assoc_set (awk.h:2220)
==737567==    by 0x400E453: init_args (main.c:768)
==737567==    by 0x400E453: main (main.c:470)
==737567== 
==737567== 256 bytes in 1 blocks are still reachable in loss record 208 of 247
==737567==    at 0x4984E43: calloc (vg_replace_malloc.c:1678)
==737567==    by 0x40344C0: ezalloc_real (awk.h:2174)
==737567==    by 0x40344C0: leaf_lookup (cint_array.c:1064)
==737567==    by 0x40344C0: tree_lookup (cint_array.c:797)
==737567==    by 0x40662E6: assoc_set (awk.h:2220)
==737567==    by 0x400E453: init_args (main.c:768)
==737567==    by 0x400E453: main (main.c:470)
==737567== 
==737567== 256 bytes in 1 blocks are still reachable in loss record 209 of 247
==737567==    at 0x4984E43: calloc (vg_replace_malloc.c:1678)
==737567==    by 0x4034892: ezalloc_real (awk.h:2174)
==737567==    by 0x4034892: cint_lookup (cint_array.c:249)
==737567==    by 0x4053EB4: assoc_set (awk.h:2220)
==737567==    by 0x4053EB4: set_element (field.c:1116)
==737567==    by 0x4054088: def_parse_field (field.c:630)
==737567==    by 0x40566D5: do_split (field.c:1252)
==737567==    by 0x404FC3C: r_interpret (interpret.h:1114)
==737567==    by 0x400EDDE: main (main.c:532)
==737567== 
==737567== 256 bytes in 1 blocks are still reachable in loss record 210 of 247
==737567==    at 0x4984E43: calloc (vg_replace_malloc.c:1678)
==737567==    by 0x4034297: ezalloc_real (awk.h:2174)
==737567==    by 0x4034297: tree_lookup (cint_array.c:773)
==737567==    by 0x4053EB4: assoc_set (awk.h:2220)
==737567==    by 0x4053EB4: set_element (field.c:1116)
==737567==    by 0x4054088: def_parse_field (field.c:630)
==737567==    by 0x40566D5: do_split (field.c:1252)
==737567==    by 0x404FC3C: r_interpret (interpret.h:1114)
==737567==    by 0x400EDDE: main (main.c:532)
==737567== 
==737567== 256 bytes in 1 blocks are still reachable in loss record 211 of 247
==737567==    at 0x4984E43: calloc (vg_replace_malloc.c:1678)
==737567==    by 0x40344C0: ezalloc_real (awk.h:2174)
==737567==    by 0x40344C0: leaf_lookup (cint_array.c:1064)
==737567==    by 0x40344C0: tree_lookup (cint_array.c:797)
==737567==    by 0x4053EB4: assoc_set (awk.h:2220)
==737567==    by 0x4053EB4: set_element (field.c:1116)
==737567==    by 0x4054088: def_parse_field (field.c:630)
==737567==    by 0x40566D5: do_split (field.c:1252)
==737567==    by 0x404FC3C: r_interpret (interpret.h:1114)
==737567==    by 0x400EDDE: main (main.c:532)
==737567== 
==737567== 278 bytes in 42 blocks are still reachable in loss record 212 of 247
==737567==    at 0x497D858: malloc (vg_replace_malloc.c:447)
==737567==    by 0x4069457: emalloc_real (awk.h:2156)
==737567==    by 0x4069457: make_str_node (node.c:422)
==737567==    by 0x4077055: install (symbol.c:399)
==737567==    by 0x401982E: install_builtins (awkgram.y:6601)
==737567==    by 0x400ED71: main (main.c:491)
==737567== 
==737567== 296 bytes in 1 blocks are still reachable in loss record 213 of 247
==737567==    at 0x4984E43: calloc (vg_replace_malloc.c:1678)
==737567==    by 0x4014A06: ezalloc_real (awk.h:2174)
==737567==    by 0x4014A06: do_add_srcfile (awkgram.y:2833)
==737567==    by 0x4018A70: add_srcfile (awkgram.y:2916)
==737567==    by 0x400D7E5: parse_args (main.c:1585)
==737567==    by 0x400D7E5: main (main.c:294)
==737567== 
==737567== 296 bytes in 1 blocks are still reachable in loss record 214 of 247
==737567==    at 0x4984E43: calloc (vg_replace_malloc.c:1678)
==737567==    by 0x4014A06: ezalloc_real (awk.h:2174)
==737567==    by 0x4014A06: do_add_srcfile (awkgram.y:2833)
==737567==    by 0x4018A70: add_srcfile (awkgram.y:2916)
==737567==    by 0x4018FBB: load_library (awkgram.y:3010)
==737567==    by 0x401CADF: yyparse (awkgram.y:379)
==737567==    by 0x402073A: parse_program (awkgram.y:2797)
==737567==    by 0x400EAD8: main (main.c:483)
==737567== 
==737567== 336 bytes in 7 blocks are still reachable in loss record 215 of 247
==737567==    at 0x497D858: malloc (vg_replace_malloc.c:447)
==737567==    by 0x4068FEB: emalloc_real (awk.h:2156)
==737567==    by 0x4068FEB: r_getblock (node.c:1164)
==737567==    by 0x40768D9: str_lookup (str_array.c:214)
==737567==    by 0x407708C: assoc_set (awk.h:2220)
==737567==    by 0x407708C: install (symbol.c:430)
==737567==    by 0x405B0DB: api_sym_update (gawkapi.c:874)
==737567==    by 0x49966E7: init_filefuncs (filefuncs.c:592)
==737567==    by 0x49989DA: dl_load (filefuncs.c:946)
==737567==    by 0x4052BC2: load_ext (ext.c:125)
==737567==    by 0x4018FDA: load_library (awkgram.y:3020)
==737567==    by 0x401CADF: yyparse (awkgram.y:379)
==737567==    by 0x402073A: parse_program (awkgram.y:2797)
==737567==    by 0x400EAD8: main (main.c:483)
==737567== 
==737567== 352 bytes in 4 blocks are still reachable in loss record 216 of 247
==737567==    at 0x497D858: malloc (vg_replace_malloc.c:447)
==737567==    by 0x4068FEB: emalloc_real (awk.h:2156)
==737567==    by 0x4068FEB: r_getblock (node.c:1164)
==737567==    by 0x40693C1: make_str_node (node.c:406)
==737567==    by 0x4077055: install (symbol.c:399)
==737567==    by 0x4053117: make_builtin (ext.c:202)
==737567==    by 0x49989AA: dl_load (filefuncs.c:946)
==737567==    by 0x4052BC2: load_ext (ext.c:125)
==737567==    by 0x4018FDA: load_library (awkgram.y:3020)
==737567==    by 0x401CADF: yyparse (awkgram.y:379)
==737567==    by 0x402073A: parse_program (awkgram.y:2797)
==737567==    by 0x400EAD8: main (main.c:483)
==737567== 
==737567== 352 bytes in 4 blocks are still reachable in loss record 217 of 247
==737567==    at 0x497D858: malloc (vg_replace_malloc.c:447)
==737567==    by 0x4068FEB: emalloc_real (awk.h:2156)
==737567==    by 0x4068FEB: r_getblock (node.c:1164)
==737567==    by 0x407721E: make_symbol (symbol.c:376)
==737567==    by 0x407721E: install (symbol.c:417)
==737567==    by 0x4053117: make_builtin (ext.c:202)
==737567==    by 0x49989AA: dl_load (filefuncs.c:946)
==737567==    by 0x4052BC2: load_ext (ext.c:125)
==737567==    by 0x4018FDA: load_library (awkgram.y:3020)
==737567==    by 0x401CADF: yyparse (awkgram.y:379)
==737567==    by 0x402073A: parse_program (awkgram.y:2797)
==737567==    by 0x400EAD8: main (main.c:483)
==737567== 
==737567== 440 bytes in 5 blocks are still reachable in loss record 218 of 247
==737567==    at 0x497D858: malloc (vg_replace_malloc.c:447)
==737567==    by 0x4068FEB: emalloc_real (awk.h:2156)
==737567==    by 0x4068FEB: r_getblock (node.c:1164)
==737567==    by 0x40693C1: make_str_node (node.c:406)
==737567==    by 0x400E9C6: load_procinfo_argv (main.c:991)
==737567==    by 0x400E9C6: load_procinfo (main.c:1093)
==737567==    by 0x400E9C6: init_vars (main.c:878)
==737567==    by 0x400E9C6: main (main.c:403)
==737567== 
==737567== 440 bytes in 5 blocks are still reachable in loss record 219 of 247
==737567==    at 0x497D858: malloc (vg_replace_malloc.c:447)
==737567==    by 0x4068FEB: emalloc_real (awk.h:2156)
==737567==    by 0x4068FEB: r_getblock (node.c:1164)
==737567==    by 0x40693C1: make_str_node (node.c:406)
==737567==    by 0x4077055: install (symbol.c:399)
==737567==    by 0x401CA63: yyparse (awkgram.y:2148)
==737567==    by 0x402073A: parse_program (awkgram.y:2797)
==737567==    by 0x400EAD8: main (main.c:483)
==737567== 
==737567== 440 bytes in 5 blocks are still reachable in loss record 220 of 247
==737567==    at 0x497D858: malloc (vg_replace_malloc.c:447)
==737567==    by 0x4068FEB: emalloc_real (awk.h:2156)
==737567==    by 0x4068FEB: r_getblock (node.c:1164)
==737567==    by 0x4077133: make_symbol (symbol.c:376)
==737567==    by 0x4077133: install (symbol.c:417)
==737567==    by 0x401CA63: yyparse (awkgram.y:2148)
==737567==    by 0x402073A: parse_program (awkgram.y:2797)
==737567==    by 0x400EAD8: main (main.c:483)
==737567== 
==737567== 528 bytes in 6 blocks are still reachable in loss record 221 of 247
==737567==    at 0x497D858: malloc (vg_replace_malloc.c:447)
==737567==    by 0x4068FEB: emalloc_real (awk.h:2156)
==737567==    by 0x4068FEB: r_getblock (node.c:1164)
==737567==    by 0x40693C1: make_str_node (node.c:406)
==737567==    by 0x401B194: yylex (awkgram.y:4074)
==737567==    by 0x401C83C: yyparse (awkgram.c:1879)
==737567==    by 0x402073A: parse_program (awkgram.y:2797)
==737567==    by 0x400EAD8: main (main.c:483)
==737567== 
==737567== 552 bytes in 1 blocks are still reachable in loss record 222 of 247
==737567==    at 0x4984E43: calloc (vg_replace_malloc.c:1678)
==737567==    by 0x4078976: ezalloc_real (awk.h:2174)
==737567==    by 0x4078976: new_context (symbol.c:870)
==737567==    by 0x400D61D: main (main.c:292)
==737567== 
==737567== 596 bytes in 89 blocks are still reachable in loss record 223 of 247
==737567==    at 0x497D858: malloc (vg_replace_malloc.c:447)
==737567==    by 0x4069457: emalloc_real (awk.h:2156)
==737567==    by 0x4069457: make_str_node (node.c:422)
==737567==    by 0x4078494: load_symbols (symbol.c:700)
==737567==    by 0x400ED85: main (main.c:499)
==737567== 
==737567== 616 bytes in 7 blocks are still reachable in loss record 224 of 247
==737567==    at 0x497D858: malloc (vg_replace_malloc.c:447)
==737567==    by 0x4068FEB: emalloc_real (awk.h:2156)
==737567==    by 0x4068FEB: r_getblock (node.c:1164)
==737567==    by 0x40693C1: make_str_node (node.c:406)
==737567==    by 0x4077055: install (symbol.c:399)
==737567==    by 0x405B0DB: api_sym_update (gawkapi.c:874)
==737567==    by 0x49966E7: init_filefuncs (filefuncs.c:592)
==737567==    by 0x49989DA: dl_load (filefuncs.c:946)
==737567==    by 0x4052BC2: load_ext (ext.c:125)
==737567==    by 0x4018FDA: load_library (awkgram.y:3020)
==737567==    by 0x401CADF: yyparse (awkgram.y:379)
==737567==    by 0x402073A: parse_program (awkgram.y:2797)
==737567==    by 0x400EAD8: main (main.c:483)
==737567== 
==737567== 616 bytes in 7 blocks are still reachable in loss record 225 of 247
==737567==    at 0x497D858: malloc (vg_replace_malloc.c:447)
==737567==    by 0x4068FEB: emalloc_real (awk.h:2156)
==737567==    by 0x4068FEB: r_getblock (node.c:1164)
==737567==    by 0x4077133: make_symbol (symbol.c:376)
==737567==    by 0x4077133: install (symbol.c:417)
==737567==    by 0x405B0DB: api_sym_update (gawkapi.c:874)
==737567==    by 0x49966E7: init_filefuncs (filefuncs.c:592)
==737567==    by 0x49989DA: dl_load (filefuncs.c:946)
==737567==    by 0x4052BC2: load_ext (ext.c:125)
==737567==    by 0x4018FDA: load_library (awkgram.y:3020)
==737567==    by 0x401CADF: yyparse (awkgram.y:379)
==737567==    by 0x402073A: parse_program (awkgram.y:2797)
==737567==    by 0x400EAD8: main (main.c:483)
==737567== 
==737567== 616 bytes in 7 blocks are still reachable in loss record 226 of 247
==737567==    at 0x497D858: malloc (vg_replace_malloc.c:447)
==737567==    by 0x4068FEB: emalloc_real (awk.h:2156)
==737567==    by 0x4068FEB: r_getblock (node.c:1164)
==737567==    by 0x4069930: make_number_node (awk.h:2206)
==737567==    by 0x4069930: r_make_number (node.c:369)
==737567==    by 0x405B0E8: api_sym_update (gawkapi.c:875)
==737567==    by 0x49966E7: init_filefuncs (filefuncs.c:592)
==737567==    by 0x49989DA: dl_load (filefuncs.c:946)
==737567==    by 0x4052BC2: load_ext (ext.c:125)
==737567==    by 0x4018FDA: load_library (awkgram.y:3020)
==737567==    by 0x401CADF: yyparse (awkgram.y:379)
==737567==    by 0x402073A: parse_program (awkgram.y:2797)
==737567==    by 0x400EAD8: main (main.c:483)
==737567== 
==737567== 792 bytes in 9 blocks are still reachable in loss record 227 of 247
==737567==    at 0x497D858: malloc (vg_replace_malloc.c:447)
==737567==    by 0x4068FEB: emalloc_real (awk.h:2156)
==737567==    by 0x4068FEB: r_getblock (node.c:1164)
==737567==    by 0x4069930: make_number_node (awk.h:2206)
==737567==    by 0x4069930: r_make_number (node.c:369)
==737567==    by 0x401A26C: yylex (awkgram.y:4256)
==737567==    by 0x401C83C: yyparse (awkgram.c:1879)
==737567==    by 0x402073A: parse_program (awkgram.y:2797)
==737567==    by 0x400EAD8: main (main.c:483)
==737567== 
==737567== 860 bytes in 24 blocks are still reachable in loss record 228 of 247
==737567==    at 0x497D858: malloc (vg_replace_malloc.c:447)
==737567==    by 0x4069457: emalloc_real (awk.h:2156)
==737567==    by 0x4069457: make_str_node (node.c:422)
==737567==    by 0x400E10D: load_environ (main.c:947)
==737567==    by 0x400E10D: init_vars (main.c:879)
==737567==    by 0x400E10D: main (main.c:403)
==737567== 
==737567== 880 bytes in 10 blocks are still reachable in loss record 229 of 247
==737567==    at 0x497D858: malloc (vg_replace_malloc.c:447)
==737567==    by 0x4068FEB: emalloc_real (awk.h:2156)
==737567==    by 0x4068FEB: r_getblock (node.c:1164)
==737567==    by 0x4069930: make_number_node (awk.h:2206)
==737567==    by 0x4069930: r_make_number (node.c:369)
==737567==    by 0x400DA23: init_vars (main.c:869)
==737567==    by 0x400DA23: main (main.c:403)
==737567== 
==737567== 1,152 bytes in 24 blocks are still reachable in loss record 230 of 247
==737567==    at 0x497D858: malloc (vg_replace_malloc.c:447)
==737567==    by 0x4068FEB: emalloc_real (awk.h:2156)
==737567==    by 0x4068FEB: r_getblock (node.c:1164)
==737567==    by 0x40768D9: str_lookup (str_array.c:214)
==737567==    by 0x407708C: assoc_set (awk.h:2220)
==737567==    by 0x407708C: install (symbol.c:430)
==737567==    by 0x400DA01: init_vars (main.c:865)
==737567==    by 0x400DA01: main (main.c:403)
==737567== 
==737567== 1,152 bytes in 24 blocks are still reachable in loss record 231 of 247
==737567==    at 0x497D858: malloc (vg_replace_malloc.c:447)
==737567==    by 0x4068FEB: emalloc_real (awk.h:2156)
==737567==    by 0x4068FEB: r_getblock (node.c:1164)
==737567==    by 0x40768D9: str_lookup (str_array.c:214)
==737567==    by 0x400E127: assoc_set (awk.h:2220)
==737567==    by 0x400E127: load_environ (main.c:949)
==737567==    by 0x400E127: init_vars (main.c:879)
==737567==    by 0x400E127: main (main.c:403)
==737567== 
==737567== 1,232 bytes in 14 blocks are still reachable in loss record 232 of 247
==737567==    at 0x497D858: malloc (vg_replace_malloc.c:447)
==737567==    by 0x4068FEB: emalloc_real (awk.h:2156)
==737567==    by 0x4068FEB: r_getblock (node.c:1164)
==737567==    by 0x40693C1: make_str_node (node.c:406)
==737567==    by 0x400D984: init_vars (main.c:867)
==737567==    by 0x400D984: main (main.c:403)
==737567== 
==737567== 1,232 bytes in 14 blocks are still reachable in loss record 233 of 247
==737567==    at 0x497D858: malloc (vg_replace_malloc.c:447)
==737567==    by 0x4068FEB: emalloc_real (awk.h:2156)
==737567==    by 0x4068FEB: r_getblock (node.c:1164)
==737567==    by 0x40693C1: make_str_node (node.c:406)
==737567==    by 0x4053E8E: set_element (field.c:1113)
==737567==    by 0x4054088: def_parse_field (field.c:630)
==737567==    by 0x40566D5: do_split (field.c:1252)
==737567==    by 0x404FC3C: r_interpret (interpret.h:1114)
==737567==    by 0x400EDDE: main (main.c:532)
==737567== 
==737567== 1,272 bytes in 1 blocks are still reachable in loss record 234 of 247
==737567==    at 0x4984E43: calloc (vg_replace_malloc.c:1678)
==737567==    by 0x413FCAC: calloc (rtld-malloc.h:44)
==737567==    by 0x413FCAC: _dl_new_object (dl-object.c:92)
==737567==    by 0x413AEA0: _dl_map_object_from_fd (dl-load.c:1065)
==737567==    by 0x413C989: _dl_map_new_object (dl-load.c:2206)
==737567==    by 0x4141460: dl_open_worker_begin (dl-open.c:535)
==737567==    by 0x4134512: _dl_catch_exception (dl-catch.c:241)
==737567==    by 0x414020B: dl_open_worker (dl-open.c:762)
==737567==    by 0x4134512: _dl_catch_exception (dl-catch.c:241)
==737567==    by 0x4140749: _dl_open (dl-open.c:900)
==737567==    by 0x4BC8EA3: dlopen_doit (dlopen.c:56)
==737567==    by 0x4134512: _dl_catch_exception (dl-catch.c:241)
==737567==    by 0x4134658: _dl_catch_error (dl-catch.c:260)
==737567== 
==737567== 2,016 bytes in 42 blocks are still reachable in loss record 235 of 247
==737567==    at 0x497D858: malloc (vg_replace_malloc.c:447)
==737567==    by 0x4068FEB: emalloc_real (awk.h:2156)
==737567==    by 0x4068FEB: r_getblock (node.c:1164)
==737567==    by 0x40768D9: str_lookup (str_array.c:214)
==737567==    by 0x407708C: assoc_set (awk.h:2220)
==737567==    by 0x407708C: install (symbol.c:430)
==737567==    by 0x401982E: install_builtins (awkgram.y:6601)
==737567==    by 0x400ED71: main (main.c:491)
==737567== 
==737567== 2,048 bytes in 1 blocks are still reachable in loss record 236 of 247
==737567==    at 0x497D858: malloc (vg_replace_malloc.c:447)
==737567==    by 0x4048A59: emalloc_real (awk.h:2156)
==737567==    by 0x4048A59: init_interpret (eval.c:1897)
==737567==    by 0x400E3D5: main (main.c:468)
==737567== 
==737567== 2,112 bytes in 24 blocks are still reachable in loss record 237 of 247
==737567==    at 0x497D858: malloc (vg_replace_malloc.c:447)
==737567==    by 0x4068FEB: emalloc_real (awk.h:2156)
==737567==    by 0x4068FEB: r_getblock (node.c:1164)
==737567==    by 0x40693C1: make_str_node (node.c:406)
==737567==    by 0x4077055: install (symbol.c:399)
==737567==    by 0x400DA01: init_vars (main.c:865)
==737567==    by 0x400DA01: main (main.c:403)
==737567== 
==737567== 2,112 bytes in 24 blocks are still reachable in loss record 238 of 247
==737567==    at 0x497D858: malloc (vg_replace_malloc.c:447)
==737567==    by 0x4068FEB: emalloc_real (awk.h:2156)
==737567==    by 0x4068FEB: r_getblock (node.c:1164)
==737567==    by 0x4077133: make_symbol (symbol.c:376)
==737567==    by 0x4077133: install (symbol.c:417)
==737567==    by 0x400DA01: init_vars (main.c:865)
==737567==    by 0x400DA01: main (main.c:403)
==737567== 
==737567== 2,112 bytes in 24 blocks are still reachable in loss record 239 of 247
==737567==    at 0x497D858: malloc (vg_replace_malloc.c:447)
==737567==    by 0x4068FEB: emalloc_real (awk.h:2156)
==737567==    by 0x4068FEB: r_getblock (node.c:1164)
==737567==    by 0x40693C1: make_str_node (node.c:406)
==737567==    by 0x400E0F5: load_environ (main.c:946)
==737567==    by 0x400E0F5: init_vars (main.c:879)
==737567==    by 0x400E0F5: main (main.c:403)
==737567== 
==737567== 2,112 bytes in 24 blocks are still reachable in loss record 240 of 247
==737567==    at 0x497D858: malloc (vg_replace_malloc.c:447)
==737567==    by 0x4068FEB: emalloc_real (awk.h:2156)
==737567==    by 0x4068FEB: r_getblock (node.c:1164)
==737567==    by 0x40693C1: make_str_node (node.c:406)
==737567==    by 0x400E10D: load_environ (main.c:947)
==737567==    by 0x400E10D: init_vars (main.c:879)
==737567==    by 0x400E10D: main (main.c:403)
==737567== 
==737567== 3,696 bytes in 42 blocks are still reachable in loss record 241 of 247
==737567==    at 0x497D858: malloc (vg_replace_malloc.c:447)
==737567==    by 0x4068FEB: emalloc_real (awk.h:2156)
==737567==    by 0x4068FEB: r_getblock (node.c:1164)
==737567==    by 0x40693C1: make_str_node (node.c:406)
==737567==    by 0x4077055: install (symbol.c:399)
==737567==    by 0x401982E: install_builtins (awkgram.y:6601)
==737567==    by 0x400ED71: main (main.c:491)
==737567== 
==737567== 3,696 bytes in 42 blocks are still reachable in loss record 242 of 247
==737567==    at 0x497D858: malloc (vg_replace_malloc.c:447)
==737567==    by 0x4068FEB: emalloc_real (awk.h:2156)
==737567==    by 0x4068FEB: r_getblock (node.c:1164)
==737567==    by 0x407721E: make_symbol (symbol.c:376)
==737567==    by 0x407721E: install (symbol.c:417)
==737567==    by 0x401982E: install_builtins (awkgram.y:6601)
==737567==    by 0x400ED71: main (main.c:491)
==737567== 
==737567== 4,272 bytes in 89 blocks are still reachable in loss record 243 of 247
==737567==    at 0x497D858: malloc (vg_replace_malloc.c:447)
==737567==    by 0x4068FEB: emalloc_real (awk.h:2156)
==737567==    by 0x4068FEB: r_getblock (node.c:1164)
==737567==    by 0x40768D9: str_lookup (str_array.c:214)
==737567==    by 0x40782E9: load_symbols (symbol.c:701)
==737567==    by 0x400ED85: main (main.c:499)
==737567== 
==737567== 5,048 bytes in 1 blocks are still reachable in loss record 244 of 247
==737567==    at 0x497D858: malloc (vg_replace_malloc.c:447)
==737567==    by 0x4078891: emalloc_real (awk.h:2156)
==737567==    by 0x4078891: bcalloc (symbol.c:849)
==737567==    by 0x402065C: parse_program (awkgram.y:2770)
==737567==    by 0x400EAD8: main (main.c:483)
==737567== 
==737567== 5,048 bytes in 1 blocks are still reachable in loss record 245 of 247
==737567==    at 0x497D858: malloc (vg_replace_malloc.c:447)
==737567==    by 0x4078891: emalloc_real (awk.h:2156)
==737567==    by 0x4078891: bcalloc (symbol.c:849)
==737567==    by 0x4020B58: parse_program (awkgram.y:2778)
==737567==    by 0x400EAD8: main (main.c:483)
==737567== 
==737567== 5,048 bytes in 1 blocks are still reachable in loss record 246 of 247
==737567==    at 0x497D858: malloc (vg_replace_malloc.c:447)
==737567==    by 0x4078891: emalloc_real (awk.h:2156)
==737567==    by 0x4078891: bcalloc (symbol.c:849)
==737567==    by 0x401C2EA: yylex (awkgram.y:4447)
==737567==    by 0x401C83C: yyparse (awkgram.c:1879)
==737567==    by 0x402073A: parse_program (awkgram.y:2797)
==737567==    by 0x400EAD8: main (main.c:483)
==737567== 
==737567== 7,832 bytes in 89 blocks are still reachable in loss record 247 of 247
==737567==    at 0x497D858: malloc (vg_replace_malloc.c:447)
==737567==    by 0x4068FEB: emalloc_real (awk.h:2156)
==737567==    by 0x4068FEB: r_getblock (node.c:1164)
==737567==    by 0x40693C1: make_str_node (node.c:406)
==737567==    by 0x4078494: load_symbols (symbol.c:700)
==737567==    by 0x400ED85: main (main.c:499)
==737567== 
==737567== LEAK SUMMARY:
==737567==    definitely lost: 0 bytes in 0 blocks
==737567==    indirectly lost: 0 bytes in 0 blocks
==737567==      possibly lost: 0 bytes in 0 blocks
==737567==    still reachable: 76,114 bytes in 1,067 blocks
==737567==         suppressed: 0 bytes in 0 blocks
==737567== 
==737567== For lists of detected and suppressed errors, rerun with: -s
==737567== ERROR SUMMARY: 0 errors from 0 contexts (suppressed: 0 from 0)
