==745218== Memcheck, a memory error detector
==745218== Copyright (C) 2002-2024, and GNU GPL'd, by Julian Seward et al.
==745218== Using Valgrind-3.26.0 and LibVEX; rerun with -h for copyright info
==745218== Command: gawk -f revtwoway.awk
==745218== Parent PID: 745217
==745218== 
==745218== File descriptor 1024 Invalid file descriptor
==745218==    at 0x5B16D77: __fcntl64_nocancel_adjusted (fcntl_nocancel.c:63)
==745218==    by 0x5B11604: fcntl (fcntl64.c:51)
==745218==    by 0x4735450: iop_finish (in /root/rboxc/target/gawk-format-lifetime-candidate/release/rboxc)
==745218==    by 0x4739D8C: rboxc_gawk_redirect_string (in /root/rboxc/target/gawk-format-lifetime-candidate/release/rboxc)
==745218==    by 0x473AD39: rboxc_gawk_redirect (in /root/rboxc/target/gawk-format-lifetime-candidate/release/rboxc)
==745218==    by 0x46FD0C4: rboxc_gawk_do_print (in /root/rboxc/target/gawk-format-lifetime-candidate/release/rboxc)
==745218==    by 0x4726590: rboxc_gawk_r_interpret (in /root/rboxc/target/gawk-format-lifetime-candidate/release/rboxc)
==745218==    by 0x4440403: single_binary_main_gawk (in /root/rboxc/target/gawk-format-lifetime-candidate/release/rboxc)
==745218==    by 0x5A18600: (below main) (libc_start_call_main.h:59)
==745218== 
==745218== FILE DESCRIPTORS: 3 open (3 inherited) at exit.
==745218== 
==745218== HEAP SUMMARY:
==745218==     in use at exit: 64,953 bytes in 870 blocks
==745218==   total heap usage: 1,326 allocs, 456 frees, 93,651 bytes allocated
==745218== 
==745218== 1 bytes in 1 blocks are still reachable in loss record 1 of 210
==745218==    at 0x586E858: malloc (vg_replace_malloc.c:447)
==745218==    by 0x44390B0: rboxc_gawk_estrdup (in /root/rboxc/target/gawk-format-lifetime-candidate/release/rboxc)
==745218==    by 0x443E31E: single_binary_main_gawk (in /root/rboxc/target/gawk-format-lifetime-candidate/release/rboxc)
==745218==    by 0x5A18600: (below main) (libc_start_call_main.h:59)
==745218== 
==745218== 1 bytes in 1 blocks are still reachable in loss record 2 of 210
==745218==    at 0x586E858: malloc (vg_replace_malloc.c:447)
==745218==    by 0x44390B0: rboxc_gawk_estrdup (in /root/rboxc/target/gawk-format-lifetime-candidate/release/rboxc)
==745218==    by 0x443E34D: single_binary_main_gawk (in /root/rboxc/target/gawk-format-lifetime-candidate/release/rboxc)
==745218==    by 0x5A18600: (below main) (libc_start_call_main.h:59)
==745218== 
==745218== 1 bytes in 1 blocks are still reachable in loss record 3 of 210
==745218==    at 0x586E858: malloc (vg_replace_malloc.c:447)
==745218==    by 0x44390B0: rboxc_gawk_estrdup (in /root/rboxc/target/gawk-format-lifetime-candidate/release/rboxc)
==745218==    by 0x443E365: single_binary_main_gawk (in /root/rboxc/target/gawk-format-lifetime-candidate/release/rboxc)
==745218==    by 0x5A18600: (below main) (libc_start_call_main.h:59)
==745218== 
==745218== 1 bytes in 1 blocks are still reachable in loss record 4 of 210
==745218==    at 0x586E858: malloc (vg_replace_malloc.c:447)
==745218==    by 0x44390B0: rboxc_gawk_estrdup (in /root/rboxc/target/gawk-format-lifetime-candidate/release/rboxc)
==745218==    by 0x443E37D: single_binary_main_gawk (in /root/rboxc/target/gawk-format-lifetime-candidate/release/rboxc)
==745218==    by 0x5A18600: (below main) (libc_start_call_main.h:59)
==745218== 
==745218== 1 bytes in 1 blocks are still reachable in loss record 5 of 210
==745218==    at 0x586E858: malloc (vg_replace_malloc.c:447)
==745218==    by 0x44390B0: rboxc_gawk_estrdup (in /root/rboxc/target/gawk-format-lifetime-candidate/release/rboxc)
==745218==    by 0x443E395: single_binary_main_gawk (in /root/rboxc/target/gawk-format-lifetime-candidate/release/rboxc)
==745218==    by 0x5A18600: (below main) (libc_start_call_main.h:59)
==745218== 
==745218== 1 bytes in 1 blocks are still reachable in loss record 6 of 210
==745218==    at 0x586E858: malloc (vg_replace_malloc.c:447)
==745218==    by 0x44390B0: rboxc_gawk_estrdup (in /root/rboxc/target/gawk-format-lifetime-candidate/release/rboxc)
==745218==    by 0x443E3AD: single_binary_main_gawk (in /root/rboxc/target/gawk-format-lifetime-candidate/release/rboxc)
==745218==    by 0x5A18600: (below main) (libc_start_call_main.h:59)
==745218== 
==745218== 1 bytes in 1 blocks are still reachable in loss record 7 of 210
==745218==    at 0x586E858: malloc (vg_replace_malloc.c:447)
==745218==    by 0x44390B0: rboxc_gawk_estrdup (in /root/rboxc/target/gawk-format-lifetime-candidate/release/rboxc)
==745218==    by 0x443E3C5: single_binary_main_gawk (in /root/rboxc/target/gawk-format-lifetime-candidate/release/rboxc)
==745218==    by 0x5A18600: (below main) (libc_start_call_main.h:59)
==745218== 
==745218== 1 bytes in 1 blocks are still reachable in loss record 8 of 210
==745218==    at 0x586E858: malloc (vg_replace_malloc.c:447)
==745218==    by 0x44390B0: rboxc_gawk_estrdup (in /root/rboxc/target/gawk-format-lifetime-candidate/release/rboxc)
==745218==    by 0x443E3DD: single_binary_main_gawk (in /root/rboxc/target/gawk-format-lifetime-candidate/release/rboxc)
==745218==    by 0x5A18600: (below main) (libc_start_call_main.h:59)
==745218== 
==745218== 1 bytes in 1 blocks are still reachable in loss record 9 of 210
==745218==    at 0x586E858: malloc (vg_replace_malloc.c:447)
==745218==    by 0x44390B0: rboxc_gawk_estrdup (in /root/rboxc/target/gawk-format-lifetime-candidate/release/rboxc)
==745218==    by 0x443E3F5: single_binary_main_gawk (in /root/rboxc/target/gawk-format-lifetime-candidate/release/rboxc)
==745218==    by 0x5A18600: (below main) (libc_start_call_main.h:59)
==745218== 
==745218== 1 bytes in 1 blocks are still reachable in loss record 10 of 210
==745218==    at 0x586E858: malloc (vg_replace_malloc.c:447)
==745218==    by 0x473F017: rboxc_gawk_make_str_node (in /root/rboxc/target/gawk-format-lifetime-candidate/release/rboxc)
==745218==    by 0x443E47C: single_binary_main_gawk (in /root/rboxc/target/gawk-format-lifetime-candidate/release/rboxc)
==745218==    by 0x5A18600: (below main) (libc_start_call_main.h:59)
==745218== 
==745218== 1 bytes in 1 blocks are still reachable in loss record 11 of 210
==745218==    at 0x586E858: malloc (vg_replace_malloc.c:447)
==745218==    by 0x473F017: rboxc_gawk_make_str_node (in /root/rboxc/target/gawk-format-lifetime-candidate/release/rboxc)
==745218==    by 0x472BED5: rboxc_gawk_init_fields (in /root/rboxc/target/gawk-format-lifetime-candidate/release/rboxc)
==745218==    by 0x443F9A0: single_binary_main_gawk (in /root/rboxc/target/gawk-format-lifetime-candidate/release/rboxc)
==745218==    by 0x5A18600: (below main) (libc_start_call_main.h:59)
==745218== 
==745218== 1 bytes in 1 blocks are still reachable in loss record 12 of 210
==745218==    at 0x586E858: malloc (vg_replace_malloc.c:447)
==745218==    by 0x473F017: rboxc_gawk_make_str_node (in /root/rboxc/target/gawk-format-lifetime-candidate/release/rboxc)
==745218==    by 0x472BF20: rboxc_gawk_init_fields (in /root/rboxc/target/gawk-format-lifetime-candidate/release/rboxc)
==745218==    by 0x443F9A0: single_binary_main_gawk (in /root/rboxc/target/gawk-format-lifetime-candidate/release/rboxc)
==745218==    by 0x5A18600: (below main) (libc_start_call_main.h:59)
==745218== 
==745218== 2 bytes in 1 blocks are still reachable in loss record 13 of 210
==745218==    at 0x586E858: malloc (vg_replace_malloc.c:447)
==745218==    by 0x44390B0: rboxc_gawk_estrdup (in /root/rboxc/target/gawk-format-lifetime-candidate/release/rboxc)
==745218==    by 0x443E335: single_binary_main_gawk (in /root/rboxc/target/gawk-format-lifetime-candidate/release/rboxc)
==745218==    by 0x5A18600: (below main) (libc_start_call_main.h:59)
==745218== 
==745218== 2 bytes in 1 blocks are still reachable in loss record 14 of 210
==745218==    at 0x586E858: malloc (vg_replace_malloc.c:447)
==745218==    by 0x471D3BF: rboxc_gawk_set_OFS (in /root/rboxc/target/gawk-format-lifetime-candidate/release/rboxc)
==745218==    by 0x443F2E8: single_binary_main_gawk (in /root/rboxc/target/gawk-format-lifetime-candidate/release/rboxc)
==745218==    by 0x5A18600: (below main) (libc_start_call_main.h:59)
==745218== 
==745218== 2 bytes in 1 blocks are still reachable in loss record 15 of 210
==745218==    at 0x586E858: malloc (vg_replace_malloc.c:447)
==745218==    by 0x473F017: rboxc_gawk_make_str_node (in /root/rboxc/target/gawk-format-lifetime-candidate/release/rboxc)
==745218==    by 0x4737196: get_a_record (in /root/rboxc/target/gawk-format-lifetime-candidate/release/rboxc)
==745218==    by 0x473BC26: rboxc_gawk_do_getline_redir (in /root/rboxc/target/gawk-format-lifetime-candidate/release/rboxc)
==745218==    by 0x4726446: rboxc_gawk_r_interpret (in /root/rboxc/target/gawk-format-lifetime-candidate/release/rboxc)
==745218==    by 0x4440403: single_binary_main_gawk (in /root/rboxc/target/gawk-format-lifetime-candidate/release/rboxc)
==745218==    by 0x5A18600: (below main) (libc_start_call_main.h:59)
==745218== 
==745218== 3 bytes in 1 blocks are still reachable in loss record 16 of 210
==745218==    at 0x586E858: malloc (vg_replace_malloc.c:447)
==745218==    by 0x473F017: rboxc_gawk_make_str_node (in /root/rboxc/target/gawk-format-lifetime-candidate/release/rboxc)
==745218==    by 0x472B6AF: update_PROCINFO_str.part.0 (in /root/rboxc/target/gawk-format-lifetime-candidate/release/rboxc)
==745218==    by 0x443F5CC: single_binary_main_gawk (in /root/rboxc/target/gawk-format-lifetime-candidate/release/rboxc)
==745218==    by 0x5A18600: (below main) (libc_start_call_main.h:59)
==745218== 
==745218== 3 bytes in 1 blocks are still reachable in loss record 17 of 210
==745218==    at 0x586E858: malloc (vg_replace_malloc.c:447)
==745218==    by 0x473F017: rboxc_gawk_make_str_node (in /root/rboxc/target/gawk-format-lifetime-candidate/release/rboxc)
==745218==    by 0x472B6C7: update_PROCINFO_str.part.0 (in /root/rboxc/target/gawk-format-lifetime-candidate/release/rboxc)
==745218==    by 0x443F5CC: single_binary_main_gawk (in /root/rboxc/target/gawk-format-lifetime-candidate/release/rboxc)
==745218==    by 0x5A18600: (below main) (libc_start_call_main.h:59)
==745218== 
==745218== 4 bytes in 1 blocks are still reachable in loss record 18 of 210
==745218==    at 0x586E858: malloc (vg_replace_malloc.c:447)
==745218==    by 0x473F017: rboxc_gawk_make_str_node (in /root/rboxc/target/gawk-format-lifetime-candidate/release/rboxc)
==745218==    by 0x472EB44: rboxc_gawk_update_PROCINFO_num (in /root/rboxc/target/gawk-format-lifetime-candidate/release/rboxc)
==745218==    by 0x443F53B: single_binary_main_gawk (in /root/rboxc/target/gawk-format-lifetime-candidate/release/rboxc)
==745218==    by 0x5A18600: (below main) (libc_start_call_main.h:59)
==745218== 
==745218== 4 bytes in 1 blocks are still reachable in loss record 19 of 210
==745218==    at 0x586E858: malloc (vg_replace_malloc.c:447)
==745218==    by 0x473F017: rboxc_gawk_make_str_node (in /root/rboxc/target/gawk-format-lifetime-candidate/release/rboxc)
==745218==    by 0x472EB44: rboxc_gawk_update_PROCINFO_num (in /root/rboxc/target/gawk-format-lifetime-candidate/release/rboxc)
==745218==    by 0x443F56C: single_binary_main_gawk (in /root/rboxc/target/gawk-format-lifetime-candidate/release/rboxc)
==745218==    by 0x5A18600: (below main) (libc_start_call_main.h:59)
==745218== 
==745218== 4 bytes in 1 blocks are still reachable in loss record 20 of 210
==745218==    at 0x586E858: malloc (vg_replace_malloc.c:447)
==745218==    by 0x473F017: rboxc_gawk_make_str_node (in /root/rboxc/target/gawk-format-lifetime-candidate/release/rboxc)
==745218==    by 0x472EB44: rboxc_gawk_update_PROCINFO_num (in /root/rboxc/target/gawk-format-lifetime-candidate/release/rboxc)
==745218==    by 0x443F5A0: single_binary_main_gawk (in /root/rboxc/target/gawk-format-lifetime-candidate/release/rboxc)
==745218==    by 0x5A18600: (below main) (libc_start_call_main.h:59)
==745218== 
==745218== 4 bytes in 1 blocks are still reachable in loss record 21 of 210
==745218==    at 0x586E858: malloc (vg_replace_malloc.c:447)
==745218==    by 0x473F017: rboxc_gawk_make_str_node (in /root/rboxc/target/gawk-format-lifetime-candidate/release/rboxc)
==745218==    by 0x472B6AF: update_PROCINFO_str.part.0 (in /root/rboxc/target/gawk-format-lifetime-candidate/release/rboxc)
==745218==    by 0x443F758: single_binary_main_gawk (in /root/rboxc/target/gawk-format-lifetime-candidate/release/rboxc)
==745218==    by 0x5A18600: (below main) (libc_start_call_main.h:59)
==745218== 
==745218== 5 bytes in 1 blocks are still reachable in loss record 22 of 210
==745218==    at 0x586E858: malloc (vg_replace_malloc.c:447)
==745218==    by 0x473F017: rboxc_gawk_make_str_node (in /root/rboxc/target/gawk-format-lifetime-candidate/release/rboxc)
==745218==    by 0x472EB44: rboxc_gawk_update_PROCINFO_num (in /root/rboxc/target/gawk-format-lifetime-candidate/release/rboxc)
==745218==    by 0x443F552: single_binary_main_gawk (in /root/rboxc/target/gawk-format-lifetime-candidate/release/rboxc)
==745218==    by 0x5A18600: (below main) (libc_start_call_main.h:59)
==745218== 
==745218== 5 bytes in 1 blocks are still reachable in loss record 23 of 210
==745218==    at 0x586E858: malloc (vg_replace_malloc.c:447)
==745218==    by 0x473F017: rboxc_gawk_make_str_node (in /root/rboxc/target/gawk-format-lifetime-candidate/release/rboxc)
==745218==    by 0x472EB44: rboxc_gawk_update_PROCINFO_num (in /root/rboxc/target/gawk-format-lifetime-candidate/release/rboxc)
==745218==    by 0x443F586: single_binary_main_gawk (in /root/rboxc/target/gawk-format-lifetime-candidate/release/rboxc)
==745218==    by 0x5A18600: (below main) (libc_start_call_main.h:59)
==745218== 
==745218== 5 bytes in 1 blocks are still reachable in loss record 24 of 210
==745218==    at 0x586E858: malloc (vg_replace_malloc.c:447)
==745218==    by 0x473F017: rboxc_gawk_make_str_node (in /root/rboxc/target/gawk-format-lifetime-candidate/release/rboxc)
==745218==    by 0x472EB44: rboxc_gawk_update_PROCINFO_num (in /root/rboxc/target/gawk-format-lifetime-candidate/release/rboxc)
==745218==    by 0x443F5BA: single_binary_main_gawk (in /root/rboxc/target/gawk-format-lifetime-candidate/release/rboxc)
==745218==    by 0x5A18600: (below main) (libc_start_call_main.h:59)
==745218== 
==745218== 5 bytes in 1 blocks are still reachable in loss record 25 of 210
==745218==    at 0x586E858: malloc (vg_replace_malloc.c:447)
==745218==    by 0x443F7C5: single_binary_main_gawk (in /root/rboxc/target/gawk-format-lifetime-candidate/release/rboxc)
==745218==    by 0x5A18600: (below main) (libc_start_call_main.h:59)
==745218== 
==745218== 5 bytes in 1 blocks are still reachable in loss record 26 of 210
==745218==    at 0x586E858: malloc (vg_replace_malloc.c:447)
==745218==    by 0x473F017: rboxc_gawk_make_str_node (in /root/rboxc/target/gawk-format-lifetime-candidate/release/rboxc)
==745218==    by 0x443F86B: single_binary_main_gawk (in /root/rboxc/target/gawk-format-lifetime-candidate/release/rboxc)
==745218==    by 0x5A18600: (below main) (libc_start_call_main.h:59)
==745218== 
==745218== 5 bytes in 1 blocks are still reachable in loss record 27 of 210
==745218==    at 0x586E858: malloc (vg_replace_malloc.c:447)
==745218==    by 0x443FED2: single_binary_main_gawk (in /root/rboxc/target/gawk-format-lifetime-candidate/release/rboxc)
==745218==    by 0x5A18600: (below main) (libc_start_call_main.h:59)
==745218== 
==745218== 5 bytes in 1 blocks are still reachable in loss record 28 of 210
==745218==    at 0x586E858: malloc (vg_replace_malloc.c:447)
==745218==    by 0x473F017: rboxc_gawk_make_str_node (in /root/rboxc/target/gawk-format-lifetime-candidate/release/rboxc)
==745218==    by 0x474D135: install (in /root/rboxc/target/gawk-format-lifetime-candidate/release/rboxc)
==745218==    by 0x443FF58: single_binary_main_gawk (in /root/rboxc/target/gawk-format-lifetime-candidate/release/rboxc)
==745218==    by 0x5A18600: (below main) (libc_start_call_main.h:59)
==745218== 
==745218== 5 bytes in 1 blocks are still reachable in loss record 29 of 210
==745218==    at 0x586E858: malloc (vg_replace_malloc.c:447)
==745218==    by 0x473F017: rboxc_gawk_make_str_node (in /root/rboxc/target/gawk-format-lifetime-candidate/release/rboxc)
==745218==    by 0x443FF98: single_binary_main_gawk (in /root/rboxc/target/gawk-format-lifetime-candidate/release/rboxc)
==745218==    by 0x5A18600: (below main) (libc_start_call_main.h:59)
==745218== 
==745218== 5 bytes in 1 blocks are still reachable in loss record 30 of 210
==745218==    at 0x586E858: malloc (vg_replace_malloc.c:447)
==745218==    by 0x44401AB: single_binary_main_gawk (in /root/rboxc/target/gawk-format-lifetime-candidate/release/rboxc)
==745218==    by 0x5A18600: (below main) (libc_start_call_main.h:59)
==745218== 
==745218== 5 bytes in 1 blocks are still reachable in loss record 31 of 210
==745218==    at 0x586E858: malloc (vg_replace_malloc.c:447)
==745218==    by 0x473F017: rboxc_gawk_make_str_node (in /root/rboxc/target/gawk-format-lifetime-candidate/release/rboxc)
==745218==    by 0x474D135: install (in /root/rboxc/target/gawk-format-lifetime-candidate/release/rboxc)
==745218==    by 0x4440233: single_binary_main_gawk (in /root/rboxc/target/gawk-format-lifetime-candidate/release/rboxc)
==745218==    by 0x5A18600: (below main) (libc_start_call_main.h:59)
==745218== 
==745218== 6 bytes in 1 blocks are still reachable in loss record 32 of 210
==745218==    at 0x586E858: malloc (vg_replace_malloc.c:447)
==745218==    by 0x473F017: rboxc_gawk_make_str_node (in /root/rboxc/target/gawk-format-lifetime-candidate/release/rboxc)
==745218==    by 0x472B6C7: update_PROCINFO_str.part.0 (in /root/rboxc/target/gawk-format-lifetime-candidate/release/rboxc)
==745218==    by 0x443F4C2: single_binary_main_gawk (in /root/rboxc/target/gawk-format-lifetime-candidate/release/rboxc)
==745218==    by 0x5A18600: (below main) (libc_start_call_main.h:59)
==745218== 
==745218== 6 bytes in 1 blocks are still reachable in loss record 33 of 210
==745218==    at 0x586E858: malloc (vg_replace_malloc.c:447)
==745218==    by 0x473F017: rboxc_gawk_make_str_node (in /root/rboxc/target/gawk-format-lifetime-candidate/release/rboxc)
==745218==    by 0x472B6C7: update_PROCINFO_str.part.0 (in /root/rboxc/target/gawk-format-lifetime-candidate/release/rboxc)
==745218==    by 0x443F4E2: single_binary_main_gawk (in /root/rboxc/target/gawk-format-lifetime-candidate/release/rboxc)
==745218==    by 0x5A18600: (below main) (libc_start_call_main.h:59)
==745218== 
==745218== 6 bytes in 1 blocks are still reachable in loss record 34 of 210
==745218==    at 0x586E858: malloc (vg_replace_malloc.c:447)
==745218==    by 0x473F017: rboxc_gawk_make_str_node (in /root/rboxc/target/gawk-format-lifetime-candidate/release/rboxc)
==745218==    by 0x474E1EA: rboxc_gawk_load_symbols (in /root/rboxc/target/gawk-format-lifetime-candidate/release/rboxc)
==745218==    by 0x444037C: single_binary_main_gawk (in /root/rboxc/target/gawk-format-lifetime-candidate/release/rboxc)
==745218==    by 0x5A18600: (below main) (libc_start_call_main.h:59)
==745218== 
==745218== 7 bytes in 1 blocks are still reachable in loss record 35 of 210
==745218==    at 0x586E858: malloc (vg_replace_malloc.c:447)
==745218==    by 0x44390B0: rboxc_gawk_estrdup (in /root/rboxc/target/gawk-format-lifetime-candidate/release/rboxc)
==745218==    by 0x474D461: init_the_tables (in /root/rboxc/target/gawk-format-lifetime-candidate/release/rboxc)
==745218==    by 0x443E550: single_binary_main_gawk (in /root/rboxc/target/gawk-format-lifetime-candidate/release/rboxc)
==745218==    by 0x5A18600: (below main) (libc_start_call_main.h:59)
==745218== 
==745218== 7 bytes in 1 blocks are still reachable in loss record 36 of 210
==745218==    at 0x586E858: malloc (vg_replace_malloc.c:447)
==745218==    by 0x473F017: rboxc_gawk_make_str_node (in /root/rboxc/target/gawk-format-lifetime-candidate/release/rboxc)
==745218==    by 0x474D135: install (in /root/rboxc/target/gawk-format-lifetime-candidate/release/rboxc)
==745218==    by 0x474D470: init_the_tables (in /root/rboxc/target/gawk-format-lifetime-candidate/release/rboxc)
==745218==    by 0x443E550: single_binary_main_gawk (in /root/rboxc/target/gawk-format-lifetime-candidate/release/rboxc)
==745218==    by 0x5A18600: (below main) (libc_start_call_main.h:59)
==745218== 
==745218== 7 bytes in 1 blocks are still reachable in loss record 37 of 210
==745218==    at 0x586E858: malloc (vg_replace_malloc.c:447)
==745218==    by 0x473F017: rboxc_gawk_make_str_node (in /root/rboxc/target/gawk-format-lifetime-candidate/release/rboxc)
==745218==    by 0x472EB44: rboxc_gawk_update_PROCINFO_num (in /root/rboxc/target/gawk-format-lifetime-candidate/release/rboxc)
==745218==    by 0x443F524: single_binary_main_gawk (in /root/rboxc/target/gawk-format-lifetime-candidate/release/rboxc)
==745218==    by 0x5A18600: (below main) (libc_start_call_main.h:59)
==745218== 
==745218== 7 bytes in 1 blocks are still reachable in loss record 38 of 210
==745218==    at 0x586E858: malloc (vg_replace_malloc.c:447)
==745218==    by 0x473F017: rboxc_gawk_make_str_node (in /root/rboxc/target/gawk-format-lifetime-candidate/release/rboxc)
==745218==    by 0x474E1BA: rboxc_gawk_load_symbols (in /root/rboxc/target/gawk-format-lifetime-candidate/release/rboxc)
==745218==    by 0x444037C: single_binary_main_gawk (in /root/rboxc/target/gawk-format-lifetime-candidate/release/rboxc)
==745218==    by 0x5A18600: (below main) (libc_start_call_main.h:59)
==745218== 
==745218== 8 bytes in 1 blocks are still reachable in loss record 39 of 210
==745218==    at 0x586E858: malloc (vg_replace_malloc.c:447)
==745218==    by 0x44390B0: rboxc_gawk_estrdup (in /root/rboxc/target/gawk-format-lifetime-candidate/release/rboxc)
==745218==    by 0x474D43A: init_the_tables (in /root/rboxc/target/gawk-format-lifetime-candidate/release/rboxc)
==745218==    by 0x443E550: single_binary_main_gawk (in /root/rboxc/target/gawk-format-lifetime-candidate/release/rboxc)
==745218==    by 0x5A18600: (below main) (libc_start_call_main.h:59)
==745218== 
==745218== 8 bytes in 1 blocks are still reachable in loss record 40 of 210
==745218==    at 0x586E858: malloc (vg_replace_malloc.c:447)
==745218==    by 0x473F017: rboxc_gawk_make_str_node (in /root/rboxc/target/gawk-format-lifetime-candidate/release/rboxc)
==745218==    by 0x474D135: install (in /root/rboxc/target/gawk-format-lifetime-candidate/release/rboxc)
==745218==    by 0x474D449: init_the_tables (in /root/rboxc/target/gawk-format-lifetime-candidate/release/rboxc)
==745218==    by 0x443E550: single_binary_main_gawk (in /root/rboxc/target/gawk-format-lifetime-candidate/release/rboxc)
==745218==    by 0x5A18600: (below main) (libc_start_call_main.h:59)
==745218== 
==745218== 8 bytes in 1 blocks are still reachable in loss record 41 of 210
==745218==    at 0x586E858: malloc (vg_replace_malloc.c:447)
==745218==    by 0x473F017: rboxc_gawk_make_str_node (in /root/rboxc/target/gawk-format-lifetime-candidate/release/rboxc)
==745218==    by 0x472B6AF: update_PROCINFO_str.part.0 (in /root/rboxc/target/gawk-format-lifetime-candidate/release/rboxc)
==745218==    by 0x443F4C2: single_binary_main_gawk (in /root/rboxc/target/gawk-format-lifetime-candidate/release/rboxc)
==745218==    by 0x5A18600: (below main) (libc_start_call_main.h:59)
==745218== 
==745218== 8 bytes in 1 blocks are still reachable in loss record 42 of 210
==745218==    at 0x586E858: malloc (vg_replace_malloc.c:447)
==745218==    by 0x443F8A0: single_binary_main_gawk (in /root/rboxc/target/gawk-format-lifetime-candidate/release/rboxc)
==745218==    by 0x5A18600: (below main) (libc_start_call_main.h:59)
==745218== 
==745218== 8 bytes in 1 blocks are still reachable in loss record 43 of 210
==745218==    at 0x586E858: malloc (vg_replace_malloc.c:447)
==745218==    by 0x473F017: rboxc_gawk_make_str_node (in /root/rboxc/target/gawk-format-lifetime-candidate/release/rboxc)
==745218==    by 0x474D135: install (in /root/rboxc/target/gawk-format-lifetime-candidate/release/rboxc)
==745218==    by 0x443F92D: single_binary_main_gawk (in /root/rboxc/target/gawk-format-lifetime-candidate/release/rboxc)
==745218==    by 0x5A18600: (below main) (libc_start_call_main.h:59)
==745218== 
==745218== 8 bytes in 1 blocks are still reachable in loss record 44 of 210
==745218==    at 0x586E858: malloc (vg_replace_malloc.c:447)
==745218==    by 0x472BEB2: rboxc_gawk_init_fields (in /root/rboxc/target/gawk-format-lifetime-candidate/release/rboxc)
==745218==    by 0x443F9A0: single_binary_main_gawk (in /root/rboxc/target/gawk-format-lifetime-candidate/release/rboxc)
==745218==    by 0x5A18600: (below main) (libc_start_call_main.h:59)
==745218== 
==745218== 8 bytes in 1 blocks are still reachable in loss record 45 of 210
==745218==    at 0x586E858: malloc (vg_replace_malloc.c:447)
==745218==    by 0x473F017: rboxc_gawk_make_str_node (in /root/rboxc/target/gawk-format-lifetime-candidate/release/rboxc)
==745218==    by 0x474E1D2: rboxc_gawk_load_symbols (in /root/rboxc/target/gawk-format-lifetime-candidate/release/rboxc)
==745218==    by 0x444037C: single_binary_main_gawk (in /root/rboxc/target/gawk-format-lifetime-candidate/release/rboxc)
==745218==    by 0x5A18600: (below main) (libc_start_call_main.h:59)
==745218== 
==745218== 8 bytes in 1 blocks are still reachable in loss record 46 of 210
==745218==    at 0x586E858: malloc (vg_replace_malloc.c:447)
==745218==    by 0x473F017: rboxc_gawk_make_str_node (in /root/rboxc/target/gawk-format-lifetime-candidate/release/rboxc)
==745218==    by 0x474E202: rboxc_gawk_load_symbols (in /root/rboxc/target/gawk-format-lifetime-candidate/release/rboxc)
==745218==    by 0x444037C: single_binary_main_gawk (in /root/rboxc/target/gawk-format-lifetime-candidate/release/rboxc)
==745218==    by 0x5A18600: (below main) (libc_start_call_main.h:59)
==745218== 
==745218== 9 bytes in 1 blocks are still reachable in loss record 47 of 210
==745218==    at 0x586E858: malloc (vg_replace_malloc.c:447)
==745218==    by 0x443F414: single_binary_main_gawk (in /root/rboxc/target/gawk-format-lifetime-candidate/release/rboxc)
==745218==    by 0x5A18600: (below main) (libc_start_call_main.h:59)
==745218== 
==745218== 9 bytes in 1 blocks are still reachable in loss record 48 of 210
==745218==    at 0x586E858: malloc (vg_replace_malloc.c:447)
==745218==    by 0x473F017: rboxc_gawk_make_str_node (in /root/rboxc/target/gawk-format-lifetime-candidate/release/rboxc)
==745218==    by 0x474D135: install (in /root/rboxc/target/gawk-format-lifetime-candidate/release/rboxc)
==745218==    by 0x443F4A1: single_binary_main_gawk (in /root/rboxc/target/gawk-format-lifetime-candidate/release/rboxc)
==745218==    by 0x5A18600: (below main) (libc_start_call_main.h:59)
==745218== 
==745218== 9 bytes in 1 blocks are still reachable in loss record 49 of 210
==745218==    at 0x586E858: malloc (vg_replace_malloc.c:447)
==745218==    by 0x473F017: rboxc_gawk_make_str_node (in /root/rboxc/target/gawk-format-lifetime-candidate/release/rboxc)
==745218==    by 0x472B6AF: update_PROCINFO_str.part.0 (in /root/rboxc/target/gawk-format-lifetime-candidate/release/rboxc)
==745218==    by 0x443F4D2: single_binary_main_gawk (in /root/rboxc/target/gawk-format-lifetime-candidate/release/rboxc)
==745218==    by 0x5A18600: (below main) (libc_start_call_main.h:59)
==745218== 
==745218== 9 bytes in 1 blocks are still reachable in loss record 50 of 210
==745218==    at 0x586E858: malloc (vg_replace_malloc.c:447)
==745218==    by 0x473F017: rboxc_gawk_make_str_node (in /root/rboxc/target/gawk-format-lifetime-candidate/release/rboxc)
==745218==    by 0x472B6AF: update_PROCINFO_str.part.0 (in /root/rboxc/target/gawk-format-lifetime-candidate/release/rboxc)
==745218==    by 0x443F4E2: single_binary_main_gawk (in /root/rboxc/target/gawk-format-lifetime-candidate/release/rboxc)
==745218==    by 0x5A18600: (below main) (libc_start_call_main.h:59)
==745218== 
==745218== 9 bytes in 2 blocks are still reachable in loss record 51 of 210
==745218==    at 0x586E858: malloc (vg_replace_malloc.c:447)
==745218==    by 0x44390B0: rboxc_gawk_estrdup (in /root/rboxc/target/gawk-format-lifetime-candidate/release/rboxc)
==745218==    by 0x46EFD18: yylex (in /root/rboxc/target/gawk-format-lifetime-candidate/release/rboxc)
==745218==    by 0x46F249C: rboxc_gawk_yyparse (in /root/rboxc/target/gawk-format-lifetime-candidate/release/rboxc)
==745218==    by 0x46F639A: rboxc_gawk_parse_program (in /root/rboxc/target/gawk-format-lifetime-candidate/release/rboxc)
==745218==    by 0x44402A4: single_binary_main_gawk (in /root/rboxc/target/gawk-format-lifetime-candidate/release/rboxc)
==745218==    by 0x5A18600: (below main) (libc_start_call_main.h:59)
==745218== 
==745218== 9 bytes in 2 blocks are still reachable in loss record 52 of 210
==745218==    at 0x586E858: malloc (vg_replace_malloc.c:447)
==745218==    by 0x473F017: rboxc_gawk_make_str_node (in /root/rboxc/target/gawk-format-lifetime-candidate/release/rboxc)
==745218==    by 0x474D135: install (in /root/rboxc/target/gawk-format-lifetime-candidate/release/rboxc)
==745218==    by 0x46F26C3: rboxc_gawk_yyparse (in /root/rboxc/target/gawk-format-lifetime-candidate/release/rboxc)
==745218==    by 0x46F639A: rboxc_gawk_parse_program (in /root/rboxc/target/gawk-format-lifetime-candidate/release/rboxc)
==745218==    by 0x44402A4: single_binary_main_gawk (in /root/rboxc/target/gawk-format-lifetime-candidate/release/rboxc)
==745218==    by 0x5A18600: (below main) (libc_start_call_main.h:59)
==745218== 
==745218== 10 bytes in 1 blocks are still reachable in loss record 53 of 210
==745218==    at 0x586E858: malloc (vg_replace_malloc.c:447)
==745218==    by 0x473F017: rboxc_gawk_make_str_node (in /root/rboxc/target/gawk-format-lifetime-candidate/release/rboxc)
==745218==    by 0x472EB44: rboxc_gawk_update_PROCINFO_num (in /root/rboxc/target/gawk-format-lifetime-candidate/release/rboxc)
==745218==    by 0x443F4FB: single_binary_main_gawk (in /root/rboxc/target/gawk-format-lifetime-candidate/release/rboxc)
==745218==    by 0x5A18600: (below main) (libc_start_call_main.h:59)
==745218== 
==745218== 10 bytes in 1 blocks are still reachable in loss record 54 of 210
==745218==    at 0x586E858: malloc (vg_replace_malloc.c:447)
==745218==    by 0x473F017: rboxc_gawk_make_str_node (in /root/rboxc/target/gawk-format-lifetime-candidate/release/rboxc)
==745218==    by 0x472EB44: rboxc_gawk_update_PROCINFO_num (in /root/rboxc/target/gawk-format-lifetime-candidate/release/rboxc)
==745218==    by 0x443F50D: single_binary_main_gawk (in /root/rboxc/target/gawk-format-lifetime-candidate/release/rboxc)
==745218==    by 0x5A18600: (below main) (libc_start_call_main.h:59)
==745218== 
==745218== 10 bytes in 1 blocks are still reachable in loss record 55 of 210
==745218==    at 0x586E858: malloc (vg_replace_malloc.c:447)
==745218==    by 0x473F017: rboxc_gawk_make_str_node (in /root/rboxc/target/gawk-format-lifetime-candidate/release/rboxc)
==745218==    by 0x472B6C7: update_PROCINFO_str.part.0 (in /root/rboxc/target/gawk-format-lifetime-candidate/release/rboxc)
==745218==    by 0x443F758: single_binary_main_gawk (in /root/rboxc/target/gawk-format-lifetime-candidate/release/rboxc)
==745218==    by 0x5A18600: (below main) (libc_start_call_main.h:59)
==745218== 
==745218== 10 bytes in 1 blocks are still reachable in loss record 56 of 210
==745218==    at 0x586E858: malloc (vg_replace_malloc.c:447)
==745218==    by 0x44390B0: rboxc_gawk_estrdup (in /root/rboxc/target/gawk-format-lifetime-candidate/release/rboxc)
==745218==    by 0x46EA661: do_add_srcfile (in /root/rboxc/target/gawk-format-lifetime-candidate/release/rboxc)
==745218==    by 0x46EE6D0: rboxc_gawk_add_srcfile (in /root/rboxc/target/gawk-format-lifetime-candidate/release/rboxc)
==745218==    by 0x46EEC1B: load_library (in /root/rboxc/target/gawk-format-lifetime-candidate/release/rboxc)
==745218==    by 0x46F273F: rboxc_gawk_yyparse (in /root/rboxc/target/gawk-format-lifetime-candidate/release/rboxc)
==745218==    by 0x46F639A: rboxc_gawk_parse_program (in /root/rboxc/target/gawk-format-lifetime-candidate/release/rboxc)
==745218==    by 0x44402A4: single_binary_main_gawk (in /root/rboxc/target/gawk-format-lifetime-candidate/release/rboxc)
==745218==    by 0x5A18600: (below main) (libc_start_call_main.h:59)
==745218== 
==745218== 12 bytes in 1 blocks are still reachable in loss record 57 of 210
==745218==    at 0x586E858: malloc (vg_replace_malloc.c:447)
==745218==    by 0x473F017: rboxc_gawk_make_str_node (in /root/rboxc/target/gawk-format-lifetime-candidate/release/rboxc)
==745218==    by 0x474E0B7: rboxc_gawk_load_symbols (in /root/rboxc/target/gawk-format-lifetime-candidate/release/rboxc)
==745218==    by 0x444037C: single_binary_main_gawk (in /root/rboxc/target/gawk-format-lifetime-candidate/release/rboxc)
==745218==    by 0x5A18600: (below main) (libc_start_call_main.h:59)
==745218== 
==745218== 12 bytes in 1 blocks are still reachable in loss record 58 of 210
==745218==    at 0x586E858: malloc (vg_replace_malloc.c:447)
==745218==    by 0x44390B0: rboxc_gawk_estrdup (in /root/rboxc/target/gawk-format-lifetime-candidate/release/rboxc)
==745218==    by 0x474E173: rboxc_gawk_load_symbols (in /root/rboxc/target/gawk-format-lifetime-candidate/release/rboxc)
==745218==    by 0x444037C: single_binary_main_gawk (in /root/rboxc/target/gawk-format-lifetime-candidate/release/rboxc)
==745218==    by 0x5A18600: (below main) (libc_start_call_main.h:59)
==745218== 
==745218== 13 bytes in 1 blocks are still reachable in loss record 59 of 210
==745218==    at 0x586E858: malloc (vg_replace_malloc.c:447)
==745218==    by 0x473F017: rboxc_gawk_make_str_node (in /root/rboxc/target/gawk-format-lifetime-candidate/release/rboxc)
==745218==    by 0x473BC88: rboxc_gawk_do_getline_redir (in /root/rboxc/target/gawk-format-lifetime-candidate/release/rboxc)
==745218==    by 0x4726446: rboxc_gawk_r_interpret (in /root/rboxc/target/gawk-format-lifetime-candidate/release/rboxc)
==745218==    by 0x4440403: single_binary_main_gawk (in /root/rboxc/target/gawk-format-lifetime-candidate/release/rboxc)
==745218==    by 0x5A18600: (below main) (libc_start_call_main.h:59)
==745218== 
==745218== 14 bytes in 1 blocks are still reachable in loss record 60 of 210
==745218==    at 0x586E858: malloc (vg_replace_malloc.c:447)
==745218==    by 0x44390B0: rboxc_gawk_estrdup (in /root/rboxc/target/gawk-format-lifetime-candidate/release/rboxc)
==745218==    by 0x46EA661: do_add_srcfile (in /root/rboxc/target/gawk-format-lifetime-candidate/release/rboxc)
==745218==    by 0x46EE6D0: rboxc_gawk_add_srcfile (in /root/rboxc/target/gawk-format-lifetime-candidate/release/rboxc)
==745218==    by 0x443E939: single_binary_main_gawk (in /root/rboxc/target/gawk-format-lifetime-candidate/release/rboxc)
==745218==    by 0x5A18600: (below main) (libc_start_call_main.h:59)
==745218== 
==745218== 16 bytes in 1 blocks are still reachable in loss record 61 of 210
==745218==    at 0x586E858: malloc (vg_replace_malloc.c:447)
==745218==    by 0x472FCDA: api_register_ext_version (in /root/rboxc/target/gawk-format-lifetime-candidate/release/rboxc)
==745218==    by 0x58866C4: dl_load (revtwoway.c:345)
==745218==    by 0x47296C2: rboxc_gawk_load_ext (in /root/rboxc/target/gawk-format-lifetime-candidate/release/rboxc)
==745218==    by 0x46EEC3A: load_library (in /root/rboxc/target/gawk-format-lifetime-candidate/release/rboxc)
==745218==    by 0x46F273F: rboxc_gawk_yyparse (in /root/rboxc/target/gawk-format-lifetime-candidate/release/rboxc)
==745218==    by 0x46F639A: rboxc_gawk_parse_program (in /root/rboxc/target/gawk-format-lifetime-candidate/release/rboxc)
==745218==    by 0x44402A4: single_binary_main_gawk (in /root/rboxc/target/gawk-format-lifetime-candidate/release/rboxc)
==745218==    by 0x5A18600: (below main) (libc_start_call_main.h:59)
==745218== 
==745218== 20 bytes in 1 blocks are still reachable in loss record 62 of 210
==745218==    at 0x586E858: malloc (vg_replace_malloc.c:447)
==745218==    by 0x4735927: do_find_source (in /root/rboxc/target/gawk-format-lifetime-candidate/release/rboxc)
==745218==    by 0x473C081: rboxc_gawk_find_source (in /root/rboxc/target/gawk-format-lifetime-candidate/release/rboxc)
==745218==    by 0x46EE658: rboxc_gawk_add_srcfile (in /root/rboxc/target/gawk-format-lifetime-candidate/release/rboxc)
==745218==    by 0x46EEC1B: load_library (in /root/rboxc/target/gawk-format-lifetime-candidate/release/rboxc)
==745218==    by 0x46F273F: rboxc_gawk_yyparse (in /root/rboxc/target/gawk-format-lifetime-candidate/release/rboxc)
==745218==    by 0x46F639A: rboxc_gawk_parse_program (in /root/rboxc/target/gawk-format-lifetime-candidate/release/rboxc)
==745218==    by 0x44402A4: single_binary_main_gawk (in /root/rboxc/target/gawk-format-lifetime-candidate/release/rboxc)
==745218==    by 0x5A18600: (below main) (libc_start_call_main.h:59)
==745218== 
==745218== 22 bytes in 3 blocks are still reachable in loss record 63 of 210
==745218==    at 0x586E858: malloc (vg_replace_malloc.c:447)
==745218==    by 0x443E678: single_binary_main_gawk (in /root/rboxc/target/gawk-format-lifetime-candidate/release/rboxc)
==745218==    by 0x5A18600: (below main) (libc_start_call_main.h:59)
==745218== 
==745218== 22 bytes in 3 blocks are still reachable in loss record 64 of 210
==745218==    at 0x586E858: malloc (vg_replace_malloc.c:447)
==745218==    by 0x473F017: rboxc_gawk_make_str_node (in /root/rboxc/target/gawk-format-lifetime-candidate/release/rboxc)
==745218==    by 0x4440154: single_binary_main_gawk (in /root/rboxc/target/gawk-format-lifetime-candidate/release/rboxc)
==745218==    by 0x5A18600: (below main) (libc_start_call_main.h:59)
==745218== 
==745218== 24 bytes in 1 blocks are still reachable in loss record 65 of 210
==745218==    at 0x5875E43: calloc (vg_replace_malloc.c:1678)
==745218==    by 0x4735832: do_find_source (in /root/rboxc/target/gawk-format-lifetime-candidate/release/rboxc)
==745218==    by 0x473C081: rboxc_gawk_find_source (in /root/rboxc/target/gawk-format-lifetime-candidate/release/rboxc)
==745218==    by 0x46EE658: rboxc_gawk_add_srcfile (in /root/rboxc/target/gawk-format-lifetime-candidate/release/rboxc)
==745218==    by 0x443E939: single_binary_main_gawk (in /root/rboxc/target/gawk-format-lifetime-candidate/release/rboxc)
==745218==    by 0x5A18600: (below main) (libc_start_call_main.h:59)
==745218== 
==745218== 24 bytes in 1 blocks are still reachable in loss record 66 of 210
==745218==    at 0x586E858: malloc (vg_replace_malloc.c:447)
==745218==    by 0x473F017: rboxc_gawk_make_str_node (in /root/rboxc/target/gawk-format-lifetime-candidate/release/rboxc)
==745218==    by 0x472B6C7: update_PROCINFO_str.part.0 (in /root/rboxc/target/gawk-format-lifetime-candidate/release/rboxc)
==745218==    by 0x443F4D2: single_binary_main_gawk (in /root/rboxc/target/gawk-format-lifetime-candidate/release/rboxc)
==745218==    by 0x5A18600: (below main) (libc_start_call_main.h:59)
==745218== 
==745218== 24 bytes in 1 blocks are still reachable in loss record 67 of 210
==745218==    at 0x5875E43: calloc (vg_replace_malloc.c:1678)
==745218==    by 0x4735832: do_find_source (in /root/rboxc/target/gawk-format-lifetime-candidate/release/rboxc)
==745218==    by 0x473C081: rboxc_gawk_find_source (in /root/rboxc/target/gawk-format-lifetime-candidate/release/rboxc)
==745218==    by 0x46EE658: rboxc_gawk_add_srcfile (in /root/rboxc/target/gawk-format-lifetime-candidate/release/rboxc)
==745218==    by 0x46EEC1B: load_library (in /root/rboxc/target/gawk-format-lifetime-candidate/release/rboxc)
==745218==    by 0x46F273F: rboxc_gawk_yyparse (in /root/rboxc/target/gawk-format-lifetime-candidate/release/rboxc)
==745218==    by 0x46F639A: rboxc_gawk_parse_program (in /root/rboxc/target/gawk-format-lifetime-candidate/release/rboxc)
==745218==    by 0x44402A4: single_binary_main_gawk (in /root/rboxc/target/gawk-format-lifetime-candidate/release/rboxc)
==745218==    by 0x5A18600: (below main) (libc_start_call_main.h:59)
==745218== 
==745218== 26 bytes in 1 blocks are still reachable in loss record 68 of 210
==745218==    at 0x586E858: malloc (vg_replace_malloc.c:447)
==745218==    by 0x4735927: do_find_source (in /root/rboxc/target/gawk-format-lifetime-candidate/release/rboxc)
==745218==    by 0x473C081: rboxc_gawk_find_source (in /root/rboxc/target/gawk-format-lifetime-candidate/release/rboxc)
==745218==    by 0x46EE658: rboxc_gawk_add_srcfile (in /root/rboxc/target/gawk-format-lifetime-candidate/release/rboxc)
==745218==    by 0x443E939: single_binary_main_gawk (in /root/rboxc/target/gawk-format-lifetime-candidate/release/rboxc)
==745218==    by 0x5A18600: (below main) (libc_start_call_main.h:59)
==745218== 
==745218== 27 bytes in 1 blocks are still reachable in loss record 69 of 210
==745218==    at 0x587607F: realloc (vg_replace_malloc.c:1804)
==745218==    by 0x473F12E: rboxc_gawk_make_str_node (in /root/rboxc/target/gawk-format-lifetime-candidate/release/rboxc)
==745218==    by 0x46F0DF4: yylex (in /root/rboxc/target/gawk-format-lifetime-candidate/release/rboxc)
==745218==    by 0x46F249C: rboxc_gawk_yyparse (in /root/rboxc/target/gawk-format-lifetime-candidate/release/rboxc)
==745218==    by 0x46F639A: rboxc_gawk_parse_program (in /root/rboxc/target/gawk-format-lifetime-candidate/release/rboxc)
==745218==    by 0x44402A4: single_binary_main_gawk (in /root/rboxc/target/gawk-format-lifetime-candidate/release/rboxc)
==745218==    by 0x5A18600: (below main) (libc_start_call_main.h:59)
==745218== 
==745218== 27 bytes in 2 blocks are still reachable in loss record 70 of 210
==745218==    at 0x586E858: malloc (vg_replace_malloc.c:447)
==745218==    by 0x473F017: rboxc_gawk_make_str_node (in /root/rboxc/target/gawk-format-lifetime-candidate/release/rboxc)
==745218==    by 0x46F0DF4: yylex (in /root/rboxc/target/gawk-format-lifetime-candidate/release/rboxc)
==745218==    by 0x46F249C: rboxc_gawk_yyparse (in /root/rboxc/target/gawk-format-lifetime-candidate/release/rboxc)
==745218==    by 0x46F639A: rboxc_gawk_parse_program (in /root/rboxc/target/gawk-format-lifetime-candidate/release/rboxc)
==745218==    by 0x44402A4: single_binary_main_gawk (in /root/rboxc/target/gawk-format-lifetime-candidate/release/rboxc)
==745218==    by 0x5A18600: (below main) (libc_start_call_main.h:59)
==745218== 
==745218== 32 bytes in 1 blocks are still reachable in loss record 71 of 210
==745218==    at 0x586E858: malloc (vg_replace_malloc.c:447)
==745218==    by 0x443E5D9: single_binary_main_gawk (in /root/rboxc/target/gawk-format-lifetime-candidate/release/rboxc)
==745218==    by 0x5A18600: (below main) (libc_start_call_main.h:59)
==745218== 
==745218== 32 bytes in 1 blocks are still reachable in loss record 72 of 210
==745218==    at 0x586E858: malloc (vg_replace_malloc.c:447)
==745218==    by 0x471C517: fmt_index (in /root/rboxc/target/gawk-format-lifetime-candidate/release/rboxc)
==745218==    by 0x471D606: rboxc_gawk_set_CONVFMT (in /root/rboxc/target/gawk-format-lifetime-candidate/release/rboxc)
==745218==    by 0x443F2E8: single_binary_main_gawk (in /root/rboxc/target/gawk-format-lifetime-candidate/release/rboxc)
==745218==    by 0x5A18600: (below main) (libc_start_call_main.h:59)
==745218== 
==745218== 32 bytes in 1 blocks are still reachable in loss record 73 of 210
==745218==    at 0x586E858: malloc (vg_replace_malloc.c:447)
==745218==    by 0x47355F3: do_find_source (in /root/rboxc/target/gawk-format-lifetime-candidate/release/rboxc)
==745218==    by 0x473C120: rboxc_gawk_find_source (in /root/rboxc/target/gawk-format-lifetime-candidate/release/rboxc)
==745218==    by 0x46EE658: rboxc_gawk_add_srcfile (in /root/rboxc/target/gawk-format-lifetime-candidate/release/rboxc)
==745218==    by 0x46EEC1B: load_library (in /root/rboxc/target/gawk-format-lifetime-candidate/release/rboxc)
==745218==    by 0x46F273F: rboxc_gawk_yyparse (in /root/rboxc/target/gawk-format-lifetime-candidate/release/rboxc)
==745218==    by 0x46F639A: rboxc_gawk_parse_program (in /root/rboxc/target/gawk-format-lifetime-candidate/release/rboxc)
==745218==    by 0x44402A4: single_binary_main_gawk (in /root/rboxc/target/gawk-format-lifetime-candidate/release/rboxc)
==745218==    by 0x5A18600: (below main) (libc_start_call_main.h:59)
==745218== 
==745218== 32 bytes in 1 blocks are still reachable in loss record 74 of 210
==745218==    at 0x586E858: malloc (vg_replace_malloc.c:447)
==745218==    by 0x504FB1F: malloc (rtld-malloc.h:56)
==745218==    by 0x504FB1F: strdup (strdup.c:42)
==745218==    by 0x502D90D: _dl_map_new_object (dl-load.c:2139)
==745218==    by 0x5032460: dl_open_worker_begin (dl-open.c:535)
==745218==    by 0x5025512: _dl_catch_exception (dl-catch.c:241)
==745218==    by 0x503120B: dl_open_worker (dl-open.c:762)
==745218==    by 0x5025512: _dl_catch_exception (dl-catch.c:241)
==745218==    by 0x5031749: _dl_open (dl-open.c:900)
==745218==    by 0x5A8DEA3: dlopen_doit (dlopen.c:56)
==745218==    by 0x5025512: _dl_catch_exception (dl-catch.c:241)
==745218==    by 0x5025658: _dl_catch_error (dl-catch.c:260)
==745218==    by 0x5A8D992: _dlerror_run (dlerror.c:138)
==745218== 
==745218== 39 bytes in 1 blocks are still reachable in loss record 75 of 210
==745218==    at 0x586E858: malloc (vg_replace_malloc.c:447)
==745218==    by 0x47355F3: do_find_source (in /root/rboxc/target/gawk-format-lifetime-candidate/release/rboxc)
==745218==    by 0x473C081: rboxc_gawk_find_source (in /root/rboxc/target/gawk-format-lifetime-candidate/release/rboxc)
==745218==    by 0x46EE658: rboxc_gawk_add_srcfile (in /root/rboxc/target/gawk-format-lifetime-candidate/release/rboxc)
==745218==    by 0x443E939: single_binary_main_gawk (in /root/rboxc/target/gawk-format-lifetime-candidate/release/rboxc)
==745218==    by 0x5A18600: (below main) (libc_start_call_main.h:59)
==745218== 
==745218== 40 bytes in 1 blocks are still reachable in loss record 76 of 210
==745218==    at 0x586E858: malloc (vg_replace_malloc.c:447)
==745218==    by 0x46F697E: rboxc_gawk_parse_program (in /root/rboxc/target/gawk-format-lifetime-candidate/release/rboxc)
==745218==    by 0x44402A4: single_binary_main_gawk (in /root/rboxc/target/gawk-format-lifetime-candidate/release/rboxc)
==745218==    by 0x5A18600: (below main) (libc_start_call_main.h:59)
==745218== 
==745218== 48 bytes in 1 blocks are still reachable in loss record 77 of 210
==745218==    at 0x586E858: malloc (vg_replace_malloc.c:447)
==745218==    by 0x473EBAB: rboxc_gawk_r_getblock (in /root/rboxc/target/gawk-format-lifetime-candidate/release/rboxc)
==745218==    by 0x474C959: str_lookup (in /root/rboxc/target/gawk-format-lifetime-candidate/release/rboxc)
==745218==    by 0x474D16C: install (in /root/rboxc/target/gawk-format-lifetime-candidate/release/rboxc)
==745218==    by 0x474D449: init_the_tables (in /root/rboxc/target/gawk-format-lifetime-candidate/release/rboxc)
==745218==    by 0x443E550: single_binary_main_gawk (in /root/rboxc/target/gawk-format-lifetime-candidate/release/rboxc)
==745218==    by 0x5A18600: (below main) (libc_start_call_main.h:59)
==745218== 
==745218== 48 bytes in 1 blocks are still reachable in loss record 78 of 210
==745218==    at 0x586E858: malloc (vg_replace_malloc.c:447)
==745218==    by 0x473EBAB: rboxc_gawk_r_getblock (in /root/rboxc/target/gawk-format-lifetime-candidate/release/rboxc)
==745218==    by 0x474C959: str_lookup (in /root/rboxc/target/gawk-format-lifetime-candidate/release/rboxc)
==745218==    by 0x474D16C: install (in /root/rboxc/target/gawk-format-lifetime-candidate/release/rboxc)
==745218==    by 0x474D470: init_the_tables (in /root/rboxc/target/gawk-format-lifetime-candidate/release/rboxc)
==745218==    by 0x443E550: single_binary_main_gawk (in /root/rboxc/target/gawk-format-lifetime-candidate/release/rboxc)
==745218==    by 0x5A18600: (below main) (libc_start_call_main.h:59)
==745218== 
==745218== 48 bytes in 1 blocks are still reachable in loss record 79 of 210
==745218==    at 0x586E858: malloc (vg_replace_malloc.c:447)
==745218==    by 0x473EBAB: rboxc_gawk_r_getblock (in /root/rboxc/target/gawk-format-lifetime-candidate/release/rboxc)
==745218==    by 0x474C959: str_lookup (in /root/rboxc/target/gawk-format-lifetime-candidate/release/rboxc)
==745218==    by 0x474D16C: install (in /root/rboxc/target/gawk-format-lifetime-candidate/release/rboxc)
==745218==    by 0x443F4A1: single_binary_main_gawk (in /root/rboxc/target/gawk-format-lifetime-candidate/release/rboxc)
==745218==    by 0x5A18600: (below main) (libc_start_call_main.h:59)
==745218== 
==745218== 48 bytes in 1 blocks are still reachable in loss record 80 of 210
==745218==    at 0x586E858: malloc (vg_replace_malloc.c:447)
==745218==    by 0x473EBAB: rboxc_gawk_r_getblock (in /root/rboxc/target/gawk-format-lifetime-candidate/release/rboxc)
==745218==    by 0x474C959: str_lookup (in /root/rboxc/target/gawk-format-lifetime-candidate/release/rboxc)
==745218==    by 0x472B6DE: update_PROCINFO_str.part.0 (in /root/rboxc/target/gawk-format-lifetime-candidate/release/rboxc)
==745218==    by 0x443F4C2: single_binary_main_gawk (in /root/rboxc/target/gawk-format-lifetime-candidate/release/rboxc)
==745218==    by 0x5A18600: (below main) (libc_start_call_main.h:59)
==745218== 
==745218== 48 bytes in 1 blocks are still reachable in loss record 81 of 210
==745218==    at 0x586E858: malloc (vg_replace_malloc.c:447)
==745218==    by 0x473EBAB: rboxc_gawk_r_getblock (in /root/rboxc/target/gawk-format-lifetime-candidate/release/rboxc)
==745218==    by 0x474C959: str_lookup (in /root/rboxc/target/gawk-format-lifetime-candidate/release/rboxc)
==745218==    by 0x472B6DE: update_PROCINFO_str.part.0 (in /root/rboxc/target/gawk-format-lifetime-candidate/release/rboxc)
==745218==    by 0x443F4D2: single_binary_main_gawk (in /root/rboxc/target/gawk-format-lifetime-candidate/release/rboxc)
==745218==    by 0x5A18600: (below main) (libc_start_call_main.h:59)
==745218== 
==745218== 48 bytes in 1 blocks are still reachable in loss record 82 of 210
==745218==    at 0x586E858: malloc (vg_replace_malloc.c:447)
==745218==    by 0x473EBAB: rboxc_gawk_r_getblock (in /root/rboxc/target/gawk-format-lifetime-candidate/release/rboxc)
==745218==    by 0x474C959: str_lookup (in /root/rboxc/target/gawk-format-lifetime-candidate/release/rboxc)
==745218==    by 0x472B6DE: update_PROCINFO_str.part.0 (in /root/rboxc/target/gawk-format-lifetime-candidate/release/rboxc)
==745218==    by 0x443F4E2: single_binary_main_gawk (in /root/rboxc/target/gawk-format-lifetime-candidate/release/rboxc)
==745218==    by 0x5A18600: (below main) (libc_start_call_main.h:59)
==745218== 
==745218== 48 bytes in 1 blocks are still reachable in loss record 83 of 210
==745218==    at 0x586E858: malloc (vg_replace_malloc.c:447)
==745218==    by 0x473EBAB: rboxc_gawk_r_getblock (in /root/rboxc/target/gawk-format-lifetime-candidate/release/rboxc)
==745218==    by 0x474C959: str_lookup (in /root/rboxc/target/gawk-format-lifetime-candidate/release/rboxc)
==745218==    by 0x472EB6A: rboxc_gawk_update_PROCINFO_num (in /root/rboxc/target/gawk-format-lifetime-candidate/release/rboxc)
==745218==    by 0x443F4FB: single_binary_main_gawk (in /root/rboxc/target/gawk-format-lifetime-candidate/release/rboxc)
==745218==    by 0x5A18600: (below main) (libc_start_call_main.h:59)
==745218== 
==745218== 48 bytes in 1 blocks are still reachable in loss record 84 of 210
==745218==    at 0x586E858: malloc (vg_replace_malloc.c:447)
==745218==    by 0x473EBAB: rboxc_gawk_r_getblock (in /root/rboxc/target/gawk-format-lifetime-candidate/release/rboxc)
==745218==    by 0x474C959: str_lookup (in /root/rboxc/target/gawk-format-lifetime-candidate/release/rboxc)
==745218==    by 0x472EB6A: rboxc_gawk_update_PROCINFO_num (in /root/rboxc/target/gawk-format-lifetime-candidate/release/rboxc)
==745218==    by 0x443F50D: single_binary_main_gawk (in /root/rboxc/target/gawk-format-lifetime-candidate/release/rboxc)
==745218==    by 0x5A18600: (below main) (libc_start_call_main.h:59)
==745218== 
==745218== 48 bytes in 1 blocks are still reachable in loss record 85 of 210
==745218==    at 0x586E858: malloc (vg_replace_malloc.c:447)
==745218==    by 0x473EBAB: rboxc_gawk_r_getblock (in /root/rboxc/target/gawk-format-lifetime-candidate/release/rboxc)
==745218==    by 0x474C959: str_lookup (in /root/rboxc/target/gawk-format-lifetime-candidate/release/rboxc)
==745218==    by 0x472EB6A: rboxc_gawk_update_PROCINFO_num (in /root/rboxc/target/gawk-format-lifetime-candidate/release/rboxc)
==745218==    by 0x443F524: single_binary_main_gawk (in /root/rboxc/target/gawk-format-lifetime-candidate/release/rboxc)
==745218==    by 0x5A18600: (below main) (libc_start_call_main.h:59)
==745218== 
==745218== 48 bytes in 1 blocks are still reachable in loss record 86 of 210
==745218==    at 0x586E858: malloc (vg_replace_malloc.c:447)
==745218==    by 0x473EBAB: rboxc_gawk_r_getblock (in /root/rboxc/target/gawk-format-lifetime-candidate/release/rboxc)
==745218==    by 0x474C959: str_lookup (in /root/rboxc/target/gawk-format-lifetime-candidate/release/rboxc)
==745218==    by 0x472EB6A: rboxc_gawk_update_PROCINFO_num (in /root/rboxc/target/gawk-format-lifetime-candidate/release/rboxc)
==745218==    by 0x443F53B: single_binary_main_gawk (in /root/rboxc/target/gawk-format-lifetime-candidate/release/rboxc)
==745218==    by 0x5A18600: (below main) (libc_start_call_main.h:59)
==745218== 
==745218== 48 bytes in 1 blocks are still reachable in loss record 87 of 210
==745218==    at 0x586E858: malloc (vg_replace_malloc.c:447)
==745218==    by 0x473EBAB: rboxc_gawk_r_getblock (in /root/rboxc/target/gawk-format-lifetime-candidate/release/rboxc)
==745218==    by 0x474C959: str_lookup (in /root/rboxc/target/gawk-format-lifetime-candidate/release/rboxc)
==745218==    by 0x472EB6A: rboxc_gawk_update_PROCINFO_num (in /root/rboxc/target/gawk-format-lifetime-candidate/release/rboxc)
==745218==    by 0x443F552: single_binary_main_gawk (in /root/rboxc/target/gawk-format-lifetime-candidate/release/rboxc)
==745218==    by 0x5A18600: (below main) (libc_start_call_main.h:59)
==745218== 
==745218== 48 bytes in 1 blocks are still reachable in loss record 88 of 210
==745218==    at 0x586E858: malloc (vg_replace_malloc.c:447)
==745218==    by 0x473EBAB: rboxc_gawk_r_getblock (in /root/rboxc/target/gawk-format-lifetime-candidate/release/rboxc)
==745218==    by 0x474C959: str_lookup (in /root/rboxc/target/gawk-format-lifetime-candidate/release/rboxc)
==745218==    by 0x472EB6A: rboxc_gawk_update_PROCINFO_num (in /root/rboxc/target/gawk-format-lifetime-candidate/release/rboxc)
==745218==    by 0x443F56C: single_binary_main_gawk (in /root/rboxc/target/gawk-format-lifetime-candidate/release/rboxc)
==745218==    by 0x5A18600: (below main) (libc_start_call_main.h:59)
==745218== 
==745218== 48 bytes in 1 blocks are still reachable in loss record 89 of 210
==745218==    at 0x586E858: malloc (vg_replace_malloc.c:447)
==745218==    by 0x473EBAB: rboxc_gawk_r_getblock (in /root/rboxc/target/gawk-format-lifetime-candidate/release/rboxc)
==745218==    by 0x474C959: str_lookup (in /root/rboxc/target/gawk-format-lifetime-candidate/release/rboxc)
==745218==    by 0x472EB6A: rboxc_gawk_update_PROCINFO_num (in /root/rboxc/target/gawk-format-lifetime-candidate/release/rboxc)
==745218==    by 0x443F586: single_binary_main_gawk (in /root/rboxc/target/gawk-format-lifetime-candidate/release/rboxc)
==745218==    by 0x5A18600: (below main) (libc_start_call_main.h:59)
==745218== 
==745218== 48 bytes in 1 blocks are still reachable in loss record 90 of 210
==745218==    at 0x586E858: malloc (vg_replace_malloc.c:447)
==745218==    by 0x473EBAB: rboxc_gawk_r_getblock (in /root/rboxc/target/gawk-format-lifetime-candidate/release/rboxc)
==745218==    by 0x474C959: str_lookup (in /root/rboxc/target/gawk-format-lifetime-candidate/release/rboxc)
==745218==    by 0x472EB6A: rboxc_gawk_update_PROCINFO_num (in /root/rboxc/target/gawk-format-lifetime-candidate/release/rboxc)
==745218==    by 0x443F5A0: single_binary_main_gawk (in /root/rboxc/target/gawk-format-lifetime-candidate/release/rboxc)
==745218==    by 0x5A18600: (below main) (libc_start_call_main.h:59)
==745218== 
==745218== 48 bytes in 1 blocks are still reachable in loss record 91 of 210
==745218==    at 0x586E858: malloc (vg_replace_malloc.c:447)
==745218==    by 0x473EBAB: rboxc_gawk_r_getblock (in /root/rboxc/target/gawk-format-lifetime-candidate/release/rboxc)
==745218==    by 0x474C959: str_lookup (in /root/rboxc/target/gawk-format-lifetime-candidate/release/rboxc)
==745218==    by 0x472EB6A: rboxc_gawk_update_PROCINFO_num (in /root/rboxc/target/gawk-format-lifetime-candidate/release/rboxc)
==745218==    by 0x443F5BA: single_binary_main_gawk (in /root/rboxc/target/gawk-format-lifetime-candidate/release/rboxc)
==745218==    by 0x5A18600: (below main) (libc_start_call_main.h:59)
==745218== 
==745218== 48 bytes in 1 blocks are still reachable in loss record 92 of 210
==745218==    at 0x586E858: malloc (vg_replace_malloc.c:447)
==745218==    by 0x473EBAB: rboxc_gawk_r_getblock (in /root/rboxc/target/gawk-format-lifetime-candidate/release/rboxc)
==745218==    by 0x474C959: str_lookup (in /root/rboxc/target/gawk-format-lifetime-candidate/release/rboxc)
==745218==    by 0x472B6DE: update_PROCINFO_str.part.0 (in /root/rboxc/target/gawk-format-lifetime-candidate/release/rboxc)
==745218==    by 0x443F5CC: single_binary_main_gawk (in /root/rboxc/target/gawk-format-lifetime-candidate/release/rboxc)
==745218==    by 0x5A18600: (below main) (libc_start_call_main.h:59)
==745218== 
==745218== 48 bytes in 1 blocks are still reachable in loss record 93 of 210
==745218==    at 0x586E858: malloc (vg_replace_malloc.c:447)
==745218==    by 0x473EBAB: rboxc_gawk_r_getblock (in /root/rboxc/target/gawk-format-lifetime-candidate/release/rboxc)
==745218==    by 0x474C959: str_lookup (in /root/rboxc/target/gawk-format-lifetime-candidate/release/rboxc)
==745218==    by 0x472B6DE: update_PROCINFO_str.part.0 (in /root/rboxc/target/gawk-format-lifetime-candidate/release/rboxc)
==745218==    by 0x443F758: single_binary_main_gawk (in /root/rboxc/target/gawk-format-lifetime-candidate/release/rboxc)
==745218==    by 0x5A18600: (below main) (libc_start_call_main.h:59)
==745218== 
==745218== 48 bytes in 1 blocks are still reachable in loss record 94 of 210
==745218==    at 0x586E858: malloc (vg_replace_malloc.c:447)
==745218==    by 0x473EBAB: rboxc_gawk_r_getblock (in /root/rboxc/target/gawk-format-lifetime-candidate/release/rboxc)
==745218==    by 0x474C959: str_lookup (in /root/rboxc/target/gawk-format-lifetime-candidate/release/rboxc)
==745218==    by 0x4435AE2: rboxc::applet_gawk::assoc_set (in /root/rboxc/target/gawk-format-lifetime-candidate/release/rboxc)
==745218==    by 0x443F87A: single_binary_main_gawk (in /root/rboxc/target/gawk-format-lifetime-candidate/release/rboxc)
==745218==    by 0x5A18600: (below main) (libc_start_call_main.h:59)
==745218== 
==745218== 48 bytes in 1 blocks are still reachable in loss record 95 of 210
==745218==    at 0x586E858: malloc (vg_replace_malloc.c:447)
==745218==    by 0x473EBAB: rboxc_gawk_r_getblock (in /root/rboxc/target/gawk-format-lifetime-candidate/release/rboxc)
==745218==    by 0x474C959: str_lookup (in /root/rboxc/target/gawk-format-lifetime-candidate/release/rboxc)
==745218==    by 0x474D16C: install (in /root/rboxc/target/gawk-format-lifetime-candidate/release/rboxc)
==745218==    by 0x443F92D: single_binary_main_gawk (in /root/rboxc/target/gawk-format-lifetime-candidate/release/rboxc)
==745218==    by 0x5A18600: (below main) (libc_start_call_main.h:59)
==745218== 
==745218== 48 bytes in 1 blocks are still reachable in loss record 96 of 210
==745218==    at 0x586E858: malloc (vg_replace_malloc.c:447)
==745218==    by 0x473EBAB: rboxc_gawk_r_getblock (in /root/rboxc/target/gawk-format-lifetime-candidate/release/rboxc)
==745218==    by 0x474C959: str_lookup (in /root/rboxc/target/gawk-format-lifetime-candidate/release/rboxc)
==745218==    by 0x474D16C: install (in /root/rboxc/target/gawk-format-lifetime-candidate/release/rboxc)
==745218==    by 0x443FF58: single_binary_main_gawk (in /root/rboxc/target/gawk-format-lifetime-candidate/release/rboxc)
==745218==    by 0x5A18600: (below main) (libc_start_call_main.h:59)
==745218== 
==745218== 48 bytes in 1 blocks are still reachable in loss record 97 of 210
==745218==    at 0x586E858: malloc (vg_replace_malloc.c:447)
==745218==    by 0x473EBAB: rboxc_gawk_r_getblock (in /root/rboxc/target/gawk-format-lifetime-candidate/release/rboxc)
==745218==    by 0x474C959: str_lookup (in /root/rboxc/target/gawk-format-lifetime-candidate/release/rboxc)
==745218==    by 0x474D16C: install (in /root/rboxc/target/gawk-format-lifetime-candidate/release/rboxc)
==745218==    by 0x4440233: single_binary_main_gawk (in /root/rboxc/target/gawk-format-lifetime-candidate/release/rboxc)
==745218==    by 0x5A18600: (below main) (libc_start_call_main.h:59)
==745218== 
==745218== 48 bytes in 1 blocks are still reachable in loss record 98 of 210
==745218==    at 0x586E858: malloc (vg_replace_malloc.c:447)
==745218==    by 0x473EBAB: rboxc_gawk_r_getblock (in /root/rboxc/target/gawk-format-lifetime-candidate/release/rboxc)
==745218==    by 0x474C959: str_lookup (in /root/rboxc/target/gawk-format-lifetime-candidate/release/rboxc)
==745218==    by 0x474E0CA: rboxc_gawk_load_symbols (in /root/rboxc/target/gawk-format-lifetime-candidate/release/rboxc)
==745218==    by 0x444037C: single_binary_main_gawk (in /root/rboxc/target/gawk-format-lifetime-candidate/release/rboxc)
==745218==    by 0x5A18600: (below main) (libc_start_call_main.h:59)
==745218== 
==745218== 48 bytes in 13 blocks are still reachable in loss record 99 of 210
==745218==    at 0x586E858: malloc (vg_replace_malloc.c:447)
==745218==    by 0x473F017: rboxc_gawk_make_str_node (in /root/rboxc/target/gawk-format-lifetime-candidate/release/rboxc)
==745218==    by 0x443F2AA: single_binary_main_gawk (in /root/rboxc/target/gawk-format-lifetime-candidate/release/rboxc)
==745218==    by 0x5A18600: (below main) (libc_start_call_main.h:59)
==745218== 
==745218== 60 bytes in 1 blocks are still reachable in loss record 100 of 210
==745218==    at 0x586E858: malloc (vg_replace_malloc.c:447)
==745218==    by 0x46EAADC: tokexpand (in /root/rboxc/target/gawk-format-lifetime-candidate/release/rboxc)
==745218==    by 0x46F6C46: rboxc_gawk_parse_program (in /root/rboxc/target/gawk-format-lifetime-candidate/release/rboxc)
==745218==    by 0x44402A4: single_binary_main_gawk (in /root/rboxc/target/gawk-format-lifetime-candidate/release/rboxc)
==745218==    by 0x5A18600: (below main) (libc_start_call_main.h:59)
==745218== 
==745218== 88 bytes in 1 blocks are still reachable in loss record 101 of 210
==745218==    at 0x586E858: malloc (vg_replace_malloc.c:447)
==745218==    by 0x473EBAB: rboxc_gawk_r_getblock (in /root/rboxc/target/gawk-format-lifetime-candidate/release/rboxc)
==745218==    by 0x473EF81: rboxc_gawk_make_str_node (in /root/rboxc/target/gawk-format-lifetime-candidate/release/rboxc)
==745218==    by 0x443E47C: single_binary_main_gawk (in /root/rboxc/target/gawk-format-lifetime-candidate/release/rboxc)
==745218==    by 0x5A18600: (below main) (libc_start_call_main.h:59)
==745218== 
==745218== 88 bytes in 1 blocks are still reachable in loss record 102 of 210
==745218==    at 0x586E858: malloc (vg_replace_malloc.c:447)
==745218==    by 0x473EBAB: rboxc_gawk_r_getblock (in /root/rboxc/target/gawk-format-lifetime-candidate/release/rboxc)
==745218==    by 0x474D3A7: init_the_tables (in /root/rboxc/target/gawk-format-lifetime-candidate/release/rboxc)
==745218==    by 0x443E550: single_binary_main_gawk (in /root/rboxc/target/gawk-format-lifetime-candidate/release/rboxc)
==745218==    by 0x5A18600: (below main) (libc_start_call_main.h:59)
==745218== 
==745218== 88 bytes in 1 blocks are still reachable in loss record 103 of 210
==745218==    at 0x586E858: malloc (vg_replace_malloc.c:447)
==745218==    by 0x473EBAB: rboxc_gawk_r_getblock (in /root/rboxc/target/gawk-format-lifetime-candidate/release/rboxc)
==745218==    by 0x474D3E8: init_the_tables (in /root/rboxc/target/gawk-format-lifetime-candidate/release/rboxc)
==745218==    by 0x443E550: single_binary_main_gawk (in /root/rboxc/target/gawk-format-lifetime-candidate/release/rboxc)
==745218==    by 0x5A18600: (below main) (libc_start_call_main.h:59)
==745218== 
==745218== 88 bytes in 1 blocks are still reachable in loss record 104 of 210
==745218==    at 0x586E858: malloc (vg_replace_malloc.c:447)
==745218==    by 0x473EBAB: rboxc_gawk_r_getblock (in /root/rboxc/target/gawk-format-lifetime-candidate/release/rboxc)
==745218==    by 0x473EF81: rboxc_gawk_make_str_node (in /root/rboxc/target/gawk-format-lifetime-candidate/release/rboxc)
==745218==    by 0x474D135: install (in /root/rboxc/target/gawk-format-lifetime-candidate/release/rboxc)
==745218==    by 0x474D449: init_the_tables (in /root/rboxc/target/gawk-format-lifetime-candidate/release/rboxc)
==745218==    by 0x443E550: single_binary_main_gawk (in /root/rboxc/target/gawk-format-lifetime-candidate/release/rboxc)
==745218==    by 0x5A18600: (below main) (libc_start_call_main.h:59)
==745218== 
==745218== 88 bytes in 1 blocks are still reachable in loss record 105 of 210
==745218==    at 0x586E858: malloc (vg_replace_malloc.c:447)
==745218==    by 0x473EBAB: rboxc_gawk_r_getblock (in /root/rboxc/target/gawk-format-lifetime-candidate/release/rboxc)
==745218==    by 0x474D213: install (in /root/rboxc/target/gawk-format-lifetime-candidate/release/rboxc)
==745218==    by 0x474D449: init_the_tables (in /root/rboxc/target/gawk-format-lifetime-candidate/release/rboxc)
==745218==    by 0x443E550: single_binary_main_gawk (in /root/rboxc/target/gawk-format-lifetime-candidate/release/rboxc)
==745218==    by 0x5A18600: (below main) (libc_start_call_main.h:59)
==745218== 
==745218== 88 bytes in 1 blocks are still reachable in loss record 106 of 210
==745218==    at 0x586E858: malloc (vg_replace_malloc.c:447)
==745218==    by 0x473EBAB: rboxc_gawk_r_getblock (in /root/rboxc/target/gawk-format-lifetime-candidate/release/rboxc)
==745218==    by 0x473EF81: rboxc_gawk_make_str_node (in /root/rboxc/target/gawk-format-lifetime-candidate/release/rboxc)
==745218==    by 0x474D135: install (in /root/rboxc/target/gawk-format-lifetime-candidate/release/rboxc)
==745218==    by 0x474D470: init_the_tables (in /root/rboxc/target/gawk-format-lifetime-candidate/release/rboxc)
==745218==    by 0x443E550: single_binary_main_gawk (in /root/rboxc/target/gawk-format-lifetime-candidate/release/rboxc)
==745218==    by 0x5A18600: (below main) (libc_start_call_main.h:59)
==745218== 
==745218== 88 bytes in 1 blocks are still reachable in loss record 107 of 210
==745218==    at 0x586E858: malloc (vg_replace_malloc.c:447)
==745218==    by 0x473EBAB: rboxc_gawk_r_getblock (in /root/rboxc/target/gawk-format-lifetime-candidate/release/rboxc)
==745218==    by 0x474D213: install (in /root/rboxc/target/gawk-format-lifetime-candidate/release/rboxc)
==745218==    by 0x474D470: init_the_tables (in /root/rboxc/target/gawk-format-lifetime-candidate/release/rboxc)
==745218==    by 0x443E550: single_binary_main_gawk (in /root/rboxc/target/gawk-format-lifetime-candidate/release/rboxc)
==745218==    by 0x5A18600: (below main) (libc_start_call_main.h:59)
==745218== 
==745218== 88 bytes in 1 blocks are still reachable in loss record 108 of 210
==745218==    at 0x586E858: malloc (vg_replace_malloc.c:447)
==745218==    by 0x473EBAB: rboxc_gawk_r_getblock (in /root/rboxc/target/gawk-format-lifetime-candidate/release/rboxc)
==745218==    by 0x473EF81: rboxc_gawk_make_str_node (in /root/rboxc/target/gawk-format-lifetime-candidate/release/rboxc)
==745218==    by 0x474D135: install (in /root/rboxc/target/gawk-format-lifetime-candidate/release/rboxc)
==745218==    by 0x443F4A1: single_binary_main_gawk (in /root/rboxc/target/gawk-format-lifetime-candidate/release/rboxc)
==745218==    by 0x5A18600: (below main) (libc_start_call_main.h:59)
==745218== 
==745218== 88 bytes in 1 blocks are still reachable in loss record 109 of 210
==745218==    at 0x586E858: malloc (vg_replace_malloc.c:447)
==745218==    by 0x473EBAB: rboxc_gawk_r_getblock (in /root/rboxc/target/gawk-format-lifetime-candidate/release/rboxc)
==745218==    by 0x474D213: install (in /root/rboxc/target/gawk-format-lifetime-candidate/release/rboxc)
==745218==    by 0x443F4A1: single_binary_main_gawk (in /root/rboxc/target/gawk-format-lifetime-candidate/release/rboxc)
==745218==    by 0x5A18600: (below main) (libc_start_call_main.h:59)
==745218== 
==745218== 88 bytes in 1 blocks are still reachable in loss record 110 of 210
==745218==    at 0x586E858: malloc (vg_replace_malloc.c:447)
==745218==    by 0x473EBAB: rboxc_gawk_r_getblock (in /root/rboxc/target/gawk-format-lifetime-candidate/release/rboxc)
==745218==    by 0x473EF81: rboxc_gawk_make_str_node (in /root/rboxc/target/gawk-format-lifetime-candidate/release/rboxc)
==745218==    by 0x472B6AF: update_PROCINFO_str.part.0 (in /root/rboxc/target/gawk-format-lifetime-candidate/release/rboxc)
==745218==    by 0x443F4C2: single_binary_main_gawk (in /root/rboxc/target/gawk-format-lifetime-candidate/release/rboxc)
==745218==    by 0x5A18600: (below main) (libc_start_call_main.h:59)
==745218== 
==745218== 88 bytes in 1 blocks are still reachable in loss record 111 of 210
==745218==    at 0x586E858: malloc (vg_replace_malloc.c:447)
==745218==    by 0x473EBAB: rboxc_gawk_r_getblock (in /root/rboxc/target/gawk-format-lifetime-candidate/release/rboxc)
==745218==    by 0x473EF81: rboxc_gawk_make_str_node (in /root/rboxc/target/gawk-format-lifetime-candidate/release/rboxc)
==745218==    by 0x472B6C7: update_PROCINFO_str.part.0 (in /root/rboxc/target/gawk-format-lifetime-candidate/release/rboxc)
==745218==    by 0x443F4C2: single_binary_main_gawk (in /root/rboxc/target/gawk-format-lifetime-candidate/release/rboxc)
==745218==    by 0x5A18600: (below main) (libc_start_call_main.h:59)
==745218== 
==745218== 88 bytes in 1 blocks are still reachable in loss record 112 of 210
==745218==    at 0x586E858: malloc (vg_replace_malloc.c:447)
==745218==    by 0x473EBAB: rboxc_gawk_r_getblock (in /root/rboxc/target/gawk-format-lifetime-candidate/release/rboxc)
==745218==    by 0x473EF81: rboxc_gawk_make_str_node (in /root/rboxc/target/gawk-format-lifetime-candidate/release/rboxc)
==745218==    by 0x472B6AF: update_PROCINFO_str.part.0 (in /root/rboxc/target/gawk-format-lifetime-candidate/release/rboxc)
==745218==    by 0x443F4D2: single_binary_main_gawk (in /root/rboxc/target/gawk-format-lifetime-candidate/release/rboxc)
==745218==    by 0x5A18600: (below main) (libc_start_call_main.h:59)
==745218== 
==745218== 88 bytes in 1 blocks are still reachable in loss record 113 of 210
==745218==    at 0x586E858: malloc (vg_replace_malloc.c:447)
==745218==    by 0x473EBAB: rboxc_gawk_r_getblock (in /root/rboxc/target/gawk-format-lifetime-candidate/release/rboxc)
==745218==    by 0x473EF81: rboxc_gawk_make_str_node (in /root/rboxc/target/gawk-format-lifetime-candidate/release/rboxc)
==745218==    by 0x472B6C7: update_PROCINFO_str.part.0 (in /root/rboxc/target/gawk-format-lifetime-candidate/release/rboxc)
==745218==    by 0x443F4D2: single_binary_main_gawk (in /root/rboxc/target/gawk-format-lifetime-candidate/release/rboxc)
==745218==    by 0x5A18600: (below main) (libc_start_call_main.h:59)
==745218== 
==745218== 88 bytes in 1 blocks are still reachable in loss record 114 of 210
==745218==    at 0x586E858: malloc (vg_replace_malloc.c:447)
==745218==    by 0x473EBAB: rboxc_gawk_r_getblock (in /root/rboxc/target/gawk-format-lifetime-candidate/release/rboxc)
==745218==    by 0x473EF81: rboxc_gawk_make_str_node (in /root/rboxc/target/gawk-format-lifetime-candidate/release/rboxc)
==745218==    by 0x472B6AF: update_PROCINFO_str.part.0 (in /root/rboxc/target/gawk-format-lifetime-candidate/release/rboxc)
==745218==    by 0x443F4E2: single_binary_main_gawk (in /root/rboxc/target/gawk-format-lifetime-candidate/release/rboxc)
==745218==    by 0x5A18600: (below main) (libc_start_call_main.h:59)
==745218== 
==745218== 88 bytes in 1 blocks are still reachable in loss record 115 of 210
==745218==    at 0x586E858: malloc (vg_replace_malloc.c:447)
==745218==    by 0x473EBAB: rboxc_gawk_r_getblock (in /root/rboxc/target/gawk-format-lifetime-candidate/release/rboxc)
==745218==    by 0x473EF81: rboxc_gawk_make_str_node (in /root/rboxc/target/gawk-format-lifetime-candidate/release/rboxc)
==745218==    by 0x472B6C7: update_PROCINFO_str.part.0 (in /root/rboxc/target/gawk-format-lifetime-candidate/release/rboxc)
==745218==    by 0x443F4E2: single_binary_main_gawk (in /root/rboxc/target/gawk-format-lifetime-candidate/release/rboxc)
==745218==    by 0x5A18600: (below main) (libc_start_call_main.h:59)
==745218== 
==745218== 88 bytes in 1 blocks are still reachable in loss record 116 of 210
==745218==    at 0x586E858: malloc (vg_replace_malloc.c:447)
==745218==    by 0x473EBAB: rboxc_gawk_r_getblock (in /root/rboxc/target/gawk-format-lifetime-candidate/release/rboxc)
==745218==    by 0x473EF81: rboxc_gawk_make_str_node (in /root/rboxc/target/gawk-format-lifetime-candidate/release/rboxc)
==745218==    by 0x472EB44: rboxc_gawk_update_PROCINFO_num (in /root/rboxc/target/gawk-format-lifetime-candidate/release/rboxc)
==745218==    by 0x443F4FB: single_binary_main_gawk (in /root/rboxc/target/gawk-format-lifetime-candidate/release/rboxc)
==745218==    by 0x5A18600: (below main) (libc_start_call_main.h:59)
==745218== 
==745218== 88 bytes in 1 blocks are still reachable in loss record 117 of 210
==745218==    at 0x586E858: malloc (vg_replace_malloc.c:447)
==745218==    by 0x473EBAB: rboxc_gawk_r_getblock (in /root/rboxc/target/gawk-format-lifetime-candidate/release/rboxc)
==745218==    by 0x473F4F0: r_make_number (in /root/rboxc/target/gawk-format-lifetime-candidate/release/rboxc)
==745218==    by 0x472EB53: rboxc_gawk_update_PROCINFO_num (in /root/rboxc/target/gawk-format-lifetime-candidate/release/rboxc)
==745218==    by 0x443F4FB: single_binary_main_gawk (in /root/rboxc/target/gawk-format-lifetime-candidate/release/rboxc)
==745218==    by 0x5A18600: (below main) (libc_start_call_main.h:59)
==745218== 
==745218== 88 bytes in 1 blocks are still reachable in loss record 118 of 210
==745218==    at 0x586E858: malloc (vg_replace_malloc.c:447)
==745218==    by 0x473EBAB: rboxc_gawk_r_getblock (in /root/rboxc/target/gawk-format-lifetime-candidate/release/rboxc)
==745218==    by 0x473EF81: rboxc_gawk_make_str_node (in /root/rboxc/target/gawk-format-lifetime-candidate/release/rboxc)
==745218==    by 0x472EB44: rboxc_gawk_update_PROCINFO_num (in /root/rboxc/target/gawk-format-lifetime-candidate/release/rboxc)
==745218==    by 0x443F50D: single_binary_main_gawk (in /root/rboxc/target/gawk-format-lifetime-candidate/release/rboxc)
==745218==    by 0x5A18600: (below main) (libc_start_call_main.h:59)
==745218== 
==745218== 88 bytes in 1 blocks are still reachable in loss record 119 of 210
==745218==    at 0x586E858: malloc (vg_replace_malloc.c:447)
==745218==    by 0x473EBAB: rboxc_gawk_r_getblock (in /root/rboxc/target/gawk-format-lifetime-candidate/release/rboxc)
==745218==    by 0x473F4F0: r_make_number (in /root/rboxc/target/gawk-format-lifetime-candidate/release/rboxc)
==745218==    by 0x472EB53: rboxc_gawk_update_PROCINFO_num (in /root/rboxc/target/gawk-format-lifetime-candidate/release/rboxc)
==745218==    by 0x443F50D: single_binary_main_gawk (in /root/rboxc/target/gawk-format-lifetime-candidate/release/rboxc)
==745218==    by 0x5A18600: (below main) (libc_start_call_main.h:59)
==745218== 
==745218== 88 bytes in 1 blocks are still reachable in loss record 120 of 210
==745218==    at 0x586E858: malloc (vg_replace_malloc.c:447)
==745218==    by 0x473EBAB: rboxc_gawk_r_getblock (in /root/rboxc/target/gawk-format-lifetime-candidate/release/rboxc)
==745218==    by 0x473EF81: rboxc_gawk_make_str_node (in /root/rboxc/target/gawk-format-lifetime-candidate/release/rboxc)
==745218==    by 0x472EB44: rboxc_gawk_update_PROCINFO_num (in /root/rboxc/target/gawk-format-lifetime-candidate/release/rboxc)
==745218==    by 0x443F524: single_binary_main_gawk (in /root/rboxc/target/gawk-format-lifetime-candidate/release/rboxc)
==745218==    by 0x5A18600: (below main) (libc_start_call_main.h:59)
==745218== 
==745218== 88 bytes in 1 blocks are still reachable in loss record 121 of 210
==745218==    at 0x586E858: malloc (vg_replace_malloc.c:447)
==745218==    by 0x473EBAB: rboxc_gawk_r_getblock (in /root/rboxc/target/gawk-format-lifetime-candidate/release/rboxc)
==745218==    by 0x473F4F0: r_make_number (in /root/rboxc/target/gawk-format-lifetime-candidate/release/rboxc)
==745218==    by 0x472EB53: rboxc_gawk_update_PROCINFO_num (in /root/rboxc/target/gawk-format-lifetime-candidate/release/rboxc)
==745218==    by 0x443F524: single_binary_main_gawk (in /root/rboxc/target/gawk-format-lifetime-candidate/release/rboxc)
==745218==    by 0x5A18600: (below main) (libc_start_call_main.h:59)
==745218== 
==745218== 88 bytes in 1 blocks are still reachable in loss record 122 of 210
==745218==    at 0x586E858: malloc (vg_replace_malloc.c:447)
==745218==    by 0x473EBAB: rboxc_gawk_r_getblock (in /root/rboxc/target/gawk-format-lifetime-candidate/release/rboxc)
==745218==    by 0x473EF81: rboxc_gawk_make_str_node (in /root/rboxc/target/gawk-format-lifetime-candidate/release/rboxc)
==745218==    by 0x472EB44: rboxc_gawk_update_PROCINFO_num (in /root/rboxc/target/gawk-format-lifetime-candidate/release/rboxc)
==745218==    by 0x443F53B: single_binary_main_gawk (in /root/rboxc/target/gawk-format-lifetime-candidate/release/rboxc)
==745218==    by 0x5A18600: (below main) (libc_start_call_main.h:59)
==745218== 
==745218== 88 bytes in 1 blocks are still reachable in loss record 123 of 210
==745218==    at 0x586E858: malloc (vg_replace_malloc.c:447)
==745218==    by 0x473EBAB: rboxc_gawk_r_getblock (in /root/rboxc/target/gawk-format-lifetime-candidate/release/rboxc)
==745218==    by 0x473F4F0: r_make_number (in /root/rboxc/target/gawk-format-lifetime-candidate/release/rboxc)
==745218==    by 0x472EB53: rboxc_gawk_update_PROCINFO_num (in /root/rboxc/target/gawk-format-lifetime-candidate/release/rboxc)
==745218==    by 0x443F53B: single_binary_main_gawk (in /root/rboxc/target/gawk-format-lifetime-candidate/release/rboxc)
==745218==    by 0x5A18600: (below main) (libc_start_call_main.h:59)
==745218== 
==745218== 88 bytes in 1 blocks are still reachable in loss record 124 of 210
==745218==    at 0x586E858: malloc (vg_replace_malloc.c:447)
==745218==    by 0x473EBAB: rboxc_gawk_r_getblock (in /root/rboxc/target/gawk-format-lifetime-candidate/release/rboxc)
==745218==    by 0x473EF81: rboxc_gawk_make_str_node (in /root/rboxc/target/gawk-format-lifetime-candidate/release/rboxc)
==745218==    by 0x472EB44: rboxc_gawk_update_PROCINFO_num (in /root/rboxc/target/gawk-format-lifetime-candidate/release/rboxc)
==745218==    by 0x443F552: single_binary_main_gawk (in /root/rboxc/target/gawk-format-lifetime-candidate/release/rboxc)
==745218==    by 0x5A18600: (below main) (libc_start_call_main.h:59)
==745218== 
==745218== 88 bytes in 1 blocks are still reachable in loss record 125 of 210
==745218==    at 0x586E858: malloc (vg_replace_malloc.c:447)
==745218==    by 0x473EBAB: rboxc_gawk_r_getblock (in /root/rboxc/target/gawk-format-lifetime-candidate/release/rboxc)
==745218==    by 0x473F4F0: r_make_number (in /root/rboxc/target/gawk-format-lifetime-candidate/release/rboxc)
==745218==    by 0x472EB53: rboxc_gawk_update_PROCINFO_num (in /root/rboxc/target/gawk-format-lifetime-candidate/release/rboxc)
==745218==    by 0x443F552: single_binary_main_gawk (in /root/rboxc/target/gawk-format-lifetime-candidate/release/rboxc)
==745218==    by 0x5A18600: (below main) (libc_start_call_main.h:59)
==745218== 
==745218== 88 bytes in 1 blocks are still reachable in loss record 126 of 210
==745218==    at 0x586E858: malloc (vg_replace_malloc.c:447)
==745218==    by 0x473EBAB: rboxc_gawk_r_getblock (in /root/rboxc/target/gawk-format-lifetime-candidate/release/rboxc)
==745218==    by 0x473EF81: rboxc_gawk_make_str_node (in /root/rboxc/target/gawk-format-lifetime-candidate/release/rboxc)
==745218==    by 0x472EB44: rboxc_gawk_update_PROCINFO_num (in /root/rboxc/target/gawk-format-lifetime-candidate/release/rboxc)
==745218==    by 0x443F56C: single_binary_main_gawk (in /root/rboxc/target/gawk-format-lifetime-candidate/release/rboxc)
==745218==    by 0x5A18600: (below main) (libc_start_call_main.h:59)
==745218== 
==745218== 88 bytes in 1 blocks are still reachable in loss record 127 of 210
==745218==    at 0x586E858: malloc (vg_replace_malloc.c:447)
==745218==    by 0x473EBAB: rboxc_gawk_r_getblock (in /root/rboxc/target/gawk-format-lifetime-candidate/release/rboxc)
==745218==    by 0x473F4F0: r_make_number (in /root/rboxc/target/gawk-format-lifetime-candidate/release/rboxc)
==745218==    by 0x472EB53: rboxc_gawk_update_PROCINFO_num (in /root/rboxc/target/gawk-format-lifetime-candidate/release/rboxc)
==745218==    by 0x443F56C: single_binary_main_gawk (in /root/rboxc/target/gawk-format-lifetime-candidate/release/rboxc)
==745218==    by 0x5A18600: (below main) (libc_start_call_main.h:59)
==745218== 
==745218== 88 bytes in 1 blocks are still reachable in loss record 128 of 210
==745218==    at 0x586E858: malloc (vg_replace_malloc.c:447)
==745218==    by 0x473EBAB: rboxc_gawk_r_getblock (in /root/rboxc/target/gawk-format-lifetime-candidate/release/rboxc)
==745218==    by 0x473EF81: rboxc_gawk_make_str_node (in /root/rboxc/target/gawk-format-lifetime-candidate/release/rboxc)
==745218==    by 0x472EB44: rboxc_gawk_update_PROCINFO_num (in /root/rboxc/target/gawk-format-lifetime-candidate/release/rboxc)
==745218==    by 0x443F586: single_binary_main_gawk (in /root/rboxc/target/gawk-format-lifetime-candidate/release/rboxc)
==745218==    by 0x5A18600: (below main) (libc_start_call_main.h:59)
==745218== 
==745218== 88 bytes in 1 blocks are still reachable in loss record 129 of 210
==745218==    at 0x586E858: malloc (vg_replace_malloc.c:447)
==745218==    by 0x473EBAB: rboxc_gawk_r_getblock (in /root/rboxc/target/gawk-format-lifetime-candidate/release/rboxc)
==745218==    by 0x473F4F0: r_make_number (in /root/rboxc/target/gawk-format-lifetime-candidate/release/rboxc)
==745218==    by 0x472EB53: rboxc_gawk_update_PROCINFO_num (in /root/rboxc/target/gawk-format-lifetime-candidate/release/rboxc)
==745218==    by 0x443F586: single_binary_main_gawk (in /root/rboxc/target/gawk-format-lifetime-candidate/release/rboxc)
==745218==    by 0x5A18600: (below main) (libc_start_call_main.h:59)
==745218== 
==745218== 88 bytes in 1 blocks are still reachable in loss record 130 of 210
==745218==    at 0x586E858: malloc (vg_replace_malloc.c:447)
==745218==    by 0x473EBAB: rboxc_gawk_r_getblock (in /root/rboxc/target/gawk-format-lifetime-candidate/release/rboxc)
==745218==    by 0x473EF81: rboxc_gawk_make_str_node (in /root/rboxc/target/gawk-format-lifetime-candidate/release/rboxc)
==745218==    by 0x472EB44: rboxc_gawk_update_PROCINFO_num (in /root/rboxc/target/gawk-format-lifetime-candidate/release/rboxc)
==745218==    by 0x443F5A0: single_binary_main_gawk (in /root/rboxc/target/gawk-format-lifetime-candidate/release/rboxc)
==745218==    by 0x5A18600: (below main) (libc_start_call_main.h:59)
==745218== 
==745218== 88 bytes in 1 blocks are still reachable in loss record 131 of 210
==745218==    at 0x586E858: malloc (vg_replace_malloc.c:447)
==745218==    by 0x473EBAB: rboxc_gawk_r_getblock (in /root/rboxc/target/gawk-format-lifetime-candidate/release/rboxc)
==745218==    by 0x473F4F0: r_make_number (in /root/rboxc/target/gawk-format-lifetime-candidate/release/rboxc)
==745218==    by 0x472EB53: rboxc_gawk_update_PROCINFO_num (in /root/rboxc/target/gawk-format-lifetime-candidate/release/rboxc)
==745218==    by 0x443F5A0: single_binary_main_gawk (in /root/rboxc/target/gawk-format-lifetime-candidate/release/rboxc)
==745218==    by 0x5A18600: (below main) (libc_start_call_main.h:59)
==745218== 
==745218== 88 bytes in 1 blocks are still reachable in loss record 132 of 210
==745218==    at 0x586E858: malloc (vg_replace_malloc.c:447)
==745218==    by 0x473EBAB: rboxc_gawk_r_getblock (in /root/rboxc/target/gawk-format-lifetime-candidate/release/rboxc)
==745218==    by 0x473EF81: rboxc_gawk_make_str_node (in /root/rboxc/target/gawk-format-lifetime-candidate/release/rboxc)
==745218==    by 0x472EB44: rboxc_gawk_update_PROCINFO_num (in /root/rboxc/target/gawk-format-lifetime-candidate/release/rboxc)
==745218==    by 0x443F5BA: single_binary_main_gawk (in /root/rboxc/target/gawk-format-lifetime-candidate/release/rboxc)
==745218==    by 0x5A18600: (below main) (libc_start_call_main.h:59)
==745218== 
==745218== 88 bytes in 1 blocks are still reachable in loss record 133 of 210
==745218==    at 0x586E858: malloc (vg_replace_malloc.c:447)
==745218==    by 0x473EBAB: rboxc_gawk_r_getblock (in /root/rboxc/target/gawk-format-lifetime-candidate/release/rboxc)
==745218==    by 0x473F4F0: r_make_number (in /root/rboxc/target/gawk-format-lifetime-candidate/release/rboxc)
==745218==    by 0x472EB53: rboxc_gawk_update_PROCINFO_num (in /root/rboxc/target/gawk-format-lifetime-candidate/release/rboxc)
==745218==    by 0x443F5BA: single_binary_main_gawk (in /root/rboxc/target/gawk-format-lifetime-candidate/release/rboxc)
==745218==    by 0x5A18600: (below main) (libc_start_call_main.h:59)
==745218== 
==745218== 88 bytes in 1 blocks are still reachable in loss record 134 of 210
==745218==    at 0x586E858: malloc (vg_replace_malloc.c:447)
==745218==    by 0x473EBAB: rboxc_gawk_r_getblock (in /root/rboxc/target/gawk-format-lifetime-candidate/release/rboxc)
==745218==    by 0x473EF81: rboxc_gawk_make_str_node (in /root/rboxc/target/gawk-format-lifetime-candidate/release/rboxc)
==745218==    by 0x472B6AF: update_PROCINFO_str.part.0 (in /root/rboxc/target/gawk-format-lifetime-candidate/release/rboxc)
==745218==    by 0x443F5CC: single_binary_main_gawk (in /root/rboxc/target/gawk-format-lifetime-candidate/release/rboxc)
==745218==    by 0x5A18600: (below main) (libc_start_call_main.h:59)
==745218== 
==745218== 88 bytes in 1 blocks are still reachable in loss record 135 of 210
==745218==    at 0x586E858: malloc (vg_replace_malloc.c:447)
==745218==    by 0x473EBAB: rboxc_gawk_r_getblock (in /root/rboxc/target/gawk-format-lifetime-candidate/release/rboxc)
==745218==    by 0x473EF81: rboxc_gawk_make_str_node (in /root/rboxc/target/gawk-format-lifetime-candidate/release/rboxc)
==745218==    by 0x472B6C7: update_PROCINFO_str.part.0 (in /root/rboxc/target/gawk-format-lifetime-candidate/release/rboxc)
==745218==    by 0x443F5CC: single_binary_main_gawk (in /root/rboxc/target/gawk-format-lifetime-candidate/release/rboxc)
==745218==    by 0x5A18600: (below main) (libc_start_call_main.h:59)
==745218== 
==745218== 88 bytes in 1 blocks are still reachable in loss record 136 of 210
==745218==    at 0x586E858: malloc (vg_replace_malloc.c:447)
==745218==    by 0x473EBAB: rboxc_gawk_r_getblock (in /root/rboxc/target/gawk-format-lifetime-candidate/release/rboxc)
==745218==    by 0x473EF81: rboxc_gawk_make_str_node (in /root/rboxc/target/gawk-format-lifetime-candidate/release/rboxc)
==745218==    by 0x472B6AF: update_PROCINFO_str.part.0 (in /root/rboxc/target/gawk-format-lifetime-candidate/release/rboxc)
==745218==    by 0x443F758: single_binary_main_gawk (in /root/rboxc/target/gawk-format-lifetime-candidate/release/rboxc)
==745218==    by 0x5A18600: (below main) (libc_start_call_main.h:59)
==745218== 
==745218== 88 bytes in 1 blocks are still reachable in loss record 137 of 210
==745218==    at 0x586E858: malloc (vg_replace_malloc.c:447)
==745218==    by 0x473EBAB: rboxc_gawk_r_getblock (in /root/rboxc/target/gawk-format-lifetime-candidate/release/rboxc)
==745218==    by 0x473EF81: rboxc_gawk_make_str_node (in /root/rboxc/target/gawk-format-lifetime-candidate/release/rboxc)
==745218==    by 0x472B6C7: update_PROCINFO_str.part.0 (in /root/rboxc/target/gawk-format-lifetime-candidate/release/rboxc)
==745218==    by 0x443F758: single_binary_main_gawk (in /root/rboxc/target/gawk-format-lifetime-candidate/release/rboxc)
==745218==    by 0x5A18600: (below main) (libc_start_call_main.h:59)
==745218== 
==745218== 88 bytes in 1 blocks are still reachable in loss record 138 of 210
==745218==    at 0x586E858: malloc (vg_replace_malloc.c:447)
==745218==    by 0x473EBAB: rboxc_gawk_r_getblock (in /root/rboxc/target/gawk-format-lifetime-candidate/release/rboxc)
==745218==    by 0x443F782: single_binary_main_gawk (in /root/rboxc/target/gawk-format-lifetime-candidate/release/rboxc)
==745218==    by 0x5A18600: (below main) (libc_start_call_main.h:59)
==745218== 
==745218== 88 bytes in 1 blocks are still reachable in loss record 139 of 210
==745218==    at 0x586E858: malloc (vg_replace_malloc.c:447)
==745218==    by 0x473EBAB: rboxc_gawk_r_getblock (in /root/rboxc/target/gawk-format-lifetime-candidate/release/rboxc)
==745218==    by 0x470A932: cint_lookup (in /root/rboxc/target/gawk-format-lifetime-candidate/release/rboxc)
==745218==    by 0x4435AE2: rboxc::applet_gawk::assoc_set (in /root/rboxc/target/gawk-format-lifetime-candidate/release/rboxc)
==745218==    by 0x4440162: single_binary_main_gawk (in /root/rboxc/target/gawk-format-lifetime-candidate/release/rboxc)
==745218==    by 0x5A18600: (below main) (libc_start_call_main.h:59)
==745218== 
==745218== 88 bytes in 1 blocks are still reachable in loss record 140 of 210
==745218==    at 0x586E858: malloc (vg_replace_malloc.c:447)
==745218==    by 0x473EBAB: rboxc_gawk_r_getblock (in /root/rboxc/target/gawk-format-lifetime-candidate/release/rboxc)
==745218==    by 0x470A547: tree_lookup (in /root/rboxc/target/gawk-format-lifetime-candidate/release/rboxc)
==745218==    by 0x4435AE2: rboxc::applet_gawk::assoc_set (in /root/rboxc/target/gawk-format-lifetime-candidate/release/rboxc)
==745218==    by 0x4440162: single_binary_main_gawk (in /root/rboxc/target/gawk-format-lifetime-candidate/release/rboxc)
==745218==    by 0x5A18600: (below main) (libc_start_call_main.h:59)
==745218== 
==745218== 88 bytes in 1 blocks are still reachable in loss record 141 of 210
==745218==    at 0x586E858: malloc (vg_replace_malloc.c:447)
==745218==    by 0x473EBAB: rboxc_gawk_r_getblock (in /root/rboxc/target/gawk-format-lifetime-candidate/release/rboxc)
==745218==    by 0x473EF81: rboxc_gawk_make_str_node (in /root/rboxc/target/gawk-format-lifetime-candidate/release/rboxc)
==745218==    by 0x443F86B: single_binary_main_gawk (in /root/rboxc/target/gawk-format-lifetime-candidate/release/rboxc)
==745218==    by 0x5A18600: (below main) (libc_start_call_main.h:59)
==745218== 
==745218== 88 bytes in 1 blocks are still reachable in loss record 142 of 210
==745218==    at 0x586E858: malloc (vg_replace_malloc.c:447)
==745218==    by 0x473EBAB: rboxc_gawk_r_getblock (in /root/rboxc/target/gawk-format-lifetime-candidate/release/rboxc)
==745218==    by 0x473EF81: rboxc_gawk_make_str_node (in /root/rboxc/target/gawk-format-lifetime-candidate/release/rboxc)
==745218==    by 0x474D135: install (in /root/rboxc/target/gawk-format-lifetime-candidate/release/rboxc)
==745218==    by 0x443F92D: single_binary_main_gawk (in /root/rboxc/target/gawk-format-lifetime-candidate/release/rboxc)
==745218==    by 0x5A18600: (below main) (libc_start_call_main.h:59)
==745218== 
==745218== 88 bytes in 1 blocks are still reachable in loss record 143 of 210
==745218==    at 0x586E858: malloc (vg_replace_malloc.c:447)
==745218==    by 0x473EBAB: rboxc_gawk_r_getblock (in /root/rboxc/target/gawk-format-lifetime-candidate/release/rboxc)
==745218==    by 0x474D213: install (in /root/rboxc/target/gawk-format-lifetime-candidate/release/rboxc)
==745218==    by 0x443F92D: single_binary_main_gawk (in /root/rboxc/target/gawk-format-lifetime-candidate/release/rboxc)
==745218==    by 0x5A18600: (below main) (libc_start_call_main.h:59)
==745218== 
==745218== 88 bytes in 1 blocks are still reachable in loss record 144 of 210
==745218==    at 0x586E858: malloc (vg_replace_malloc.c:447)
==745218==    by 0x473EBAB: rboxc_gawk_r_getblock (in /root/rboxc/target/gawk-format-lifetime-candidate/release/rboxc)
==745218==    by 0x473EF81: rboxc_gawk_make_str_node (in /root/rboxc/target/gawk-format-lifetime-candidate/release/rboxc)
==745218==    by 0x472BED5: rboxc_gawk_init_fields (in /root/rboxc/target/gawk-format-lifetime-candidate/release/rboxc)
==745218==    by 0x443F9A0: single_binary_main_gawk (in /root/rboxc/target/gawk-format-lifetime-candidate/release/rboxc)
==745218==    by 0x5A18600: (below main) (libc_start_call_main.h:59)
==745218== 
==745218== 88 bytes in 1 blocks are still reachable in loss record 145 of 210
==745218==    at 0x586E858: malloc (vg_replace_malloc.c:447)
==745218==    by 0x473EBAB: rboxc_gawk_r_getblock (in /root/rboxc/target/gawk-format-lifetime-candidate/release/rboxc)
==745218==    by 0x473EF81: rboxc_gawk_make_str_node (in /root/rboxc/target/gawk-format-lifetime-candidate/release/rboxc)
==745218==    by 0x472BF20: rboxc_gawk_init_fields (in /root/rboxc/target/gawk-format-lifetime-candidate/release/rboxc)
==745218==    by 0x443F9A0: single_binary_main_gawk (in /root/rboxc/target/gawk-format-lifetime-candidate/release/rboxc)
==745218==    by 0x5A18600: (below main) (libc_start_call_main.h:59)
==745218== 
==745218== 88 bytes in 1 blocks are still reachable in loss record 146 of 210
==745218==    at 0x586E858: malloc (vg_replace_malloc.c:447)
==745218==    by 0x473EBAB: rboxc_gawk_r_getblock (in /root/rboxc/target/gawk-format-lifetime-candidate/release/rboxc)
==745218==    by 0x471F151: rboxc_gawk_init_interpret (in /root/rboxc/target/gawk-format-lifetime-candidate/release/rboxc)
==745218==    by 0x443FE94: single_binary_main_gawk (in /root/rboxc/target/gawk-format-lifetime-candidate/release/rboxc)
==745218==    by 0x5A18600: (below main) (libc_start_call_main.h:59)
==745218== 
==745218== 88 bytes in 1 blocks are still reachable in loss record 147 of 210
==745218==    at 0x586E858: malloc (vg_replace_malloc.c:447)
==745218==    by 0x473EBAB: rboxc_gawk_r_getblock (in /root/rboxc/target/gawk-format-lifetime-candidate/release/rboxc)
==745218==    by 0x473F4F0: r_make_number (in /root/rboxc/target/gawk-format-lifetime-candidate/release/rboxc)
==745218==    by 0x471F1A5: rboxc_gawk_init_interpret (in /root/rboxc/target/gawk-format-lifetime-candidate/release/rboxc)
==745218==    by 0x443FE94: single_binary_main_gawk (in /root/rboxc/target/gawk-format-lifetime-candidate/release/rboxc)
==745218==    by 0x5A18600: (below main) (libc_start_call_main.h:59)
==745218== 
==745218== 88 bytes in 1 blocks are still reachable in loss record 148 of 210
==745218==    at 0x586E858: malloc (vg_replace_malloc.c:447)
==745218==    by 0x473EBAB: rboxc_gawk_r_getblock (in /root/rboxc/target/gawk-format-lifetime-candidate/release/rboxc)
==745218==    by 0x473F4F0: r_make_number (in /root/rboxc/target/gawk-format-lifetime-candidate/release/rboxc)
==745218==    by 0x471F1BA: rboxc_gawk_init_interpret (in /root/rboxc/target/gawk-format-lifetime-candidate/release/rboxc)
==745218==    by 0x443FE94: single_binary_main_gawk (in /root/rboxc/target/gawk-format-lifetime-candidate/release/rboxc)
==745218==    by 0x5A18600: (below main) (libc_start_call_main.h:59)
==745218== 
==745218== 88 bytes in 1 blocks are still reachable in loss record 149 of 210
==745218==    at 0x586E858: malloc (vg_replace_malloc.c:447)
==745218==    by 0x473EBAB: rboxc_gawk_r_getblock (in /root/rboxc/target/gawk-format-lifetime-candidate/release/rboxc)
==745218==    by 0x473EF81: rboxc_gawk_make_str_node (in /root/rboxc/target/gawk-format-lifetime-candidate/release/rboxc)
==745218==    by 0x474D135: install (in /root/rboxc/target/gawk-format-lifetime-candidate/release/rboxc)
==745218==    by 0x443FF58: single_binary_main_gawk (in /root/rboxc/target/gawk-format-lifetime-candidate/release/rboxc)
==745218==    by 0x5A18600: (below main) (libc_start_call_main.h:59)
==745218== 
==745218== 88 bytes in 1 blocks are still reachable in loss record 150 of 210
==745218==    at 0x586E858: malloc (vg_replace_malloc.c:447)
==745218==    by 0x473EBAB: rboxc_gawk_r_getblock (in /root/rboxc/target/gawk-format-lifetime-candidate/release/rboxc)
==745218==    by 0x474D213: install (in /root/rboxc/target/gawk-format-lifetime-candidate/release/rboxc)
==745218==    by 0x443FF58: single_binary_main_gawk (in /root/rboxc/target/gawk-format-lifetime-candidate/release/rboxc)
==745218==    by 0x5A18600: (below main) (libc_start_call_main.h:59)
==745218== 
==745218== 88 bytes in 1 blocks are still reachable in loss record 151 of 210
==745218==    at 0x586E858: malloc (vg_replace_malloc.c:447)
==745218==    by 0x473EBAB: rboxc_gawk_r_getblock (in /root/rboxc/target/gawk-format-lifetime-candidate/release/rboxc)
==745218==    by 0x473EF81: rboxc_gawk_make_str_node (in /root/rboxc/target/gawk-format-lifetime-candidate/release/rboxc)
==745218==    by 0x443FF98: single_binary_main_gawk (in /root/rboxc/target/gawk-format-lifetime-candidate/release/rboxc)
==745218==    by 0x5A18600: (below main) (libc_start_call_main.h:59)
==745218== 
==745218== 88 bytes in 1 blocks are still reachable in loss record 152 of 210
==745218==    at 0x586E858: malloc (vg_replace_malloc.c:447)
==745218==    by 0x473EBAB: rboxc_gawk_r_getblock (in /root/rboxc/target/gawk-format-lifetime-candidate/release/rboxc)
==745218==    by 0x470A932: cint_lookup (in /root/rboxc/target/gawk-format-lifetime-candidate/release/rboxc)
==745218==    by 0x4435AE2: rboxc::applet_gawk::assoc_set (in /root/rboxc/target/gawk-format-lifetime-candidate/release/rboxc)
==745218==    by 0x443FFAB: single_binary_main_gawk (in /root/rboxc/target/gawk-format-lifetime-candidate/release/rboxc)
==745218==    by 0x5A18600: (below main) (libc_start_call_main.h:59)
==745218== 
==745218== 88 bytes in 1 blocks are still reachable in loss record 153 of 210
==745218==    at 0x586E858: malloc (vg_replace_malloc.c:447)
==745218==    by 0x473EBAB: rboxc_gawk_r_getblock (in /root/rboxc/target/gawk-format-lifetime-candidate/release/rboxc)
==745218==    by 0x470A547: tree_lookup (in /root/rboxc/target/gawk-format-lifetime-candidate/release/rboxc)
==745218==    by 0x4435AE2: rboxc::applet_gawk::assoc_set (in /root/rboxc/target/gawk-format-lifetime-candidate/release/rboxc)
==745218==    by 0x443FFAB: single_binary_main_gawk (in /root/rboxc/target/gawk-format-lifetime-candidate/release/rboxc)
==745218==    by 0x5A18600: (below main) (libc_start_call_main.h:59)
==745218== 
==745218== 88 bytes in 1 blocks are still reachable in loss record 154 of 210
==745218==    at 0x586E858: malloc (vg_replace_malloc.c:447)
==745218==    by 0x473EBAB: rboxc_gawk_r_getblock (in /root/rboxc/target/gawk-format-lifetime-candidate/release/rboxc)
==745218==    by 0x473EF81: rboxc_gawk_make_str_node (in /root/rboxc/target/gawk-format-lifetime-candidate/release/rboxc)
==745218==    by 0x474D135: install (in /root/rboxc/target/gawk-format-lifetime-candidate/release/rboxc)
==745218==    by 0x4440233: single_binary_main_gawk (in /root/rboxc/target/gawk-format-lifetime-candidate/release/rboxc)
==745218==    by 0x5A18600: (below main) (libc_start_call_main.h:59)
==745218== 
==745218== 88 bytes in 1 blocks are still reachable in loss record 155 of 210
==745218==    at 0x586E858: malloc (vg_replace_malloc.c:447)
==745218==    by 0x473EBAB: rboxc_gawk_r_getblock (in /root/rboxc/target/gawk-format-lifetime-candidate/release/rboxc)
==745218==    by 0x474D213: install (in /root/rboxc/target/gawk-format-lifetime-candidate/release/rboxc)
==745218==    by 0x4440233: single_binary_main_gawk (in /root/rboxc/target/gawk-format-lifetime-candidate/release/rboxc)
==745218==    by 0x5A18600: (below main) (libc_start_call_main.h:59)
==745218== 
==745218== 88 bytes in 1 blocks are still reachable in loss record 156 of 210
==745218==    at 0x586E858: malloc (vg_replace_malloc.c:447)
==745218==    by 0x473EBAB: rboxc_gawk_r_getblock (in /root/rboxc/target/gawk-format-lifetime-candidate/release/rboxc)
==745218==    by 0x473F4F0: r_make_number (in /root/rboxc/target/gawk-format-lifetime-candidate/release/rboxc)
==745218==    by 0x4440258: single_binary_main_gawk (in /root/rboxc/target/gawk-format-lifetime-candidate/release/rboxc)
==745218==    by 0x5A18600: (below main) (libc_start_call_main.h:59)
==745218== 
==745218== 88 bytes in 1 blocks are still reachable in loss record 157 of 210
==745218==    at 0x586E858: malloc (vg_replace_malloc.c:447)
==745218==    by 0x473EBAB: rboxc_gawk_r_getblock (in /root/rboxc/target/gawk-format-lifetime-candidate/release/rboxc)
==745218==    by 0x473EF81: rboxc_gawk_make_str_node (in /root/rboxc/target/gawk-format-lifetime-candidate/release/rboxc)
==745218==    by 0x474E0B7: rboxc_gawk_load_symbols (in /root/rboxc/target/gawk-format-lifetime-candidate/release/rboxc)
==745218==    by 0x444037C: single_binary_main_gawk (in /root/rboxc/target/gawk-format-lifetime-candidate/release/rboxc)
==745218==    by 0x5A18600: (below main) (libc_start_call_main.h:59)
==745218== 
==745218== 88 bytes in 1 blocks are still reachable in loss record 158 of 210
==745218==    at 0x586E858: malloc (vg_replace_malloc.c:447)
==745218==    by 0x473EBAB: rboxc_gawk_r_getblock (in /root/rboxc/target/gawk-format-lifetime-candidate/release/rboxc)
==745218==    by 0x474E0D4: rboxc_gawk_load_symbols (in /root/rboxc/target/gawk-format-lifetime-candidate/release/rboxc)
==745218==    by 0x444037C: single_binary_main_gawk (in /root/rboxc/target/gawk-format-lifetime-candidate/release/rboxc)
==745218==    by 0x5A18600: (below main) (libc_start_call_main.h:59)
==745218== 
==745218== 88 bytes in 1 blocks are still reachable in loss record 159 of 210
==745218==    at 0x586E858: malloc (vg_replace_malloc.c:447)
==745218==    by 0x473EBAB: rboxc_gawk_r_getblock (in /root/rboxc/target/gawk-format-lifetime-candidate/release/rboxc)
==745218==    by 0x473EF81: rboxc_gawk_make_str_node (in /root/rboxc/target/gawk-format-lifetime-candidate/release/rboxc)
==745218==    by 0x474E1BA: rboxc_gawk_load_symbols (in /root/rboxc/target/gawk-format-lifetime-candidate/release/rboxc)
==745218==    by 0x444037C: single_binary_main_gawk (in /root/rboxc/target/gawk-format-lifetime-candidate/release/rboxc)
==745218==    by 0x5A18600: (below main) (libc_start_call_main.h:59)
==745218== 
==745218== 88 bytes in 1 blocks are still reachable in loss record 160 of 210
==745218==    at 0x586E858: malloc (vg_replace_malloc.c:447)
==745218==    by 0x473EBAB: rboxc_gawk_r_getblock (in /root/rboxc/target/gawk-format-lifetime-candidate/release/rboxc)
==745218==    by 0x473EF81: rboxc_gawk_make_str_node (in /root/rboxc/target/gawk-format-lifetime-candidate/release/rboxc)
==745218==    by 0x474E1D2: rboxc_gawk_load_symbols (in /root/rboxc/target/gawk-format-lifetime-candidate/release/rboxc)
==745218==    by 0x444037C: single_binary_main_gawk (in /root/rboxc/target/gawk-format-lifetime-candidate/release/rboxc)
==745218==    by 0x5A18600: (below main) (libc_start_call_main.h:59)
==745218== 
==745218== 88 bytes in 1 blocks are still reachable in loss record 161 of 210
==745218==    at 0x586E858: malloc (vg_replace_malloc.c:447)
==745218==    by 0x473EBAB: rboxc_gawk_r_getblock (in /root/rboxc/target/gawk-format-lifetime-candidate/release/rboxc)
==745218==    by 0x473EF81: rboxc_gawk_make_str_node (in /root/rboxc/target/gawk-format-lifetime-candidate/release/rboxc)
==745218==    by 0x474E1EA: rboxc_gawk_load_symbols (in /root/rboxc/target/gawk-format-lifetime-candidate/release/rboxc)
==745218==    by 0x444037C: single_binary_main_gawk (in /root/rboxc/target/gawk-format-lifetime-candidate/release/rboxc)
==745218==    by 0x5A18600: (below main) (libc_start_call_main.h:59)
==745218== 
==745218== 88 bytes in 1 blocks are still reachable in loss record 162 of 210
==745218==    at 0x586E858: malloc (vg_replace_malloc.c:447)
==745218==    by 0x473EBAB: rboxc_gawk_r_getblock (in /root/rboxc/target/gawk-format-lifetime-candidate/release/rboxc)
==745218==    by 0x473EF81: rboxc_gawk_make_str_node (in /root/rboxc/target/gawk-format-lifetime-candidate/release/rboxc)
==745218==    by 0x474E202: rboxc_gawk_load_symbols (in /root/rboxc/target/gawk-format-lifetime-candidate/release/rboxc)
==745218==    by 0x444037C: single_binary_main_gawk (in /root/rboxc/target/gawk-format-lifetime-candidate/release/rboxc)
==745218==    by 0x5A18600: (below main) (libc_start_call_main.h:59)
==745218== 
==745218== 88 bytes in 1 blocks are still reachable in loss record 163 of 210
==745218==    at 0x586E858: malloc (vg_replace_malloc.c:447)
==745218==    by 0x473EBAB: rboxc_gawk_r_getblock (in /root/rboxc/target/gawk-format-lifetime-candidate/release/rboxc)
==745218==    by 0x473EF81: rboxc_gawk_make_str_node (in /root/rboxc/target/gawk-format-lifetime-candidate/release/rboxc)
==745218==    by 0x4737196: get_a_record (in /root/rboxc/target/gawk-format-lifetime-candidate/release/rboxc)
==745218==    by 0x473BC26: rboxc_gawk_do_getline_redir (in /root/rboxc/target/gawk-format-lifetime-candidate/release/rboxc)
==745218==    by 0x4726446: rboxc_gawk_r_interpret (in /root/rboxc/target/gawk-format-lifetime-candidate/release/rboxc)
==745218==    by 0x4440403: single_binary_main_gawk (in /root/rboxc/target/gawk-format-lifetime-candidate/release/rboxc)
==745218==    by 0x5A18600: (below main) (libc_start_call_main.h:59)
==745218== 
==745218== 88 bytes in 1 blocks are still reachable in loss record 164 of 210
==745218==    at 0x586E858: malloc (vg_replace_malloc.c:447)
==745218==    by 0x473EBAB: rboxc_gawk_r_getblock (in /root/rboxc/target/gawk-format-lifetime-candidate/release/rboxc)
==745218==    by 0x473EF81: rboxc_gawk_make_str_node (in /root/rboxc/target/gawk-format-lifetime-candidate/release/rboxc)
==745218==    by 0x473BC88: rboxc_gawk_do_getline_redir (in /root/rboxc/target/gawk-format-lifetime-candidate/release/rboxc)
==745218==    by 0x4726446: rboxc_gawk_r_interpret (in /root/rboxc/target/gawk-format-lifetime-candidate/release/rboxc)
==745218==    by 0x4440403: single_binary_main_gawk (in /root/rboxc/target/gawk-format-lifetime-candidate/release/rboxc)
==745218==    by 0x5A18600: (below main) (libc_start_call_main.h:59)
==745218== 
==745218== 96 bytes in 1 blocks are still reachable in loss record 165 of 210
==745218==    at 0x5875E43: calloc (vg_replace_malloc.c:1678)
==745218==    by 0x503B2BD: calloc (rtld-malloc.h:44)
==745218==    by 0x503B2BD: _dl_check_map_versions (dl-version.c:280)
==745218==    by 0x503210C: dl_open_worker_begin (dl-open.c:617)
==745218==    by 0x5025512: _dl_catch_exception (dl-catch.c:241)
==745218==    by 0x503120B: dl_open_worker (dl-open.c:762)
==745218==    by 0x5025512: _dl_catch_exception (dl-catch.c:241)
==745218==    by 0x5031749: _dl_open (dl-open.c:900)
==745218==    by 0x5A8DEA3: dlopen_doit (dlopen.c:56)
==745218==    by 0x5025512: _dl_catch_exception (dl-catch.c:241)
==745218==    by 0x5025658: _dl_catch_error (dl-catch.c:260)
==745218==    by 0x5A8D992: _dlerror_run (dlerror.c:138)
==745218==    by 0x5A8DF5A: dlopen_implementation (dlopen.c:71)
==745218==    by 0x5A8DF5A: dlopen@@GLIBC_2.34 (dlopen.c:81)
==745218== 
==745218== 96 bytes in 2 blocks are still reachable in loss record 166 of 210
==745218==    at 0x586E858: malloc (vg_replace_malloc.c:447)
==745218==    by 0x473EBAB: rboxc_gawk_r_getblock (in /root/rboxc/target/gawk-format-lifetime-candidate/release/rboxc)
==745218==    by 0x474C959: str_lookup (in /root/rboxc/target/gawk-format-lifetime-candidate/release/rboxc)
==745218==    by 0x474D16C: install (in /root/rboxc/target/gawk-format-lifetime-candidate/release/rboxc)
==745218==    by 0x46F26C3: rboxc_gawk_yyparse (in /root/rboxc/target/gawk-format-lifetime-candidate/release/rboxc)
==745218==    by 0x46F639A: rboxc_gawk_parse_program (in /root/rboxc/target/gawk-format-lifetime-candidate/release/rboxc)
==745218==    by 0x44402A4: single_binary_main_gawk (in /root/rboxc/target/gawk-format-lifetime-candidate/release/rboxc)
==745218==    by 0x5A18600: (below main) (libc_start_call_main.h:59)
==745218== 
==745218== 104 bytes in 1 blocks are still reachable in loss record 167 of 210
==745218==    at 0x5875E43: calloc (vg_replace_malloc.c:1678)
==745218==    by 0x474BDD4: grow_table (in /root/rboxc/target/gawk-format-lifetime-candidate/release/rboxc)
==745218==    by 0x474C9BC: str_lookup (in /root/rboxc/target/gawk-format-lifetime-candidate/release/rboxc)
==745218==    by 0x474D16C: install (in /root/rboxc/target/gawk-format-lifetime-candidate/release/rboxc)
==745218==    by 0x474D449: init_the_tables (in /root/rboxc/target/gawk-format-lifetime-candidate/release/rboxc)
==745218==    by 0x443E550: single_binary_main_gawk (in /root/rboxc/target/gawk-format-lifetime-candidate/release/rboxc)
==745218==    by 0x5A18600: (below main) (libc_start_call_main.h:59)
==745218== 
==745218== 104 bytes in 1 blocks are still reachable in loss record 168 of 210
==745218==    at 0x5875E43: calloc (vg_replace_malloc.c:1678)
==745218==    by 0x474BDD4: grow_table (in /root/rboxc/target/gawk-format-lifetime-candidate/release/rboxc)
==745218==    by 0x474C9BC: str_lookup (in /root/rboxc/target/gawk-format-lifetime-candidate/release/rboxc)
==745218==    by 0x474D16C: install (in /root/rboxc/target/gawk-format-lifetime-candidate/release/rboxc)
==745218==    by 0x443F280: single_binary_main_gawk (in /root/rboxc/target/gawk-format-lifetime-candidate/release/rboxc)
==745218==    by 0x5A18600: (below main) (libc_start_call_main.h:59)
==745218== 
==745218== 104 bytes in 1 blocks are still reachable in loss record 169 of 210
==745218==    at 0x5875E43: calloc (vg_replace_malloc.c:1678)
==745218==    by 0x474BDD4: grow_table (in /root/rboxc/target/gawk-format-lifetime-candidate/release/rboxc)
==745218==    by 0x474C9BC: str_lookup (in /root/rboxc/target/gawk-format-lifetime-candidate/release/rboxc)
==745218==    by 0x472B6DE: update_PROCINFO_str.part.0 (in /root/rboxc/target/gawk-format-lifetime-candidate/release/rboxc)
==745218==    by 0x443F4C2: single_binary_main_gawk (in /root/rboxc/target/gawk-format-lifetime-candidate/release/rboxc)
==745218==    by 0x5A18600: (below main) (libc_start_call_main.h:59)
==745218== 
==745218== 104 bytes in 1 blocks are still reachable in loss record 170 of 210
==745218==    at 0x5875E43: calloc (vg_replace_malloc.c:1678)
==745218==    by 0x474BDD4: grow_table (in /root/rboxc/target/gawk-format-lifetime-candidate/release/rboxc)
==745218==    by 0x474C9BC: str_lookup (in /root/rboxc/target/gawk-format-lifetime-candidate/release/rboxc)
==745218==    by 0x443FD46: single_binary_main_gawk (in /root/rboxc/target/gawk-format-lifetime-candidate/release/rboxc)
==745218==    by 0x5A18600: (below main) (libc_start_call_main.h:59)
==745218== 
==745218== 104 bytes in 1 blocks are still reachable in loss record 171 of 210
==745218==    at 0x5875E43: calloc (vg_replace_malloc.c:1678)
==745218==    by 0x474BDD4: grow_table (in /root/rboxc/target/gawk-format-lifetime-candidate/release/rboxc)
==745218==    by 0x474C9BC: str_lookup (in /root/rboxc/target/gawk-format-lifetime-candidate/release/rboxc)
==745218==    by 0x474D16C: install (in /root/rboxc/target/gawk-format-lifetime-candidate/release/rboxc)
==745218==    by 0x46EF48E: rboxc_gawk_install_builtins (in /root/rboxc/target/gawk-format-lifetime-candidate/release/rboxc)
==745218==    by 0x444030E: single_binary_main_gawk (in /root/rboxc/target/gawk-format-lifetime-candidate/release/rboxc)
==745218==    by 0x5A18600: (below main) (libc_start_call_main.h:59)
==745218== 
==745218== 104 bytes in 1 blocks are still reachable in loss record 172 of 210
==745218==    at 0x5875E43: calloc (vg_replace_malloc.c:1678)
==745218==    by 0x474BDD4: grow_table (in /root/rboxc/target/gawk-format-lifetime-candidate/release/rboxc)
==745218==    by 0x474C9BC: str_lookup (in /root/rboxc/target/gawk-format-lifetime-candidate/release/rboxc)
==745218==    by 0x474E3C9: rboxc_gawk_load_symbols (in /root/rboxc/target/gawk-format-lifetime-candidate/release/rboxc)
==745218==    by 0x444037C: single_binary_main_gawk (in /root/rboxc/target/gawk-format-lifetime-candidate/release/rboxc)
==745218==    by 0x5A18600: (below main) (libc_start_call_main.h:59)
==745218== 
==745218== 151 bytes in 24 blocks are still reachable in loss record 173 of 210
==745218==    at 0x586E858: malloc (vg_replace_malloc.c:447)
==745218==    by 0x443F1EC: single_binary_main_gawk (in /root/rboxc/target/gawk-format-lifetime-candidate/release/rboxc)
==745218==    by 0x5A18600: (below main) (libc_start_call_main.h:59)
==745218== 
==745218== 151 bytes in 24 blocks are still reachable in loss record 174 of 210
==745218==    at 0x586E858: malloc (vg_replace_malloc.c:447)
==745218==    by 0x473F017: rboxc_gawk_make_str_node (in /root/rboxc/target/gawk-format-lifetime-candidate/release/rboxc)
==745218==    by 0x474D135: install (in /root/rboxc/target/gawk-format-lifetime-candidate/release/rboxc)
==745218==    by 0x443F280: single_binary_main_gawk (in /root/rboxc/target/gawk-format-lifetime-candidate/release/rboxc)
==745218==    by 0x5A18600: (below main) (libc_start_call_main.h:59)
==745218== 
==745218== 160 bytes in 1 blocks are still reachable in loss record 175 of 210
==745218==    at 0x587607F: realloc (vg_replace_malloc.c:1804)
==745218==    by 0x5030E8E: realloc (rtld-malloc.h:62)
==745218==    by 0x5030E8E: _dl_new_object (dl-object.c:218)
==745218==    by 0x502BEA0: _dl_map_object_from_fd (dl-load.c:1065)
==745218==    by 0x502D989: _dl_map_new_object (dl-load.c:2206)
==745218==    by 0x5032460: dl_open_worker_begin (dl-open.c:535)
==745218==    by 0x5025512: _dl_catch_exception (dl-catch.c:241)
==745218==    by 0x503120B: dl_open_worker (dl-open.c:762)
==745218==    by 0x5025512: _dl_catch_exception (dl-catch.c:241)
==745218==    by 0x5031749: _dl_open (dl-open.c:900)
==745218==    by 0x5A8DEA3: dlopen_doit (dlopen.c:56)
==745218==    by 0x5025512: _dl_catch_exception (dl-catch.c:241)
==745218==    by 0x5025658: _dl_catch_error (dl-catch.c:260)
==745218== 
==745218== 176 bytes in 2 blocks are still reachable in loss record 176 of 210
==745218==    at 0x586E858: malloc (vg_replace_malloc.c:447)
==745218==    by 0x473EBAB: rboxc_gawk_r_getblock (in /root/rboxc/target/gawk-format-lifetime-candidate/release/rboxc)
==745218==    by 0x473EF81: rboxc_gawk_make_str_node (in /root/rboxc/target/gawk-format-lifetime-candidate/release/rboxc)
==745218==    by 0x474D135: install (in /root/rboxc/target/gawk-format-lifetime-candidate/release/rboxc)
==745218==    by 0x46F26C3: rboxc_gawk_yyparse (in /root/rboxc/target/gawk-format-lifetime-candidate/release/rboxc)
==745218==    by 0x46F639A: rboxc_gawk_parse_program (in /root/rboxc/target/gawk-format-lifetime-candidate/release/rboxc)
==745218==    by 0x44402A4: single_binary_main_gawk (in /root/rboxc/target/gawk-format-lifetime-candidate/release/rboxc)
==745218==    by 0x5A18600: (below main) (libc_start_call_main.h:59)
==745218== 
==745218== 176 bytes in 2 blocks are still reachable in loss record 177 of 210
==745218==    at 0x586E858: malloc (vg_replace_malloc.c:447)
==745218==    by 0x473EBAB: rboxc_gawk_r_getblock (in /root/rboxc/target/gawk-format-lifetime-candidate/release/rboxc)
==745218==    by 0x474D213: install (in /root/rboxc/target/gawk-format-lifetime-candidate/release/rboxc)
==745218==    by 0x46F26C3: rboxc_gawk_yyparse (in /root/rboxc/target/gawk-format-lifetime-candidate/release/rboxc)
==745218==    by 0x46F639A: rboxc_gawk_parse_program (in /root/rboxc/target/gawk-format-lifetime-candidate/release/rboxc)
==745218==    by 0x44402A4: single_binary_main_gawk (in /root/rboxc/target/gawk-format-lifetime-candidate/release/rboxc)
==745218==    by 0x5A18600: (below main) (libc_start_call_main.h:59)
==745218== 
==745218== 205 bytes in 24 blocks are still reachable in loss record 178 of 210
==745218==    at 0x586E858: malloc (vg_replace_malloc.c:447)
==745218==    by 0x473F017: rboxc_gawk_make_str_node (in /root/rboxc/target/gawk-format-lifetime-candidate/release/rboxc)
==745218==    by 0x443FD0C: single_binary_main_gawk (in /root/rboxc/target/gawk-format-lifetime-candidate/release/rboxc)
==745218==    by 0x5A18600: (below main) (libc_start_call_main.h:59)
==745218== 
==745218== 256 bytes in 1 blocks are still reachable in loss record 179 of 210
==745218==    at 0x5875E43: calloc (vg_replace_malloc.c:1678)
==745218==    by 0x470A8F2: cint_lookup (in /root/rboxc/target/gawk-format-lifetime-candidate/release/rboxc)
==745218==    by 0x4435AE2: rboxc::applet_gawk::assoc_set (in /root/rboxc/target/gawk-format-lifetime-candidate/release/rboxc)
==745218==    by 0x4440162: single_binary_main_gawk (in /root/rboxc/target/gawk-format-lifetime-candidate/release/rboxc)
==745218==    by 0x5A18600: (below main) (libc_start_call_main.h:59)
==745218== 
==745218== 256 bytes in 1 blocks are still reachable in loss record 180 of 210
==745218==    at 0x5875E43: calloc (vg_replace_malloc.c:1678)
==745218==    by 0x470A2F7: tree_lookup (in /root/rboxc/target/gawk-format-lifetime-candidate/release/rboxc)
==745218==    by 0x4435AE2: rboxc::applet_gawk::assoc_set (in /root/rboxc/target/gawk-format-lifetime-candidate/release/rboxc)
==745218==    by 0x4440162: single_binary_main_gawk (in /root/rboxc/target/gawk-format-lifetime-candidate/release/rboxc)
==745218==    by 0x5A18600: (below main) (libc_start_call_main.h:59)
==745218== 
==745218== 256 bytes in 1 blocks are still reachable in loss record 181 of 210
==745218==    at 0x5875E43: calloc (vg_replace_malloc.c:1678)
==745218==    by 0x470A520: tree_lookup (in /root/rboxc/target/gawk-format-lifetime-candidate/release/rboxc)
==745218==    by 0x4435AE2: rboxc::applet_gawk::assoc_set (in /root/rboxc/target/gawk-format-lifetime-candidate/release/rboxc)
==745218==    by 0x4440162: single_binary_main_gawk (in /root/rboxc/target/gawk-format-lifetime-candidate/release/rboxc)
==745218==    by 0x5A18600: (below main) (libc_start_call_main.h:59)
==745218== 
==745218== 256 bytes in 1 blocks are still reachable in loss record 182 of 210
==745218==    at 0x5875E43: calloc (vg_replace_malloc.c:1678)
==745218==    by 0x470A8F2: cint_lookup (in /root/rboxc/target/gawk-format-lifetime-candidate/release/rboxc)
==745218==    by 0x4435AE2: rboxc::applet_gawk::assoc_set (in /root/rboxc/target/gawk-format-lifetime-candidate/release/rboxc)
==745218==    by 0x443FFAB: single_binary_main_gawk (in /root/rboxc/target/gawk-format-lifetime-candidate/release/rboxc)
==745218==    by 0x5A18600: (below main) (libc_start_call_main.h:59)
==745218== 
==745218== 256 bytes in 1 blocks are still reachable in loss record 183 of 210
==745218==    at 0x5875E43: calloc (vg_replace_malloc.c:1678)
==745218==    by 0x470A2F7: tree_lookup (in /root/rboxc/target/gawk-format-lifetime-candidate/release/rboxc)
==745218==    by 0x4435AE2: rboxc::applet_gawk::assoc_set (in /root/rboxc/target/gawk-format-lifetime-candidate/release/rboxc)
==745218==    by 0x443FFAB: single_binary_main_gawk (in /root/rboxc/target/gawk-format-lifetime-candidate/release/rboxc)
==745218==    by 0x5A18600: (below main) (libc_start_call_main.h:59)
==745218== 
==745218== 256 bytes in 1 blocks are still reachable in loss record 184 of 210
==745218==    at 0x5875E43: calloc (vg_replace_malloc.c:1678)
==745218==    by 0x470A520: tree_lookup (in /root/rboxc/target/gawk-format-lifetime-candidate/release/rboxc)
==745218==    by 0x4435AE2: rboxc::applet_gawk::assoc_set (in /root/rboxc/target/gawk-format-lifetime-candidate/release/rboxc)
==745218==    by 0x443FFAB: single_binary_main_gawk (in /root/rboxc/target/gawk-format-lifetime-candidate/release/rboxc)
==745218==    by 0x5A18600: (below main) (libc_start_call_main.h:59)
==745218== 
==745218== 264 bytes in 3 blocks are still reachable in loss record 185 of 210
==745218==    at 0x586E858: malloc (vg_replace_malloc.c:447)
==745218==    by 0x473EBAB: rboxc_gawk_r_getblock (in /root/rboxc/target/gawk-format-lifetime-candidate/release/rboxc)
==745218==    by 0x473EF81: rboxc_gawk_make_str_node (in /root/rboxc/target/gawk-format-lifetime-candidate/release/rboxc)
==745218==    by 0x4440154: single_binary_main_gawk (in /root/rboxc/target/gawk-format-lifetime-candidate/release/rboxc)
==745218==    by 0x5A18600: (below main) (libc_start_call_main.h:59)
==745218== 
==745218== 264 bytes in 3 blocks are still reachable in loss record 186 of 210
==745218==    at 0x586E858: malloc (vg_replace_malloc.c:447)
==745218==    by 0x473EBAB: rboxc_gawk_r_getblock (in /root/rboxc/target/gawk-format-lifetime-candidate/release/rboxc)
==745218==    by 0x473EF81: rboxc_gawk_make_str_node (in /root/rboxc/target/gawk-format-lifetime-candidate/release/rboxc)
==745218==    by 0x46F0DF4: yylex (in /root/rboxc/target/gawk-format-lifetime-candidate/release/rboxc)
==745218==    by 0x46F249C: rboxc_gawk_yyparse (in /root/rboxc/target/gawk-format-lifetime-candidate/release/rboxc)
==745218==    by 0x46F639A: rboxc_gawk_parse_program (in /root/rboxc/target/gawk-format-lifetime-candidate/release/rboxc)
==745218==    by 0x44402A4: single_binary_main_gawk (in /root/rboxc/target/gawk-format-lifetime-candidate/release/rboxc)
==745218==    by 0x5A18600: (below main) (libc_start_call_main.h:59)
==745218== 
==745218== 278 bytes in 42 blocks are still reachable in loss record 187 of 210
==745218==    at 0x586E858: malloc (vg_replace_malloc.c:447)
==745218==    by 0x473F017: rboxc_gawk_make_str_node (in /root/rboxc/target/gawk-format-lifetime-candidate/release/rboxc)
==745218==    by 0x474D135: install (in /root/rboxc/target/gawk-format-lifetime-candidate/release/rboxc)
==745218==    by 0x46EF48E: rboxc_gawk_install_builtins (in /root/rboxc/target/gawk-format-lifetime-candidate/release/rboxc)
==745218==    by 0x444030E: single_binary_main_gawk (in /root/rboxc/target/gawk-format-lifetime-candidate/release/rboxc)
==745218==    by 0x5A18600: (below main) (libc_start_call_main.h:59)
==745218== 
==745218== 296 bytes in 1 blocks are still reachable in loss record 188 of 210
==745218==    at 0x5875E43: calloc (vg_replace_malloc.c:1678)
==745218==    by 0x46EA646: do_add_srcfile (in /root/rboxc/target/gawk-format-lifetime-candidate/release/rboxc)
==745218==    by 0x46EE6D0: rboxc_gawk_add_srcfile (in /root/rboxc/target/gawk-format-lifetime-candidate/release/rboxc)
==745218==    by 0x443E939: single_binary_main_gawk (in /root/rboxc/target/gawk-format-lifetime-candidate/release/rboxc)
==745218==    by 0x5A18600: (below main) (libc_start_call_main.h:59)
==745218== 
==745218== 296 bytes in 1 blocks are still reachable in loss record 189 of 210
==745218==    at 0x5875E43: calloc (vg_replace_malloc.c:1678)
==745218==    by 0x46EA646: do_add_srcfile (in /root/rboxc/target/gawk-format-lifetime-candidate/release/rboxc)
==745218==    by 0x46EE6D0: rboxc_gawk_add_srcfile (in /root/rboxc/target/gawk-format-lifetime-candidate/release/rboxc)
==745218==    by 0x46EEC1B: load_library (in /root/rboxc/target/gawk-format-lifetime-candidate/release/rboxc)
==745218==    by 0x46F273F: rboxc_gawk_yyparse (in /root/rboxc/target/gawk-format-lifetime-candidate/release/rboxc)
==745218==    by 0x46F639A: rboxc_gawk_parse_program (in /root/rboxc/target/gawk-format-lifetime-candidate/release/rboxc)
==745218==    by 0x44402A4: single_binary_main_gawk (in /root/rboxc/target/gawk-format-lifetime-candidate/release/rboxc)
==745218==    by 0x5A18600: (below main) (libc_start_call_main.h:59)
==745218== 
==745218== 480 bytes in 74 blocks are still reachable in loss record 190 of 210
==745218==    at 0x586E858: malloc (vg_replace_malloc.c:447)
==745218==    by 0x473F017: rboxc_gawk_make_str_node (in /root/rboxc/target/gawk-format-lifetime-candidate/release/rboxc)
==745218==    by 0x474E574: rboxc_gawk_load_symbols (in /root/rboxc/target/gawk-format-lifetime-candidate/release/rboxc)
==745218==    by 0x444037C: single_binary_main_gawk (in /root/rboxc/target/gawk-format-lifetime-candidate/release/rboxc)
==745218==    by 0x5A18600: (below main) (libc_start_call_main.h:59)
==745218== 
==745218== 552 bytes in 1 blocks are still reachable in loss record 191 of 210
==745218==    at 0x5875E43: calloc (vg_replace_malloc.c:1678)
==745218==    by 0x474EA56: rboxc_gawk_new_context (in /root/rboxc/target/gawk-format-lifetime-candidate/release/rboxc)
==745218==    by 0x443E56A: single_binary_main_gawk (in /root/rboxc/target/gawk-format-lifetime-candidate/release/rboxc)
==745218==    by 0x5A18600: (below main) (libc_start_call_main.h:59)
==745218== 
==745218== 860 bytes in 24 blocks are still reachable in loss record 192 of 210
==745218==    at 0x586E858: malloc (vg_replace_malloc.c:447)
==745218==    by 0x473F017: rboxc_gawk_make_str_node (in /root/rboxc/target/gawk-format-lifetime-candidate/release/rboxc)
==745218==    by 0x443FD20: single_binary_main_gawk (in /root/rboxc/target/gawk-format-lifetime-candidate/release/rboxc)
==745218==    by 0x5A18600: (below main) (libc_start_call_main.h:59)
==745218== 
==745218== 880 bytes in 10 blocks are still reachable in loss record 193 of 210
==745218==    at 0x586E858: malloc (vg_replace_malloc.c:447)
==745218==    by 0x473EBAB: rboxc_gawk_r_getblock (in /root/rboxc/target/gawk-format-lifetime-candidate/release/rboxc)
==745218==    by 0x473F4F0: r_make_number (in /root/rboxc/target/gawk-format-lifetime-candidate/release/rboxc)
==745218==    by 0x443F2C3: single_binary_main_gawk (in /root/rboxc/target/gawk-format-lifetime-candidate/release/rboxc)
==745218==    by 0x5A18600: (below main) (libc_start_call_main.h:59)
==745218== 
==745218== 1,144 bytes in 13 blocks are still reachable in loss record 194 of 210
==745218==    at 0x586E858: malloc (vg_replace_malloc.c:447)
==745218==    by 0x473EBAB: rboxc_gawk_r_getblock (in /root/rboxc/target/gawk-format-lifetime-candidate/release/rboxc)
==745218==    by 0x473EF81: rboxc_gawk_make_str_node (in /root/rboxc/target/gawk-format-lifetime-candidate/release/rboxc)
==745218==    by 0x443F2AA: single_binary_main_gawk (in /root/rboxc/target/gawk-format-lifetime-candidate/release/rboxc)
==745218==    by 0x5A18600: (below main) (libc_start_call_main.h:59)
==745218== 
==745218== 1,152 bytes in 24 blocks are still reachable in loss record 195 of 210
==745218==    at 0x586E858: malloc (vg_replace_malloc.c:447)
==745218==    by 0x473EBAB: rboxc_gawk_r_getblock (in /root/rboxc/target/gawk-format-lifetime-candidate/release/rboxc)
==745218==    by 0x474C959: str_lookup (in /root/rboxc/target/gawk-format-lifetime-candidate/release/rboxc)
==745218==    by 0x474D16C: install (in /root/rboxc/target/gawk-format-lifetime-candidate/release/rboxc)
==745218==    by 0x443F280: single_binary_main_gawk (in /root/rboxc/target/gawk-format-lifetime-candidate/release/rboxc)
==745218==    by 0x5A18600: (below main) (libc_start_call_main.h:59)
==745218== 
==745218== 1,152 bytes in 24 blocks are still reachable in loss record 196 of 210
==745218==    at 0x586E858: malloc (vg_replace_malloc.c:447)
==745218==    by 0x473EBAB: rboxc_gawk_r_getblock (in /root/rboxc/target/gawk-format-lifetime-candidate/release/rboxc)
==745218==    by 0x474C959: str_lookup (in /root/rboxc/target/gawk-format-lifetime-candidate/release/rboxc)
==745218==    by 0x443FD46: single_binary_main_gawk (in /root/rboxc/target/gawk-format-lifetime-candidate/release/rboxc)
==745218==    by 0x5A18600: (below main) (libc_start_call_main.h:59)
==745218== 
==745218== 1,272 bytes in 1 blocks are still reachable in loss record 197 of 210
==745218==    at 0x5875E43: calloc (vg_replace_malloc.c:1678)
==745218==    by 0x5030CAC: calloc (rtld-malloc.h:44)
==745218==    by 0x5030CAC: _dl_new_object (dl-object.c:92)
==745218==    by 0x502BEA0: _dl_map_object_from_fd (dl-load.c:1065)
==745218==    by 0x502D989: _dl_map_new_object (dl-load.c:2206)
==745218==    by 0x5032460: dl_open_worker_begin (dl-open.c:535)
==745218==    by 0x5025512: _dl_catch_exception (dl-catch.c:241)
==745218==    by 0x503120B: dl_open_worker (dl-open.c:762)
==745218==    by 0x5025512: _dl_catch_exception (dl-catch.c:241)
==745218==    by 0x5031749: _dl_open (dl-open.c:900)
==745218==    by 0x5A8DEA3: dlopen_doit (dlopen.c:56)
==745218==    by 0x5025512: _dl_catch_exception (dl-catch.c:241)
==745218==    by 0x5025658: _dl_catch_error (dl-catch.c:260)
==745218== 
==745218== 2,016 bytes in 42 blocks are still reachable in loss record 198 of 210
==745218==    at 0x586E858: malloc (vg_replace_malloc.c:447)
==745218==    by 0x473EBAB: rboxc_gawk_r_getblock (in /root/rboxc/target/gawk-format-lifetime-candidate/release/rboxc)
==745218==    by 0x474C959: str_lookup (in /root/rboxc/target/gawk-format-lifetime-candidate/release/rboxc)
==745218==    by 0x474D16C: install (in /root/rboxc/target/gawk-format-lifetime-candidate/release/rboxc)
==745218==    by 0x46EF48E: rboxc_gawk_install_builtins (in /root/rboxc/target/gawk-format-lifetime-candidate/release/rboxc)
==745218==    by 0x444030E: single_binary_main_gawk (in /root/rboxc/target/gawk-format-lifetime-candidate/release/rboxc)
==745218==    by 0x5A18600: (below main) (libc_start_call_main.h:59)
==745218== 
==745218== 2,048 bytes in 1 blocks are still reachable in loss record 199 of 210
==745218==    at 0x586E858: malloc (vg_replace_malloc.c:447)
==745218==    by 0x471F119: rboxc_gawk_init_interpret (in /root/rboxc/target/gawk-format-lifetime-candidate/release/rboxc)
==745218==    by 0x443FE94: single_binary_main_gawk (in /root/rboxc/target/gawk-format-lifetime-candidate/release/rboxc)
==745218==    by 0x5A18600: (below main) (libc_start_call_main.h:59)
==745218== 
==745218== 2,112 bytes in 24 blocks are still reachable in loss record 200 of 210
==745218==    at 0x586E858: malloc (vg_replace_malloc.c:447)
==745218==    by 0x473EBAB: rboxc_gawk_r_getblock (in /root/rboxc/target/gawk-format-lifetime-candidate/release/rboxc)
==745218==    by 0x473EF81: rboxc_gawk_make_str_node (in /root/rboxc/target/gawk-format-lifetime-candidate/release/rboxc)
==745218==    by 0x474D135: install (in /root/rboxc/target/gawk-format-lifetime-candidate/release/rboxc)
==745218==    by 0x443F280: single_binary_main_gawk (in /root/rboxc/target/gawk-format-lifetime-candidate/release/rboxc)
==745218==    by 0x5A18600: (below main) (libc_start_call_main.h:59)
==745218== 
==745218== 2,112 bytes in 24 blocks are still reachable in loss record 201 of 210
==745218==    at 0x586E858: malloc (vg_replace_malloc.c:447)
==745218==    by 0x473EBAB: rboxc_gawk_r_getblock (in /root/rboxc/target/gawk-format-lifetime-candidate/release/rboxc)
==745218==    by 0x474D213: install (in /root/rboxc/target/gawk-format-lifetime-candidate/release/rboxc)
==745218==    by 0x443F280: single_binary_main_gawk (in /root/rboxc/target/gawk-format-lifetime-candidate/release/rboxc)
==745218==    by 0x5A18600: (below main) (libc_start_call_main.h:59)
==745218== 
==745218== 2,112 bytes in 24 blocks are still reachable in loss record 202 of 210
==745218==    at 0x586E858: malloc (vg_replace_malloc.c:447)
==745218==    by 0x473EBAB: rboxc_gawk_r_getblock (in /root/rboxc/target/gawk-format-lifetime-candidate/release/rboxc)
==745218==    by 0x473EF81: rboxc_gawk_make_str_node (in /root/rboxc/target/gawk-format-lifetime-candidate/release/rboxc)
==745218==    by 0x443FD0C: single_binary_main_gawk (in /root/rboxc/target/gawk-format-lifetime-candidate/release/rboxc)
==745218==    by 0x5A18600: (below main) (libc_start_call_main.h:59)
==745218== 
==745218== 2,112 bytes in 24 blocks are still reachable in loss record 203 of 210
==745218==    at 0x586E858: malloc (vg_replace_malloc.c:447)
==745218==    by 0x473EBAB: rboxc_gawk_r_getblock (in /root/rboxc/target/gawk-format-lifetime-candidate/release/rboxc)
==745218==    by 0x473EF81: rboxc_gawk_make_str_node (in /root/rboxc/target/gawk-format-lifetime-candidate/release/rboxc)
==745218==    by 0x443FD20: single_binary_main_gawk (in /root/rboxc/target/gawk-format-lifetime-candidate/release/rboxc)
==745218==    by 0x5A18600: (below main) (libc_start_call_main.h:59)
==745218== 
==745218== 3,552 bytes in 74 blocks are still reachable in loss record 204 of 210
==745218==    at 0x586E858: malloc (vg_replace_malloc.c:447)
==745218==    by 0x473EBAB: rboxc_gawk_r_getblock (in /root/rboxc/target/gawk-format-lifetime-candidate/release/rboxc)
==745218==    by 0x474C959: str_lookup (in /root/rboxc/target/gawk-format-lifetime-candidate/release/rboxc)
==745218==    by 0x474E3C9: rboxc_gawk_load_symbols (in /root/rboxc/target/gawk-format-lifetime-candidate/release/rboxc)
==745218==    by 0x444037C: single_binary_main_gawk (in /root/rboxc/target/gawk-format-lifetime-candidate/release/rboxc)
==745218==    by 0x5A18600: (below main) (libc_start_call_main.h:59)
==745218== 
==745218== 3,696 bytes in 42 blocks are still reachable in loss record 205 of 210
==745218==    at 0x586E858: malloc (vg_replace_malloc.c:447)
==745218==    by 0x473EBAB: rboxc_gawk_r_getblock (in /root/rboxc/target/gawk-format-lifetime-candidate/release/rboxc)
==745218==    by 0x473EF81: rboxc_gawk_make_str_node (in /root/rboxc/target/gawk-format-lifetime-candidate/release/rboxc)
==745218==    by 0x474D135: install (in /root/rboxc/target/gawk-format-lifetime-candidate/release/rboxc)
==745218==    by 0x46EF48E: rboxc_gawk_install_builtins (in /root/rboxc/target/gawk-format-lifetime-candidate/release/rboxc)
==745218==    by 0x444030E: single_binary_main_gawk (in /root/rboxc/target/gawk-format-lifetime-candidate/release/rboxc)
==745218==    by 0x5A18600: (below main) (libc_start_call_main.h:59)
==745218== 
==745218== 3,696 bytes in 42 blocks are still reachable in loss record 206 of 210
==745218==    at 0x586E858: malloc (vg_replace_malloc.c:447)
==745218==    by 0x473EBAB: rboxc_gawk_r_getblock (in /root/rboxc/target/gawk-format-lifetime-candidate/release/rboxc)
==745218==    by 0x474D2FE: install (in /root/rboxc/target/gawk-format-lifetime-candidate/release/rboxc)
==745218==    by 0x46EF48E: rboxc_gawk_install_builtins (in /root/rboxc/target/gawk-format-lifetime-candidate/release/rboxc)
==745218==    by 0x444030E: single_binary_main_gawk (in /root/rboxc/target/gawk-format-lifetime-candidate/release/rboxc)
==745218==    by 0x5A18600: (below main) (libc_start_call_main.h:59)
==745218== 
==745218== 5,048 bytes in 1 blocks are still reachable in loss record 207 of 210
==745218==    at 0x586E858: malloc (vg_replace_malloc.c:447)
==745218==    by 0x474E971: rboxc_gawk_bcalloc (in /root/rboxc/target/gawk-format-lifetime-candidate/release/rboxc)
==745218==    by 0x46F62BC: rboxc_gawk_parse_program (in /root/rboxc/target/gawk-format-lifetime-candidate/release/rboxc)
==745218==    by 0x44402A4: single_binary_main_gawk (in /root/rboxc/target/gawk-format-lifetime-candidate/release/rboxc)
==745218==    by 0x5A18600: (below main) (libc_start_call_main.h:59)
==745218== 
==745218== 5,048 bytes in 1 blocks are still reachable in loss record 208 of 210
==745218==    at 0x586E858: malloc (vg_replace_malloc.c:447)
==745218==    by 0x474E971: rboxc_gawk_bcalloc (in /root/rboxc/target/gawk-format-lifetime-candidate/release/rboxc)
==745218==    by 0x46F67B8: rboxc_gawk_parse_program (in /root/rboxc/target/gawk-format-lifetime-candidate/release/rboxc)
==745218==    by 0x44402A4: single_binary_main_gawk (in /root/rboxc/target/gawk-format-lifetime-candidate/release/rboxc)
==745218==    by 0x5A18600: (below main) (libc_start_call_main.h:59)
==745218== 
==745218== 5,048 bytes in 1 blocks are still reachable in loss record 209 of 210
==745218==    at 0x586E858: malloc (vg_replace_malloc.c:447)
==745218==    by 0x474E971: rboxc_gawk_bcalloc (in /root/rboxc/target/gawk-format-lifetime-candidate/release/rboxc)
==745218==    by 0x46F1F4A: yylex (in /root/rboxc/target/gawk-format-lifetime-candidate/release/rboxc)
==745218==    by 0x46F249C: rboxc_gawk_yyparse (in /root/rboxc/target/gawk-format-lifetime-candidate/release/rboxc)
==745218==    by 0x46F639A: rboxc_gawk_parse_program (in /root/rboxc/target/gawk-format-lifetime-candidate/release/rboxc)
==745218==    by 0x44402A4: single_binary_main_gawk (in /root/rboxc/target/gawk-format-lifetime-candidate/release/rboxc)
==745218==    by 0x5A18600: (below main) (libc_start_call_main.h:59)
==745218== 
==745218== 6,512 bytes in 74 blocks are still reachable in loss record 210 of 210
==745218==    at 0x586E858: malloc (vg_replace_malloc.c:447)
==745218==    by 0x473EBAB: rboxc_gawk_r_getblock (in /root/rboxc/target/gawk-format-lifetime-candidate/release/rboxc)
==745218==    by 0x473EF81: rboxc_gawk_make_str_node (in /root/rboxc/target/gawk-format-lifetime-candidate/release/rboxc)
==745218==    by 0x474E574: rboxc_gawk_load_symbols (in /root/rboxc/target/gawk-format-lifetime-candidate/release/rboxc)
==745218==    by 0x444037C: single_binary_main_gawk (in /root/rboxc/target/gawk-format-lifetime-candidate/release/rboxc)
==745218==    by 0x5A18600: (below main) (libc_start_call_main.h:59)
==745218== 
==745218== LEAK SUMMARY:
==745218==    definitely lost: 0 bytes in 0 blocks
==745218==    indirectly lost: 0 bytes in 0 blocks
==745218==      possibly lost: 0 bytes in 0 blocks
==745218==    still reachable: 64,953 bytes in 870 blocks
==745218==         suppressed: 0 bytes in 0 blocks
==745218== 
==745218== For lists of detected and suppressed errors, rerun with: -s
==745218== ERROR SUMMARY: 1 errors from 1 contexts (suppressed: 0 from 0)
