==739424== Memcheck, a memory error detector
==739424== Copyright (C) 2002-2024, and GNU GPL'd, by Julian Seward et al.
==739424== Using Valgrind-3.26.0 and LibVEX; rerun with -h for copyright info
==739424== Command: gawk -f greek-utf.awk
==739424== Parent PID: 739423
==739424== 
==739424== 
==739424== FILE DESCRIPTORS: 3 open (3 inherited) at exit.
==739424== 
==739424== HEAP SUMMARY:
==739424==     in use at exit: 82,824 bytes in 1,082 blocks
==739424==   total heap usage: 2,502 allocs, 1,420 frees, 167,204 bytes allocated
==739424== 
==739424== 1 bytes in 1 blocks are still reachable in loss record 1 of 223
==739424==    at 0x586E858: malloc (vg_replace_malloc.c:447)
==739424==    by 0x44390B0: rboxc_gawk_estrdup (in /root/rboxc/target/gawk-format-lifetime-candidate/release/rboxc)
==739424==    by 0x443E365: single_binary_main_gawk (in /root/rboxc/target/gawk-format-lifetime-candidate/release/rboxc)
==739424==    by 0x5A18600: (below main) (libc_start_call_main.h:59)
==739424== 
==739424== 1 bytes in 1 blocks are still reachable in loss record 2 of 223
==739424==    at 0x586E858: malloc (vg_replace_malloc.c:447)
==739424==    by 0x44390B0: rboxc_gawk_estrdup (in /root/rboxc/target/gawk-format-lifetime-candidate/release/rboxc)
==739424==    by 0x443E37D: single_binary_main_gawk (in /root/rboxc/target/gawk-format-lifetime-candidate/release/rboxc)
==739424==    by 0x5A18600: (below main) (libc_start_call_main.h:59)
==739424== 
==739424== 1 bytes in 1 blocks are still reachable in loss record 3 of 223
==739424==    at 0x586E858: malloc (vg_replace_malloc.c:447)
==739424==    by 0x44390B0: rboxc_gawk_estrdup (in /root/rboxc/target/gawk-format-lifetime-candidate/release/rboxc)
==739424==    by 0x443E395: single_binary_main_gawk (in /root/rboxc/target/gawk-format-lifetime-candidate/release/rboxc)
==739424==    by 0x5A18600: (below main) (libc_start_call_main.h:59)
==739424== 
==739424== 1 bytes in 1 blocks are still reachable in loss record 4 of 223
==739424==    at 0x586E858: malloc (vg_replace_malloc.c:447)
==739424==    by 0x44390B0: rboxc_gawk_estrdup (in /root/rboxc/target/gawk-format-lifetime-candidate/release/rboxc)
==739424==    by 0x443E3AD: single_binary_main_gawk (in /root/rboxc/target/gawk-format-lifetime-candidate/release/rboxc)
==739424==    by 0x5A18600: (below main) (libc_start_call_main.h:59)
==739424== 
==739424== 1 bytes in 1 blocks are still reachable in loss record 5 of 223
==739424==    at 0x586E858: malloc (vg_replace_malloc.c:447)
==739424==    by 0x44390B0: rboxc_gawk_estrdup (in /root/rboxc/target/gawk-format-lifetime-candidate/release/rboxc)
==739424==    by 0x443E3C5: single_binary_main_gawk (in /root/rboxc/target/gawk-format-lifetime-candidate/release/rboxc)
==739424==    by 0x5A18600: (below main) (libc_start_call_main.h:59)
==739424== 
==739424== 1 bytes in 1 blocks are still reachable in loss record 6 of 223
==739424==    at 0x586E858: malloc (vg_replace_malloc.c:447)
==739424==    by 0x44390B0: rboxc_gawk_estrdup (in /root/rboxc/target/gawk-format-lifetime-candidate/release/rboxc)
==739424==    by 0x443E3DD: single_binary_main_gawk (in /root/rboxc/target/gawk-format-lifetime-candidate/release/rboxc)
==739424==    by 0x5A18600: (below main) (libc_start_call_main.h:59)
==739424== 
==739424== 1 bytes in 1 blocks are still reachable in loss record 7 of 223
==739424==    at 0x586E858: malloc (vg_replace_malloc.c:447)
==739424==    by 0x44390B0: rboxc_gawk_estrdup (in /root/rboxc/target/gawk-format-lifetime-candidate/release/rboxc)
==739424==    by 0x443E3F5: single_binary_main_gawk (in /root/rboxc/target/gawk-format-lifetime-candidate/release/rboxc)
==739424==    by 0x5A18600: (below main) (libc_start_call_main.h:59)
==739424== 
==739424== 1 bytes in 1 blocks are still reachable in loss record 8 of 223
==739424==    at 0x586E858: malloc (vg_replace_malloc.c:447)
==739424==    by 0x473F017: rboxc_gawk_make_str_node (in /root/rboxc/target/gawk-format-lifetime-candidate/release/rboxc)
==739424==    by 0x443E47C: single_binary_main_gawk (in /root/rboxc/target/gawk-format-lifetime-candidate/release/rboxc)
==739424==    by 0x5A18600: (below main) (libc_start_call_main.h:59)
==739424== 
==739424== 1 bytes in 1 blocks are still reachable in loss record 9 of 223
==739424==    at 0x586E858: malloc (vg_replace_malloc.c:447)
==739424==    by 0x473F017: rboxc_gawk_make_str_node (in /root/rboxc/target/gawk-format-lifetime-candidate/release/rboxc)
==739424==    by 0x472BED5: rboxc_gawk_init_fields (in /root/rboxc/target/gawk-format-lifetime-candidate/release/rboxc)
==739424==    by 0x443F9A0: single_binary_main_gawk (in /root/rboxc/target/gawk-format-lifetime-candidate/release/rboxc)
==739424==    by 0x5A18600: (below main) (libc_start_call_main.h:59)
==739424== 
==739424== 1 bytes in 1 blocks are still reachable in loss record 10 of 223
==739424==    at 0x586E858: malloc (vg_replace_malloc.c:447)
==739424==    by 0x473F017: rboxc_gawk_make_str_node (in /root/rboxc/target/gawk-format-lifetime-candidate/release/rboxc)
==739424==    by 0x472BF20: rboxc_gawk_init_fields (in /root/rboxc/target/gawk-format-lifetime-candidate/release/rboxc)
==739424==    by 0x443F9A0: single_binary_main_gawk (in /root/rboxc/target/gawk-format-lifetime-candidate/release/rboxc)
==739424==    by 0x5A18600: (below main) (libc_start_call_main.h:59)
==739424== 
==739424== 2 bytes in 1 blocks are still reachable in loss record 11 of 223
==739424==    at 0x586E858: malloc (vg_replace_malloc.c:447)
==739424==    by 0x44390B0: rboxc_gawk_estrdup (in /root/rboxc/target/gawk-format-lifetime-candidate/release/rboxc)
==739424==    by 0x443E31E: single_binary_main_gawk (in /root/rboxc/target/gawk-format-lifetime-candidate/release/rboxc)
==739424==    by 0x5A18600: (below main) (libc_start_call_main.h:59)
==739424== 
==739424== 2 bytes in 1 blocks are still reachable in loss record 12 of 223
==739424==    at 0x586E858: malloc (vg_replace_malloc.c:447)
==739424==    by 0x44390B0: rboxc_gawk_estrdup (in /root/rboxc/target/gawk-format-lifetime-candidate/release/rboxc)
==739424==    by 0x443E335: single_binary_main_gawk (in /root/rboxc/target/gawk-format-lifetime-candidate/release/rboxc)
==739424==    by 0x5A18600: (below main) (libc_start_call_main.h:59)
==739424== 
==739424== 2 bytes in 1 blocks are still reachable in loss record 13 of 223
==739424==    at 0x586E858: malloc (vg_replace_malloc.c:447)
==739424==    by 0x44390B0: rboxc_gawk_estrdup (in /root/rboxc/target/gawk-format-lifetime-candidate/release/rboxc)
==739424==    by 0x443E34D: single_binary_main_gawk (in /root/rboxc/target/gawk-format-lifetime-candidate/release/rboxc)
==739424==    by 0x5A18600: (below main) (libc_start_call_main.h:59)
==739424== 
==739424== 2 bytes in 1 blocks are still reachable in loss record 14 of 223
==739424==    at 0x586E858: malloc (vg_replace_malloc.c:447)
==739424==    by 0x471D3BF: rboxc_gawk_set_OFS (in /root/rboxc/target/gawk-format-lifetime-candidate/release/rboxc)
==739424==    by 0x443F2E8: single_binary_main_gawk (in /root/rboxc/target/gawk-format-lifetime-candidate/release/rboxc)
==739424==    by 0x5A18600: (below main) (libc_start_call_main.h:59)
==739424== 
==739424== 3 bytes in 1 blocks are still reachable in loss record 15 of 223
==739424==    at 0x586E858: malloc (vg_replace_malloc.c:447)
==739424==    by 0x473F017: rboxc_gawk_make_str_node (in /root/rboxc/target/gawk-format-lifetime-candidate/release/rboxc)
==739424==    by 0x472B6AF: update_PROCINFO_str.part.0 (in /root/rboxc/target/gawk-format-lifetime-candidate/release/rboxc)
==739424==    by 0x443F5CC: single_binary_main_gawk (in /root/rboxc/target/gawk-format-lifetime-candidate/release/rboxc)
==739424==    by 0x5A18600: (below main) (libc_start_call_main.h:59)
==739424== 
==739424== 3 bytes in 1 blocks are still reachable in loss record 16 of 223
==739424==    at 0x586E858: malloc (vg_replace_malloc.c:447)
==739424==    by 0x473F017: rboxc_gawk_make_str_node (in /root/rboxc/target/gawk-format-lifetime-candidate/release/rboxc)
==739424==    by 0x472B6C7: update_PROCINFO_str.part.0 (in /root/rboxc/target/gawk-format-lifetime-candidate/release/rboxc)
==739424==    by 0x443F5CC: single_binary_main_gawk (in /root/rboxc/target/gawk-format-lifetime-candidate/release/rboxc)
==739424==    by 0x5A18600: (below main) (libc_start_call_main.h:59)
==739424== 
==739424== 3 bytes in 1 blocks are still reachable in loss record 17 of 223
==739424==    at 0x586E858: malloc (vg_replace_malloc.c:447)
==739424==    by 0x473F017: rboxc_gawk_make_str_node (in /root/rboxc/target/gawk-format-lifetime-candidate/release/rboxc)
==739424==    by 0x474D135: install (in /root/rboxc/target/gawk-format-lifetime-candidate/release/rboxc)
==739424==    by 0x46F2685: rboxc_gawk_yyparse (in /root/rboxc/target/gawk-format-lifetime-candidate/release/rboxc)
==739424==    by 0x46F639A: rboxc_gawk_parse_program (in /root/rboxc/target/gawk-format-lifetime-candidate/release/rboxc)
==739424==    by 0x44402A4: single_binary_main_gawk (in /root/rboxc/target/gawk-format-lifetime-candidate/release/rboxc)
==739424==    by 0x5A18600: (below main) (libc_start_call_main.h:59)
==739424== 
==739424== 3 bytes in 1 blocks are still reachable in loss record 18 of 223
==739424==    at 0x586E858: malloc (vg_replace_malloc.c:447)
==739424==    by 0x474A8C6: rboxc_gawk_make_regexp (in /root/rboxc/target/gawk-format-lifetime-candidate/release/rboxc)
==739424==    by 0x474B3F5: rboxc_gawk_re_update (in /root/rboxc/target/gawk-format-lifetime-candidate/release/rboxc)
==739424==    by 0x47246C7: rboxc_gawk_r_interpret (in /root/rboxc/target/gawk-format-lifetime-candidate/release/rboxc)
==739424==    by 0x4440403: single_binary_main_gawk (in /root/rboxc/target/gawk-format-lifetime-candidate/release/rboxc)
==739424==    by 0x5A18600: (below main) (libc_start_call_main.h:59)
==739424== 
==739424== 4 bytes in 1 blocks are still reachable in loss record 19 of 223
==739424==    at 0x586E858: malloc (vg_replace_malloc.c:447)
==739424==    by 0x473F017: rboxc_gawk_make_str_node (in /root/rboxc/target/gawk-format-lifetime-candidate/release/rboxc)
==739424==    by 0x472EB44: rboxc_gawk_update_PROCINFO_num (in /root/rboxc/target/gawk-format-lifetime-candidate/release/rboxc)
==739424==    by 0x443F53B: single_binary_main_gawk (in /root/rboxc/target/gawk-format-lifetime-candidate/release/rboxc)
==739424==    by 0x5A18600: (below main) (libc_start_call_main.h:59)
==739424== 
==739424== 4 bytes in 1 blocks are still reachable in loss record 20 of 223
==739424==    at 0x586E858: malloc (vg_replace_malloc.c:447)
==739424==    by 0x473F017: rboxc_gawk_make_str_node (in /root/rboxc/target/gawk-format-lifetime-candidate/release/rboxc)
==739424==    by 0x472EB44: rboxc_gawk_update_PROCINFO_num (in /root/rboxc/target/gawk-format-lifetime-candidate/release/rboxc)
==739424==    by 0x443F56C: single_binary_main_gawk (in /root/rboxc/target/gawk-format-lifetime-candidate/release/rboxc)
==739424==    by 0x5A18600: (below main) (libc_start_call_main.h:59)
==739424== 
==739424== 4 bytes in 1 blocks are still reachable in loss record 21 of 223
==739424==    at 0x586E858: malloc (vg_replace_malloc.c:447)
==739424==    by 0x473F017: rboxc_gawk_make_str_node (in /root/rboxc/target/gawk-format-lifetime-candidate/release/rboxc)
==739424==    by 0x472EB44: rboxc_gawk_update_PROCINFO_num (in /root/rboxc/target/gawk-format-lifetime-candidate/release/rboxc)
==739424==    by 0x443F5A0: single_binary_main_gawk (in /root/rboxc/target/gawk-format-lifetime-candidate/release/rboxc)
==739424==    by 0x5A18600: (below main) (libc_start_call_main.h:59)
==739424== 
==739424== 4 bytes in 1 blocks are still reachable in loss record 22 of 223
==739424==    at 0x586E858: malloc (vg_replace_malloc.c:447)
==739424==    by 0x473F017: rboxc_gawk_make_str_node (in /root/rboxc/target/gawk-format-lifetime-candidate/release/rboxc)
==739424==    by 0x472B6AF: update_PROCINFO_str.part.0 (in /root/rboxc/target/gawk-format-lifetime-candidate/release/rboxc)
==739424==    by 0x443F758: single_binary_main_gawk (in /root/rboxc/target/gawk-format-lifetime-candidate/release/rboxc)
==739424==    by 0x5A18600: (below main) (libc_start_call_main.h:59)
==739424== 
==739424== 5 bytes in 1 blocks are still reachable in loss record 23 of 223
==739424==    at 0x586E858: malloc (vg_replace_malloc.c:447)
==739424==    by 0x473F017: rboxc_gawk_make_str_node (in /root/rboxc/target/gawk-format-lifetime-candidate/release/rboxc)
==739424==    by 0x472EB44: rboxc_gawk_update_PROCINFO_num (in /root/rboxc/target/gawk-format-lifetime-candidate/release/rboxc)
==739424==    by 0x443F552: single_binary_main_gawk (in /root/rboxc/target/gawk-format-lifetime-candidate/release/rboxc)
==739424==    by 0x5A18600: (below main) (libc_start_call_main.h:59)
==739424== 
==739424== 5 bytes in 1 blocks are still reachable in loss record 24 of 223
==739424==    at 0x586E858: malloc (vg_replace_malloc.c:447)
==739424==    by 0x473F017: rboxc_gawk_make_str_node (in /root/rboxc/target/gawk-format-lifetime-candidate/release/rboxc)
==739424==    by 0x472EB44: rboxc_gawk_update_PROCINFO_num (in /root/rboxc/target/gawk-format-lifetime-candidate/release/rboxc)
==739424==    by 0x443F586: single_binary_main_gawk (in /root/rboxc/target/gawk-format-lifetime-candidate/release/rboxc)
==739424==    by 0x5A18600: (below main) (libc_start_call_main.h:59)
==739424== 
==739424== 5 bytes in 1 blocks are still reachable in loss record 25 of 223
==739424==    at 0x586E858: malloc (vg_replace_malloc.c:447)
==739424==    by 0x473F017: rboxc_gawk_make_str_node (in /root/rboxc/target/gawk-format-lifetime-candidate/release/rboxc)
==739424==    by 0x472EB44: rboxc_gawk_update_PROCINFO_num (in /root/rboxc/target/gawk-format-lifetime-candidate/release/rboxc)
==739424==    by 0x443F5BA: single_binary_main_gawk (in /root/rboxc/target/gawk-format-lifetime-candidate/release/rboxc)
==739424==    by 0x5A18600: (below main) (libc_start_call_main.h:59)
==739424== 
==739424== 5 bytes in 1 blocks are still reachable in loss record 26 of 223
==739424==    at 0x586E858: malloc (vg_replace_malloc.c:447)
==739424==    by 0x443F7C5: single_binary_main_gawk (in /root/rboxc/target/gawk-format-lifetime-candidate/release/rboxc)
==739424==    by 0x5A18600: (below main) (libc_start_call_main.h:59)
==739424== 
==739424== 5 bytes in 1 blocks are still reachable in loss record 27 of 223
==739424==    at 0x586E858: malloc (vg_replace_malloc.c:447)
==739424==    by 0x473F017: rboxc_gawk_make_str_node (in /root/rboxc/target/gawk-format-lifetime-candidate/release/rboxc)
==739424==    by 0x443F86B: single_binary_main_gawk (in /root/rboxc/target/gawk-format-lifetime-candidate/release/rboxc)
==739424==    by 0x5A18600: (below main) (libc_start_call_main.h:59)
==739424== 
==739424== 5 bytes in 1 blocks are still reachable in loss record 28 of 223
==739424==    at 0x586E858: malloc (vg_replace_malloc.c:447)
==739424==    by 0x443FED2: single_binary_main_gawk (in /root/rboxc/target/gawk-format-lifetime-candidate/release/rboxc)
==739424==    by 0x5A18600: (below main) (libc_start_call_main.h:59)
==739424== 
==739424== 5 bytes in 1 blocks are still reachable in loss record 29 of 223
==739424==    at 0x586E858: malloc (vg_replace_malloc.c:447)
==739424==    by 0x473F017: rboxc_gawk_make_str_node (in /root/rboxc/target/gawk-format-lifetime-candidate/release/rboxc)
==739424==    by 0x474D135: install (in /root/rboxc/target/gawk-format-lifetime-candidate/release/rboxc)
==739424==    by 0x443FF58: single_binary_main_gawk (in /root/rboxc/target/gawk-format-lifetime-candidate/release/rboxc)
==739424==    by 0x5A18600: (below main) (libc_start_call_main.h:59)
==739424== 
==739424== 5 bytes in 1 blocks are still reachable in loss record 30 of 223
==739424==    at 0x586E858: malloc (vg_replace_malloc.c:447)
==739424==    by 0x473F017: rboxc_gawk_make_str_node (in /root/rboxc/target/gawk-format-lifetime-candidate/release/rboxc)
==739424==    by 0x443FF98: single_binary_main_gawk (in /root/rboxc/target/gawk-format-lifetime-candidate/release/rboxc)
==739424==    by 0x5A18600: (below main) (libc_start_call_main.h:59)
==739424== 
==739424== 5 bytes in 1 blocks are still reachable in loss record 31 of 223
==739424==    at 0x586E858: malloc (vg_replace_malloc.c:447)
==739424==    by 0x44401AB: single_binary_main_gawk (in /root/rboxc/target/gawk-format-lifetime-candidate/release/rboxc)
==739424==    by 0x5A18600: (below main) (libc_start_call_main.h:59)
==739424== 
==739424== 5 bytes in 1 blocks are still reachable in loss record 32 of 223
==739424==    at 0x586E858: malloc (vg_replace_malloc.c:447)
==739424==    by 0x473F017: rboxc_gawk_make_str_node (in /root/rboxc/target/gawk-format-lifetime-candidate/release/rboxc)
==739424==    by 0x474D135: install (in /root/rboxc/target/gawk-format-lifetime-candidate/release/rboxc)
==739424==    by 0x4440233: single_binary_main_gawk (in /root/rboxc/target/gawk-format-lifetime-candidate/release/rboxc)
==739424==    by 0x5A18600: (below main) (libc_start_call_main.h:59)
==739424== 
==739424== 6 bytes in 1 blocks are still reachable in loss record 33 of 223
==739424==    at 0x586E858: malloc (vg_replace_malloc.c:447)
==739424==    by 0x473F017: rboxc_gawk_make_str_node (in /root/rboxc/target/gawk-format-lifetime-candidate/release/rboxc)
==739424==    by 0x472B6C7: update_PROCINFO_str.part.0 (in /root/rboxc/target/gawk-format-lifetime-candidate/release/rboxc)
==739424==    by 0x443F4C2: single_binary_main_gawk (in /root/rboxc/target/gawk-format-lifetime-candidate/release/rboxc)
==739424==    by 0x5A18600: (below main) (libc_start_call_main.h:59)
==739424== 
==739424== 6 bytes in 1 blocks are still reachable in loss record 34 of 223
==739424==    at 0x586E858: malloc (vg_replace_malloc.c:447)
==739424==    by 0x473F017: rboxc_gawk_make_str_node (in /root/rboxc/target/gawk-format-lifetime-candidate/release/rboxc)
==739424==    by 0x472B6C7: update_PROCINFO_str.part.0 (in /root/rboxc/target/gawk-format-lifetime-candidate/release/rboxc)
==739424==    by 0x443F4E2: single_binary_main_gawk (in /root/rboxc/target/gawk-format-lifetime-candidate/release/rboxc)
==739424==    by 0x5A18600: (below main) (libc_start_call_main.h:59)
==739424== 
==739424== 6 bytes in 1 blocks are still reachable in loss record 35 of 223
==739424==    at 0x586E858: malloc (vg_replace_malloc.c:447)
==739424==    by 0x473F017: rboxc_gawk_make_str_node (in /root/rboxc/target/gawk-format-lifetime-candidate/release/rboxc)
==739424==    by 0x474E1EA: rboxc_gawk_load_symbols (in /root/rboxc/target/gawk-format-lifetime-candidate/release/rboxc)
==739424==    by 0x444037C: single_binary_main_gawk (in /root/rboxc/target/gawk-format-lifetime-candidate/release/rboxc)
==739424==    by 0x5A18600: (below main) (libc_start_call_main.h:59)
==739424== 
==739424== 7 bytes in 1 blocks are still reachable in loss record 36 of 223
==739424==    at 0x586E858: malloc (vg_replace_malloc.c:447)
==739424==    by 0x44390B0: rboxc_gawk_estrdup (in /root/rboxc/target/gawk-format-lifetime-candidate/release/rboxc)
==739424==    by 0x474D461: init_the_tables (in /root/rboxc/target/gawk-format-lifetime-candidate/release/rboxc)
==739424==    by 0x443E550: single_binary_main_gawk (in /root/rboxc/target/gawk-format-lifetime-candidate/release/rboxc)
==739424==    by 0x5A18600: (below main) (libc_start_call_main.h:59)
==739424== 
==739424== 7 bytes in 1 blocks are still reachable in loss record 37 of 223
==739424==    at 0x586E858: malloc (vg_replace_malloc.c:447)
==739424==    by 0x473F017: rboxc_gawk_make_str_node (in /root/rboxc/target/gawk-format-lifetime-candidate/release/rboxc)
==739424==    by 0x474D135: install (in /root/rboxc/target/gawk-format-lifetime-candidate/release/rboxc)
==739424==    by 0x474D470: init_the_tables (in /root/rboxc/target/gawk-format-lifetime-candidate/release/rboxc)
==739424==    by 0x443E550: single_binary_main_gawk (in /root/rboxc/target/gawk-format-lifetime-candidate/release/rboxc)
==739424==    by 0x5A18600: (below main) (libc_start_call_main.h:59)
==739424== 
==739424== 7 bytes in 1 blocks are still reachable in loss record 38 of 223
==739424==    at 0x586E858: malloc (vg_replace_malloc.c:447)
==739424==    by 0x473F017: rboxc_gawk_make_str_node (in /root/rboxc/target/gawk-format-lifetime-candidate/release/rboxc)
==739424==    by 0x472EB44: rboxc_gawk_update_PROCINFO_num (in /root/rboxc/target/gawk-format-lifetime-candidate/release/rboxc)
==739424==    by 0x443F524: single_binary_main_gawk (in /root/rboxc/target/gawk-format-lifetime-candidate/release/rboxc)
==739424==    by 0x5A18600: (below main) (libc_start_call_main.h:59)
==739424== 
==739424== 7 bytes in 1 blocks are still reachable in loss record 39 of 223
==739424==    at 0x586E858: malloc (vg_replace_malloc.c:447)
==739424==    by 0x473F017: rboxc_gawk_make_str_node (in /root/rboxc/target/gawk-format-lifetime-candidate/release/rboxc)
==739424==    by 0x474E1BA: rboxc_gawk_load_symbols (in /root/rboxc/target/gawk-format-lifetime-candidate/release/rboxc)
==739424==    by 0x444037C: single_binary_main_gawk (in /root/rboxc/target/gawk-format-lifetime-candidate/release/rboxc)
==739424==    by 0x5A18600: (below main) (libc_start_call_main.h:59)
==739424== 
==739424== 8 bytes in 1 blocks are still reachable in loss record 40 of 223
==739424==    at 0x586E858: malloc (vg_replace_malloc.c:447)
==739424==    by 0x44390B0: rboxc_gawk_estrdup (in /root/rboxc/target/gawk-format-lifetime-candidate/release/rboxc)
==739424==    by 0x474D43A: init_the_tables (in /root/rboxc/target/gawk-format-lifetime-candidate/release/rboxc)
==739424==    by 0x443E550: single_binary_main_gawk (in /root/rboxc/target/gawk-format-lifetime-candidate/release/rboxc)
==739424==    by 0x5A18600: (below main) (libc_start_call_main.h:59)
==739424== 
==739424== 8 bytes in 1 blocks are still reachable in loss record 41 of 223
==739424==    at 0x586E858: malloc (vg_replace_malloc.c:447)
==739424==    by 0x473F017: rboxc_gawk_make_str_node (in /root/rboxc/target/gawk-format-lifetime-candidate/release/rboxc)
==739424==    by 0x474D135: install (in /root/rboxc/target/gawk-format-lifetime-candidate/release/rboxc)
==739424==    by 0x474D449: init_the_tables (in /root/rboxc/target/gawk-format-lifetime-candidate/release/rboxc)
==739424==    by 0x443E550: single_binary_main_gawk (in /root/rboxc/target/gawk-format-lifetime-candidate/release/rboxc)
==739424==    by 0x5A18600: (below main) (libc_start_call_main.h:59)
==739424== 
==739424== 8 bytes in 1 blocks are still reachable in loss record 42 of 223
==739424==    at 0x586E858: malloc (vg_replace_malloc.c:447)
==739424==    by 0x473F017: rboxc_gawk_make_str_node (in /root/rboxc/target/gawk-format-lifetime-candidate/release/rboxc)
==739424==    by 0x472B6AF: update_PROCINFO_str.part.0 (in /root/rboxc/target/gawk-format-lifetime-candidate/release/rboxc)
==739424==    by 0x443F4C2: single_binary_main_gawk (in /root/rboxc/target/gawk-format-lifetime-candidate/release/rboxc)
==739424==    by 0x5A18600: (below main) (libc_start_call_main.h:59)
==739424== 
==739424== 8 bytes in 1 blocks are still reachable in loss record 43 of 223
==739424==    at 0x586E858: malloc (vg_replace_malloc.c:447)
==739424==    by 0x443F8A0: single_binary_main_gawk (in /root/rboxc/target/gawk-format-lifetime-candidate/release/rboxc)
==739424==    by 0x5A18600: (below main) (libc_start_call_main.h:59)
==739424== 
==739424== 8 bytes in 1 blocks are still reachable in loss record 44 of 223
==739424==    at 0x586E858: malloc (vg_replace_malloc.c:447)
==739424==    by 0x473F017: rboxc_gawk_make_str_node (in /root/rboxc/target/gawk-format-lifetime-candidate/release/rboxc)
==739424==    by 0x474D135: install (in /root/rboxc/target/gawk-format-lifetime-candidate/release/rboxc)
==739424==    by 0x443F92D: single_binary_main_gawk (in /root/rboxc/target/gawk-format-lifetime-candidate/release/rboxc)
==739424==    by 0x5A18600: (below main) (libc_start_call_main.h:59)
==739424== 
==739424== 8 bytes in 1 blocks are still reachable in loss record 45 of 223
==739424==    at 0x586E858: malloc (vg_replace_malloc.c:447)
==739424==    by 0x472BEB2: rboxc_gawk_init_fields (in /root/rboxc/target/gawk-format-lifetime-candidate/release/rboxc)
==739424==    by 0x443F9A0: single_binary_main_gawk (in /root/rboxc/target/gawk-format-lifetime-candidate/release/rboxc)
==739424==    by 0x5A18600: (below main) (libc_start_call_main.h:59)
==739424== 
==739424== 8 bytes in 1 blocks are still reachable in loss record 46 of 223
==739424==    at 0x586E858: malloc (vg_replace_malloc.c:447)
==739424==    by 0x473F017: rboxc_gawk_make_str_node (in /root/rboxc/target/gawk-format-lifetime-candidate/release/rboxc)
==739424==    by 0x474E1D2: rboxc_gawk_load_symbols (in /root/rboxc/target/gawk-format-lifetime-candidate/release/rboxc)
==739424==    by 0x444037C: single_binary_main_gawk (in /root/rboxc/target/gawk-format-lifetime-candidate/release/rboxc)
==739424==    by 0x5A18600: (below main) (libc_start_call_main.h:59)
==739424== 
==739424== 8 bytes in 1 blocks are still reachable in loss record 47 of 223
==739424==    at 0x586E858: malloc (vg_replace_malloc.c:447)
==739424==    by 0x473F017: rboxc_gawk_make_str_node (in /root/rboxc/target/gawk-format-lifetime-candidate/release/rboxc)
==739424==    by 0x474E202: rboxc_gawk_load_symbols (in /root/rboxc/target/gawk-format-lifetime-candidate/release/rboxc)
==739424==    by 0x444037C: single_binary_main_gawk (in /root/rboxc/target/gawk-format-lifetime-candidate/release/rboxc)
==739424==    by 0x5A18600: (below main) (libc_start_call_main.h:59)
==739424== 
==739424== 9 bytes in 1 blocks are still reachable in loss record 48 of 223
==739424==    at 0x586E858: malloc (vg_replace_malloc.c:447)
==739424==    by 0x443F414: single_binary_main_gawk (in /root/rboxc/target/gawk-format-lifetime-candidate/release/rboxc)
==739424==    by 0x5A18600: (below main) (libc_start_call_main.h:59)
==739424== 
==739424== 9 bytes in 1 blocks are still reachable in loss record 49 of 223
==739424==    at 0x586E858: malloc (vg_replace_malloc.c:447)
==739424==    by 0x473F017: rboxc_gawk_make_str_node (in /root/rboxc/target/gawk-format-lifetime-candidate/release/rboxc)
==739424==    by 0x474D135: install (in /root/rboxc/target/gawk-format-lifetime-candidate/release/rboxc)
==739424==    by 0x443F4A1: single_binary_main_gawk (in /root/rboxc/target/gawk-format-lifetime-candidate/release/rboxc)
==739424==    by 0x5A18600: (below main) (libc_start_call_main.h:59)
==739424== 
==739424== 9 bytes in 1 blocks are still reachable in loss record 50 of 223
==739424==    at 0x586E858: malloc (vg_replace_malloc.c:447)
==739424==    by 0x473F017: rboxc_gawk_make_str_node (in /root/rboxc/target/gawk-format-lifetime-candidate/release/rboxc)
==739424==    by 0x472B6AF: update_PROCINFO_str.part.0 (in /root/rboxc/target/gawk-format-lifetime-candidate/release/rboxc)
==739424==    by 0x443F4D2: single_binary_main_gawk (in /root/rboxc/target/gawk-format-lifetime-candidate/release/rboxc)
==739424==    by 0x5A18600: (below main) (libc_start_call_main.h:59)
==739424== 
==739424== 9 bytes in 1 blocks are still reachable in loss record 51 of 223
==739424==    at 0x586E858: malloc (vg_replace_malloc.c:447)
==739424==    by 0x473F017: rboxc_gawk_make_str_node (in /root/rboxc/target/gawk-format-lifetime-candidate/release/rboxc)
==739424==    by 0x472B6AF: update_PROCINFO_str.part.0 (in /root/rboxc/target/gawk-format-lifetime-candidate/release/rboxc)
==739424==    by 0x443F4E2: single_binary_main_gawk (in /root/rboxc/target/gawk-format-lifetime-candidate/release/rboxc)
==739424==    by 0x5A18600: (below main) (libc_start_call_main.h:59)
==739424== 
==739424== 10 bytes in 1 blocks are still reachable in loss record 52 of 223
==739424==    at 0x586E858: malloc (vg_replace_malloc.c:447)
==739424==    by 0x473F017: rboxc_gawk_make_str_node (in /root/rboxc/target/gawk-format-lifetime-candidate/release/rboxc)
==739424==    by 0x472EB44: rboxc_gawk_update_PROCINFO_num (in /root/rboxc/target/gawk-format-lifetime-candidate/release/rboxc)
==739424==    by 0x443F4FB: single_binary_main_gawk (in /root/rboxc/target/gawk-format-lifetime-candidate/release/rboxc)
==739424==    by 0x5A18600: (below main) (libc_start_call_main.h:59)
==739424== 
==739424== 10 bytes in 1 blocks are still reachable in loss record 53 of 223
==739424==    at 0x586E858: malloc (vg_replace_malloc.c:447)
==739424==    by 0x473F017: rboxc_gawk_make_str_node (in /root/rboxc/target/gawk-format-lifetime-candidate/release/rboxc)
==739424==    by 0x472EB44: rboxc_gawk_update_PROCINFO_num (in /root/rboxc/target/gawk-format-lifetime-candidate/release/rboxc)
==739424==    by 0x443F50D: single_binary_main_gawk (in /root/rboxc/target/gawk-format-lifetime-candidate/release/rboxc)
==739424==    by 0x5A18600: (below main) (libc_start_call_main.h:59)
==739424== 
==739424== 10 bytes in 1 blocks are still reachable in loss record 54 of 223
==739424==    at 0x586E858: malloc (vg_replace_malloc.c:447)
==739424==    by 0x473F017: rboxc_gawk_make_str_node (in /root/rboxc/target/gawk-format-lifetime-candidate/release/rboxc)
==739424==    by 0x472B6C7: update_PROCINFO_str.part.0 (in /root/rboxc/target/gawk-format-lifetime-candidate/release/rboxc)
==739424==    by 0x443F758: single_binary_main_gawk (in /root/rboxc/target/gawk-format-lifetime-candidate/release/rboxc)
==739424==    by 0x5A18600: (below main) (libc_start_call_main.h:59)
==739424== 
==739424== 12 bytes in 1 blocks are still reachable in loss record 55 of 223
==739424==    at 0x586E858: malloc (vg_replace_malloc.c:447)
==739424==    by 0x473F017: rboxc_gawk_make_str_node (in /root/rboxc/target/gawk-format-lifetime-candidate/release/rboxc)
==739424==    by 0x474E0B7: rboxc_gawk_load_symbols (in /root/rboxc/target/gawk-format-lifetime-candidate/release/rboxc)
==739424==    by 0x444037C: single_binary_main_gawk (in /root/rboxc/target/gawk-format-lifetime-candidate/release/rboxc)
==739424==    by 0x5A18600: (below main) (libc_start_call_main.h:59)
==739424== 
==739424== 12 bytes in 1 blocks are still reachable in loss record 56 of 223
==739424==    at 0x586E858: malloc (vg_replace_malloc.c:447)
==739424==    by 0x44390B0: rboxc_gawk_estrdup (in /root/rboxc/target/gawk-format-lifetime-candidate/release/rboxc)
==739424==    by 0x474E173: rboxc_gawk_load_symbols (in /root/rboxc/target/gawk-format-lifetime-candidate/release/rboxc)
==739424==    by 0x444037C: single_binary_main_gawk (in /root/rboxc/target/gawk-format-lifetime-candidate/release/rboxc)
==739424==    by 0x5A18600: (below main) (libc_start_call_main.h:59)
==739424== 
==739424== 12 bytes in 3 blocks are still reachable in loss record 57 of 223
==739424==    at 0x586E858: malloc (vg_replace_malloc.c:447)
==739424==    by 0x46E69A7: rboxc_gawk_concat_exp (in /root/rboxc/target/gawk-format-lifetime-candidate/release/rboxc)
==739424==    by 0x47259FC: rboxc_gawk_r_interpret (in /root/rboxc/target/gawk-format-lifetime-candidate/release/rboxc)
==739424==    by 0x4440403: single_binary_main_gawk (in /root/rboxc/target/gawk-format-lifetime-candidate/release/rboxc)
==739424==    by 0x5A18600: (below main) (libc_start_call_main.h:59)
==739424== 
==739424== 14 bytes in 1 blocks are still reachable in loss record 58 of 223
==739424==    at 0x586E858: malloc (vg_replace_malloc.c:447)
==739424==    by 0x44390B0: rboxc_gawk_estrdup (in /root/rboxc/target/gawk-format-lifetime-candidate/release/rboxc)
==739424==    by 0x46EA661: do_add_srcfile (in /root/rboxc/target/gawk-format-lifetime-candidate/release/rboxc)
==739424==    by 0x46EE6D0: rboxc_gawk_add_srcfile (in /root/rboxc/target/gawk-format-lifetime-candidate/release/rboxc)
==739424==    by 0x443E939: single_binary_main_gawk (in /root/rboxc/target/gawk-format-lifetime-candidate/release/rboxc)
==739424==    by 0x5A18600: (below main) (libc_start_call_main.h:59)
==739424== 
==739424== 22 bytes in 3 blocks are still reachable in loss record 59 of 223
==739424==    at 0x586E858: malloc (vg_replace_malloc.c:447)
==739424==    by 0x443E678: single_binary_main_gawk (in /root/rboxc/target/gawk-format-lifetime-candidate/release/rboxc)
==739424==    by 0x5A18600: (below main) (libc_start_call_main.h:59)
==739424== 
==739424== 22 bytes in 3 blocks are still reachable in loss record 60 of 223
==739424==    at 0x586E858: malloc (vg_replace_malloc.c:447)
==739424==    by 0x473F017: rboxc_gawk_make_str_node (in /root/rboxc/target/gawk-format-lifetime-candidate/release/rboxc)
==739424==    by 0x4440154: single_binary_main_gawk (in /root/rboxc/target/gawk-format-lifetime-candidate/release/rboxc)
==739424==    by 0x5A18600: (below main) (libc_start_call_main.h:59)
==739424== 
==739424== 24 bytes in 1 blocks are still reachable in loss record 61 of 223
==739424==    at 0x5875E43: calloc (vg_replace_malloc.c:1678)
==739424==    by 0x4735832: do_find_source (in /root/rboxc/target/gawk-format-lifetime-candidate/release/rboxc)
==739424==    by 0x473C081: rboxc_gawk_find_source (in /root/rboxc/target/gawk-format-lifetime-candidate/release/rboxc)
==739424==    by 0x46EE658: rboxc_gawk_add_srcfile (in /root/rboxc/target/gawk-format-lifetime-candidate/release/rboxc)
==739424==    by 0x443E939: single_binary_main_gawk (in /root/rboxc/target/gawk-format-lifetime-candidate/release/rboxc)
==739424==    by 0x5A18600: (below main) (libc_start_call_main.h:59)
==739424== 
==739424== 24 bytes in 1 blocks are still reachable in loss record 62 of 223
==739424==    at 0x586E858: malloc (vg_replace_malloc.c:447)
==739424==    by 0x473F017: rboxc_gawk_make_str_node (in /root/rboxc/target/gawk-format-lifetime-candidate/release/rboxc)
==739424==    by 0x472B6C7: update_PROCINFO_str.part.0 (in /root/rboxc/target/gawk-format-lifetime-candidate/release/rboxc)
==739424==    by 0x443F4D2: single_binary_main_gawk (in /root/rboxc/target/gawk-format-lifetime-candidate/release/rboxc)
==739424==    by 0x5A18600: (below main) (libc_start_call_main.h:59)
==739424== 
==739424== 26 bytes in 1 blocks are still reachable in loss record 63 of 223
==739424==    at 0x586E858: malloc (vg_replace_malloc.c:447)
==739424==    by 0x4735927: do_find_source (in /root/rboxc/target/gawk-format-lifetime-candidate/release/rboxc)
==739424==    by 0x473C081: rboxc_gawk_find_source (in /root/rboxc/target/gawk-format-lifetime-candidate/release/rboxc)
==739424==    by 0x46EE658: rboxc_gawk_add_srcfile (in /root/rboxc/target/gawk-format-lifetime-candidate/release/rboxc)
==739424==    by 0x443E939: single_binary_main_gawk (in /root/rboxc/target/gawk-format-lifetime-candidate/release/rboxc)
==739424==    by 0x5A18600: (below main) (libc_start_call_main.h:59)
==739424== 
==739424== 32 bytes in 1 blocks are still reachable in loss record 64 of 223
==739424==    at 0x586E858: malloc (vg_replace_malloc.c:447)
==739424==    by 0x443E5D9: single_binary_main_gawk (in /root/rboxc/target/gawk-format-lifetime-candidate/release/rboxc)
==739424==    by 0x5A18600: (below main) (libc_start_call_main.h:59)
==739424== 
==739424== 32 bytes in 1 blocks are still reachable in loss record 65 of 223
==739424==    at 0x586E858: malloc (vg_replace_malloc.c:447)
==739424==    by 0x471C517: fmt_index (in /root/rboxc/target/gawk-format-lifetime-candidate/release/rboxc)
==739424==    by 0x471D606: rboxc_gawk_set_CONVFMT (in /root/rboxc/target/gawk-format-lifetime-candidate/release/rboxc)
==739424==    by 0x443F2E8: single_binary_main_gawk (in /root/rboxc/target/gawk-format-lifetime-candidate/release/rboxc)
==739424==    by 0x5A18600: (below main) (libc_start_call_main.h:59)
==739424== 
==739424== 32 bytes in 1 blocks are still reachable in loss record 66 of 223
==739424==    at 0x587607F: realloc (vg_replace_malloc.c:1804)
==739424==    by 0x473F12E: rboxc_gawk_make_str_node (in /root/rboxc/target/gawk-format-lifetime-candidate/release/rboxc)
==739424==    by 0x46F0DF4: yylex (in /root/rboxc/target/gawk-format-lifetime-candidate/release/rboxc)
==739424==    by 0x46F249C: rboxc_gawk_yyparse (in /root/rboxc/target/gawk-format-lifetime-candidate/release/rboxc)
==739424==    by 0x46F639A: rboxc_gawk_parse_program (in /root/rboxc/target/gawk-format-lifetime-candidate/release/rboxc)
==739424==    by 0x44402A4: single_binary_main_gawk (in /root/rboxc/target/gawk-format-lifetime-candidate/release/rboxc)
==739424==    by 0x5A18600: (below main) (libc_start_call_main.h:59)
==739424== 
==739424== 39 bytes in 1 blocks are still reachable in loss record 67 of 223
==739424==    at 0x586E858: malloc (vg_replace_malloc.c:447)
==739424==    by 0x47355F3: do_find_source (in /root/rboxc/target/gawk-format-lifetime-candidate/release/rboxc)
==739424==    by 0x473C081: rboxc_gawk_find_source (in /root/rboxc/target/gawk-format-lifetime-candidate/release/rboxc)
==739424==    by 0x46EE658: rboxc_gawk_add_srcfile (in /root/rboxc/target/gawk-format-lifetime-candidate/release/rboxc)
==739424==    by 0x443E939: single_binary_main_gawk (in /root/rboxc/target/gawk-format-lifetime-candidate/release/rboxc)
==739424==    by 0x5A18600: (below main) (libc_start_call_main.h:59)
==739424== 
==739424== 48 bytes in 1 blocks are still reachable in loss record 68 of 223
==739424==    at 0x586E858: malloc (vg_replace_malloc.c:447)
==739424==    by 0x473EBAB: rboxc_gawk_r_getblock (in /root/rboxc/target/gawk-format-lifetime-candidate/release/rboxc)
==739424==    by 0x474C959: str_lookup (in /root/rboxc/target/gawk-format-lifetime-candidate/release/rboxc)
==739424==    by 0x474D16C: install (in /root/rboxc/target/gawk-format-lifetime-candidate/release/rboxc)
==739424==    by 0x474D449: init_the_tables (in /root/rboxc/target/gawk-format-lifetime-candidate/release/rboxc)
==739424==    by 0x443E550: single_binary_main_gawk (in /root/rboxc/target/gawk-format-lifetime-candidate/release/rboxc)
==739424==    by 0x5A18600: (below main) (libc_start_call_main.h:59)
==739424== 
==739424== 48 bytes in 1 blocks are still reachable in loss record 69 of 223
==739424==    at 0x586E858: malloc (vg_replace_malloc.c:447)
==739424==    by 0x473EBAB: rboxc_gawk_r_getblock (in /root/rboxc/target/gawk-format-lifetime-candidate/release/rboxc)
==739424==    by 0x474C959: str_lookup (in /root/rboxc/target/gawk-format-lifetime-candidate/release/rboxc)
==739424==    by 0x474D16C: install (in /root/rboxc/target/gawk-format-lifetime-candidate/release/rboxc)
==739424==    by 0x474D470: init_the_tables (in /root/rboxc/target/gawk-format-lifetime-candidate/release/rboxc)
==739424==    by 0x443E550: single_binary_main_gawk (in /root/rboxc/target/gawk-format-lifetime-candidate/release/rboxc)
==739424==    by 0x5A18600: (below main) (libc_start_call_main.h:59)
==739424== 
==739424== 48 bytes in 1 blocks are still reachable in loss record 70 of 223
==739424==    at 0x586E858: malloc (vg_replace_malloc.c:447)
==739424==    by 0x473EBAB: rboxc_gawk_r_getblock (in /root/rboxc/target/gawk-format-lifetime-candidate/release/rboxc)
==739424==    by 0x474C959: str_lookup (in /root/rboxc/target/gawk-format-lifetime-candidate/release/rboxc)
==739424==    by 0x474D16C: install (in /root/rboxc/target/gawk-format-lifetime-candidate/release/rboxc)
==739424==    by 0x443F4A1: single_binary_main_gawk (in /root/rboxc/target/gawk-format-lifetime-candidate/release/rboxc)
==739424==    by 0x5A18600: (below main) (libc_start_call_main.h:59)
==739424== 
==739424== 48 bytes in 1 blocks are still reachable in loss record 71 of 223
==739424==    at 0x586E858: malloc (vg_replace_malloc.c:447)
==739424==    by 0x473EBAB: rboxc_gawk_r_getblock (in /root/rboxc/target/gawk-format-lifetime-candidate/release/rboxc)
==739424==    by 0x474C959: str_lookup (in /root/rboxc/target/gawk-format-lifetime-candidate/release/rboxc)
==739424==    by 0x472B6DE: update_PROCINFO_str.part.0 (in /root/rboxc/target/gawk-format-lifetime-candidate/release/rboxc)
==739424==    by 0x443F4C2: single_binary_main_gawk (in /root/rboxc/target/gawk-format-lifetime-candidate/release/rboxc)
==739424==    by 0x5A18600: (below main) (libc_start_call_main.h:59)
==739424== 
==739424== 48 bytes in 1 blocks are still reachable in loss record 72 of 223
==739424==    at 0x586E858: malloc (vg_replace_malloc.c:447)
==739424==    by 0x473EBAB: rboxc_gawk_r_getblock (in /root/rboxc/target/gawk-format-lifetime-candidate/release/rboxc)
==739424==    by 0x474C959: str_lookup (in /root/rboxc/target/gawk-format-lifetime-candidate/release/rboxc)
==739424==    by 0x472B6DE: update_PROCINFO_str.part.0 (in /root/rboxc/target/gawk-format-lifetime-candidate/release/rboxc)
==739424==    by 0x443F4D2: single_binary_main_gawk (in /root/rboxc/target/gawk-format-lifetime-candidate/release/rboxc)
==739424==    by 0x5A18600: (below main) (libc_start_call_main.h:59)
==739424== 
==739424== 48 bytes in 1 blocks are still reachable in loss record 73 of 223
==739424==    at 0x586E858: malloc (vg_replace_malloc.c:447)
==739424==    by 0x473EBAB: rboxc_gawk_r_getblock (in /root/rboxc/target/gawk-format-lifetime-candidate/release/rboxc)
==739424==    by 0x474C959: str_lookup (in /root/rboxc/target/gawk-format-lifetime-candidate/release/rboxc)
==739424==    by 0x472B6DE: update_PROCINFO_str.part.0 (in /root/rboxc/target/gawk-format-lifetime-candidate/release/rboxc)
==739424==    by 0x443F4E2: single_binary_main_gawk (in /root/rboxc/target/gawk-format-lifetime-candidate/release/rboxc)
==739424==    by 0x5A18600: (below main) (libc_start_call_main.h:59)
==739424== 
==739424== 48 bytes in 1 blocks are still reachable in loss record 74 of 223
==739424==    at 0x586E858: malloc (vg_replace_malloc.c:447)
==739424==    by 0x473EBAB: rboxc_gawk_r_getblock (in /root/rboxc/target/gawk-format-lifetime-candidate/release/rboxc)
==739424==    by 0x474C959: str_lookup (in /root/rboxc/target/gawk-format-lifetime-candidate/release/rboxc)
==739424==    by 0x472EB6A: rboxc_gawk_update_PROCINFO_num (in /root/rboxc/target/gawk-format-lifetime-candidate/release/rboxc)
==739424==    by 0x443F4FB: single_binary_main_gawk (in /root/rboxc/target/gawk-format-lifetime-candidate/release/rboxc)
==739424==    by 0x5A18600: (below main) (libc_start_call_main.h:59)
==739424== 
==739424== 48 bytes in 1 blocks are still reachable in loss record 75 of 223
==739424==    at 0x586E858: malloc (vg_replace_malloc.c:447)
==739424==    by 0x473EBAB: rboxc_gawk_r_getblock (in /root/rboxc/target/gawk-format-lifetime-candidate/release/rboxc)
==739424==    by 0x474C959: str_lookup (in /root/rboxc/target/gawk-format-lifetime-candidate/release/rboxc)
==739424==    by 0x472EB6A: rboxc_gawk_update_PROCINFO_num (in /root/rboxc/target/gawk-format-lifetime-candidate/release/rboxc)
==739424==    by 0x443F50D: single_binary_main_gawk (in /root/rboxc/target/gawk-format-lifetime-candidate/release/rboxc)
==739424==    by 0x5A18600: (below main) (libc_start_call_main.h:59)
==739424== 
==739424== 48 bytes in 1 blocks are still reachable in loss record 76 of 223
==739424==    at 0x586E858: malloc (vg_replace_malloc.c:447)
==739424==    by 0x473EBAB: rboxc_gawk_r_getblock (in /root/rboxc/target/gawk-format-lifetime-candidate/release/rboxc)
==739424==    by 0x474C959: str_lookup (in /root/rboxc/target/gawk-format-lifetime-candidate/release/rboxc)
==739424==    by 0x472EB6A: rboxc_gawk_update_PROCINFO_num (in /root/rboxc/target/gawk-format-lifetime-candidate/release/rboxc)
==739424==    by 0x443F524: single_binary_main_gawk (in /root/rboxc/target/gawk-format-lifetime-candidate/release/rboxc)
==739424==    by 0x5A18600: (below main) (libc_start_call_main.h:59)
==739424== 
==739424== 48 bytes in 1 blocks are still reachable in loss record 77 of 223
==739424==    at 0x586E858: malloc (vg_replace_malloc.c:447)
==739424==    by 0x473EBAB: rboxc_gawk_r_getblock (in /root/rboxc/target/gawk-format-lifetime-candidate/release/rboxc)
==739424==    by 0x474C959: str_lookup (in /root/rboxc/target/gawk-format-lifetime-candidate/release/rboxc)
==739424==    by 0x472EB6A: rboxc_gawk_update_PROCINFO_num (in /root/rboxc/target/gawk-format-lifetime-candidate/release/rboxc)
==739424==    by 0x443F53B: single_binary_main_gawk (in /root/rboxc/target/gawk-format-lifetime-candidate/release/rboxc)
==739424==    by 0x5A18600: (below main) (libc_start_call_main.h:59)
==739424== 
==739424== 48 bytes in 1 blocks are still reachable in loss record 78 of 223
==739424==    at 0x586E858: malloc (vg_replace_malloc.c:447)
==739424==    by 0x473EBAB: rboxc_gawk_r_getblock (in /root/rboxc/target/gawk-format-lifetime-candidate/release/rboxc)
==739424==    by 0x474C959: str_lookup (in /root/rboxc/target/gawk-format-lifetime-candidate/release/rboxc)
==739424==    by 0x472EB6A: rboxc_gawk_update_PROCINFO_num (in /root/rboxc/target/gawk-format-lifetime-candidate/release/rboxc)
==739424==    by 0x443F552: single_binary_main_gawk (in /root/rboxc/target/gawk-format-lifetime-candidate/release/rboxc)
==739424==    by 0x5A18600: (below main) (libc_start_call_main.h:59)
==739424== 
==739424== 48 bytes in 1 blocks are still reachable in loss record 79 of 223
==739424==    at 0x586E858: malloc (vg_replace_malloc.c:447)
==739424==    by 0x473EBAB: rboxc_gawk_r_getblock (in /root/rboxc/target/gawk-format-lifetime-candidate/release/rboxc)
==739424==    by 0x474C959: str_lookup (in /root/rboxc/target/gawk-format-lifetime-candidate/release/rboxc)
==739424==    by 0x472EB6A: rboxc_gawk_update_PROCINFO_num (in /root/rboxc/target/gawk-format-lifetime-candidate/release/rboxc)
==739424==    by 0x443F56C: single_binary_main_gawk (in /root/rboxc/target/gawk-format-lifetime-candidate/release/rboxc)
==739424==    by 0x5A18600: (below main) (libc_start_call_main.h:59)
==739424== 
==739424== 48 bytes in 1 blocks are still reachable in loss record 80 of 223
==739424==    at 0x586E858: malloc (vg_replace_malloc.c:447)
==739424==    by 0x473EBAB: rboxc_gawk_r_getblock (in /root/rboxc/target/gawk-format-lifetime-candidate/release/rboxc)
==739424==    by 0x474C959: str_lookup (in /root/rboxc/target/gawk-format-lifetime-candidate/release/rboxc)
==739424==    by 0x472EB6A: rboxc_gawk_update_PROCINFO_num (in /root/rboxc/target/gawk-format-lifetime-candidate/release/rboxc)
==739424==    by 0x443F586: single_binary_main_gawk (in /root/rboxc/target/gawk-format-lifetime-candidate/release/rboxc)
==739424==    by 0x5A18600: (below main) (libc_start_call_main.h:59)
==739424== 
==739424== 48 bytes in 1 blocks are still reachable in loss record 81 of 223
==739424==    at 0x586E858: malloc (vg_replace_malloc.c:447)
==739424==    by 0x473EBAB: rboxc_gawk_r_getblock (in /root/rboxc/target/gawk-format-lifetime-candidate/release/rboxc)
==739424==    by 0x474C959: str_lookup (in /root/rboxc/target/gawk-format-lifetime-candidate/release/rboxc)
==739424==    by 0x472EB6A: rboxc_gawk_update_PROCINFO_num (in /root/rboxc/target/gawk-format-lifetime-candidate/release/rboxc)
==739424==    by 0x443F5A0: single_binary_main_gawk (in /root/rboxc/target/gawk-format-lifetime-candidate/release/rboxc)
==739424==    by 0x5A18600: (below main) (libc_start_call_main.h:59)
==739424== 
==739424== 48 bytes in 1 blocks are still reachable in loss record 82 of 223
==739424==    at 0x586E858: malloc (vg_replace_malloc.c:447)
==739424==    by 0x473EBAB: rboxc_gawk_r_getblock (in /root/rboxc/target/gawk-format-lifetime-candidate/release/rboxc)
==739424==    by 0x474C959: str_lookup (in /root/rboxc/target/gawk-format-lifetime-candidate/release/rboxc)
==739424==    by 0x472EB6A: rboxc_gawk_update_PROCINFO_num (in /root/rboxc/target/gawk-format-lifetime-candidate/release/rboxc)
==739424==    by 0x443F5BA: single_binary_main_gawk (in /root/rboxc/target/gawk-format-lifetime-candidate/release/rboxc)
==739424==    by 0x5A18600: (below main) (libc_start_call_main.h:59)
==739424== 
==739424== 48 bytes in 1 blocks are still reachable in loss record 83 of 223
==739424==    at 0x586E858: malloc (vg_replace_malloc.c:447)
==739424==    by 0x473EBAB: rboxc_gawk_r_getblock (in /root/rboxc/target/gawk-format-lifetime-candidate/release/rboxc)
==739424==    by 0x474C959: str_lookup (in /root/rboxc/target/gawk-format-lifetime-candidate/release/rboxc)
==739424==    by 0x472B6DE: update_PROCINFO_str.part.0 (in /root/rboxc/target/gawk-format-lifetime-candidate/release/rboxc)
==739424==    by 0x443F5CC: single_binary_main_gawk (in /root/rboxc/target/gawk-format-lifetime-candidate/release/rboxc)
==739424==    by 0x5A18600: (below main) (libc_start_call_main.h:59)
==739424== 
==739424== 48 bytes in 1 blocks are still reachable in loss record 84 of 223
==739424==    at 0x586E858: malloc (vg_replace_malloc.c:447)
==739424==    by 0x473EBAB: rboxc_gawk_r_getblock (in /root/rboxc/target/gawk-format-lifetime-candidate/release/rboxc)
==739424==    by 0x474C959: str_lookup (in /root/rboxc/target/gawk-format-lifetime-candidate/release/rboxc)
==739424==    by 0x472B6DE: update_PROCINFO_str.part.0 (in /root/rboxc/target/gawk-format-lifetime-candidate/release/rboxc)
==739424==    by 0x443F758: single_binary_main_gawk (in /root/rboxc/target/gawk-format-lifetime-candidate/release/rboxc)
==739424==    by 0x5A18600: (below main) (libc_start_call_main.h:59)
==739424== 
==739424== 48 bytes in 1 blocks are still reachable in loss record 85 of 223
==739424==    at 0x586E858: malloc (vg_replace_malloc.c:447)
==739424==    by 0x473EBAB: rboxc_gawk_r_getblock (in /root/rboxc/target/gawk-format-lifetime-candidate/release/rboxc)
==739424==    by 0x474C959: str_lookup (in /root/rboxc/target/gawk-format-lifetime-candidate/release/rboxc)
==739424==    by 0x4435AE2: rboxc::applet_gawk::assoc_set (in /root/rboxc/target/gawk-format-lifetime-candidate/release/rboxc)
==739424==    by 0x443F87A: single_binary_main_gawk (in /root/rboxc/target/gawk-format-lifetime-candidate/release/rboxc)
==739424==    by 0x5A18600: (below main) (libc_start_call_main.h:59)
==739424== 
==739424== 48 bytes in 1 blocks are still reachable in loss record 86 of 223
==739424==    at 0x586E858: malloc (vg_replace_malloc.c:447)
==739424==    by 0x473EBAB: rboxc_gawk_r_getblock (in /root/rboxc/target/gawk-format-lifetime-candidate/release/rboxc)
==739424==    by 0x474C959: str_lookup (in /root/rboxc/target/gawk-format-lifetime-candidate/release/rboxc)
==739424==    by 0x474D16C: install (in /root/rboxc/target/gawk-format-lifetime-candidate/release/rboxc)
==739424==    by 0x443F92D: single_binary_main_gawk (in /root/rboxc/target/gawk-format-lifetime-candidate/release/rboxc)
==739424==    by 0x5A18600: (below main) (libc_start_call_main.h:59)
==739424== 
==739424== 48 bytes in 1 blocks are still reachable in loss record 87 of 223
==739424==    at 0x586E858: malloc (vg_replace_malloc.c:447)
==739424==    by 0x473EBAB: rboxc_gawk_r_getblock (in /root/rboxc/target/gawk-format-lifetime-candidate/release/rboxc)
==739424==    by 0x474C959: str_lookup (in /root/rboxc/target/gawk-format-lifetime-candidate/release/rboxc)
==739424==    by 0x474D16C: install (in /root/rboxc/target/gawk-format-lifetime-candidate/release/rboxc)
==739424==    by 0x443FF58: single_binary_main_gawk (in /root/rboxc/target/gawk-format-lifetime-candidate/release/rboxc)
==739424==    by 0x5A18600: (below main) (libc_start_call_main.h:59)
==739424== 
==739424== 48 bytes in 1 blocks are still reachable in loss record 88 of 223
==739424==    at 0x586E858: malloc (vg_replace_malloc.c:447)
==739424==    by 0x473EBAB: rboxc_gawk_r_getblock (in /root/rboxc/target/gawk-format-lifetime-candidate/release/rboxc)
==739424==    by 0x474C959: str_lookup (in /root/rboxc/target/gawk-format-lifetime-candidate/release/rboxc)
==739424==    by 0x474D16C: install (in /root/rboxc/target/gawk-format-lifetime-candidate/release/rboxc)
==739424==    by 0x4440233: single_binary_main_gawk (in /root/rboxc/target/gawk-format-lifetime-candidate/release/rboxc)
==739424==    by 0x5A18600: (below main) (libc_start_call_main.h:59)
==739424== 
==739424== 48 bytes in 1 blocks are still reachable in loss record 89 of 223
==739424==    at 0x586E858: malloc (vg_replace_malloc.c:447)
==739424==    by 0x473EBAB: rboxc_gawk_r_getblock (in /root/rboxc/target/gawk-format-lifetime-candidate/release/rboxc)
==739424==    by 0x474C959: str_lookup (in /root/rboxc/target/gawk-format-lifetime-candidate/release/rboxc)
==739424==    by 0x474D16C: install (in /root/rboxc/target/gawk-format-lifetime-candidate/release/rboxc)
==739424==    by 0x46F2685: rboxc_gawk_yyparse (in /root/rboxc/target/gawk-format-lifetime-candidate/release/rboxc)
==739424==    by 0x46F639A: rboxc_gawk_parse_program (in /root/rboxc/target/gawk-format-lifetime-candidate/release/rboxc)
==739424==    by 0x44402A4: single_binary_main_gawk (in /root/rboxc/target/gawk-format-lifetime-candidate/release/rboxc)
==739424==    by 0x5A18600: (below main) (libc_start_call_main.h:59)
==739424== 
==739424== 48 bytes in 1 blocks are still reachable in loss record 90 of 223
==739424==    at 0x586E858: malloc (vg_replace_malloc.c:447)
==739424==    by 0x473EBAB: rboxc_gawk_r_getblock (in /root/rboxc/target/gawk-format-lifetime-candidate/release/rboxc)
==739424==    by 0x474C959: str_lookup (in /root/rboxc/target/gawk-format-lifetime-candidate/release/rboxc)
==739424==    by 0x474E0CA: rboxc_gawk_load_symbols (in /root/rboxc/target/gawk-format-lifetime-candidate/release/rboxc)
==739424==    by 0x444037C: single_binary_main_gawk (in /root/rboxc/target/gawk-format-lifetime-candidate/release/rboxc)
==739424==    by 0x5A18600: (below main) (libc_start_call_main.h:59)
==739424== 
==739424== 49 bytes in 14 blocks are still reachable in loss record 91 of 223
==739424==    at 0x586E858: malloc (vg_replace_malloc.c:447)
==739424==    by 0x473F017: rboxc_gawk_make_str_node (in /root/rboxc/target/gawk-format-lifetime-candidate/release/rboxc)
==739424==    by 0x443F2AA: single_binary_main_gawk (in /root/rboxc/target/gawk-format-lifetime-candidate/release/rboxc)
==739424==    by 0x5A18600: (below main) (libc_start_call_main.h:59)
==739424== 
==739424== 54 bytes in 7 blocks are still reachable in loss record 92 of 223
==739424==    at 0x586E858: malloc (vg_replace_malloc.c:447)
==739424==    by 0x473F017: rboxc_gawk_make_str_node (in /root/rboxc/target/gawk-format-lifetime-candidate/release/rboxc)
==739424==    by 0x474D135: install (in /root/rboxc/target/gawk-format-lifetime-candidate/release/rboxc)
==739424==    by 0x46F26C3: rboxc_gawk_yyparse (in /root/rboxc/target/gawk-format-lifetime-candidate/release/rboxc)
==739424==    by 0x46F639A: rboxc_gawk_parse_program (in /root/rboxc/target/gawk-format-lifetime-candidate/release/rboxc)
==739424==    by 0x44402A4: single_binary_main_gawk (in /root/rboxc/target/gawk-format-lifetime-candidate/release/rboxc)
==739424==    by 0x5A18600: (below main) (libc_start_call_main.h:59)
==739424== 
==739424== 56 bytes in 1 blocks are still reachable in loss record 93 of 223
==739424==    at 0x586E858: malloc (vg_replace_malloc.c:447)
==739424==    by 0x46F697E: rboxc_gawk_parse_program (in /root/rboxc/target/gawk-format-lifetime-candidate/release/rboxc)
==739424==    by 0x44402A4: single_binary_main_gawk (in /root/rboxc/target/gawk-format-lifetime-candidate/release/rboxc)
==739424==    by 0x5A18600: (below main) (libc_start_call_main.h:59)
==739424== 
==739424== 57 bytes in 8 blocks are still reachable in loss record 94 of 223
==739424==    at 0x586E858: malloc (vg_replace_malloc.c:447)
==739424==    by 0x44390B0: rboxc_gawk_estrdup (in /root/rboxc/target/gawk-format-lifetime-candidate/release/rboxc)
==739424==    by 0x46EFD18: yylex (in /root/rboxc/target/gawk-format-lifetime-candidate/release/rboxc)
==739424==    by 0x46F249C: rboxc_gawk_yyparse (in /root/rboxc/target/gawk-format-lifetime-candidate/release/rboxc)
==739424==    by 0x46F639A: rboxc_gawk_parse_program (in /root/rboxc/target/gawk-format-lifetime-candidate/release/rboxc)
==739424==    by 0x44402A4: single_binary_main_gawk (in /root/rboxc/target/gawk-format-lifetime-candidate/release/rboxc)
==739424==    by 0x5A18600: (below main) (libc_start_call_main.h:59)
==739424== 
==739424== 60 bytes in 1 blocks are still reachable in loss record 95 of 223
==739424==    at 0x586E858: malloc (vg_replace_malloc.c:447)
==739424==    by 0x46EAADC: tokexpand (in /root/rboxc/target/gawk-format-lifetime-candidate/release/rboxc)
==739424==    by 0x46F6C46: rboxc_gawk_parse_program (in /root/rboxc/target/gawk-format-lifetime-candidate/release/rboxc)
==739424==    by 0x44402A4: single_binary_main_gawk (in /root/rboxc/target/gawk-format-lifetime-candidate/release/rboxc)
==739424==    by 0x5A18600: (below main) (libc_start_call_main.h:59)
==739424== 
==739424== 72 bytes in 9 blocks are still reachable in loss record 96 of 223
==739424==    at 0x586E858: malloc (vg_replace_malloc.c:447)
==739424==    by 0x4759689: csets_emplace_back (in /root/rboxc/target/gawk-format-lifetime-candidate/release/rboxc)
==739424==    by 0x475B157: rep (in /root/rboxc/target/gawk-format-lifetime-candidate/release/rboxc)
==739424==    by 0x475C400: cat (in /root/rboxc/target/gawk-format-lifetime-candidate/release/rboxc)
==739424==    by 0x475C568: alt (in /root/rboxc/target/gawk-format-lifetime-candidate/release/rboxc)
==739424==    by 0x475CEB0: compile.constprop.0 (in /root/rboxc/target/gawk-format-lifetime-candidate/release/rboxc)
==739424==    by 0x475FE38: rboxc_gawk_minrx_regncomp (in /root/rboxc/target/gawk-format-lifetime-candidate/release/rboxc)
==739424==    by 0x474A2BD: rboxc_gawk_make_regexp (in /root/rboxc/target/gawk-format-lifetime-candidate/release/rboxc)
==739424==    by 0x474B3F5: rboxc_gawk_re_update (in /root/rboxc/target/gawk-format-lifetime-candidate/release/rboxc)
==739424==    by 0x47246C7: rboxc_gawk_r_interpret (in /root/rboxc/target/gawk-format-lifetime-candidate/release/rboxc)
==739424==    by 0x4440403: single_binary_main_gawk (in /root/rboxc/target/gawk-format-lifetime-candidate/release/rboxc)
==739424==    by 0x5A18600: (below main) (libc_start_call_main.h:59)
==739424== 
==739424== 72 bytes in 9 blocks are still reachable in loss record 97 of 223
==739424==    at 0x586E858: malloc (vg_replace_malloc.c:447)
==739424==    by 0x475D1BA: compile.constprop.0 (in /root/rboxc/target/gawk-format-lifetime-candidate/release/rboxc)
==739424==    by 0x475FE38: rboxc_gawk_minrx_regncomp (in /root/rboxc/target/gawk-format-lifetime-candidate/release/rboxc)
==739424==    by 0x474A2BD: rboxc_gawk_make_regexp (in /root/rboxc/target/gawk-format-lifetime-candidate/release/rboxc)
==739424==    by 0x474B3F5: rboxc_gawk_re_update (in /root/rboxc/target/gawk-format-lifetime-candidate/release/rboxc)
==739424==    by 0x47246C7: rboxc_gawk_r_interpret (in /root/rboxc/target/gawk-format-lifetime-candidate/release/rboxc)
==739424==    by 0x4440403: single_binary_main_gawk (in /root/rboxc/target/gawk-format-lifetime-candidate/release/rboxc)
==739424==    by 0x5A18600: (below main) (libc_start_call_main.h:59)
==739424== 
==739424== 76 bytes in 19 blocks are still reachable in loss record 98 of 223
==739424==    at 0x586E858: malloc (vg_replace_malloc.c:447)
==739424==    by 0x473F017: rboxc_gawk_make_str_node (in /root/rboxc/target/gawk-format-lifetime-candidate/release/rboxc)
==739424==    by 0x46F0DF4: yylex (in /root/rboxc/target/gawk-format-lifetime-candidate/release/rboxc)
==739424==    by 0x46F249C: rboxc_gawk_yyparse (in /root/rboxc/target/gawk-format-lifetime-candidate/release/rboxc)
==739424==    by 0x46F639A: rboxc_gawk_parse_program (in /root/rboxc/target/gawk-format-lifetime-candidate/release/rboxc)
==739424==    by 0x44402A4: single_binary_main_gawk (in /root/rboxc/target/gawk-format-lifetime-candidate/release/rboxc)
==739424==    by 0x5A18600: (below main) (libc_start_call_main.h:59)
==739424== 
==739424== 88 bytes in 1 blocks are still reachable in loss record 99 of 223
==739424==    at 0x586E858: malloc (vg_replace_malloc.c:447)
==739424==    by 0x473EBAB: rboxc_gawk_r_getblock (in /root/rboxc/target/gawk-format-lifetime-candidate/release/rboxc)
==739424==    by 0x473EF81: rboxc_gawk_make_str_node (in /root/rboxc/target/gawk-format-lifetime-candidate/release/rboxc)
==739424==    by 0x443E47C: single_binary_main_gawk (in /root/rboxc/target/gawk-format-lifetime-candidate/release/rboxc)
==739424==    by 0x5A18600: (below main) (libc_start_call_main.h:59)
==739424== 
==739424== 88 bytes in 1 blocks are still reachable in loss record 100 of 223
==739424==    at 0x586E858: malloc (vg_replace_malloc.c:447)
==739424==    by 0x473EBAB: rboxc_gawk_r_getblock (in /root/rboxc/target/gawk-format-lifetime-candidate/release/rboxc)
==739424==    by 0x474D3A7: init_the_tables (in /root/rboxc/target/gawk-format-lifetime-candidate/release/rboxc)
==739424==    by 0x443E550: single_binary_main_gawk (in /root/rboxc/target/gawk-format-lifetime-candidate/release/rboxc)
==739424==    by 0x5A18600: (below main) (libc_start_call_main.h:59)
==739424== 
==739424== 88 bytes in 1 blocks are still reachable in loss record 101 of 223
==739424==    at 0x586E858: malloc (vg_replace_malloc.c:447)
==739424==    by 0x473EBAB: rboxc_gawk_r_getblock (in /root/rboxc/target/gawk-format-lifetime-candidate/release/rboxc)
==739424==    by 0x474D3E8: init_the_tables (in /root/rboxc/target/gawk-format-lifetime-candidate/release/rboxc)
==739424==    by 0x443E550: single_binary_main_gawk (in /root/rboxc/target/gawk-format-lifetime-candidate/release/rboxc)
==739424==    by 0x5A18600: (below main) (libc_start_call_main.h:59)
==739424== 
==739424== 88 bytes in 1 blocks are still reachable in loss record 102 of 223
==739424==    at 0x586E858: malloc (vg_replace_malloc.c:447)
==739424==    by 0x473EBAB: rboxc_gawk_r_getblock (in /root/rboxc/target/gawk-format-lifetime-candidate/release/rboxc)
==739424==    by 0x473EF81: rboxc_gawk_make_str_node (in /root/rboxc/target/gawk-format-lifetime-candidate/release/rboxc)
==739424==    by 0x474D135: install (in /root/rboxc/target/gawk-format-lifetime-candidate/release/rboxc)
==739424==    by 0x474D449: init_the_tables (in /root/rboxc/target/gawk-format-lifetime-candidate/release/rboxc)
==739424==    by 0x443E550: single_binary_main_gawk (in /root/rboxc/target/gawk-format-lifetime-candidate/release/rboxc)
==739424==    by 0x5A18600: (below main) (libc_start_call_main.h:59)
==739424== 
==739424== 88 bytes in 1 blocks are still reachable in loss record 103 of 223
==739424==    at 0x586E858: malloc (vg_replace_malloc.c:447)
==739424==    by 0x473EBAB: rboxc_gawk_r_getblock (in /root/rboxc/target/gawk-format-lifetime-candidate/release/rboxc)
==739424==    by 0x474D213: install (in /root/rboxc/target/gawk-format-lifetime-candidate/release/rboxc)
==739424==    by 0x474D449: init_the_tables (in /root/rboxc/target/gawk-format-lifetime-candidate/release/rboxc)
==739424==    by 0x443E550: single_binary_main_gawk (in /root/rboxc/target/gawk-format-lifetime-candidate/release/rboxc)
==739424==    by 0x5A18600: (below main) (libc_start_call_main.h:59)
==739424== 
==739424== 88 bytes in 1 blocks are still reachable in loss record 104 of 223
==739424==    at 0x586E858: malloc (vg_replace_malloc.c:447)
==739424==    by 0x473EBAB: rboxc_gawk_r_getblock (in /root/rboxc/target/gawk-format-lifetime-candidate/release/rboxc)
==739424==    by 0x473EF81: rboxc_gawk_make_str_node (in /root/rboxc/target/gawk-format-lifetime-candidate/release/rboxc)
==739424==    by 0x474D135: install (in /root/rboxc/target/gawk-format-lifetime-candidate/release/rboxc)
==739424==    by 0x474D470: init_the_tables (in /root/rboxc/target/gawk-format-lifetime-candidate/release/rboxc)
==739424==    by 0x443E550: single_binary_main_gawk (in /root/rboxc/target/gawk-format-lifetime-candidate/release/rboxc)
==739424==    by 0x5A18600: (below main) (libc_start_call_main.h:59)
==739424== 
==739424== 88 bytes in 1 blocks are still reachable in loss record 105 of 223
==739424==    at 0x586E858: malloc (vg_replace_malloc.c:447)
==739424==    by 0x473EBAB: rboxc_gawk_r_getblock (in /root/rboxc/target/gawk-format-lifetime-candidate/release/rboxc)
==739424==    by 0x474D213: install (in /root/rboxc/target/gawk-format-lifetime-candidate/release/rboxc)
==739424==    by 0x474D470: init_the_tables (in /root/rboxc/target/gawk-format-lifetime-candidate/release/rboxc)
==739424==    by 0x443E550: single_binary_main_gawk (in /root/rboxc/target/gawk-format-lifetime-candidate/release/rboxc)
==739424==    by 0x5A18600: (below main) (libc_start_call_main.h:59)
==739424== 
==739424== 88 bytes in 1 blocks are still reachable in loss record 106 of 223
==739424==    at 0x586E858: malloc (vg_replace_malloc.c:447)
==739424==    by 0x473EBAB: rboxc_gawk_r_getblock (in /root/rboxc/target/gawk-format-lifetime-candidate/release/rboxc)
==739424==    by 0x473EF81: rboxc_gawk_make_str_node (in /root/rboxc/target/gawk-format-lifetime-candidate/release/rboxc)
==739424==    by 0x474D135: install (in /root/rboxc/target/gawk-format-lifetime-candidate/release/rboxc)
==739424==    by 0x443F4A1: single_binary_main_gawk (in /root/rboxc/target/gawk-format-lifetime-candidate/release/rboxc)
==739424==    by 0x5A18600: (below main) (libc_start_call_main.h:59)
==739424== 
==739424== 88 bytes in 1 blocks are still reachable in loss record 107 of 223
==739424==    at 0x586E858: malloc (vg_replace_malloc.c:447)
==739424==    by 0x473EBAB: rboxc_gawk_r_getblock (in /root/rboxc/target/gawk-format-lifetime-candidate/release/rboxc)
==739424==    by 0x474D213: install (in /root/rboxc/target/gawk-format-lifetime-candidate/release/rboxc)
==739424==    by 0x443F4A1: single_binary_main_gawk (in /root/rboxc/target/gawk-format-lifetime-candidate/release/rboxc)
==739424==    by 0x5A18600: (below main) (libc_start_call_main.h:59)
==739424== 
==739424== 88 bytes in 1 blocks are still reachable in loss record 108 of 223
==739424==    at 0x586E858: malloc (vg_replace_malloc.c:447)
==739424==    by 0x473EBAB: rboxc_gawk_r_getblock (in /root/rboxc/target/gawk-format-lifetime-candidate/release/rboxc)
==739424==    by 0x473EF81: rboxc_gawk_make_str_node (in /root/rboxc/target/gawk-format-lifetime-candidate/release/rboxc)
==739424==    by 0x472B6AF: update_PROCINFO_str.part.0 (in /root/rboxc/target/gawk-format-lifetime-candidate/release/rboxc)
==739424==    by 0x443F4C2: single_binary_main_gawk (in /root/rboxc/target/gawk-format-lifetime-candidate/release/rboxc)
==739424==    by 0x5A18600: (below main) (libc_start_call_main.h:59)
==739424== 
==739424== 88 bytes in 1 blocks are still reachable in loss record 109 of 223
==739424==    at 0x586E858: malloc (vg_replace_malloc.c:447)
==739424==    by 0x473EBAB: rboxc_gawk_r_getblock (in /root/rboxc/target/gawk-format-lifetime-candidate/release/rboxc)
==739424==    by 0x473EF81: rboxc_gawk_make_str_node (in /root/rboxc/target/gawk-format-lifetime-candidate/release/rboxc)
==739424==    by 0x472B6C7: update_PROCINFO_str.part.0 (in /root/rboxc/target/gawk-format-lifetime-candidate/release/rboxc)
==739424==    by 0x443F4C2: single_binary_main_gawk (in /root/rboxc/target/gawk-format-lifetime-candidate/release/rboxc)
==739424==    by 0x5A18600: (below main) (libc_start_call_main.h:59)
==739424== 
==739424== 88 bytes in 1 blocks are still reachable in loss record 110 of 223
==739424==    at 0x586E858: malloc (vg_replace_malloc.c:447)
==739424==    by 0x473EBAB: rboxc_gawk_r_getblock (in /root/rboxc/target/gawk-format-lifetime-candidate/release/rboxc)
==739424==    by 0x473EF81: rboxc_gawk_make_str_node (in /root/rboxc/target/gawk-format-lifetime-candidate/release/rboxc)
==739424==    by 0x472B6AF: update_PROCINFO_str.part.0 (in /root/rboxc/target/gawk-format-lifetime-candidate/release/rboxc)
==739424==    by 0x443F4D2: single_binary_main_gawk (in /root/rboxc/target/gawk-format-lifetime-candidate/release/rboxc)
==739424==    by 0x5A18600: (below main) (libc_start_call_main.h:59)
==739424== 
==739424== 88 bytes in 1 blocks are still reachable in loss record 111 of 223
==739424==    at 0x586E858: malloc (vg_replace_malloc.c:447)
==739424==    by 0x473EBAB: rboxc_gawk_r_getblock (in /root/rboxc/target/gawk-format-lifetime-candidate/release/rboxc)
==739424==    by 0x473EF81: rboxc_gawk_make_str_node (in /root/rboxc/target/gawk-format-lifetime-candidate/release/rboxc)
==739424==    by 0x472B6C7: update_PROCINFO_str.part.0 (in /root/rboxc/target/gawk-format-lifetime-candidate/release/rboxc)
==739424==    by 0x443F4D2: single_binary_main_gawk (in /root/rboxc/target/gawk-format-lifetime-candidate/release/rboxc)
==739424==    by 0x5A18600: (below main) (libc_start_call_main.h:59)
==739424== 
==739424== 88 bytes in 1 blocks are still reachable in loss record 112 of 223
==739424==    at 0x586E858: malloc (vg_replace_malloc.c:447)
==739424==    by 0x473EBAB: rboxc_gawk_r_getblock (in /root/rboxc/target/gawk-format-lifetime-candidate/release/rboxc)
==739424==    by 0x473EF81: rboxc_gawk_make_str_node (in /root/rboxc/target/gawk-format-lifetime-candidate/release/rboxc)
==739424==    by 0x472B6AF: update_PROCINFO_str.part.0 (in /root/rboxc/target/gawk-format-lifetime-candidate/release/rboxc)
==739424==    by 0x443F4E2: single_binary_main_gawk (in /root/rboxc/target/gawk-format-lifetime-candidate/release/rboxc)
==739424==    by 0x5A18600: (below main) (libc_start_call_main.h:59)
==739424== 
==739424== 88 bytes in 1 blocks are still reachable in loss record 113 of 223
==739424==    at 0x586E858: malloc (vg_replace_malloc.c:447)
==739424==    by 0x473EBAB: rboxc_gawk_r_getblock (in /root/rboxc/target/gawk-format-lifetime-candidate/release/rboxc)
==739424==    by 0x473EF81: rboxc_gawk_make_str_node (in /root/rboxc/target/gawk-format-lifetime-candidate/release/rboxc)
==739424==    by 0x472B6C7: update_PROCINFO_str.part.0 (in /root/rboxc/target/gawk-format-lifetime-candidate/release/rboxc)
==739424==    by 0x443F4E2: single_binary_main_gawk (in /root/rboxc/target/gawk-format-lifetime-candidate/release/rboxc)
==739424==    by 0x5A18600: (below main) (libc_start_call_main.h:59)
==739424== 
==739424== 88 bytes in 1 blocks are still reachable in loss record 114 of 223
==739424==    at 0x586E858: malloc (vg_replace_malloc.c:447)
==739424==    by 0x473EBAB: rboxc_gawk_r_getblock (in /root/rboxc/target/gawk-format-lifetime-candidate/release/rboxc)
==739424==    by 0x473EF81: rboxc_gawk_make_str_node (in /root/rboxc/target/gawk-format-lifetime-candidate/release/rboxc)
==739424==    by 0x472EB44: rboxc_gawk_update_PROCINFO_num (in /root/rboxc/target/gawk-format-lifetime-candidate/release/rboxc)
==739424==    by 0x443F4FB: single_binary_main_gawk (in /root/rboxc/target/gawk-format-lifetime-candidate/release/rboxc)
==739424==    by 0x5A18600: (below main) (libc_start_call_main.h:59)
==739424== 
==739424== 88 bytes in 1 blocks are still reachable in loss record 115 of 223
==739424==    at 0x586E858: malloc (vg_replace_malloc.c:447)
==739424==    by 0x473EBAB: rboxc_gawk_r_getblock (in /root/rboxc/target/gawk-format-lifetime-candidate/release/rboxc)
==739424==    by 0x473F4F0: r_make_number (in /root/rboxc/target/gawk-format-lifetime-candidate/release/rboxc)
==739424==    by 0x472EB53: rboxc_gawk_update_PROCINFO_num (in /root/rboxc/target/gawk-format-lifetime-candidate/release/rboxc)
==739424==    by 0x443F4FB: single_binary_main_gawk (in /root/rboxc/target/gawk-format-lifetime-candidate/release/rboxc)
==739424==    by 0x5A18600: (below main) (libc_start_call_main.h:59)
==739424== 
==739424== 88 bytes in 1 blocks are still reachable in loss record 116 of 223
==739424==    at 0x586E858: malloc (vg_replace_malloc.c:447)
==739424==    by 0x473EBAB: rboxc_gawk_r_getblock (in /root/rboxc/target/gawk-format-lifetime-candidate/release/rboxc)
==739424==    by 0x473EF81: rboxc_gawk_make_str_node (in /root/rboxc/target/gawk-format-lifetime-candidate/release/rboxc)
==739424==    by 0x472EB44: rboxc_gawk_update_PROCINFO_num (in /root/rboxc/target/gawk-format-lifetime-candidate/release/rboxc)
==739424==    by 0x443F50D: single_binary_main_gawk (in /root/rboxc/target/gawk-format-lifetime-candidate/release/rboxc)
==739424==    by 0x5A18600: (below main) (libc_start_call_main.h:59)
==739424== 
==739424== 88 bytes in 1 blocks are still reachable in loss record 117 of 223
==739424==    at 0x586E858: malloc (vg_replace_malloc.c:447)
==739424==    by 0x473EBAB: rboxc_gawk_r_getblock (in /root/rboxc/target/gawk-format-lifetime-candidate/release/rboxc)
==739424==    by 0x473F4F0: r_make_number (in /root/rboxc/target/gawk-format-lifetime-candidate/release/rboxc)
==739424==    by 0x472EB53: rboxc_gawk_update_PROCINFO_num (in /root/rboxc/target/gawk-format-lifetime-candidate/release/rboxc)
==739424==    by 0x443F50D: single_binary_main_gawk (in /root/rboxc/target/gawk-format-lifetime-candidate/release/rboxc)
==739424==    by 0x5A18600: (below main) (libc_start_call_main.h:59)
==739424== 
==739424== 88 bytes in 1 blocks are still reachable in loss record 118 of 223
==739424==    at 0x586E858: malloc (vg_replace_malloc.c:447)
==739424==    by 0x473EBAB: rboxc_gawk_r_getblock (in /root/rboxc/target/gawk-format-lifetime-candidate/release/rboxc)
==739424==    by 0x473EF81: rboxc_gawk_make_str_node (in /root/rboxc/target/gawk-format-lifetime-candidate/release/rboxc)
==739424==    by 0x472EB44: rboxc_gawk_update_PROCINFO_num (in /root/rboxc/target/gawk-format-lifetime-candidate/release/rboxc)
==739424==    by 0x443F524: single_binary_main_gawk (in /root/rboxc/target/gawk-format-lifetime-candidate/release/rboxc)
==739424==    by 0x5A18600: (below main) (libc_start_call_main.h:59)
==739424== 
==739424== 88 bytes in 1 blocks are still reachable in loss record 119 of 223
==739424==    at 0x586E858: malloc (vg_replace_malloc.c:447)
==739424==    by 0x473EBAB: rboxc_gawk_r_getblock (in /root/rboxc/target/gawk-format-lifetime-candidate/release/rboxc)
==739424==    by 0x473F4F0: r_make_number (in /root/rboxc/target/gawk-format-lifetime-candidate/release/rboxc)
==739424==    by 0x472EB53: rboxc_gawk_update_PROCINFO_num (in /root/rboxc/target/gawk-format-lifetime-candidate/release/rboxc)
==739424==    by 0x443F524: single_binary_main_gawk (in /root/rboxc/target/gawk-format-lifetime-candidate/release/rboxc)
==739424==    by 0x5A18600: (below main) (libc_start_call_main.h:59)
==739424== 
==739424== 88 bytes in 1 blocks are still reachable in loss record 120 of 223
==739424==    at 0x586E858: malloc (vg_replace_malloc.c:447)
==739424==    by 0x473EBAB: rboxc_gawk_r_getblock (in /root/rboxc/target/gawk-format-lifetime-candidate/release/rboxc)
==739424==    by 0x473EF81: rboxc_gawk_make_str_node (in /root/rboxc/target/gawk-format-lifetime-candidate/release/rboxc)
==739424==    by 0x472EB44: rboxc_gawk_update_PROCINFO_num (in /root/rboxc/target/gawk-format-lifetime-candidate/release/rboxc)
==739424==    by 0x443F53B: single_binary_main_gawk (in /root/rboxc/target/gawk-format-lifetime-candidate/release/rboxc)
==739424==    by 0x5A18600: (below main) (libc_start_call_main.h:59)
==739424== 
==739424== 88 bytes in 1 blocks are still reachable in loss record 121 of 223
==739424==    at 0x586E858: malloc (vg_replace_malloc.c:447)
==739424==    by 0x473EBAB: rboxc_gawk_r_getblock (in /root/rboxc/target/gawk-format-lifetime-candidate/release/rboxc)
==739424==    by 0x473F4F0: r_make_number (in /root/rboxc/target/gawk-format-lifetime-candidate/release/rboxc)
==739424==    by 0x472EB53: rboxc_gawk_update_PROCINFO_num (in /root/rboxc/target/gawk-format-lifetime-candidate/release/rboxc)
==739424==    by 0x443F53B: single_binary_main_gawk (in /root/rboxc/target/gawk-format-lifetime-candidate/release/rboxc)
==739424==    by 0x5A18600: (below main) (libc_start_call_main.h:59)
==739424== 
==739424== 88 bytes in 1 blocks are still reachable in loss record 122 of 223
==739424==    at 0x586E858: malloc (vg_replace_malloc.c:447)
==739424==    by 0x473EBAB: rboxc_gawk_r_getblock (in /root/rboxc/target/gawk-format-lifetime-candidate/release/rboxc)
==739424==    by 0x473EF81: rboxc_gawk_make_str_node (in /root/rboxc/target/gawk-format-lifetime-candidate/release/rboxc)
==739424==    by 0x472EB44: rboxc_gawk_update_PROCINFO_num (in /root/rboxc/target/gawk-format-lifetime-candidate/release/rboxc)
==739424==    by 0x443F552: single_binary_main_gawk (in /root/rboxc/target/gawk-format-lifetime-candidate/release/rboxc)
==739424==    by 0x5A18600: (below main) (libc_start_call_main.h:59)
==739424== 
==739424== 88 bytes in 1 blocks are still reachable in loss record 123 of 223
==739424==    at 0x586E858: malloc (vg_replace_malloc.c:447)
==739424==    by 0x473EBAB: rboxc_gawk_r_getblock (in /root/rboxc/target/gawk-format-lifetime-candidate/release/rboxc)
==739424==    by 0x473F4F0: r_make_number (in /root/rboxc/target/gawk-format-lifetime-candidate/release/rboxc)
==739424==    by 0x472EB53: rboxc_gawk_update_PROCINFO_num (in /root/rboxc/target/gawk-format-lifetime-candidate/release/rboxc)
==739424==    by 0x443F552: single_binary_main_gawk (in /root/rboxc/target/gawk-format-lifetime-candidate/release/rboxc)
==739424==    by 0x5A18600: (below main) (libc_start_call_main.h:59)
==739424== 
==739424== 88 bytes in 1 blocks are still reachable in loss record 124 of 223
==739424==    at 0x586E858: malloc (vg_replace_malloc.c:447)
==739424==    by 0x473EBAB: rboxc_gawk_r_getblock (in /root/rboxc/target/gawk-format-lifetime-candidate/release/rboxc)
==739424==    by 0x473EF81: rboxc_gawk_make_str_node (in /root/rboxc/target/gawk-format-lifetime-candidate/release/rboxc)
==739424==    by 0x472EB44: rboxc_gawk_update_PROCINFO_num (in /root/rboxc/target/gawk-format-lifetime-candidate/release/rboxc)
==739424==    by 0x443F56C: single_binary_main_gawk (in /root/rboxc/target/gawk-format-lifetime-candidate/release/rboxc)
==739424==    by 0x5A18600: (below main) (libc_start_call_main.h:59)
==739424== 
==739424== 88 bytes in 1 blocks are still reachable in loss record 125 of 223
==739424==    at 0x586E858: malloc (vg_replace_malloc.c:447)
==739424==    by 0x473EBAB: rboxc_gawk_r_getblock (in /root/rboxc/target/gawk-format-lifetime-candidate/release/rboxc)
==739424==    by 0x473F4F0: r_make_number (in /root/rboxc/target/gawk-format-lifetime-candidate/release/rboxc)
==739424==    by 0x472EB53: rboxc_gawk_update_PROCINFO_num (in /root/rboxc/target/gawk-format-lifetime-candidate/release/rboxc)
==739424==    by 0x443F56C: single_binary_main_gawk (in /root/rboxc/target/gawk-format-lifetime-candidate/release/rboxc)
==739424==    by 0x5A18600: (below main) (libc_start_call_main.h:59)
==739424== 
==739424== 88 bytes in 1 blocks are still reachable in loss record 126 of 223
==739424==    at 0x586E858: malloc (vg_replace_malloc.c:447)
==739424==    by 0x473EBAB: rboxc_gawk_r_getblock (in /root/rboxc/target/gawk-format-lifetime-candidate/release/rboxc)
==739424==    by 0x473EF81: rboxc_gawk_make_str_node (in /root/rboxc/target/gawk-format-lifetime-candidate/release/rboxc)
==739424==    by 0x472EB44: rboxc_gawk_update_PROCINFO_num (in /root/rboxc/target/gawk-format-lifetime-candidate/release/rboxc)
==739424==    by 0x443F586: single_binary_main_gawk (in /root/rboxc/target/gawk-format-lifetime-candidate/release/rboxc)
==739424==    by 0x5A18600: (below main) (libc_start_call_main.h:59)
==739424== 
==739424== 88 bytes in 1 blocks are still reachable in loss record 127 of 223
==739424==    at 0x586E858: malloc (vg_replace_malloc.c:447)
==739424==    by 0x473EBAB: rboxc_gawk_r_getblock (in /root/rboxc/target/gawk-format-lifetime-candidate/release/rboxc)
==739424==    by 0x473F4F0: r_make_number (in /root/rboxc/target/gawk-format-lifetime-candidate/release/rboxc)
==739424==    by 0x472EB53: rboxc_gawk_update_PROCINFO_num (in /root/rboxc/target/gawk-format-lifetime-candidate/release/rboxc)
==739424==    by 0x443F586: single_binary_main_gawk (in /root/rboxc/target/gawk-format-lifetime-candidate/release/rboxc)
==739424==    by 0x5A18600: (below main) (libc_start_call_main.h:59)
==739424== 
==739424== 88 bytes in 1 blocks are still reachable in loss record 128 of 223
==739424==    at 0x586E858: malloc (vg_replace_malloc.c:447)
==739424==    by 0x473EBAB: rboxc_gawk_r_getblock (in /root/rboxc/target/gawk-format-lifetime-candidate/release/rboxc)
==739424==    by 0x473EF81: rboxc_gawk_make_str_node (in /root/rboxc/target/gawk-format-lifetime-candidate/release/rboxc)
==739424==    by 0x472EB44: rboxc_gawk_update_PROCINFO_num (in /root/rboxc/target/gawk-format-lifetime-candidate/release/rboxc)
==739424==    by 0x443F5A0: single_binary_main_gawk (in /root/rboxc/target/gawk-format-lifetime-candidate/release/rboxc)
==739424==    by 0x5A18600: (below main) (libc_start_call_main.h:59)
==739424== 
==739424== 88 bytes in 1 blocks are still reachable in loss record 129 of 223
==739424==    at 0x586E858: malloc (vg_replace_malloc.c:447)
==739424==    by 0x473EBAB: rboxc_gawk_r_getblock (in /root/rboxc/target/gawk-format-lifetime-candidate/release/rboxc)
==739424==    by 0x473F4F0: r_make_number (in /root/rboxc/target/gawk-format-lifetime-candidate/release/rboxc)
==739424==    by 0x472EB53: rboxc_gawk_update_PROCINFO_num (in /root/rboxc/target/gawk-format-lifetime-candidate/release/rboxc)
==739424==    by 0x443F5A0: single_binary_main_gawk (in /root/rboxc/target/gawk-format-lifetime-candidate/release/rboxc)
==739424==    by 0x5A18600: (below main) (libc_start_call_main.h:59)
==739424== 
==739424== 88 bytes in 1 blocks are still reachable in loss record 130 of 223
==739424==    at 0x586E858: malloc (vg_replace_malloc.c:447)
==739424==    by 0x473EBAB: rboxc_gawk_r_getblock (in /root/rboxc/target/gawk-format-lifetime-candidate/release/rboxc)
==739424==    by 0x473EF81: rboxc_gawk_make_str_node (in /root/rboxc/target/gawk-format-lifetime-candidate/release/rboxc)
==739424==    by 0x472EB44: rboxc_gawk_update_PROCINFO_num (in /root/rboxc/target/gawk-format-lifetime-candidate/release/rboxc)
==739424==    by 0x443F5BA: single_binary_main_gawk (in /root/rboxc/target/gawk-format-lifetime-candidate/release/rboxc)
==739424==    by 0x5A18600: (below main) (libc_start_call_main.h:59)
==739424== 
==739424== 88 bytes in 1 blocks are still reachable in loss record 131 of 223
==739424==    at 0x586E858: malloc (vg_replace_malloc.c:447)
==739424==    by 0x473EBAB: rboxc_gawk_r_getblock (in /root/rboxc/target/gawk-format-lifetime-candidate/release/rboxc)
==739424==    by 0x473F4F0: r_make_number (in /root/rboxc/target/gawk-format-lifetime-candidate/release/rboxc)
==739424==    by 0x472EB53: rboxc_gawk_update_PROCINFO_num (in /root/rboxc/target/gawk-format-lifetime-candidate/release/rboxc)
==739424==    by 0x443F5BA: single_binary_main_gawk (in /root/rboxc/target/gawk-format-lifetime-candidate/release/rboxc)
==739424==    by 0x5A18600: (below main) (libc_start_call_main.h:59)
==739424== 
==739424== 88 bytes in 1 blocks are still reachable in loss record 132 of 223
==739424==    at 0x586E858: malloc (vg_replace_malloc.c:447)
==739424==    by 0x473EBAB: rboxc_gawk_r_getblock (in /root/rboxc/target/gawk-format-lifetime-candidate/release/rboxc)
==739424==    by 0x473EF81: rboxc_gawk_make_str_node (in /root/rboxc/target/gawk-format-lifetime-candidate/release/rboxc)
==739424==    by 0x472B6AF: update_PROCINFO_str.part.0 (in /root/rboxc/target/gawk-format-lifetime-candidate/release/rboxc)
==739424==    by 0x443F5CC: single_binary_main_gawk (in /root/rboxc/target/gawk-format-lifetime-candidate/release/rboxc)
==739424==    by 0x5A18600: (below main) (libc_start_call_main.h:59)
==739424== 
==739424== 88 bytes in 1 blocks are still reachable in loss record 133 of 223
==739424==    at 0x586E858: malloc (vg_replace_malloc.c:447)
==739424==    by 0x473EBAB: rboxc_gawk_r_getblock (in /root/rboxc/target/gawk-format-lifetime-candidate/release/rboxc)
==739424==    by 0x473EF81: rboxc_gawk_make_str_node (in /root/rboxc/target/gawk-format-lifetime-candidate/release/rboxc)
==739424==    by 0x472B6C7: update_PROCINFO_str.part.0 (in /root/rboxc/target/gawk-format-lifetime-candidate/release/rboxc)
==739424==    by 0x443F5CC: single_binary_main_gawk (in /root/rboxc/target/gawk-format-lifetime-candidate/release/rboxc)
==739424==    by 0x5A18600: (below main) (libc_start_call_main.h:59)
==739424== 
==739424== 88 bytes in 1 blocks are still reachable in loss record 134 of 223
==739424==    at 0x586E858: malloc (vg_replace_malloc.c:447)
==739424==    by 0x473EBAB: rboxc_gawk_r_getblock (in /root/rboxc/target/gawk-format-lifetime-candidate/release/rboxc)
==739424==    by 0x473EF81: rboxc_gawk_make_str_node (in /root/rboxc/target/gawk-format-lifetime-candidate/release/rboxc)
==739424==    by 0x472B6AF: update_PROCINFO_str.part.0 (in /root/rboxc/target/gawk-format-lifetime-candidate/release/rboxc)
==739424==    by 0x443F758: single_binary_main_gawk (in /root/rboxc/target/gawk-format-lifetime-candidate/release/rboxc)
==739424==    by 0x5A18600: (below main) (libc_start_call_main.h:59)
==739424== 
==739424== 88 bytes in 1 blocks are still reachable in loss record 135 of 223
==739424==    at 0x586E858: malloc (vg_replace_malloc.c:447)
==739424==    by 0x473EBAB: rboxc_gawk_r_getblock (in /root/rboxc/target/gawk-format-lifetime-candidate/release/rboxc)
==739424==    by 0x473EF81: rboxc_gawk_make_str_node (in /root/rboxc/target/gawk-format-lifetime-candidate/release/rboxc)
==739424==    by 0x472B6C7: update_PROCINFO_str.part.0 (in /root/rboxc/target/gawk-format-lifetime-candidate/release/rboxc)
==739424==    by 0x443F758: single_binary_main_gawk (in /root/rboxc/target/gawk-format-lifetime-candidate/release/rboxc)
==739424==    by 0x5A18600: (below main) (libc_start_call_main.h:59)
==739424== 
==739424== 88 bytes in 1 blocks are still reachable in loss record 136 of 223
==739424==    at 0x586E858: malloc (vg_replace_malloc.c:447)
==739424==    by 0x473EBAB: rboxc_gawk_r_getblock (in /root/rboxc/target/gawk-format-lifetime-candidate/release/rboxc)
==739424==    by 0x443F782: single_binary_main_gawk (in /root/rboxc/target/gawk-format-lifetime-candidate/release/rboxc)
==739424==    by 0x5A18600: (below main) (libc_start_call_main.h:59)
==739424== 
==739424== 88 bytes in 1 blocks are still reachable in loss record 137 of 223
==739424==    at 0x586E858: malloc (vg_replace_malloc.c:447)
==739424==    by 0x473EBAB: rboxc_gawk_r_getblock (in /root/rboxc/target/gawk-format-lifetime-candidate/release/rboxc)
==739424==    by 0x470A932: cint_lookup (in /root/rboxc/target/gawk-format-lifetime-candidate/release/rboxc)
==739424==    by 0x4435AE2: rboxc::applet_gawk::assoc_set (in /root/rboxc/target/gawk-format-lifetime-candidate/release/rboxc)
==739424==    by 0x4440162: single_binary_main_gawk (in /root/rboxc/target/gawk-format-lifetime-candidate/release/rboxc)
==739424==    by 0x5A18600: (below main) (libc_start_call_main.h:59)
==739424== 
==739424== 88 bytes in 1 blocks are still reachable in loss record 138 of 223
==739424==    at 0x586E858: malloc (vg_replace_malloc.c:447)
==739424==    by 0x473EBAB: rboxc_gawk_r_getblock (in /root/rboxc/target/gawk-format-lifetime-candidate/release/rboxc)
==739424==    by 0x470A547: tree_lookup (in /root/rboxc/target/gawk-format-lifetime-candidate/release/rboxc)
==739424==    by 0x4435AE2: rboxc::applet_gawk::assoc_set (in /root/rboxc/target/gawk-format-lifetime-candidate/release/rboxc)
==739424==    by 0x4440162: single_binary_main_gawk (in /root/rboxc/target/gawk-format-lifetime-candidate/release/rboxc)
==739424==    by 0x5A18600: (below main) (libc_start_call_main.h:59)
==739424== 
==739424== 88 bytes in 1 blocks are still reachable in loss record 139 of 223
==739424==    at 0x586E858: malloc (vg_replace_malloc.c:447)
==739424==    by 0x473EBAB: rboxc_gawk_r_getblock (in /root/rboxc/target/gawk-format-lifetime-candidate/release/rboxc)
==739424==    by 0x473EF81: rboxc_gawk_make_str_node (in /root/rboxc/target/gawk-format-lifetime-candidate/release/rboxc)
==739424==    by 0x443F86B: single_binary_main_gawk (in /root/rboxc/target/gawk-format-lifetime-candidate/release/rboxc)
==739424==    by 0x5A18600: (below main) (libc_start_call_main.h:59)
==739424== 
==739424== 88 bytes in 1 blocks are still reachable in loss record 140 of 223
==739424==    at 0x586E858: malloc (vg_replace_malloc.c:447)
==739424==    by 0x473EBAB: rboxc_gawk_r_getblock (in /root/rboxc/target/gawk-format-lifetime-candidate/release/rboxc)
==739424==    by 0x473EF81: rboxc_gawk_make_str_node (in /root/rboxc/target/gawk-format-lifetime-candidate/release/rboxc)
==739424==    by 0x474D135: install (in /root/rboxc/target/gawk-format-lifetime-candidate/release/rboxc)
==739424==    by 0x443F92D: single_binary_main_gawk (in /root/rboxc/target/gawk-format-lifetime-candidate/release/rboxc)
==739424==    by 0x5A18600: (below main) (libc_start_call_main.h:59)
==739424== 
==739424== 88 bytes in 1 blocks are still reachable in loss record 141 of 223
==739424==    at 0x586E858: malloc (vg_replace_malloc.c:447)
==739424==    by 0x473EBAB: rboxc_gawk_r_getblock (in /root/rboxc/target/gawk-format-lifetime-candidate/release/rboxc)
==739424==    by 0x474D213: install (in /root/rboxc/target/gawk-format-lifetime-candidate/release/rboxc)
==739424==    by 0x443F92D: single_binary_main_gawk (in /root/rboxc/target/gawk-format-lifetime-candidate/release/rboxc)
==739424==    by 0x5A18600: (below main) (libc_start_call_main.h:59)
==739424== 
==739424== 88 bytes in 1 blocks are still reachable in loss record 142 of 223
==739424==    at 0x586E858: malloc (vg_replace_malloc.c:447)
==739424==    by 0x473EBAB: rboxc_gawk_r_getblock (in /root/rboxc/target/gawk-format-lifetime-candidate/release/rboxc)
==739424==    by 0x473EF81: rboxc_gawk_make_str_node (in /root/rboxc/target/gawk-format-lifetime-candidate/release/rboxc)
==739424==    by 0x472BED5: rboxc_gawk_init_fields (in /root/rboxc/target/gawk-format-lifetime-candidate/release/rboxc)
==739424==    by 0x443F9A0: single_binary_main_gawk (in /root/rboxc/target/gawk-format-lifetime-candidate/release/rboxc)
==739424==    by 0x5A18600: (below main) (libc_start_call_main.h:59)
==739424== 
==739424== 88 bytes in 1 blocks are still reachable in loss record 143 of 223
==739424==    at 0x586E858: malloc (vg_replace_malloc.c:447)
==739424==    by 0x473EBAB: rboxc_gawk_r_getblock (in /root/rboxc/target/gawk-format-lifetime-candidate/release/rboxc)
==739424==    by 0x473EF81: rboxc_gawk_make_str_node (in /root/rboxc/target/gawk-format-lifetime-candidate/release/rboxc)
==739424==    by 0x472BF20: rboxc_gawk_init_fields (in /root/rboxc/target/gawk-format-lifetime-candidate/release/rboxc)
==739424==    by 0x443F9A0: single_binary_main_gawk (in /root/rboxc/target/gawk-format-lifetime-candidate/release/rboxc)
==739424==    by 0x5A18600: (below main) (libc_start_call_main.h:59)
==739424== 
==739424== 88 bytes in 1 blocks are still reachable in loss record 144 of 223
==739424==    at 0x586E858: malloc (vg_replace_malloc.c:447)
==739424==    by 0x473EBAB: rboxc_gawk_r_getblock (in /root/rboxc/target/gawk-format-lifetime-candidate/release/rboxc)
==739424==    by 0x471F151: rboxc_gawk_init_interpret (in /root/rboxc/target/gawk-format-lifetime-candidate/release/rboxc)
==739424==    by 0x443FE94: single_binary_main_gawk (in /root/rboxc/target/gawk-format-lifetime-candidate/release/rboxc)
==739424==    by 0x5A18600: (below main) (libc_start_call_main.h:59)
==739424== 
==739424== 88 bytes in 1 blocks are still reachable in loss record 145 of 223
==739424==    at 0x586E858: malloc (vg_replace_malloc.c:447)
==739424==    by 0x473EBAB: rboxc_gawk_r_getblock (in /root/rboxc/target/gawk-format-lifetime-candidate/release/rboxc)
==739424==    by 0x473F4F0: r_make_number (in /root/rboxc/target/gawk-format-lifetime-candidate/release/rboxc)
==739424==    by 0x471F1A5: rboxc_gawk_init_interpret (in /root/rboxc/target/gawk-format-lifetime-candidate/release/rboxc)
==739424==    by 0x443FE94: single_binary_main_gawk (in /root/rboxc/target/gawk-format-lifetime-candidate/release/rboxc)
==739424==    by 0x5A18600: (below main) (libc_start_call_main.h:59)
==739424== 
==739424== 88 bytes in 1 blocks are still reachable in loss record 146 of 223
==739424==    at 0x586E858: malloc (vg_replace_malloc.c:447)
==739424==    by 0x473EBAB: rboxc_gawk_r_getblock (in /root/rboxc/target/gawk-format-lifetime-candidate/release/rboxc)
==739424==    by 0x473F4F0: r_make_number (in /root/rboxc/target/gawk-format-lifetime-candidate/release/rboxc)
==739424==    by 0x471F1BA: rboxc_gawk_init_interpret (in /root/rboxc/target/gawk-format-lifetime-candidate/release/rboxc)
==739424==    by 0x443FE94: single_binary_main_gawk (in /root/rboxc/target/gawk-format-lifetime-candidate/release/rboxc)
==739424==    by 0x5A18600: (below main) (libc_start_call_main.h:59)
==739424== 
==739424== 88 bytes in 1 blocks are still reachable in loss record 147 of 223
==739424==    at 0x586E858: malloc (vg_replace_malloc.c:447)
==739424==    by 0x473EBAB: rboxc_gawk_r_getblock (in /root/rboxc/target/gawk-format-lifetime-candidate/release/rboxc)
==739424==    by 0x473EF81: rboxc_gawk_make_str_node (in /root/rboxc/target/gawk-format-lifetime-candidate/release/rboxc)
==739424==    by 0x474D135: install (in /root/rboxc/target/gawk-format-lifetime-candidate/release/rboxc)
==739424==    by 0x443FF58: single_binary_main_gawk (in /root/rboxc/target/gawk-format-lifetime-candidate/release/rboxc)
==739424==    by 0x5A18600: (below main) (libc_start_call_main.h:59)
==739424== 
==739424== 88 bytes in 1 blocks are still reachable in loss record 148 of 223
==739424==    at 0x586E858: malloc (vg_replace_malloc.c:447)
==739424==    by 0x473EBAB: rboxc_gawk_r_getblock (in /root/rboxc/target/gawk-format-lifetime-candidate/release/rboxc)
==739424==    by 0x474D213: install (in /root/rboxc/target/gawk-format-lifetime-candidate/release/rboxc)
==739424==    by 0x443FF58: single_binary_main_gawk (in /root/rboxc/target/gawk-format-lifetime-candidate/release/rboxc)
==739424==    by 0x5A18600: (below main) (libc_start_call_main.h:59)
==739424== 
==739424== 88 bytes in 1 blocks are still reachable in loss record 149 of 223
==739424==    at 0x586E858: malloc (vg_replace_malloc.c:447)
==739424==    by 0x473EBAB: rboxc_gawk_r_getblock (in /root/rboxc/target/gawk-format-lifetime-candidate/release/rboxc)
==739424==    by 0x473EF81: rboxc_gawk_make_str_node (in /root/rboxc/target/gawk-format-lifetime-candidate/release/rboxc)
==739424==    by 0x443FF98: single_binary_main_gawk (in /root/rboxc/target/gawk-format-lifetime-candidate/release/rboxc)
==739424==    by 0x5A18600: (below main) (libc_start_call_main.h:59)
==739424== 
==739424== 88 bytes in 1 blocks are still reachable in loss record 150 of 223
==739424==    at 0x586E858: malloc (vg_replace_malloc.c:447)
==739424==    by 0x473EBAB: rboxc_gawk_r_getblock (in /root/rboxc/target/gawk-format-lifetime-candidate/release/rboxc)
==739424==    by 0x470A932: cint_lookup (in /root/rboxc/target/gawk-format-lifetime-candidate/release/rboxc)
==739424==    by 0x4435AE2: rboxc::applet_gawk::assoc_set (in /root/rboxc/target/gawk-format-lifetime-candidate/release/rboxc)
==739424==    by 0x443FFAB: single_binary_main_gawk (in /root/rboxc/target/gawk-format-lifetime-candidate/release/rboxc)
==739424==    by 0x5A18600: (below main) (libc_start_call_main.h:59)
==739424== 
==739424== 88 bytes in 1 blocks are still reachable in loss record 151 of 223
==739424==    at 0x586E858: malloc (vg_replace_malloc.c:447)
==739424==    by 0x473EBAB: rboxc_gawk_r_getblock (in /root/rboxc/target/gawk-format-lifetime-candidate/release/rboxc)
==739424==    by 0x470A547: tree_lookup (in /root/rboxc/target/gawk-format-lifetime-candidate/release/rboxc)
==739424==    by 0x4435AE2: rboxc::applet_gawk::assoc_set (in /root/rboxc/target/gawk-format-lifetime-candidate/release/rboxc)
==739424==    by 0x443FFAB: single_binary_main_gawk (in /root/rboxc/target/gawk-format-lifetime-candidate/release/rboxc)
==739424==    by 0x5A18600: (below main) (libc_start_call_main.h:59)
==739424== 
==739424== 88 bytes in 1 blocks are still reachable in loss record 152 of 223
==739424==    at 0x586E858: malloc (vg_replace_malloc.c:447)
==739424==    by 0x473EBAB: rboxc_gawk_r_getblock (in /root/rboxc/target/gawk-format-lifetime-candidate/release/rboxc)
==739424==    by 0x473EF81: rboxc_gawk_make_str_node (in /root/rboxc/target/gawk-format-lifetime-candidate/release/rboxc)
==739424==    by 0x474D135: install (in /root/rboxc/target/gawk-format-lifetime-candidate/release/rboxc)
==739424==    by 0x4440233: single_binary_main_gawk (in /root/rboxc/target/gawk-format-lifetime-candidate/release/rboxc)
==739424==    by 0x5A18600: (below main) (libc_start_call_main.h:59)
==739424== 
==739424== 88 bytes in 1 blocks are still reachable in loss record 153 of 223
==739424==    at 0x586E858: malloc (vg_replace_malloc.c:447)
==739424==    by 0x473EBAB: rboxc_gawk_r_getblock (in /root/rboxc/target/gawk-format-lifetime-candidate/release/rboxc)
==739424==    by 0x474D213: install (in /root/rboxc/target/gawk-format-lifetime-candidate/release/rboxc)
==739424==    by 0x4440233: single_binary_main_gawk (in /root/rboxc/target/gawk-format-lifetime-candidate/release/rboxc)
==739424==    by 0x5A18600: (below main) (libc_start_call_main.h:59)
==739424== 
==739424== 88 bytes in 1 blocks are still reachable in loss record 154 of 223
==739424==    at 0x586E858: malloc (vg_replace_malloc.c:447)
==739424==    by 0x473EBAB: rboxc_gawk_r_getblock (in /root/rboxc/target/gawk-format-lifetime-candidate/release/rboxc)
==739424==    by 0x473F4F0: r_make_number (in /root/rboxc/target/gawk-format-lifetime-candidate/release/rboxc)
==739424==    by 0x4440258: single_binary_main_gawk (in /root/rboxc/target/gawk-format-lifetime-candidate/release/rboxc)
==739424==    by 0x5A18600: (below main) (libc_start_call_main.h:59)
==739424== 
==739424== 88 bytes in 1 blocks are still reachable in loss record 155 of 223
==739424==    at 0x586E858: malloc (vg_replace_malloc.c:447)
==739424==    by 0x473EBAB: rboxc_gawk_r_getblock (in /root/rboxc/target/gawk-format-lifetime-candidate/release/rboxc)
==739424==    by 0x473EF81: rboxc_gawk_make_str_node (in /root/rboxc/target/gawk-format-lifetime-candidate/release/rboxc)
==739424==    by 0x474D135: install (in /root/rboxc/target/gawk-format-lifetime-candidate/release/rboxc)
==739424==    by 0x46F2685: rboxc_gawk_yyparse (in /root/rboxc/target/gawk-format-lifetime-candidate/release/rboxc)
==739424==    by 0x46F639A: rboxc_gawk_parse_program (in /root/rboxc/target/gawk-format-lifetime-candidate/release/rboxc)
==739424==    by 0x44402A4: single_binary_main_gawk (in /root/rboxc/target/gawk-format-lifetime-candidate/release/rboxc)
==739424==    by 0x5A18600: (below main) (libc_start_call_main.h:59)
==739424== 
==739424== 88 bytes in 1 blocks are still reachable in loss record 156 of 223
==739424==    at 0x586E858: malloc (vg_replace_malloc.c:447)
==739424==    by 0x473EBAB: rboxc_gawk_r_getblock (in /root/rboxc/target/gawk-format-lifetime-candidate/release/rboxc)
==739424==    by 0x474D213: install (in /root/rboxc/target/gawk-format-lifetime-candidate/release/rboxc)
==739424==    by 0x46F2685: rboxc_gawk_yyparse (in /root/rboxc/target/gawk-format-lifetime-candidate/release/rboxc)
==739424==    by 0x46F639A: rboxc_gawk_parse_program (in /root/rboxc/target/gawk-format-lifetime-candidate/release/rboxc)
==739424==    by 0x44402A4: single_binary_main_gawk (in /root/rboxc/target/gawk-format-lifetime-candidate/release/rboxc)
==739424==    by 0x5A18600: (below main) (libc_start_call_main.h:59)
==739424== 
==739424== 88 bytes in 1 blocks are still reachable in loss record 157 of 223
==739424==    at 0x586E858: malloc (vg_replace_malloc.c:447)
==739424==    by 0x473EBAB: rboxc_gawk_r_getblock (in /root/rboxc/target/gawk-format-lifetime-candidate/release/rboxc)
==739424==    by 0x473EF81: rboxc_gawk_make_str_node (in /root/rboxc/target/gawk-format-lifetime-candidate/release/rboxc)
==739424==    by 0x474E0B7: rboxc_gawk_load_symbols (in /root/rboxc/target/gawk-format-lifetime-candidate/release/rboxc)
==739424==    by 0x444037C: single_binary_main_gawk (in /root/rboxc/target/gawk-format-lifetime-candidate/release/rboxc)
==739424==    by 0x5A18600: (below main) (libc_start_call_main.h:59)
==739424== 
==739424== 88 bytes in 1 blocks are still reachable in loss record 158 of 223
==739424==    at 0x586E858: malloc (vg_replace_malloc.c:447)
==739424==    by 0x473EBAB: rboxc_gawk_r_getblock (in /root/rboxc/target/gawk-format-lifetime-candidate/release/rboxc)
==739424==    by 0x474E0D4: rboxc_gawk_load_symbols (in /root/rboxc/target/gawk-format-lifetime-candidate/release/rboxc)
==739424==    by 0x444037C: single_binary_main_gawk (in /root/rboxc/target/gawk-format-lifetime-candidate/release/rboxc)
==739424==    by 0x5A18600: (below main) (libc_start_call_main.h:59)
==739424== 
==739424== 88 bytes in 1 blocks are still reachable in loss record 159 of 223
==739424==    at 0x586E858: malloc (vg_replace_malloc.c:447)
==739424==    by 0x473EBAB: rboxc_gawk_r_getblock (in /root/rboxc/target/gawk-format-lifetime-candidate/release/rboxc)
==739424==    by 0x473EF81: rboxc_gawk_make_str_node (in /root/rboxc/target/gawk-format-lifetime-candidate/release/rboxc)
==739424==    by 0x474E1BA: rboxc_gawk_load_symbols (in /root/rboxc/target/gawk-format-lifetime-candidate/release/rboxc)
==739424==    by 0x444037C: single_binary_main_gawk (in /root/rboxc/target/gawk-format-lifetime-candidate/release/rboxc)
==739424==    by 0x5A18600: (below main) (libc_start_call_main.h:59)
==739424== 
==739424== 88 bytes in 1 blocks are still reachable in loss record 160 of 223
==739424==    at 0x586E858: malloc (vg_replace_malloc.c:447)
==739424==    by 0x473EBAB: rboxc_gawk_r_getblock (in /root/rboxc/target/gawk-format-lifetime-candidate/release/rboxc)
==739424==    by 0x473EF81: rboxc_gawk_make_str_node (in /root/rboxc/target/gawk-format-lifetime-candidate/release/rboxc)
==739424==    by 0x474E1D2: rboxc_gawk_load_symbols (in /root/rboxc/target/gawk-format-lifetime-candidate/release/rboxc)
==739424==    by 0x444037C: single_binary_main_gawk (in /root/rboxc/target/gawk-format-lifetime-candidate/release/rboxc)
==739424==    by 0x5A18600: (below main) (libc_start_call_main.h:59)
==739424== 
==739424== 88 bytes in 1 blocks are still reachable in loss record 161 of 223
==739424==    at 0x586E858: malloc (vg_replace_malloc.c:447)
==739424==    by 0x473EBAB: rboxc_gawk_r_getblock (in /root/rboxc/target/gawk-format-lifetime-candidate/release/rboxc)
==739424==    by 0x473EF81: rboxc_gawk_make_str_node (in /root/rboxc/target/gawk-format-lifetime-candidate/release/rboxc)
==739424==    by 0x474E1EA: rboxc_gawk_load_symbols (in /root/rboxc/target/gawk-format-lifetime-candidate/release/rboxc)
==739424==    by 0x444037C: single_binary_main_gawk (in /root/rboxc/target/gawk-format-lifetime-candidate/release/rboxc)
==739424==    by 0x5A18600: (below main) (libc_start_call_main.h:59)
==739424== 
==739424== 88 bytes in 1 blocks are still reachable in loss record 162 of 223
==739424==    at 0x586E858: malloc (vg_replace_malloc.c:447)
==739424==    by 0x473EBAB: rboxc_gawk_r_getblock (in /root/rboxc/target/gawk-format-lifetime-candidate/release/rboxc)
==739424==    by 0x473EF81: rboxc_gawk_make_str_node (in /root/rboxc/target/gawk-format-lifetime-candidate/release/rboxc)
==739424==    by 0x474E202: rboxc_gawk_load_symbols (in /root/rboxc/target/gawk-format-lifetime-candidate/release/rboxc)
==739424==    by 0x444037C: single_binary_main_gawk (in /root/rboxc/target/gawk-format-lifetime-candidate/release/rboxc)
==739424==    by 0x5A18600: (below main) (libc_start_call_main.h:59)
==739424== 
==739424== 88 bytes in 1 blocks are still reachable in loss record 163 of 223
==739424==    at 0x586E858: malloc (vg_replace_malloc.c:447)
==739424==    by 0x473EBAB: rboxc_gawk_r_getblock (in /root/rboxc/target/gawk-format-lifetime-candidate/release/rboxc)
==739424==    by 0x470A932: cint_lookup (in /root/rboxc/target/gawk-format-lifetime-candidate/release/rboxc)
==739424==    by 0x47255AF: rboxc_gawk_r_interpret (in /root/rboxc/target/gawk-format-lifetime-candidate/release/rboxc)
==739424==    by 0x4440403: single_binary_main_gawk (in /root/rboxc/target/gawk-format-lifetime-candidate/release/rboxc)
==739424==    by 0x5A18600: (below main) (libc_start_call_main.h:59)
==739424== 
==739424== 88 bytes in 1 blocks are still reachable in loss record 164 of 223
==739424==    at 0x586E858: malloc (vg_replace_malloc.c:447)
==739424==    by 0x473EBAB: rboxc_gawk_r_getblock (in /root/rboxc/target/gawk-format-lifetime-candidate/release/rboxc)
==739424==    by 0x470A547: tree_lookup (in /root/rboxc/target/gawk-format-lifetime-candidate/release/rboxc)
==739424==    by 0x47255AF: rboxc_gawk_r_interpret (in /root/rboxc/target/gawk-format-lifetime-candidate/release/rboxc)
==739424==    by 0x4440403: single_binary_main_gawk (in /root/rboxc/target/gawk-format-lifetime-candidate/release/rboxc)
==739424==    by 0x5A18600: (below main) (libc_start_call_main.h:59)
==739424== 
==739424== 104 bytes in 1 blocks are still reachable in loss record 165 of 223
==739424==    at 0x5875E43: calloc (vg_replace_malloc.c:1678)
==739424==    by 0x474BDD4: grow_table (in /root/rboxc/target/gawk-format-lifetime-candidate/release/rboxc)
==739424==    by 0x474C9BC: str_lookup (in /root/rboxc/target/gawk-format-lifetime-candidate/release/rboxc)
==739424==    by 0x474D16C: install (in /root/rboxc/target/gawk-format-lifetime-candidate/release/rboxc)
==739424==    by 0x474D449: init_the_tables (in /root/rboxc/target/gawk-format-lifetime-candidate/release/rboxc)
==739424==    by 0x443E550: single_binary_main_gawk (in /root/rboxc/target/gawk-format-lifetime-candidate/release/rboxc)
==739424==    by 0x5A18600: (below main) (libc_start_call_main.h:59)
==739424== 
==739424== 104 bytes in 1 blocks are still reachable in loss record 166 of 223
==739424==    at 0x5875E43: calloc (vg_replace_malloc.c:1678)
==739424==    by 0x474BDD4: grow_table (in /root/rboxc/target/gawk-format-lifetime-candidate/release/rboxc)
==739424==    by 0x474C9BC: str_lookup (in /root/rboxc/target/gawk-format-lifetime-candidate/release/rboxc)
==739424==    by 0x474D16C: install (in /root/rboxc/target/gawk-format-lifetime-candidate/release/rboxc)
==739424==    by 0x443F280: single_binary_main_gawk (in /root/rboxc/target/gawk-format-lifetime-candidate/release/rboxc)
==739424==    by 0x5A18600: (below main) (libc_start_call_main.h:59)
==739424== 
==739424== 104 bytes in 1 blocks are still reachable in loss record 167 of 223
==739424==    at 0x5875E43: calloc (vg_replace_malloc.c:1678)
==739424==    by 0x474BDD4: grow_table (in /root/rboxc/target/gawk-format-lifetime-candidate/release/rboxc)
==739424==    by 0x474C9BC: str_lookup (in /root/rboxc/target/gawk-format-lifetime-candidate/release/rboxc)
==739424==    by 0x472B6DE: update_PROCINFO_str.part.0 (in /root/rboxc/target/gawk-format-lifetime-candidate/release/rboxc)
==739424==    by 0x443F4C2: single_binary_main_gawk (in /root/rboxc/target/gawk-format-lifetime-candidate/release/rboxc)
==739424==    by 0x5A18600: (below main) (libc_start_call_main.h:59)
==739424== 
==739424== 104 bytes in 1 blocks are still reachable in loss record 168 of 223
==739424==    at 0x5875E43: calloc (vg_replace_malloc.c:1678)
==739424==    by 0x474BDD4: grow_table (in /root/rboxc/target/gawk-format-lifetime-candidate/release/rboxc)
==739424==    by 0x474C9BC: str_lookup (in /root/rboxc/target/gawk-format-lifetime-candidate/release/rboxc)
==739424==    by 0x443FD46: single_binary_main_gawk (in /root/rboxc/target/gawk-format-lifetime-candidate/release/rboxc)
==739424==    by 0x5A18600: (below main) (libc_start_call_main.h:59)
==739424== 
==739424== 104 bytes in 1 blocks are still reachable in loss record 169 of 223
==739424==    at 0x5875E43: calloc (vg_replace_malloc.c:1678)
==739424==    by 0x474BDD4: grow_table (in /root/rboxc/target/gawk-format-lifetime-candidate/release/rboxc)
==739424==    by 0x474C9BC: str_lookup (in /root/rboxc/target/gawk-format-lifetime-candidate/release/rboxc)
==739424==    by 0x474D16C: install (in /root/rboxc/target/gawk-format-lifetime-candidate/release/rboxc)
==739424==    by 0x46EF48E: rboxc_gawk_install_builtins (in /root/rboxc/target/gawk-format-lifetime-candidate/release/rboxc)
==739424==    by 0x444030E: single_binary_main_gawk (in /root/rboxc/target/gawk-format-lifetime-candidate/release/rboxc)
==739424==    by 0x5A18600: (below main) (libc_start_call_main.h:59)
==739424== 
==739424== 104 bytes in 1 blocks are still reachable in loss record 170 of 223
==739424==    at 0x5875E43: calloc (vg_replace_malloc.c:1678)
==739424==    by 0x474BDD4: grow_table (in /root/rboxc/target/gawk-format-lifetime-candidate/release/rboxc)
==739424==    by 0x474C9BC: str_lookup (in /root/rboxc/target/gawk-format-lifetime-candidate/release/rboxc)
==739424==    by 0x474E3C9: rboxc_gawk_load_symbols (in /root/rboxc/target/gawk-format-lifetime-candidate/release/rboxc)
==739424==    by 0x444037C: single_binary_main_gawk (in /root/rboxc/target/gawk-format-lifetime-candidate/release/rboxc)
==739424==    by 0x5A18600: (below main) (libc_start_call_main.h:59)
==739424== 
==739424== 108 bytes in 9 blocks are still reachable in loss record 171 of 223
==739424==    at 0x586E858: malloc (vg_replace_malloc.c:447)
==739424==    by 0x4758DCF: charset_merge.part.0 (in /root/rboxc/target/gawk-format-lifetime-candidate/release/rboxc)
==739424==    by 0x475D2DE: compile.constprop.0 (in /root/rboxc/target/gawk-format-lifetime-candidate/release/rboxc)
==739424==    by 0x475FE38: rboxc_gawk_minrx_regncomp (in /root/rboxc/target/gawk-format-lifetime-candidate/release/rboxc)
==739424==    by 0x474A2BD: rboxc_gawk_make_regexp (in /root/rboxc/target/gawk-format-lifetime-candidate/release/rboxc)
==739424==    by 0x474B3F5: rboxc_gawk_re_update (in /root/rboxc/target/gawk-format-lifetime-candidate/release/rboxc)
==739424==    by 0x47246C7: rboxc_gawk_r_interpret (in /root/rboxc/target/gawk-format-lifetime-candidate/release/rboxc)
==739424==    by 0x4440403: single_binary_main_gawk (in /root/rboxc/target/gawk-format-lifetime-candidate/release/rboxc)
==739424==    by 0x5A18600: (below main) (libc_start_call_main.h:59)
==739424== 
==739424== 144 bytes in 9 blocks are still reachable in loss record 172 of 223
==739424==    at 0x586E858: malloc (vg_replace_malloc.c:447)
==739424==    by 0x474A78B: rboxc_gawk_make_regexp (in /root/rboxc/target/gawk-format-lifetime-candidate/release/rboxc)
==739424==    by 0x474B3F5: rboxc_gawk_re_update (in /root/rboxc/target/gawk-format-lifetime-candidate/release/rboxc)
==739424==    by 0x47246C7: rboxc_gawk_r_interpret (in /root/rboxc/target/gawk-format-lifetime-candidate/release/rboxc)
==739424==    by 0x4440403: single_binary_main_gawk (in /root/rboxc/target/gawk-format-lifetime-candidate/release/rboxc)
==739424==    by 0x5A18600: (below main) (libc_start_call_main.h:59)
==739424== 
==739424== 151 bytes in 24 blocks are still reachable in loss record 173 of 223
==739424==    at 0x586E858: malloc (vg_replace_malloc.c:447)
==739424==    by 0x443F1EC: single_binary_main_gawk (in /root/rboxc/target/gawk-format-lifetime-candidate/release/rboxc)
==739424==    by 0x5A18600: (below main) (libc_start_call_main.h:59)
==739424== 
==739424== 151 bytes in 24 blocks are still reachable in loss record 174 of 223
==739424==    at 0x586E858: malloc (vg_replace_malloc.c:447)
==739424==    by 0x473F017: rboxc_gawk_make_str_node (in /root/rboxc/target/gawk-format-lifetime-candidate/release/rboxc)
==739424==    by 0x474D135: install (in /root/rboxc/target/gawk-format-lifetime-candidate/release/rboxc)
==739424==    by 0x443F280: single_binary_main_gawk (in /root/rboxc/target/gawk-format-lifetime-candidate/release/rboxc)
==739424==    by 0x5A18600: (below main) (libc_start_call_main.h:59)
==739424== 
==739424== 224 bytes in 26 blocks are still reachable in loss record 175 of 223
==739424==    at 0x586E858: malloc (vg_replace_malloc.c:447)
==739424==    by 0x473F017: rboxc_gawk_make_str_node (in /root/rboxc/target/gawk-format-lifetime-candidate/release/rboxc)
==739424==    by 0x443FD0C: single_binary_main_gawk (in /root/rboxc/target/gawk-format-lifetime-candidate/release/rboxc)
==739424==    by 0x5A18600: (below main) (libc_start_call_main.h:59)
==739424== 
==739424== 256 bytes in 1 blocks are still reachable in loss record 176 of 223
==739424==    at 0x5875E43: calloc (vg_replace_malloc.c:1678)
==739424==    by 0x470A8F2: cint_lookup (in /root/rboxc/target/gawk-format-lifetime-candidate/release/rboxc)
==739424==    by 0x4435AE2: rboxc::applet_gawk::assoc_set (in /root/rboxc/target/gawk-format-lifetime-candidate/release/rboxc)
==739424==    by 0x4440162: single_binary_main_gawk (in /root/rboxc/target/gawk-format-lifetime-candidate/release/rboxc)
==739424==    by 0x5A18600: (below main) (libc_start_call_main.h:59)
==739424== 
==739424== 256 bytes in 1 blocks are still reachable in loss record 177 of 223
==739424==    at 0x5875E43: calloc (vg_replace_malloc.c:1678)
==739424==    by 0x470A2F7: tree_lookup (in /root/rboxc/target/gawk-format-lifetime-candidate/release/rboxc)
==739424==    by 0x4435AE2: rboxc::applet_gawk::assoc_set (in /root/rboxc/target/gawk-format-lifetime-candidate/release/rboxc)
==739424==    by 0x4440162: single_binary_main_gawk (in /root/rboxc/target/gawk-format-lifetime-candidate/release/rboxc)
==739424==    by 0x5A18600: (below main) (libc_start_call_main.h:59)
==739424== 
==739424== 256 bytes in 1 blocks are still reachable in loss record 178 of 223
==739424==    at 0x5875E43: calloc (vg_replace_malloc.c:1678)
==739424==    by 0x470A520: tree_lookup (in /root/rboxc/target/gawk-format-lifetime-candidate/release/rboxc)
==739424==    by 0x4435AE2: rboxc::applet_gawk::assoc_set (in /root/rboxc/target/gawk-format-lifetime-candidate/release/rboxc)
==739424==    by 0x4440162: single_binary_main_gawk (in /root/rboxc/target/gawk-format-lifetime-candidate/release/rboxc)
==739424==    by 0x5A18600: (below main) (libc_start_call_main.h:59)
==739424== 
==739424== 256 bytes in 1 blocks are still reachable in loss record 179 of 223
==739424==    at 0x5875E43: calloc (vg_replace_malloc.c:1678)
==739424==    by 0x470A8F2: cint_lookup (in /root/rboxc/target/gawk-format-lifetime-candidate/release/rboxc)
==739424==    by 0x4435AE2: rboxc::applet_gawk::assoc_set (in /root/rboxc/target/gawk-format-lifetime-candidate/release/rboxc)
==739424==    by 0x443FFAB: single_binary_main_gawk (in /root/rboxc/target/gawk-format-lifetime-candidate/release/rboxc)
==739424==    by 0x5A18600: (below main) (libc_start_call_main.h:59)
==739424== 
==739424== 256 bytes in 1 blocks are still reachable in loss record 180 of 223
==739424==    at 0x5875E43: calloc (vg_replace_malloc.c:1678)
==739424==    by 0x470A2F7: tree_lookup (in /root/rboxc/target/gawk-format-lifetime-candidate/release/rboxc)
==739424==    by 0x4435AE2: rboxc::applet_gawk::assoc_set (in /root/rboxc/target/gawk-format-lifetime-candidate/release/rboxc)
==739424==    by 0x443FFAB: single_binary_main_gawk (in /root/rboxc/target/gawk-format-lifetime-candidate/release/rboxc)
==739424==    by 0x5A18600: (below main) (libc_start_call_main.h:59)
==739424== 
==739424== 256 bytes in 1 blocks are still reachable in loss record 181 of 223
==739424==    at 0x5875E43: calloc (vg_replace_malloc.c:1678)
==739424==    by 0x470A520: tree_lookup (in /root/rboxc/target/gawk-format-lifetime-candidate/release/rboxc)
==739424==    by 0x4435AE2: rboxc::applet_gawk::assoc_set (in /root/rboxc/target/gawk-format-lifetime-candidate/release/rboxc)
==739424==    by 0x443FFAB: single_binary_main_gawk (in /root/rboxc/target/gawk-format-lifetime-candidate/release/rboxc)
==739424==    by 0x5A18600: (below main) (libc_start_call_main.h:59)
==739424== 
==739424== 256 bytes in 1 blocks are still reachable in loss record 182 of 223
==739424==    at 0x5875E43: calloc (vg_replace_malloc.c:1678)
==739424==    by 0x470A8F2: cint_lookup (in /root/rboxc/target/gawk-format-lifetime-candidate/release/rboxc)
==739424==    by 0x47255AF: rboxc_gawk_r_interpret (in /root/rboxc/target/gawk-format-lifetime-candidate/release/rboxc)
==739424==    by 0x4440403: single_binary_main_gawk (in /root/rboxc/target/gawk-format-lifetime-candidate/release/rboxc)
==739424==    by 0x5A18600: (below main) (libc_start_call_main.h:59)
==739424== 
==739424== 256 bytes in 1 blocks are still reachable in loss record 183 of 223
==739424==    at 0x5875E43: calloc (vg_replace_malloc.c:1678)
==739424==    by 0x470A2F7: tree_lookup (in /root/rboxc/target/gawk-format-lifetime-candidate/release/rboxc)
==739424==    by 0x47255AF: rboxc_gawk_r_interpret (in /root/rboxc/target/gawk-format-lifetime-candidate/release/rboxc)
==739424==    by 0x4440403: single_binary_main_gawk (in /root/rboxc/target/gawk-format-lifetime-candidate/release/rboxc)
==739424==    by 0x5A18600: (below main) (libc_start_call_main.h:59)
==739424== 
==739424== 256 bytes in 1 blocks are still reachable in loss record 184 of 223
==739424==    at 0x5875E43: calloc (vg_replace_malloc.c:1678)
==739424==    by 0x470A520: tree_lookup (in /root/rboxc/target/gawk-format-lifetime-candidate/release/rboxc)
==739424==    by 0x47255AF: rboxc_gawk_r_interpret (in /root/rboxc/target/gawk-format-lifetime-candidate/release/rboxc)
==739424==    by 0x4440403: single_binary_main_gawk (in /root/rboxc/target/gawk-format-lifetime-candidate/release/rboxc)
==739424==    by 0x5A18600: (below main) (libc_start_call_main.h:59)
==739424== 
==739424== 264 bytes in 3 blocks are still reachable in loss record 185 of 223
==739424==    at 0x586E858: malloc (vg_replace_malloc.c:447)
==739424==    by 0x473EBAB: rboxc_gawk_r_getblock (in /root/rboxc/target/gawk-format-lifetime-candidate/release/rboxc)
==739424==    by 0x473EF81: rboxc_gawk_make_str_node (in /root/rboxc/target/gawk-format-lifetime-candidate/release/rboxc)
==739424==    by 0x4440154: single_binary_main_gawk (in /root/rboxc/target/gawk-format-lifetime-candidate/release/rboxc)
==739424==    by 0x5A18600: (below main) (libc_start_call_main.h:59)
==739424== 
==739424== 264 bytes in 3 blocks are still reachable in loss record 186 of 223
==739424==    at 0x586E858: malloc (vg_replace_malloc.c:447)
==739424==    by 0x473EBAB: rboxc_gawk_r_getblock (in /root/rboxc/target/gawk-format-lifetime-candidate/release/rboxc)
==739424==    by 0x473F4F0: r_make_number (in /root/rboxc/target/gawk-format-lifetime-candidate/release/rboxc)
==739424==    by 0x46EFECC: yylex (in /root/rboxc/target/gawk-format-lifetime-candidate/release/rboxc)
==739424==    by 0x46F249C: rboxc_gawk_yyparse (in /root/rboxc/target/gawk-format-lifetime-candidate/release/rboxc)
==739424==    by 0x46F639A: rboxc_gawk_parse_program (in /root/rboxc/target/gawk-format-lifetime-candidate/release/rboxc)
==739424==    by 0x44402A4: single_binary_main_gawk (in /root/rboxc/target/gawk-format-lifetime-candidate/release/rboxc)
==739424==    by 0x5A18600: (below main) (libc_start_call_main.h:59)
==739424== 
==739424== 264 bytes in 3 blocks are still reachable in loss record 187 of 223
==739424==    at 0x586E858: malloc (vg_replace_malloc.c:447)
==739424==    by 0x473EBAB: rboxc_gawk_r_getblock (in /root/rboxc/target/gawk-format-lifetime-candidate/release/rboxc)
==739424==    by 0x473EF81: rboxc_gawk_make_str_node (in /root/rboxc/target/gawk-format-lifetime-candidate/release/rboxc)
==739424==    by 0x47259FC: rboxc_gawk_r_interpret (in /root/rboxc/target/gawk-format-lifetime-candidate/release/rboxc)
==739424==    by 0x4440403: single_binary_main_gawk (in /root/rboxc/target/gawk-format-lifetime-candidate/release/rboxc)
==739424==    by 0x5A18600: (below main) (libc_start_call_main.h:59)
==739424== 
==739424== 278 bytes in 42 blocks are still reachable in loss record 188 of 223
==739424==    at 0x586E858: malloc (vg_replace_malloc.c:447)
==739424==    by 0x473F017: rboxc_gawk_make_str_node (in /root/rboxc/target/gawk-format-lifetime-candidate/release/rboxc)
==739424==    by 0x474D135: install (in /root/rboxc/target/gawk-format-lifetime-candidate/release/rboxc)
==739424==    by 0x46EF48E: rboxc_gawk_install_builtins (in /root/rboxc/target/gawk-format-lifetime-candidate/release/rboxc)
==739424==    by 0x444030E: single_binary_main_gawk (in /root/rboxc/target/gawk-format-lifetime-candidate/release/rboxc)
==739424==    by 0x5A18600: (below main) (libc_start_call_main.h:59)
==739424== 
==739424== 296 bytes in 1 blocks are still reachable in loss record 189 of 223
==739424==    at 0x5875E43: calloc (vg_replace_malloc.c:1678)
==739424==    by 0x46EA646: do_add_srcfile (in /root/rboxc/target/gawk-format-lifetime-candidate/release/rboxc)
==739424==    by 0x46EE6D0: rboxc_gawk_add_srcfile (in /root/rboxc/target/gawk-format-lifetime-candidate/release/rboxc)
==739424==    by 0x443E939: single_binary_main_gawk (in /root/rboxc/target/gawk-format-lifetime-candidate/release/rboxc)
==739424==    by 0x5A18600: (below main) (libc_start_call_main.h:59)
==739424== 
==739424== 336 bytes in 7 blocks are still reachable in loss record 190 of 223
==739424==    at 0x586E858: malloc (vg_replace_malloc.c:447)
==739424==    by 0x473EBAB: rboxc_gawk_r_getblock (in /root/rboxc/target/gawk-format-lifetime-candidate/release/rboxc)
==739424==    by 0x474C959: str_lookup (in /root/rboxc/target/gawk-format-lifetime-candidate/release/rboxc)
==739424==    by 0x474D16C: install (in /root/rboxc/target/gawk-format-lifetime-candidate/release/rboxc)
==739424==    by 0x46F26C3: rboxc_gawk_yyparse (in /root/rboxc/target/gawk-format-lifetime-candidate/release/rboxc)
==739424==    by 0x46F639A: rboxc_gawk_parse_program (in /root/rboxc/target/gawk-format-lifetime-candidate/release/rboxc)
==739424==    by 0x44402A4: single_binary_main_gawk (in /root/rboxc/target/gawk-format-lifetime-candidate/release/rboxc)
==739424==    by 0x5A18600: (below main) (libc_start_call_main.h:59)
==739424== 
==739424== 360 bytes in 9 blocks are still reachable in loss record 191 of 223
==739424==    at 0x586E858: malloc (vg_replace_malloc.c:447)
==739424==    by 0x4758359: add_char_to_set (in /root/rboxc/target/gawk-format-lifetime-candidate/release/rboxc)
==739424==    by 0x4758F22: charset_add_char.part.0 (in /root/rboxc/target/gawk-format-lifetime-candidate/release/rboxc)
==739424==    by 0x475B18E: rep (in /root/rboxc/target/gawk-format-lifetime-candidate/release/rboxc)
==739424==    by 0x475C400: cat (in /root/rboxc/target/gawk-format-lifetime-candidate/release/rboxc)
==739424==    by 0x475C568: alt (in /root/rboxc/target/gawk-format-lifetime-candidate/release/rboxc)
==739424==    by 0x475CEB0: compile.constprop.0 (in /root/rboxc/target/gawk-format-lifetime-candidate/release/rboxc)
==739424==    by 0x475FE38: rboxc_gawk_minrx_regncomp (in /root/rboxc/target/gawk-format-lifetime-candidate/release/rboxc)
==739424==    by 0x474A2BD: rboxc_gawk_make_regexp (in /root/rboxc/target/gawk-format-lifetime-candidate/release/rboxc)
==739424==    by 0x474B3F5: rboxc_gawk_re_update (in /root/rboxc/target/gawk-format-lifetime-candidate/release/rboxc)
==739424==    by 0x47246C7: rboxc_gawk_r_interpret (in /root/rboxc/target/gawk-format-lifetime-candidate/release/rboxc)
==739424==    by 0x4440403: single_binary_main_gawk (in /root/rboxc/target/gawk-format-lifetime-candidate/release/rboxc)
==739424== 
==739424== 528 bytes in 80 blocks are still reachable in loss record 192 of 223
==739424==    at 0x586E858: malloc (vg_replace_malloc.c:447)
==739424==    by 0x473F017: rboxc_gawk_make_str_node (in /root/rboxc/target/gawk-format-lifetime-candidate/release/rboxc)
==739424==    by 0x474E574: rboxc_gawk_load_symbols (in /root/rboxc/target/gawk-format-lifetime-candidate/release/rboxc)
==739424==    by 0x444037C: single_binary_main_gawk (in /root/rboxc/target/gawk-format-lifetime-candidate/release/rboxc)
==739424==    by 0x5A18600: (below main) (libc_start_call_main.h:59)
==739424== 
==739424== 552 bytes in 1 blocks are still reachable in loss record 193 of 223
==739424==    at 0x5875E43: calloc (vg_replace_malloc.c:1678)
==739424==    by 0x474EA56: rboxc_gawk_new_context (in /root/rboxc/target/gawk-format-lifetime-candidate/release/rboxc)
==739424==    by 0x443E56A: single_binary_main_gawk (in /root/rboxc/target/gawk-format-lifetime-candidate/release/rboxc)
==739424==    by 0x5A18600: (below main) (libc_start_call_main.h:59)
==739424== 
==739424== 576 bytes in 9 blocks are still reachable in loss record 194 of 223
==739424==    at 0x586E858: malloc (vg_replace_malloc.c:447)
==739424==    by 0x475963D: csets_emplace_back (in /root/rboxc/target/gawk-format-lifetime-candidate/release/rboxc)
==739424==    by 0x475B157: rep (in /root/rboxc/target/gawk-format-lifetime-candidate/release/rboxc)
==739424==    by 0x475C400: cat (in /root/rboxc/target/gawk-format-lifetime-candidate/release/rboxc)
==739424==    by 0x475C568: alt (in /root/rboxc/target/gawk-format-lifetime-candidate/release/rboxc)
==739424==    by 0x475CEB0: compile.constprop.0 (in /root/rboxc/target/gawk-format-lifetime-candidate/release/rboxc)
==739424==    by 0x475FE38: rboxc_gawk_minrx_regncomp (in /root/rboxc/target/gawk-format-lifetime-candidate/release/rboxc)
==739424==    by 0x474A2BD: rboxc_gawk_make_regexp (in /root/rboxc/target/gawk-format-lifetime-candidate/release/rboxc)
==739424==    by 0x474B3F5: rboxc_gawk_re_update (in /root/rboxc/target/gawk-format-lifetime-candidate/release/rboxc)
==739424==    by 0x47246C7: rboxc_gawk_r_interpret (in /root/rboxc/target/gawk-format-lifetime-candidate/release/rboxc)
==739424==    by 0x4440403: single_binary_main_gawk (in /root/rboxc/target/gawk-format-lifetime-candidate/release/rboxc)
==739424==    by 0x5A18600: (below main) (libc_start_call_main.h:59)
==739424== 
==739424== 576 bytes in 9 blocks are still reachable in loss record 195 of 223
==739424==    at 0x586E858: malloc (vg_replace_malloc.c:447)
==739424==    by 0x475CEDE: compile.constprop.0 (in /root/rboxc/target/gawk-format-lifetime-candidate/release/rboxc)
==739424==    by 0x475FE38: rboxc_gawk_minrx_regncomp (in /root/rboxc/target/gawk-format-lifetime-candidate/release/rboxc)
==739424==    by 0x474A2BD: rboxc_gawk_make_regexp (in /root/rboxc/target/gawk-format-lifetime-candidate/release/rboxc)
==739424==    by 0x474B3F5: rboxc_gawk_re_update (in /root/rboxc/target/gawk-format-lifetime-candidate/release/rboxc)
==739424==    by 0x47246C7: rboxc_gawk_r_interpret (in /root/rboxc/target/gawk-format-lifetime-candidate/release/rboxc)
==739424==    by 0x4440403: single_binary_main_gawk (in /root/rboxc/target/gawk-format-lifetime-candidate/release/rboxc)
==739424==    by 0x5A18600: (below main) (libc_start_call_main.h:59)
==739424== 
==739424== 576 bytes in 9 blocks are still reachable in loss record 196 of 223
==739424==    at 0x586E858: malloc (vg_replace_malloc.c:447)
==739424==    by 0x475D20A: compile.constprop.0 (in /root/rboxc/target/gawk-format-lifetime-candidate/release/rboxc)
==739424==    by 0x475FE38: rboxc_gawk_minrx_regncomp (in /root/rboxc/target/gawk-format-lifetime-candidate/release/rboxc)
==739424==    by 0x474A2BD: rboxc_gawk_make_regexp (in /root/rboxc/target/gawk-format-lifetime-candidate/release/rboxc)
==739424==    by 0x474B3F5: rboxc_gawk_re_update (in /root/rboxc/target/gawk-format-lifetime-candidate/release/rboxc)
==739424==    by 0x47246C7: rboxc_gawk_r_interpret (in /root/rboxc/target/gawk-format-lifetime-candidate/release/rboxc)
==739424==    by 0x4440403: single_binary_main_gawk (in /root/rboxc/target/gawk-format-lifetime-candidate/release/rboxc)
==739424==    by 0x5A18600: (below main) (libc_start_call_main.h:59)
==739424== 
==739424== 616 bytes in 7 blocks are still reachable in loss record 197 of 223
==739424==    at 0x586E858: malloc (vg_replace_malloc.c:447)
==739424==    by 0x473EBAB: rboxc_gawk_r_getblock (in /root/rboxc/target/gawk-format-lifetime-candidate/release/rboxc)
==739424==    by 0x473EF81: rboxc_gawk_make_str_node (in /root/rboxc/target/gawk-format-lifetime-candidate/release/rboxc)
==739424==    by 0x474D135: install (in /root/rboxc/target/gawk-format-lifetime-candidate/release/rboxc)
==739424==    by 0x46F26C3: rboxc_gawk_yyparse (in /root/rboxc/target/gawk-format-lifetime-candidate/release/rboxc)
==739424==    by 0x46F639A: rboxc_gawk_parse_program (in /root/rboxc/target/gawk-format-lifetime-candidate/release/rboxc)
==739424==    by 0x44402A4: single_binary_main_gawk (in /root/rboxc/target/gawk-format-lifetime-candidate/release/rboxc)
==739424==    by 0x5A18600: (below main) (libc_start_call_main.h:59)
==739424== 
==739424== 616 bytes in 7 blocks are still reachable in loss record 198 of 223
==739424==    at 0x586E858: malloc (vg_replace_malloc.c:447)
==739424==    by 0x473EBAB: rboxc_gawk_r_getblock (in /root/rboxc/target/gawk-format-lifetime-candidate/release/rboxc)
==739424==    by 0x474D213: install (in /root/rboxc/target/gawk-format-lifetime-candidate/release/rboxc)
==739424==    by 0x46F26C3: rboxc_gawk_yyparse (in /root/rboxc/target/gawk-format-lifetime-candidate/release/rboxc)
==739424==    by 0x46F639A: rboxc_gawk_parse_program (in /root/rboxc/target/gawk-format-lifetime-candidate/release/rboxc)
==739424==    by 0x44402A4: single_binary_main_gawk (in /root/rboxc/target/gawk-format-lifetime-candidate/release/rboxc)
==739424==    by 0x5A18600: (below main) (libc_start_call_main.h:59)
==739424== 
==739424== 720 bytes in 9 blocks are still reachable in loss record 199 of 223
==739424==    at 0x586E858: malloc (vg_replace_malloc.c:447)
==739424==    by 0x4758441: add_range_to_set (in /root/rboxc/target/gawk-format-lifetime-candidate/release/rboxc)
==739424==    by 0x475884B: charset_finalize (in /root/rboxc/target/gawk-format-lifetime-candidate/release/rboxc)
==739424==    by 0x475DA09: compile.constprop.0 (in /root/rboxc/target/gawk-format-lifetime-candidate/release/rboxc)
==739424==    by 0x475FE38: rboxc_gawk_minrx_regncomp (in /root/rboxc/target/gawk-format-lifetime-candidate/release/rboxc)
==739424==    by 0x474A2BD: rboxc_gawk_make_regexp (in /root/rboxc/target/gawk-format-lifetime-candidate/release/rboxc)
==739424==    by 0x474B3F5: rboxc_gawk_re_update (in /root/rboxc/target/gawk-format-lifetime-candidate/release/rboxc)
==739424==    by 0x47246C7: rboxc_gawk_r_interpret (in /root/rboxc/target/gawk-format-lifetime-candidate/release/rboxc)
==739424==    by 0x4440403: single_binary_main_gawk (in /root/rboxc/target/gawk-format-lifetime-candidate/release/rboxc)
==739424==    by 0x5A18600: (below main) (libc_start_call_main.h:59)
==739424== 
==739424== 720 bytes in 9 blocks are still reachable in loss record 200 of 223
==739424==    at 0x586E858: malloc (vg_replace_malloc.c:447)
==739424==    by 0x4758441: add_range_to_set (in /root/rboxc/target/gawk-format-lifetime-candidate/release/rboxc)
==739424==    by 0x475884B: charset_finalize (in /root/rboxc/target/gawk-format-lifetime-candidate/release/rboxc)
==739424==    by 0x47590A5: charset_in_set (in /root/rboxc/target/gawk-format-lifetime-candidate/release/rboxc)
==739424==    by 0x475E7CD: execute_add (in /root/rboxc/target/gawk-format-lifetime-candidate/release/rboxc)
==739424==    by 0x475F778: execute (in /root/rboxc/target/gawk-format-lifetime-candidate/release/rboxc)
==739424==    by 0x47600D9: rboxc_gawk_minrx_regnexec (in /root/rboxc/target/gawk-format-lifetime-candidate/release/rboxc)
==739424==    by 0x474B161: rboxc_gawk_research (in /root/rboxc/target/gawk-format-lifetime-candidate/release/rboxc)
==739424==    by 0x47246DC: rboxc_gawk_r_interpret (in /root/rboxc/target/gawk-format-lifetime-candidate/release/rboxc)
==739424==    by 0x4440403: single_binary_main_gawk (in /root/rboxc/target/gawk-format-lifetime-candidate/release/rboxc)
==739424==    by 0x5A18600: (below main) (libc_start_call_main.h:59)
==739424== 
==739424== 792 bytes in 9 blocks are still reachable in loss record 201 of 223
==739424==    at 0x586E858: malloc (vg_replace_malloc.c:447)
==739424==    by 0x473EBAB: rboxc_gawk_r_getblock (in /root/rboxc/target/gawk-format-lifetime-candidate/release/rboxc)
==739424==    by 0x473F4F0: r_make_number (in /root/rboxc/target/gawk-format-lifetime-candidate/release/rboxc)
==739424==    by 0x443F2C3: single_binary_main_gawk (in /root/rboxc/target/gawk-format-lifetime-candidate/release/rboxc)
==739424==    by 0x5A18600: (below main) (libc_start_call_main.h:59)
==739424== 
==739424== 792 bytes in 9 blocks are still reachable in loss record 202 of 223
==739424==    at 0x586E858: malloc (vg_replace_malloc.c:447)
==739424==    by 0x473EBAB: rboxc_gawk_r_getblock (in /root/rboxc/target/gawk-format-lifetime-candidate/release/rboxc)
==739424==    by 0x46F3A68: rboxc_gawk_yyparse (in /root/rboxc/target/gawk-format-lifetime-candidate/release/rboxc)
==739424==    by 0x46F639A: rboxc_gawk_parse_program (in /root/rboxc/target/gawk-format-lifetime-candidate/release/rboxc)
==739424==    by 0x44402A4: single_binary_main_gawk (in /root/rboxc/target/gawk-format-lifetime-candidate/release/rboxc)
==739424==    by 0x5A18600: (below main) (libc_start_call_main.h:59)
==739424== 
==739424== 897 bytes in 26 blocks are still reachable in loss record 203 of 223
==739424==    at 0x586E858: malloc (vg_replace_malloc.c:447)
==739424==    by 0x473F017: rboxc_gawk_make_str_node (in /root/rboxc/target/gawk-format-lifetime-candidate/release/rboxc)
==739424==    by 0x443FD20: single_binary_main_gawk (in /root/rboxc/target/gawk-format-lifetime-candidate/release/rboxc)
==739424==    by 0x5A18600: (below main) (libc_start_call_main.h:59)
==739424== 
==739424== 1,152 bytes in 24 blocks are still reachable in loss record 204 of 223
==739424==    at 0x586E858: malloc (vg_replace_malloc.c:447)
==739424==    by 0x473EBAB: rboxc_gawk_r_getblock (in /root/rboxc/target/gawk-format-lifetime-candidate/release/rboxc)
==739424==    by 0x474C959: str_lookup (in /root/rboxc/target/gawk-format-lifetime-candidate/release/rboxc)
==739424==    by 0x474D16C: install (in /root/rboxc/target/gawk-format-lifetime-candidate/release/rboxc)
==739424==    by 0x443F280: single_binary_main_gawk (in /root/rboxc/target/gawk-format-lifetime-candidate/release/rboxc)
==739424==    by 0x5A18600: (below main) (libc_start_call_main.h:59)
==739424== 
==739424== 1,224 bytes in 9 blocks are still reachable in loss record 205 of 223
==739424==    at 0x5875E43: calloc (vg_replace_malloc.c:1678)
==739424==    by 0x474A25C: rboxc_gawk_make_regexp (in /root/rboxc/target/gawk-format-lifetime-candidate/release/rboxc)
==739424==    by 0x474B3F5: rboxc_gawk_re_update (in /root/rboxc/target/gawk-format-lifetime-candidate/release/rboxc)
==739424==    by 0x47246C7: rboxc_gawk_r_interpret (in /root/rboxc/target/gawk-format-lifetime-candidate/release/rboxc)
==739424==    by 0x4440403: single_binary_main_gawk (in /root/rboxc/target/gawk-format-lifetime-candidate/release/rboxc)
==739424==    by 0x5A18600: (below main) (libc_start_call_main.h:59)
==739424== 
==739424== 1,232 bytes in 14 blocks are still reachable in loss record 206 of 223
==739424==    at 0x586E858: malloc (vg_replace_malloc.c:447)
==739424==    by 0x473EBAB: rboxc_gawk_r_getblock (in /root/rboxc/target/gawk-format-lifetime-candidate/release/rboxc)
==739424==    by 0x473EF81: rboxc_gawk_make_str_node (in /root/rboxc/target/gawk-format-lifetime-candidate/release/rboxc)
==739424==    by 0x443F2AA: single_binary_main_gawk (in /root/rboxc/target/gawk-format-lifetime-candidate/release/rboxc)
==739424==    by 0x5A18600: (below main) (libc_start_call_main.h:59)
==739424== 
==739424== 1,248 bytes in 26 blocks are still reachable in loss record 207 of 223
==739424==    at 0x586E858: malloc (vg_replace_malloc.c:447)
==739424==    by 0x473EBAB: rboxc_gawk_r_getblock (in /root/rboxc/target/gawk-format-lifetime-candidate/release/rboxc)
==739424==    by 0x474C959: str_lookup (in /root/rboxc/target/gawk-format-lifetime-candidate/release/rboxc)
==739424==    by 0x443FD46: single_binary_main_gawk (in /root/rboxc/target/gawk-format-lifetime-candidate/release/rboxc)
==739424==    by 0x5A18600: (below main) (libc_start_call_main.h:59)
==739424== 
==739424== 1,760 bytes in 20 blocks are still reachable in loss record 208 of 223
==739424==    at 0x586E858: malloc (vg_replace_malloc.c:447)
==739424==    by 0x473EBAB: rboxc_gawk_r_getblock (in /root/rboxc/target/gawk-format-lifetime-candidate/release/rboxc)
==739424==    by 0x473EF81: rboxc_gawk_make_str_node (in /root/rboxc/target/gawk-format-lifetime-candidate/release/rboxc)
==739424==    by 0x46F0DF4: yylex (in /root/rboxc/target/gawk-format-lifetime-candidate/release/rboxc)
==739424==    by 0x46F249C: rboxc_gawk_yyparse (in /root/rboxc/target/gawk-format-lifetime-candidate/release/rboxc)
==739424==    by 0x46F639A: rboxc_gawk_parse_program (in /root/rboxc/target/gawk-format-lifetime-candidate/release/rboxc)
==739424==    by 0x44402A4: single_binary_main_gawk (in /root/rboxc/target/gawk-format-lifetime-candidate/release/rboxc)
==739424==    by 0x5A18600: (below main) (libc_start_call_main.h:59)
==739424== 
==739424== 2,016 bytes in 42 blocks are still reachable in loss record 209 of 223
==739424==    at 0x586E858: malloc (vg_replace_malloc.c:447)
==739424==    by 0x473EBAB: rboxc_gawk_r_getblock (in /root/rboxc/target/gawk-format-lifetime-candidate/release/rboxc)
==739424==    by 0x474C959: str_lookup (in /root/rboxc/target/gawk-format-lifetime-candidate/release/rboxc)
==739424==    by 0x474D16C: install (in /root/rboxc/target/gawk-format-lifetime-candidate/release/rboxc)
==739424==    by 0x46EF48E: rboxc_gawk_install_builtins (in /root/rboxc/target/gawk-format-lifetime-candidate/release/rboxc)
==739424==    by 0x444030E: single_binary_main_gawk (in /root/rboxc/target/gawk-format-lifetime-candidate/release/rboxc)
==739424==    by 0x5A18600: (below main) (libc_start_call_main.h:59)
==739424== 
==739424== 2,048 bytes in 1 blocks are still reachable in loss record 210 of 223
==739424==    at 0x586E858: malloc (vg_replace_malloc.c:447)
==739424==    by 0x471F119: rboxc_gawk_init_interpret (in /root/rboxc/target/gawk-format-lifetime-candidate/release/rboxc)
==739424==    by 0x443FE94: single_binary_main_gawk (in /root/rboxc/target/gawk-format-lifetime-candidate/release/rboxc)
==739424==    by 0x5A18600: (below main) (libc_start_call_main.h:59)
==739424== 
==739424== 2,112 bytes in 24 blocks are still reachable in loss record 211 of 223
==739424==    at 0x586E858: malloc (vg_replace_malloc.c:447)
==739424==    by 0x473EBAB: rboxc_gawk_r_getblock (in /root/rboxc/target/gawk-format-lifetime-candidate/release/rboxc)
==739424==    by 0x473EF81: rboxc_gawk_make_str_node (in /root/rboxc/target/gawk-format-lifetime-candidate/release/rboxc)
==739424==    by 0x474D135: install (in /root/rboxc/target/gawk-format-lifetime-candidate/release/rboxc)
==739424==    by 0x443F280: single_binary_main_gawk (in /root/rboxc/target/gawk-format-lifetime-candidate/release/rboxc)
==739424==    by 0x5A18600: (below main) (libc_start_call_main.h:59)
==739424== 
==739424== 2,112 bytes in 24 blocks are still reachable in loss record 212 of 223
==739424==    at 0x586E858: malloc (vg_replace_malloc.c:447)
==739424==    by 0x473EBAB: rboxc_gawk_r_getblock (in /root/rboxc/target/gawk-format-lifetime-candidate/release/rboxc)
==739424==    by 0x474D213: install (in /root/rboxc/target/gawk-format-lifetime-candidate/release/rboxc)
==739424==    by 0x443F280: single_binary_main_gawk (in /root/rboxc/target/gawk-format-lifetime-candidate/release/rboxc)
==739424==    by 0x5A18600: (below main) (libc_start_call_main.h:59)
==739424== 
==739424== 2,288 bytes in 26 blocks are still reachable in loss record 213 of 223
==739424==    at 0x586E858: malloc (vg_replace_malloc.c:447)
==739424==    by 0x473EBAB: rboxc_gawk_r_getblock (in /root/rboxc/target/gawk-format-lifetime-candidate/release/rboxc)
==739424==    by 0x473EF81: rboxc_gawk_make_str_node (in /root/rboxc/target/gawk-format-lifetime-candidate/release/rboxc)
==739424==    by 0x443FD0C: single_binary_main_gawk (in /root/rboxc/target/gawk-format-lifetime-candidate/release/rboxc)
==739424==    by 0x5A18600: (below main) (libc_start_call_main.h:59)
==739424== 
==739424== 2,288 bytes in 26 blocks are still reachable in loss record 214 of 223
==739424==    at 0x586E858: malloc (vg_replace_malloc.c:447)
==739424==    by 0x473EBAB: rboxc_gawk_r_getblock (in /root/rboxc/target/gawk-format-lifetime-candidate/release/rboxc)
==739424==    by 0x473EF81: rboxc_gawk_make_str_node (in /root/rboxc/target/gawk-format-lifetime-candidate/release/rboxc)
==739424==    by 0x443FD20: single_binary_main_gawk (in /root/rboxc/target/gawk-format-lifetime-candidate/release/rboxc)
==739424==    by 0x5A18600: (below main) (libc_start_call_main.h:59)
==739424== 
==739424== 3,168 bytes in 9 blocks are still reachable in loss record 215 of 223
==739424==    at 0x586E858: malloc (vg_replace_malloc.c:447)
==739424==    by 0x475CCED: compile.constprop.0 (in /root/rboxc/target/gawk-format-lifetime-candidate/release/rboxc)
==739424==    by 0x475FE38: rboxc_gawk_minrx_regncomp (in /root/rboxc/target/gawk-format-lifetime-candidate/release/rboxc)
==739424==    by 0x474A2BD: rboxc_gawk_make_regexp (in /root/rboxc/target/gawk-format-lifetime-candidate/release/rboxc)
==739424==    by 0x474B3F5: rboxc_gawk_re_update (in /root/rboxc/target/gawk-format-lifetime-candidate/release/rboxc)
==739424==    by 0x47246C7: rboxc_gawk_r_interpret (in /root/rboxc/target/gawk-format-lifetime-candidate/release/rboxc)
==739424==    by 0x4440403: single_binary_main_gawk (in /root/rboxc/target/gawk-format-lifetime-candidate/release/rboxc)
==739424==    by 0x5A18600: (below main) (libc_start_call_main.h:59)
==739424== 
==739424== 3,696 bytes in 42 blocks are still reachable in loss record 216 of 223
==739424==    at 0x586E858: malloc (vg_replace_malloc.c:447)
==739424==    by 0x473EBAB: rboxc_gawk_r_getblock (in /root/rboxc/target/gawk-format-lifetime-candidate/release/rboxc)
==739424==    by 0x473EF81: rboxc_gawk_make_str_node (in /root/rboxc/target/gawk-format-lifetime-candidate/release/rboxc)
==739424==    by 0x474D135: install (in /root/rboxc/target/gawk-format-lifetime-candidate/release/rboxc)
==739424==    by 0x46EF48E: rboxc_gawk_install_builtins (in /root/rboxc/target/gawk-format-lifetime-candidate/release/rboxc)
==739424==    by 0x444030E: single_binary_main_gawk (in /root/rboxc/target/gawk-format-lifetime-candidate/release/rboxc)
==739424==    by 0x5A18600: (below main) (libc_start_call_main.h:59)
==739424== 
==739424== 3,696 bytes in 42 blocks are still reachable in loss record 217 of 223
==739424==    at 0x586E858: malloc (vg_replace_malloc.c:447)
==739424==    by 0x473EBAB: rboxc_gawk_r_getblock (in /root/rboxc/target/gawk-format-lifetime-candidate/release/rboxc)
==739424==    by 0x474D2FE: install (in /root/rboxc/target/gawk-format-lifetime-candidate/release/rboxc)
==739424==    by 0x46EF48E: rboxc_gawk_install_builtins (in /root/rboxc/target/gawk-format-lifetime-candidate/release/rboxc)
==739424==    by 0x444030E: single_binary_main_gawk (in /root/rboxc/target/gawk-format-lifetime-candidate/release/rboxc)
==739424==    by 0x5A18600: (below main) (libc_start_call_main.h:59)
==739424== 
==739424== 3,840 bytes in 80 blocks are still reachable in loss record 218 of 223
==739424==    at 0x586E858: malloc (vg_replace_malloc.c:447)
==739424==    by 0x473EBAB: rboxc_gawk_r_getblock (in /root/rboxc/target/gawk-format-lifetime-candidate/release/rboxc)
==739424==    by 0x474C959: str_lookup (in /root/rboxc/target/gawk-format-lifetime-candidate/release/rboxc)
==739424==    by 0x474E3C9: rboxc_gawk_load_symbols (in /root/rboxc/target/gawk-format-lifetime-candidate/release/rboxc)
==739424==    by 0x444037C: single_binary_main_gawk (in /root/rboxc/target/gawk-format-lifetime-candidate/release/rboxc)
==739424==    by 0x5A18600: (below main) (libc_start_call_main.h:59)
==739424== 
==739424== 5,048 bytes in 1 blocks are still reachable in loss record 219 of 223
==739424==    at 0x586E858: malloc (vg_replace_malloc.c:447)
==739424==    by 0x474E971: rboxc_gawk_bcalloc (in /root/rboxc/target/gawk-format-lifetime-candidate/release/rboxc)
==739424==    by 0x46F62BC: rboxc_gawk_parse_program (in /root/rboxc/target/gawk-format-lifetime-candidate/release/rboxc)
==739424==    by 0x44402A4: single_binary_main_gawk (in /root/rboxc/target/gawk-format-lifetime-candidate/release/rboxc)
==739424==    by 0x5A18600: (below main) (libc_start_call_main.h:59)
==739424== 
==739424== 5,048 bytes in 1 blocks are still reachable in loss record 220 of 223
==739424==    at 0x586E858: malloc (vg_replace_malloc.c:447)
==739424==    by 0x474E971: rboxc_gawk_bcalloc (in /root/rboxc/target/gawk-format-lifetime-candidate/release/rboxc)
==739424==    by 0x46F67B8: rboxc_gawk_parse_program (in /root/rboxc/target/gawk-format-lifetime-candidate/release/rboxc)
==739424==    by 0x44402A4: single_binary_main_gawk (in /root/rboxc/target/gawk-format-lifetime-candidate/release/rboxc)
==739424==    by 0x5A18600: (below main) (libc_start_call_main.h:59)
==739424== 
==739424== 5,048 bytes in 1 blocks are still reachable in loss record 221 of 223
==739424==    at 0x586E858: malloc (vg_replace_malloc.c:447)
==739424==    by 0x474E971: rboxc_gawk_bcalloc (in /root/rboxc/target/gawk-format-lifetime-candidate/release/rboxc)
==739424==    by 0x46F1F4A: yylex (in /root/rboxc/target/gawk-format-lifetime-candidate/release/rboxc)
==739424==    by 0x46F249C: rboxc_gawk_yyparse (in /root/rboxc/target/gawk-format-lifetime-candidate/release/rboxc)
==739424==    by 0x46F639A: rboxc_gawk_parse_program (in /root/rboxc/target/gawk-format-lifetime-candidate/release/rboxc)
==739424==    by 0x44402A4: single_binary_main_gawk (in /root/rboxc/target/gawk-format-lifetime-candidate/release/rboxc)
==739424==    by 0x5A18600: (below main) (libc_start_call_main.h:59)
==739424== 
==739424== 5,048 bytes in 1 blocks are still reachable in loss record 222 of 223
==739424==    at 0x586E858: malloc (vg_replace_malloc.c:447)
==739424==    by 0x474E971: rboxc_gawk_bcalloc (in /root/rboxc/target/gawk-format-lifetime-candidate/release/rboxc)
==739424==    by 0x46EFD40: yylex (in /root/rboxc/target/gawk-format-lifetime-candidate/release/rboxc)
==739424==    by 0x46F249C: rboxc_gawk_yyparse (in /root/rboxc/target/gawk-format-lifetime-candidate/release/rboxc)
==739424==    by 0x46F639A: rboxc_gawk_parse_program (in /root/rboxc/target/gawk-format-lifetime-candidate/release/rboxc)
==739424==    by 0x44402A4: single_binary_main_gawk (in /root/rboxc/target/gawk-format-lifetime-candidate/release/rboxc)
==739424==    by 0x5A18600: (below main) (libc_start_call_main.h:59)
==739424== 
==739424== 7,040 bytes in 80 blocks are still reachable in loss record 223 of 223
==739424==    at 0x586E858: malloc (vg_replace_malloc.c:447)
==739424==    by 0x473EBAB: rboxc_gawk_r_getblock (in /root/rboxc/target/gawk-format-lifetime-candidate/release/rboxc)
==739424==    by 0x473EF81: rboxc_gawk_make_str_node (in /root/rboxc/target/gawk-format-lifetime-candidate/release/rboxc)
==739424==    by 0x474E574: rboxc_gawk_load_symbols (in /root/rboxc/target/gawk-format-lifetime-candidate/release/rboxc)
==739424==    by 0x444037C: single_binary_main_gawk (in /root/rboxc/target/gawk-format-lifetime-candidate/release/rboxc)
==739424==    by 0x5A18600: (below main) (libc_start_call_main.h:59)
==739424== 
==739424== LEAK SUMMARY:
==739424==    definitely lost: 0 bytes in 0 blocks
==739424==    indirectly lost: 0 bytes in 0 blocks
==739424==      possibly lost: 0 bytes in 0 blocks
==739424==    still reachable: 82,824 bytes in 1,082 blocks
==739424==         suppressed: 0 bytes in 0 blocks
==739424== 
==739424== For lists of detected and suppressed errors, rerun with: -s
==739424== ERROR SUMMARY: 0 errors from 0 contexts (suppressed: 0 from 0)
