==744448== Memcheck, a memory error detector
==744448== Copyright (C) 2002-2024, and GNU GPL'd, by Julian Seward et al.
==744448== Using Valgrind-3.26.0 and LibVEX; rerun with -h for copyright info
==744448== Command: gawk -f /opt/src/gawk-5.4.1/test/readdir0.awk -v extout=_readdir -v dirlist=_dirlist -v longlist=_longlist
==744448== Parent PID: 744447
==744448== 
==744448== 
==744448== FILE DESCRIPTORS: 3 open (3 inherited) at exit.
==744448== 
==744448== HEAP SUMMARY:
==744448==     in use at exit: 111,465 bytes in 1,670 blocks
==744448==   total heap usage: 7,862 allocs, 6,192 frees, 556,967 bytes allocated
==744448== 
==744448== 1 bytes in 1 blocks are still reachable in loss record 1 of 251
==744448==    at 0x497D858: malloc (vg_replace_malloc.c:447)
==744448==    by 0x4066564: emalloc_real (awk.h:2156)
==744448==    by 0x4066564: estrdup (main.c:1451)
==744448==    by 0x400D434: init_locale (main.c:1476)
==744448==    by 0x400D434: set_locale_stuff (main.c:1849)
==744448==    by 0x400D434: main (main.c:254)
==744448== 
==744448== 1 bytes in 1 blocks are still reachable in loss record 2 of 251
==744448==    at 0x497D858: malloc (vg_replace_malloc.c:447)
==744448==    by 0x4066564: emalloc_real (awk.h:2156)
==744448==    by 0x4066564: estrdup (main.c:1451)
==744448==    by 0x400D469: init_locale (main.c:1478)
==744448==    by 0x400D469: set_locale_stuff (main.c:1849)
==744448==    by 0x400D469: main (main.c:254)
==744448== 
==744448== 1 bytes in 1 blocks are still reachable in loss record 3 of 251
==744448==    at 0x497D858: malloc (vg_replace_malloc.c:447)
==744448==    by 0x4066564: emalloc_real (awk.h:2156)
==744448==    by 0x4066564: estrdup (main.c:1451)
==744448==    by 0x400D485: init_locale (main.c:1479)
==744448==    by 0x400D485: set_locale_stuff (main.c:1849)
==744448==    by 0x400D485: main (main.c:254)
==744448== 
==744448== 1 bytes in 1 blocks are still reachable in loss record 4 of 251
==744448==    at 0x497D858: malloc (vg_replace_malloc.c:447)
==744448==    by 0x4066564: emalloc_real (awk.h:2156)
==744448==    by 0x4066564: estrdup (main.c:1451)
==744448==    by 0x400D4A1: init_locale (main.c:1480)
==744448==    by 0x400D4A1: set_locale_stuff (main.c:1849)
==744448==    by 0x400D4A1: main (main.c:254)
==744448== 
==744448== 1 bytes in 1 blocks are still reachable in loss record 5 of 251
==744448==    at 0x497D858: malloc (vg_replace_malloc.c:447)
==744448==    by 0x4066564: emalloc_real (awk.h:2156)
==744448==    by 0x4066564: estrdup (main.c:1451)
==744448==    by 0x400D4BD: init_locale (main.c:1481)
==744448==    by 0x400D4BD: set_locale_stuff (main.c:1849)
==744448==    by 0x400D4BD: main (main.c:254)
==744448== 
==744448== 1 bytes in 1 blocks are still reachable in loss record 6 of 251
==744448==    at 0x497D858: malloc (vg_replace_malloc.c:447)
==744448==    by 0x4066564: emalloc_real (awk.h:2156)
==744448==    by 0x4066564: estrdup (main.c:1451)
==744448==    by 0x400D4D9: init_locale (main.c:1482)
==744448==    by 0x400D4D9: set_locale_stuff (main.c:1849)
==744448==    by 0x400D4D9: main (main.c:254)
==744448== 
==744448== 1 bytes in 1 blocks are still reachable in loss record 7 of 251
==744448==    at 0x497D858: malloc (vg_replace_malloc.c:447)
==744448==    by 0x4066564: emalloc_real (awk.h:2156)
==744448==    by 0x4066564: estrdup (main.c:1451)
==744448==    by 0x400D4F5: init_locale (main.c:1483)
==744448==    by 0x400D4F5: set_locale_stuff (main.c:1849)
==744448==    by 0x400D4F5: main (main.c:254)
==744448== 
==744448== 1 bytes in 1 blocks are still reachable in loss record 8 of 251
==744448==    at 0x497D858: malloc (vg_replace_malloc.c:447)
==744448==    by 0x4066564: emalloc_real (awk.h:2156)
==744448==    by 0x4066564: estrdup (main.c:1451)
==744448==    by 0x400D511: init_locale (main.c:1484)
==744448==    by 0x400D511: set_locale_stuff (main.c:1849)
==744448==    by 0x400D511: main (main.c:254)
==744448== 
==744448== 1 bytes in 1 blocks are still reachable in loss record 9 of 251
==744448==    at 0x497D858: malloc (vg_replace_malloc.c:447)
==744448==    by 0x4066564: emalloc_real (awk.h:2156)
==744448==    by 0x4066564: estrdup (main.c:1451)
==744448==    by 0x400D52D: init_locale (main.c:1485)
==744448==    by 0x400D52D: set_locale_stuff (main.c:1849)
==744448==    by 0x400D52D: main (main.c:254)
==744448== 
==744448== 1 bytes in 1 blocks are still reachable in loss record 10 of 251
==744448==    at 0x497D858: malloc (vg_replace_malloc.c:447)
==744448==    by 0x4069457: emalloc_real (awk.h:2156)
==744448==    by 0x4069457: make_str_node (node.c:422)
==744448==    by 0x400D5C7: main (main.c:278)
==744448== 
==744448== 1 bytes in 1 blocks are still reachable in loss record 11 of 251
==744448==    at 0x497D858: malloc (vg_replace_malloc.c:447)
==744448==    by 0x4069457: emalloc_real (awk.h:2156)
==744448==    by 0x4069457: make_str_node (node.c:422)
==744448==    by 0x40553E0: init_fields (field.c:111)
==744448==    by 0x400E1A4: main (main.c:410)
==744448== 
==744448== 2 bytes in 1 blocks are still reachable in loss record 12 of 251
==744448==    at 0x497D858: malloc (vg_replace_malloc.c:447)
==744448==    by 0x4066564: emalloc_real (awk.h:2156)
==744448==    by 0x4066564: estrdup (main.c:1451)
==744448==    by 0x400D44E: init_locale (main.c:1477)
==744448==    by 0x400D44E: set_locale_stuff (main.c:1849)
==744448==    by 0x400D44E: main (main.c:254)
==744448== 
==744448== 2 bytes in 1 blocks are still reachable in loss record 13 of 251
==744448==    at 0x497D858: malloc (vg_replace_malloc.c:447)
==744448==    by 0x4046CFF: emalloc_real (awk.h:2156)
==744448==    by 0x4046CFF: set_OFS (eval.c:839)
==744448==    by 0x400D9A3: init_vars (main.c:873)
==744448==    by 0x400D9A3: main (main.c:403)
==744448== 
==744448== 2 bytes in 1 blocks are still reachable in loss record 14 of 251
==744448==    at 0x497D858: malloc (vg_replace_malloc.c:447)
==744448==    by 0x4069457: emalloc_real (awk.h:2156)
==744448==    by 0x4069457: make_str_node (node.c:422)
==744448==    by 0x40604F8: get_a_record (io.c:4164)
==744448==    by 0x4064C06: do_getline_redir (io.c:2878)
==744448==    by 0x404FD86: r_interpret (interpret.h:1364)
==744448==    by 0x400EDDE: main (main.c:532)
==744448== 
==744448== 3 bytes in 1 blocks are still reachable in loss record 15 of 251
==744448==    at 0x497D858: malloc (vg_replace_malloc.c:447)
==744448==    by 0x4069457: emalloc_real (awk.h:2156)
==744448==    by 0x4069457: make_str_node (node.c:422)
==744448==    by 0x4054B6F: update_PROCINFO_str.part.0 (field.c:1661)
==744448==    by 0x400E83A: load_procinfo (main.c:1072)
==744448==    by 0x400E83A: init_vars (main.c:878)
==744448==    by 0x400E83A: main (main.c:403)
==744448== 
==744448== 3 bytes in 1 blocks are still reachable in loss record 16 of 251
==744448==    at 0x497D858: malloc (vg_replace_malloc.c:447)
==744448==    by 0x4069457: emalloc_real (awk.h:2156)
==744448==    by 0x4069457: make_str_node (node.c:422)
==744448==    by 0x4054B87: update_PROCINFO_str.part.0 (field.c:1662)
==744448==    by 0x400E83A: load_procinfo (main.c:1072)
==744448==    by 0x400E83A: init_vars (main.c:878)
==744448==    by 0x400E83A: main (main.c:403)
==744448== 
==744448== 4 bytes in 1 blocks are still reachable in loss record 17 of 251
==744448==    at 0x497D858: malloc (vg_replace_malloc.c:447)
==744448==    by 0x4069457: emalloc_real (awk.h:2156)
==744448==    by 0x4069457: make_str_node (node.c:422)
==744448==    by 0x4058004: update_PROCINFO_num (field.c:1674)
==744448==    by 0x400E79D: load_procinfo (main.c:1055)
==744448==    by 0x400E79D: init_vars (main.c:878)
==744448==    by 0x400E79D: main (main.c:403)
==744448== 
==744448== 4 bytes in 1 blocks are still reachable in loss record 18 of 251
==744448==    at 0x497D858: malloc (vg_replace_malloc.c:447)
==744448==    by 0x4069457: emalloc_real (awk.h:2156)
==744448==    by 0x4069457: make_str_node (node.c:422)
==744448==    by 0x4058004: update_PROCINFO_num (field.c:1674)
==744448==    by 0x400E7D2: load_procinfo (main.c:1061)
==744448==    by 0x400E7D2: init_vars (main.c:878)
==744448==    by 0x400E7D2: main (main.c:403)
==744448== 
==744448== 4 bytes in 1 blocks are still reachable in loss record 19 of 251
==744448==    at 0x497D858: malloc (vg_replace_malloc.c:447)
==744448==    by 0x4069457: emalloc_real (awk.h:2156)
==744448==    by 0x4069457: make_str_node (node.c:422)
==744448==    by 0x4058004: update_PROCINFO_num (field.c:1674)
==744448==    by 0x400E80A: load_procinfo (main.c:1067)
==744448==    by 0x400E80A: init_vars (main.c:878)
==744448==    by 0x400E80A: main (main.c:403)
==744448== 
==744448== 4 bytes in 1 blocks are still reachable in loss record 20 of 251
==744448==    at 0x497D858: malloc (vg_replace_malloc.c:447)
==744448==    by 0x4069457: emalloc_real (awk.h:2156)
==744448==    by 0x4069457: make_str_node (node.c:422)
==744448==    by 0x4054B6F: update_PROCINFO_str.part.0 (field.c:1661)
==744448==    by 0x400E8D2: load_procinfo (main.c:1087)
==744448==    by 0x400E8D2: init_vars (main.c:878)
==744448==    by 0x400E8D2: main (main.c:403)
==744448== 
==744448== 4 bytes in 1 blocks are still reachable in loss record 21 of 251
==744448==    at 0x497D858: malloc (vg_replace_malloc.c:447)
==744448==    by 0x4066564: emalloc_real (awk.h:2156)
==744448==    by 0x4066564: estrdup (main.c:1451)
==744448==    by 0x4019CDE: yylex (awkgram.y:3684)
==744448==    by 0x401C83C: yyparse (awkgram.c:1879)
==744448==    by 0x402073A: parse_program (awkgram.y:2797)
==744448==    by 0x400EAD8: main (main.c:483)
==744448== 
==744448== 4 bytes in 1 blocks are still reachable in loss record 22 of 251
==744448==    at 0x497D858: malloc (vg_replace_malloc.c:447)
==744448==    by 0x4074886: emalloc_real (awk.h:2156)
==744448==    by 0x4074886: make_regexp (re.c:98)
==744448==    by 0x40195EB: make_regnode (awkgram.y:5306)
==744448==    by 0x401D996: yyparse (awkgram.y:584)
==744448==    by 0x402073A: parse_program (awkgram.y:2797)
==744448==    by 0x400EAD8: main (main.c:483)
==744448== 
==744448== 5 bytes in 1 blocks are still reachable in loss record 23 of 251
==744448==    at 0x497D858: malloc (vg_replace_malloc.c:447)
==744448==    by 0x4069457: emalloc_real (awk.h:2156)
==744448==    by 0x4069457: make_str_node (node.c:422)
==744448==    by 0x4058004: update_PROCINFO_num (field.c:1674)
==744448==    by 0x400E7B6: load_procinfo (main.c:1058)
==744448==    by 0x400E7B6: init_vars (main.c:878)
==744448==    by 0x400E7B6: main (main.c:403)
==744448== 
==744448== 5 bytes in 1 blocks are still reachable in loss record 24 of 251
==744448==    at 0x497D858: malloc (vg_replace_malloc.c:447)
==744448==    by 0x4069457: emalloc_real (awk.h:2156)
==744448==    by 0x4069457: make_str_node (node.c:422)
==744448==    by 0x4058004: update_PROCINFO_num (field.c:1674)
==744448==    by 0x400E7EE: load_procinfo (main.c:1064)
==744448==    by 0x400E7EE: init_vars (main.c:878)
==744448==    by 0x400E7EE: main (main.c:403)
==744448== 
==744448== 5 bytes in 1 blocks are still reachable in loss record 25 of 251
==744448==    at 0x497D858: malloc (vg_replace_malloc.c:447)
==744448==    by 0x4069457: emalloc_real (awk.h:2156)
==744448==    by 0x4069457: make_str_node (node.c:422)
==744448==    by 0x4058004: update_PROCINFO_num (field.c:1674)
==744448==    by 0x400E826: load_procinfo (main.c:1070)
==744448==    by 0x400E826: init_vars (main.c:878)
==744448==    by 0x400E826: main (main.c:403)
==744448== 
==744448== 5 bytes in 1 blocks are still reachable in loss record 26 of 251
==744448==    at 0x497D858: malloc (vg_replace_malloc.c:447)
==744448==    by 0x4066564: emalloc_real (awk.h:2156)
==744448==    by 0x4066564: estrdup (main.c:1451)
==744448==    by 0x400E91C: load_procinfo_argv (main.c:988)
==744448==    by 0x400E91C: load_procinfo (main.c:1093)
==744448==    by 0x400E91C: init_vars (main.c:878)
==744448==    by 0x400E91C: main (main.c:403)
==744448== 
==744448== 5 bytes in 1 blocks are still reachable in loss record 27 of 251
==744448==    at 0x497D858: malloc (vg_replace_malloc.c:447)
==744448==    by 0x4069457: emalloc_real (awk.h:2156)
==744448==    by 0x4069457: make_str_node (node.c:422)
==744448==    by 0x400EC1B: load_procinfo_argv (main.c:996)
==744448==    by 0x400EC1B: load_procinfo (main.c:1093)
==744448==    by 0x400EC1B: init_vars (main.c:878)
==744448==    by 0x400EC1B: main (main.c:403)
==744448== 
==744448== 5 bytes in 1 blocks are still reachable in loss record 28 of 251
==744448==    at 0x497D858: malloc (vg_replace_malloc.c:447)
==744448==    by 0x4066564: emalloc_real (awk.h:2156)
==744448==    by 0x4066564: estrdup (main.c:1451)
==744448==    by 0x400E407: init_args (main.c:764)
==744448==    by 0x400E407: main (main.c:470)
==744448== 
==744448== 5 bytes in 1 blocks are still reachable in loss record 29 of 251
==744448==    at 0x497D858: malloc (vg_replace_malloc.c:447)
==744448==    by 0x4069457: emalloc_real (awk.h:2156)
==744448==    by 0x4069457: make_str_node (node.c:422)
==744448==    by 0x4077055: install (symbol.c:399)
==744448==    by 0x400E414: init_args (main.c:764)
==744448==    by 0x400E414: main (main.c:470)
==744448== 
==744448== 5 bytes in 1 blocks are still reachable in loss record 30 of 251
==744448==    at 0x497D858: malloc (vg_replace_malloc.c:447)
==744448==    by 0x4069457: emalloc_real (awk.h:2156)
==744448==    by 0x4069457: make_str_node (node.c:422)
==744448==    by 0x400E43D: init_args (main.c:766)
==744448==    by 0x400E43D: main (main.c:470)
==744448== 
==744448== 5 bytes in 1 blocks are still reachable in loss record 31 of 251
==744448==    at 0x497D858: malloc (vg_replace_malloc.c:447)
==744448==    by 0x4066564: emalloc_real (awk.h:2156)
==744448==    by 0x4066564: estrdup (main.c:1451)
==744448==    by 0x400EA83: init_args (main.c:791)
==744448==    by 0x400EA83: main (main.c:470)
==744448== 
==744448== 5 bytes in 1 blocks are still reachable in loss record 32 of 251
==744448==    at 0x497D858: malloc (vg_replace_malloc.c:447)
==744448==    by 0x4069457: emalloc_real (awk.h:2156)
==744448==    by 0x4069457: make_str_node (node.c:422)
==744448==    by 0x4077055: install (symbol.c:399)
==744448==    by 0x400EA90: init_args (main.c:791)
==744448==    by 0x400EA90: main (main.c:470)
==744448== 
==744448== 6 bytes in 1 blocks are still reachable in loss record 33 of 251
==744448==    at 0x497D858: malloc (vg_replace_malloc.c:447)
==744448==    by 0x4069457: emalloc_real (awk.h:2156)
==744448==    by 0x4069457: make_str_node (node.c:422)
==744448==    by 0x4054B87: update_PROCINFO_str.part.0 (field.c:1662)
==744448==    by 0x400E71D: load_procinfo (main.c:1021)
==744448==    by 0x400E71D: init_vars (main.c:878)
==744448==    by 0x400E71D: main (main.c:403)
==744448== 
==744448== 6 bytes in 1 blocks are still reachable in loss record 34 of 251
==744448==    at 0x497D858: malloc (vg_replace_malloc.c:447)
==744448==    by 0x4069457: emalloc_real (awk.h:2156)
==744448==    by 0x4069457: make_str_node (node.c:422)
==744448==    by 0x4054B87: update_PROCINFO_str.part.0 (field.c:1662)
==744448==    by 0x400E743: load_procinfo (main.c:1023)
==744448==    by 0x400E743: init_vars (main.c:878)
==744448==    by 0x400E743: main (main.c:403)
==744448== 
==744448== 6 bytes in 1 blocks are still reachable in loss record 35 of 251
==744448==    at 0x497D858: malloc (vg_replace_malloc.c:447)
==744448==    by 0x4069457: emalloc_real (awk.h:2156)
==744448==    by 0x4069457: make_str_node (node.c:422)
==744448==    by 0x407810A: load_symbols (symbol.c:681)
==744448==    by 0x400ED85: main (main.c:499)
==744448== 
==744448== 7 bytes in 1 blocks are still reachable in loss record 36 of 251
==744448==    at 0x497D858: malloc (vg_replace_malloc.c:447)
==744448==    by 0x4066564: emalloc_real (awk.h:2156)
==744448==    by 0x4066564: estrdup (main.c:1451)
==744448==    by 0x4077381: init_the_tables (symbol.c:78)
==744448==    by 0x400D60A: main (main.c:287)
==744448== 
==744448== 7 bytes in 1 blocks are still reachable in loss record 37 of 251
==744448==    at 0x497D858: malloc (vg_replace_malloc.c:447)
==744448==    by 0x4069457: emalloc_real (awk.h:2156)
==744448==    by 0x4069457: make_str_node (node.c:422)
==744448==    by 0x4077055: install (symbol.c:399)
==744448==    by 0x4077390: install_symbol (symbol.c:173)
==744448==    by 0x4077390: init_the_tables (symbol.c:78)
==744448==    by 0x400D60A: main (main.c:287)
==744448== 
==744448== 7 bytes in 1 blocks are still reachable in loss record 38 of 251
==744448==    at 0x497D858: malloc (vg_replace_malloc.c:447)
==744448==    by 0x4069457: emalloc_real (awk.h:2156)
==744448==    by 0x4069457: make_str_node (node.c:422)
==744448==    by 0x4058004: update_PROCINFO_num (field.c:1674)
==744448==    by 0x400E784: load_procinfo (main.c:1046)
==744448==    by 0x400E784: init_vars (main.c:878)
==744448==    by 0x400E784: main (main.c:403)
==744448== 
==744448== 7 bytes in 1 blocks are still reachable in loss record 39 of 251
==744448==    at 0x497D858: malloc (vg_replace_malloc.c:447)
==744448==    by 0x4069457: emalloc_real (awk.h:2156)
==744448==    by 0x4069457: make_str_node (node.c:422)
==744448==    by 0x40780DA: load_symbols (symbol.c:679)
==744448==    by 0x400ED85: main (main.c:499)
==744448== 
==744448== 8 bytes in 1 blocks are still reachable in loss record 40 of 251
==744448==    at 0x497D858: malloc (vg_replace_malloc.c:447)
==744448==    by 0x4066564: emalloc_real (awk.h:2156)
==744448==    by 0x4066564: estrdup (main.c:1451)
==744448==    by 0x407735A: init_the_tables (symbol.c:77)
==744448==    by 0x400D60A: main (main.c:287)
==744448== 
==744448== 8 bytes in 1 blocks are still reachable in loss record 41 of 251
==744448==    at 0x497D858: malloc (vg_replace_malloc.c:447)
==744448==    by 0x4069457: emalloc_real (awk.h:2156)
==744448==    by 0x4069457: make_str_node (node.c:422)
==744448==    by 0x4077055: install (symbol.c:399)
==744448==    by 0x4077369: install_symbol (symbol.c:173)
==744448==    by 0x4077369: init_the_tables (symbol.c:77)
==744448==    by 0x400D60A: main (main.c:287)
==744448== 
==744448== 8 bytes in 1 blocks are still reachable in loss record 42 of 251
==744448==    at 0x497D858: malloc (vg_replace_malloc.c:447)
==744448==    by 0x4069457: emalloc_real (awk.h:2156)
==744448==    by 0x4069457: make_str_node (node.c:422)
==744448==    by 0x4054B6F: update_PROCINFO_str.part.0 (field.c:1661)
==744448==    by 0x400E71D: load_procinfo (main.c:1021)
==744448==    by 0x400E71D: init_vars (main.c:878)
==744448==    by 0x400E71D: main (main.c:403)
==744448== 
==744448== 8 bytes in 1 blocks are still reachable in loss record 43 of 251
==744448==    at 0x497D858: malloc (vg_replace_malloc.c:447)
==744448==    by 0x4066564: emalloc_real (awk.h:2156)
==744448==    by 0x4066564: estrdup (main.c:1451)
==744448==    by 0x400E02B: load_environ (main.c:930)
==744448==    by 0x400E02B: init_vars (main.c:879)
==744448==    by 0x400E02B: main (main.c:403)
==744448== 
==744448== 8 bytes in 1 blocks are still reachable in loss record 44 of 251
==744448==    at 0x497D858: malloc (vg_replace_malloc.c:447)
==744448==    by 0x4069457: emalloc_real (awk.h:2156)
==744448==    by 0x4069457: make_str_node (node.c:422)
==744448==    by 0x4077055: install (symbol.c:399)
==744448==    by 0x400E038: load_environ (main.c:930)
==744448==    by 0x400E038: init_vars (main.c:879)
==744448==    by 0x400E038: main (main.c:403)
==744448== 
==744448== 8 bytes in 1 blocks are still reachable in loss record 45 of 251
==744448==    at 0x497D858: malloc (vg_replace_malloc.c:447)
==744448==    by 0x4069457: emalloc_real (awk.h:2156)
==744448==    by 0x4069457: make_str_node (node.c:422)
==744448==    by 0x406617B: path_environ (main.c:891)
==744448==    by 0x400E176: load_environ (main.c:964)
==744448==    by 0x400E176: init_vars (main.c:879)
==744448==    by 0x400E176: main (main.c:403)
==744448== 
==744448== 8 bytes in 1 blocks are still reachable in loss record 46 of 251
==744448==    at 0x497D858: malloc (vg_replace_malloc.c:447)
==744448==    by 0x4069457: emalloc_real (awk.h:2156)
==744448==    by 0x4069457: make_str_node (node.c:422)
==744448==    by 0x40780F2: load_symbols (symbol.c:680)
==744448==    by 0x400ED85: main (main.c:499)
==744448== 
==744448== 8 bytes in 1 blocks are still reachable in loss record 47 of 251
==744448==    at 0x497D858: malloc (vg_replace_malloc.c:447)
==744448==    by 0x4069457: emalloc_real (awk.h:2156)
==744448==    by 0x4069457: make_str_node (node.c:422)
==744448==    by 0x4078122: load_symbols (symbol.c:682)
==744448==    by 0x400ED85: main (main.c:499)
==744448== 
==744448== 9 bytes in 1 blocks are still reachable in loss record 48 of 251
==744448==    at 0x497D858: malloc (vg_replace_malloc.c:447)
==744448==    by 0x4066564: emalloc_real (awk.h:2156)
==744448==    by 0x4066564: estrdup (main.c:1451)
==744448==    by 0x400E6F6: load_procinfo (main.c:1019)
==744448==    by 0x400E6F6: init_vars (main.c:878)
==744448==    by 0x400E6F6: main (main.c:403)
==744448== 
==744448== 9 bytes in 1 blocks are still reachable in loss record 49 of 251
==744448==    at 0x497D858: malloc (vg_replace_malloc.c:447)
==744448==    by 0x4069457: emalloc_real (awk.h:2156)
==744448==    by 0x4069457: make_str_node (node.c:422)
==744448==    by 0x4077055: install (symbol.c:399)
==744448==    by 0x400E703: load_procinfo (main.c:1019)
==744448==    by 0x400E703: init_vars (main.c:878)
==744448==    by 0x400E703: main (main.c:403)
==744448== 
==744448== 9 bytes in 1 blocks are still reachable in loss record 50 of 251
==744448==    at 0x497D858: malloc (vg_replace_malloc.c:447)
==744448==    by 0x4069457: emalloc_real (awk.h:2156)
==744448==    by 0x4069457: make_str_node (node.c:422)
==744448==    by 0x4054B6F: update_PROCINFO_str.part.0 (field.c:1661)
==744448==    by 0x400E730: load_procinfo (main.c:1022)
==744448==    by 0x400E730: init_vars (main.c:878)
==744448==    by 0x400E730: main (main.c:403)
==744448== 
==744448== 9 bytes in 1 blocks are still reachable in loss record 51 of 251
==744448==    at 0x497D858: malloc (vg_replace_malloc.c:447)
==744448==    by 0x4069457: emalloc_real (awk.h:2156)
==744448==    by 0x4069457: make_str_node (node.c:422)
==744448==    by 0x4054B6F: update_PROCINFO_str.part.0 (field.c:1661)
==744448==    by 0x400E743: load_procinfo (main.c:1023)
==744448==    by 0x400E743: init_vars (main.c:878)
==744448==    by 0x400E743: main (main.c:403)
==744448== 
==744448== 10 bytes in 1 blocks are still reachable in loss record 52 of 251
==744448==    at 0x497D858: malloc (vg_replace_malloc.c:447)
==744448==    by 0x4069457: emalloc_real (awk.h:2156)
==744448==    by 0x4069457: make_str_node (node.c:422)
==744448==    by 0x4058004: update_PROCINFO_num (field.c:1674)
==744448==    by 0x400E757: load_procinfo (main.c:1035)
==744448==    by 0x400E757: init_vars (main.c:878)
==744448==    by 0x400E757: main (main.c:403)
==744448== 
==744448== 10 bytes in 1 blocks are still reachable in loss record 53 of 251
==744448==    at 0x497D858: malloc (vg_replace_malloc.c:447)
==744448==    by 0x4069457: emalloc_real (awk.h:2156)
==744448==    by 0x4069457: make_str_node (node.c:422)
==744448==    by 0x4058004: update_PROCINFO_num (field.c:1674)
==744448==    by 0x400E76B: load_procinfo (main.c:1036)
==744448==    by 0x400E76B: init_vars (main.c:878)
==744448==    by 0x400E76B: main (main.c:403)
==744448== 
==744448== 10 bytes in 1 blocks are still reachable in loss record 54 of 251
==744448==    at 0x497D858: malloc (vg_replace_malloc.c:447)
==744448==    by 0x4069457: emalloc_real (awk.h:2156)
==744448==    by 0x4069457: make_str_node (node.c:422)
==744448==    by 0x4054B87: update_PROCINFO_str.part.0 (field.c:1662)
==744448==    by 0x400E8D2: load_procinfo (main.c:1087)
==744448==    by 0x400E8D2: init_vars (main.c:878)
==744448==    by 0x400E8D2: main (main.c:403)
==744448== 
==744448== 12 bytes in 1 blocks are still reachable in loss record 55 of 251
==744448==    at 0x497D858: malloc (vg_replace_malloc.c:447)
==744448==    by 0x4069457: emalloc_real (awk.h:2156)
==744448==    by 0x4069457: make_str_node (node.c:422)
==744448==    by 0x4077FD7: load_symbols (symbol.c:663)
==744448==    by 0x400ED85: main (main.c:499)
==744448== 
==744448== 12 bytes in 1 blocks are still reachable in loss record 56 of 251
==744448==    at 0x497D858: malloc (vg_replace_malloc.c:447)
==744448==    by 0x4066564: emalloc_real (awk.h:2156)
==744448==    by 0x4066564: estrdup (main.c:1451)
==744448==    by 0x4078093: load_symbols (symbol.c:675)
==744448==    by 0x400ED85: main (main.c:499)
==744448== 
==744448== 15 bytes in 3 blocks are still reachable in loss record 57 of 251
==744448==    at 0x497D858: malloc (vg_replace_malloc.c:447)
==744448==    by 0x4069457: emalloc_real (awk.h:2156)
==744448==    by 0x4069457: make_str_node (node.c:422)
==744448==    by 0x4077055: install (symbol.c:399)
==744448==    by 0x401CA25: yyparse (awkgram.y:2156)
==744448==    by 0x402073A: parse_program (awkgram.y:2797)
==744448==    by 0x400EAD8: main (main.c:483)
==744448== 
==744448== 16 bytes in 1 blocks are still reachable in loss record 58 of 251
==744448==    at 0x497D858: malloc (vg_replace_malloc.c:447)
==744448==    by 0x407474B: emalloc_real (awk.h:2156)
==744448==    by 0x407474B: make_regexp (re.c:370)
==744448==    by 0x40195EB: make_regnode (awkgram.y:5306)
==744448==    by 0x401D996: yyparse (awkgram.y:584)
==744448==    by 0x402073A: parse_program (awkgram.y:2797)
==744448==    by 0x400EAD8: main (main.c:483)
==744448== 
==744448== 16 bytes in 1 blocks are still reachable in loss record 59 of 251
==744448==    at 0x497D858: malloc (vg_replace_malloc.c:447)
==744448==    by 0x4069457: emalloc_real (awk.h:2156)
==744448==    by 0x4069457: make_str_node (node.c:422)
==744448==    by 0x4064C68: do_getline_redir (io.c:2905)
==744448==    by 0x404FD86: r_interpret (interpret.h:1364)
==744448==    by 0x400EDDE: main (main.c:532)
==744448== 
==744448== 16 bytes in 3 blocks are still reachable in loss record 60 of 251
==744448==    at 0x497D858: malloc (vg_replace_malloc.c:447)
==744448==    by 0x4069457: emalloc_real (awk.h:2156)
==744448==    by 0x4069457: make_str_node (node.c:422)
==744448==    by 0x4053E8E: set_element (field.c:1113)
==744448==    by 0x4054249: sc_parse_field (field.c:758)
==744448==    by 0x40566D5: do_split (field.c:1252)
==744448==    by 0x404FC3C: r_interpret (interpret.h:1114)
==744448==    by 0x400EDDE: main (main.c:532)
==744448== 
==744448== 24 bytes in 1 blocks are still reachable in loss record 61 of 251
==744448==    at 0x497D858: malloc (vg_replace_malloc.c:447)
==744448==    by 0x4069457: emalloc_real (awk.h:2156)
==744448==    by 0x4069457: make_str_node (node.c:422)
==744448==    by 0x4054B87: update_PROCINFO_str.part.0 (field.c:1662)
==744448==    by 0x400E730: load_procinfo (main.c:1022)
==744448==    by 0x400E730: init_vars (main.c:878)
==744448==    by 0x400E730: main (main.c:403)
==744448== 
==744448== 24 bytes in 3 blocks are still reachable in loss record 62 of 251
==744448==    at 0x497D858: malloc (vg_replace_malloc.c:447)
==744448==    by 0x4069457: emalloc_real (awk.h:2156)
==744448==    by 0x4069457: make_str_node (node.c:422)
==744448==    by 0x4077055: install (symbol.c:399)
==744448==    by 0x40669EE: arg_assign (main.c:1276)
==744448==    by 0x400E259: main (main.c:416)
==744448== 
==744448== 27 bytes in 3 blocks are still reachable in loss record 63 of 251
==744448==    at 0x497D858: malloc (vg_replace_malloc.c:447)
==744448==    by 0x4066564: emalloc_real (awk.h:2156)
==744448==    by 0x4066564: estrdup (main.c:1451)
==744448==    by 0x40669DF: arg_assign (main.c:1274)
==744448==    by 0x400E259: main (main.c:416)
==744448== 
==744448== 28 bytes in 3 blocks are still reachable in loss record 64 of 251
==744448==    at 0x498507F: realloc (vg_replace_malloc.c:1804)
==744448==    by 0x406956E: erealloc_real (awk.h:2192)
==744448==    by 0x406956E: make_str_node (node.c:494)
==744448==    by 0x4066BF5: arg_assign (main.c:1252)
==744448==    by 0x400E259: main (main.c:416)
==744448== 
==744448== 32 bytes in 1 blocks are still reachable in loss record 65 of 251
==744448==    at 0x497D858: malloc (vg_replace_malloc.c:447)
==744448==    by 0x4045E57: emalloc_real (awk.h:2156)
==744448==    by 0x4045E57: fmt_index (eval.c:913)
==744448==    by 0x4046F46: set_CONVFMT (eval.c:956)
==744448==    by 0x400D9A3: init_vars (main.c:873)
==744448==    by 0x400D9A3: main (main.c:403)
==744448== 
==744448== 32 bytes in 16 blocks are still reachable in loss record 66 of 251
==744448==    at 0x497D858: malloc (vg_replace_malloc.c:447)
==744448==    by 0x4069457: emalloc_real (awk.h:2156)
==744448==    by 0x4069457: make_str_node (node.c:422)
==744448==    by 0x4024132: do_substr (builtin.c:800)
==744448==    by 0x404FC3C: r_interpret (interpret.h:1114)
==744448==    by 0x400EDDE: main (main.c:532)
==744448== 
==744448== 38 bytes in 1 blocks are still reachable in loss record 67 of 251
==744448==    at 0x497D858: malloc (vg_replace_malloc.c:447)
==744448==    by 0x405E713: emalloc_real (awk.h:2156)
==744448==    by 0x405E713: do_find_source (io.c:3058)
==744448==    by 0x4065061: find_source (io.c:3098)
==744448==    by 0x40189F8: add_srcfile (awkgram.y:2864)
==744448==    by 0x400D7E5: parse_args (main.c:1585)
==744448==    by 0x400D7E5: main (main.c:294)
==744448== 
==744448== 38 bytes in 1 blocks are still reachable in loss record 68 of 251
==744448==    at 0x497D858: malloc (vg_replace_malloc.c:447)
==744448==    by 0x4066564: emalloc_real (awk.h:2156)
==744448==    by 0x4066564: estrdup (main.c:1451)
==744448==    by 0x4014A21: do_add_srcfile (awkgram.y:2834)
==744448==    by 0x4018A70: add_srcfile (awkgram.y:2916)
==744448==    by 0x400D7E5: parse_args (main.c:1585)
==744448==    by 0x400D7E5: main (main.c:294)
==744448== 
==744448== 42 bytes in 1 blocks are still reachable in loss record 69 of 251
==744448==    at 0x497D858: malloc (vg_replace_malloc.c:447)
==744448==    by 0x4069457: emalloc_real (awk.h:2156)
==744448==    by 0x4069457: make_str_node (node.c:422)
==744448==    by 0x40661D5: path_environ (main.c:906)
==744448==    by 0x400E176: load_environ (main.c:964)
==744448==    by 0x400E176: init_vars (main.c:879)
==744448==    by 0x400E176: main (main.c:403)
==744448== 
==744448== 48 bytes in 1 blocks are still reachable in loss record 70 of 251
==744448==    at 0x497D858: malloc (vg_replace_malloc.c:447)
==744448==    by 0x4068FEB: emalloc_real (awk.h:2156)
==744448==    by 0x4068FEB: r_getblock (node.c:1164)
==744448==    by 0x40768D9: str_lookup (str_array.c:214)
==744448==    by 0x407708C: assoc_set (awk.h:2220)
==744448==    by 0x407708C: install (symbol.c:430)
==744448==    by 0x4077369: install_symbol (symbol.c:173)
==744448==    by 0x4077369: init_the_tables (symbol.c:77)
==744448==    by 0x400D60A: main (main.c:287)
==744448== 
==744448== 48 bytes in 1 blocks are still reachable in loss record 71 of 251
==744448==    at 0x497D858: malloc (vg_replace_malloc.c:447)
==744448==    by 0x4068FEB: emalloc_real (awk.h:2156)
==744448==    by 0x4068FEB: r_getblock (node.c:1164)
==744448==    by 0x40768D9: str_lookup (str_array.c:214)
==744448==    by 0x407708C: assoc_set (awk.h:2220)
==744448==    by 0x407708C: install (symbol.c:430)
==744448==    by 0x4077390: install_symbol (symbol.c:173)
==744448==    by 0x4077390: init_the_tables (symbol.c:78)
==744448==    by 0x400D60A: main (main.c:287)
==744448== 
==744448== 48 bytes in 1 blocks are still reachable in loss record 72 of 251
==744448==    at 0x497D858: malloc (vg_replace_malloc.c:447)
==744448==    by 0x4068FEB: emalloc_real (awk.h:2156)
==744448==    by 0x4068FEB: r_getblock (node.c:1164)
==744448==    by 0x40768D9: str_lookup (str_array.c:214)
==744448==    by 0x407708C: assoc_set (awk.h:2220)
==744448==    by 0x407708C: install (symbol.c:430)
==744448==    by 0x400E703: load_procinfo (main.c:1019)
==744448==    by 0x400E703: init_vars (main.c:878)
==744448==    by 0x400E703: main (main.c:403)
==744448== 
==744448== 48 bytes in 1 blocks are still reachable in loss record 73 of 251
==744448==    at 0x497D858: malloc (vg_replace_malloc.c:447)
==744448==    by 0x4068FEB: emalloc_real (awk.h:2156)
==744448==    by 0x4068FEB: r_getblock (node.c:1164)
==744448==    by 0x40768D9: str_lookup (str_array.c:214)
==744448==    by 0x4054B9E: assoc_set (awk.h:2220)
==744448==    by 0x4054B9E: update_PROCINFO_str.part.0 (field.c:1662)
==744448==    by 0x400E71D: load_procinfo (main.c:1021)
==744448==    by 0x400E71D: init_vars (main.c:878)
==744448==    by 0x400E71D: main (main.c:403)
==744448== 
==744448== 48 bytes in 1 blocks are still reachable in loss record 74 of 251
==744448==    at 0x497D858: malloc (vg_replace_malloc.c:447)
==744448==    by 0x4068FEB: emalloc_real (awk.h:2156)
==744448==    by 0x4068FEB: r_getblock (node.c:1164)
==744448==    by 0x40768D9: str_lookup (str_array.c:214)
==744448==    by 0x4054B9E: assoc_set (awk.h:2220)
==744448==    by 0x4054B9E: update_PROCINFO_str.part.0 (field.c:1662)
==744448==    by 0x400E730: load_procinfo (main.c:1022)
==744448==    by 0x400E730: init_vars (main.c:878)
==744448==    by 0x400E730: main (main.c:403)
==744448== 
==744448== 48 bytes in 1 blocks are still reachable in loss record 75 of 251
==744448==    at 0x497D858: malloc (vg_replace_malloc.c:447)
==744448==    by 0x4068FEB: emalloc_real (awk.h:2156)
==744448==    by 0x4068FEB: r_getblock (node.c:1164)
==744448==    by 0x40768D9: str_lookup (str_array.c:214)
==744448==    by 0x4054B9E: assoc_set (awk.h:2220)
==744448==    by 0x4054B9E: update_PROCINFO_str.part.0 (field.c:1662)
==744448==    by 0x400E743: load_procinfo (main.c:1023)
==744448==    by 0x400E743: init_vars (main.c:878)
==744448==    by 0x400E743: main (main.c:403)
==744448== 
==744448== 48 bytes in 1 blocks are still reachable in loss record 76 of 251
==744448==    at 0x497D858: malloc (vg_replace_malloc.c:447)
==744448==    by 0x4068FEB: emalloc_real (awk.h:2156)
==744448==    by 0x4068FEB: r_getblock (node.c:1164)
==744448==    by 0x40768D9: str_lookup (str_array.c:214)
==744448==    by 0x405802A: assoc_set (awk.h:2220)
==744448==    by 0x405802A: update_PROCINFO_num (field.c:1675)
==744448==    by 0x400E757: load_procinfo (main.c:1035)
==744448==    by 0x400E757: init_vars (main.c:878)
==744448==    by 0x400E757: main (main.c:403)
==744448== 
==744448== 48 bytes in 1 blocks are still reachable in loss record 77 of 251
==744448==    at 0x497D858: malloc (vg_replace_malloc.c:447)
==744448==    by 0x4068FEB: emalloc_real (awk.h:2156)
==744448==    by 0x4068FEB: r_getblock (node.c:1164)
==744448==    by 0x40768D9: str_lookup (str_array.c:214)
==744448==    by 0x405802A: assoc_set (awk.h:2220)
==744448==    by 0x405802A: update_PROCINFO_num (field.c:1675)
==744448==    by 0x400E76B: load_procinfo (main.c:1036)
==744448==    by 0x400E76B: init_vars (main.c:878)
==744448==    by 0x400E76B: main (main.c:403)
==744448== 
==744448== 48 bytes in 1 blocks are still reachable in loss record 78 of 251
==744448==    at 0x497D858: malloc (vg_replace_malloc.c:447)
==744448==    by 0x4068FEB: emalloc_real (awk.h:2156)
==744448==    by 0x4068FEB: r_getblock (node.c:1164)
==744448==    by 0x40768D9: str_lookup (str_array.c:214)
==744448==    by 0x405802A: assoc_set (awk.h:2220)
==744448==    by 0x405802A: update_PROCINFO_num (field.c:1675)
==744448==    by 0x400E784: load_procinfo (main.c:1046)
==744448==    by 0x400E784: init_vars (main.c:878)
==744448==    by 0x400E784: main (main.c:403)
==744448== 
==744448== 48 bytes in 1 blocks are still reachable in loss record 79 of 251
==744448==    at 0x497D858: malloc (vg_replace_malloc.c:447)
==744448==    by 0x4068FEB: emalloc_real (awk.h:2156)
==744448==    by 0x4068FEB: r_getblock (node.c:1164)
==744448==    by 0x40768D9: str_lookup (str_array.c:214)
==744448==    by 0x405802A: assoc_set (awk.h:2220)
==744448==    by 0x405802A: update_PROCINFO_num (field.c:1675)
==744448==    by 0x400E79D: load_procinfo (main.c:1055)
==744448==    by 0x400E79D: init_vars (main.c:878)
==744448==    by 0x400E79D: main (main.c:403)
==744448== 
==744448== 48 bytes in 1 blocks are still reachable in loss record 80 of 251
==744448==    at 0x497D858: malloc (vg_replace_malloc.c:447)
==744448==    by 0x4068FEB: emalloc_real (awk.h:2156)
==744448==    by 0x4068FEB: r_getblock (node.c:1164)
==744448==    by 0x40768D9: str_lookup (str_array.c:214)
==744448==    by 0x405802A: assoc_set (awk.h:2220)
==744448==    by 0x405802A: update_PROCINFO_num (field.c:1675)
==744448==    by 0x400E7B6: load_procinfo (main.c:1058)
==744448==    by 0x400E7B6: init_vars (main.c:878)
==744448==    by 0x400E7B6: main (main.c:403)
==744448== 
==744448== 48 bytes in 1 blocks are still reachable in loss record 81 of 251
==744448==    at 0x497D858: malloc (vg_replace_malloc.c:447)
==744448==    by 0x4068FEB: emalloc_real (awk.h:2156)
==744448==    by 0x4068FEB: r_getblock (node.c:1164)
==744448==    by 0x40768D9: str_lookup (str_array.c:214)
==744448==    by 0x405802A: assoc_set (awk.h:2220)
==744448==    by 0x405802A: update_PROCINFO_num (field.c:1675)
==744448==    by 0x400E7D2: load_procinfo (main.c:1061)
==744448==    by 0x400E7D2: init_vars (main.c:878)
==744448==    by 0x400E7D2: main (main.c:403)
==744448== 
==744448== 48 bytes in 1 blocks are still reachable in loss record 82 of 251
==744448==    at 0x497D858: malloc (vg_replace_malloc.c:447)
==744448==    by 0x4068FEB: emalloc_real (awk.h:2156)
==744448==    by 0x4068FEB: r_getblock (node.c:1164)
==744448==    by 0x40768D9: str_lookup (str_array.c:214)
==744448==    by 0x405802A: assoc_set (awk.h:2220)
==744448==    by 0x405802A: update_PROCINFO_num (field.c:1675)
==744448==    by 0x400E7EE: load_procinfo (main.c:1064)
==744448==    by 0x400E7EE: init_vars (main.c:878)
==744448==    by 0x400E7EE: main (main.c:403)
==744448== 
==744448== 48 bytes in 1 blocks are still reachable in loss record 83 of 251
==744448==    at 0x497D858: malloc (vg_replace_malloc.c:447)
==744448==    by 0x4068FEB: emalloc_real (awk.h:2156)
==744448==    by 0x4068FEB: r_getblock (node.c:1164)
==744448==    by 0x40768D9: str_lookup (str_array.c:214)
==744448==    by 0x405802A: assoc_set (awk.h:2220)
==744448==    by 0x405802A: update_PROCINFO_num (field.c:1675)
==744448==    by 0x400E80A: load_procinfo (main.c:1067)
==744448==    by 0x400E80A: init_vars (main.c:878)
==744448==    by 0x400E80A: main (main.c:403)
==744448== 
==744448== 48 bytes in 1 blocks are still reachable in loss record 84 of 251
==744448==    at 0x497D858: malloc (vg_replace_malloc.c:447)
==744448==    by 0x4068FEB: emalloc_real (awk.h:2156)
==744448==    by 0x4068FEB: r_getblock (node.c:1164)
==744448==    by 0x40768D9: str_lookup (str_array.c:214)
==744448==    by 0x405802A: assoc_set (awk.h:2220)
==744448==    by 0x405802A: update_PROCINFO_num (field.c:1675)
==744448==    by 0x400E826: load_procinfo (main.c:1070)
==744448==    by 0x400E826: init_vars (main.c:878)
==744448==    by 0x400E826: main (main.c:403)
==744448== 
==744448== 48 bytes in 1 blocks are still reachable in loss record 85 of 251
==744448==    at 0x497D858: malloc (vg_replace_malloc.c:447)
==744448==    by 0x4068FEB: emalloc_real (awk.h:2156)
==744448==    by 0x4068FEB: r_getblock (node.c:1164)
==744448==    by 0x40768D9: str_lookup (str_array.c:214)
==744448==    by 0x4054B9E: assoc_set (awk.h:2220)
==744448==    by 0x4054B9E: update_PROCINFO_str.part.0 (field.c:1662)
==744448==    by 0x400E83A: load_procinfo (main.c:1072)
==744448==    by 0x400E83A: init_vars (main.c:878)
==744448==    by 0x400E83A: main (main.c:403)
==744448== 
==744448== 48 bytes in 1 blocks are still reachable in loss record 86 of 251
==744448==    at 0x497D858: malloc (vg_replace_malloc.c:447)
==744448==    by 0x4068FEB: emalloc_real (awk.h:2156)
==744448==    by 0x4068FEB: r_getblock (node.c:1164)
==744448==    by 0x40768D9: str_lookup (str_array.c:214)
==744448==    by 0x4054B9E: assoc_set (awk.h:2220)
==744448==    by 0x4054B9E: update_PROCINFO_str.part.0 (field.c:1662)
==744448==    by 0x400E8D2: load_procinfo (main.c:1087)
==744448==    by 0x400E8D2: init_vars (main.c:878)
==744448==    by 0x400E8D2: main (main.c:403)
==744448== 
==744448== 48 bytes in 1 blocks are still reachable in loss record 87 of 251
==744448==    at 0x497D858: malloc (vg_replace_malloc.c:447)
==744448==    by 0x4068FEB: emalloc_real (awk.h:2156)
==744448==    by 0x4068FEB: r_getblock (node.c:1164)
==744448==    by 0x40768D9: str_lookup (str_array.c:214)
==744448==    by 0x40662E6: assoc_set (awk.h:2220)
==744448==    by 0x400EC2D: load_procinfo_argv (main.c:997)
==744448==    by 0x400EC2D: load_procinfo (main.c:1093)
==744448==    by 0x400EC2D: init_vars (main.c:878)
==744448==    by 0x400EC2D: main (main.c:403)
==744448== 
==744448== 48 bytes in 1 blocks are still reachable in loss record 88 of 251
==744448==    at 0x497D858: malloc (vg_replace_malloc.c:447)
==744448==    by 0x4068FEB: emalloc_real (awk.h:2156)
==744448==    by 0x4068FEB: r_getblock (node.c:1164)
==744448==    by 0x40768D9: str_lookup (str_array.c:214)
==744448==    by 0x407708C: assoc_set (awk.h:2220)
==744448==    by 0x407708C: install (symbol.c:430)
==744448==    by 0x400E038: load_environ (main.c:930)
==744448==    by 0x400E038: init_vars (main.c:879)
==744448==    by 0x400E038: main (main.c:403)
==744448== 
==744448== 48 bytes in 1 blocks are still reachable in loss record 89 of 251
==744448==    at 0x497D858: malloc (vg_replace_malloc.c:447)
==744448==    by 0x4068FEB: emalloc_real (awk.h:2156)
==744448==    by 0x4068FEB: r_getblock (node.c:1164)
==744448==    by 0x40768D9: str_lookup (str_array.c:214)
==744448==    by 0x40661A2: path_environ (main.c:899)
==744448==    by 0x400E176: load_environ (main.c:964)
==744448==    by 0x400E176: init_vars (main.c:879)
==744448==    by 0x400E176: main (main.c:403)
==744448== 
==744448== 48 bytes in 1 blocks are still reachable in loss record 90 of 251
==744448==    at 0x497D858: malloc (vg_replace_malloc.c:447)
==744448==    by 0x4068FEB: emalloc_real (awk.h:2156)
==744448==    by 0x4068FEB: r_getblock (node.c:1164)
==744448==    by 0x40768D9: str_lookup (str_array.c:214)
==744448==    by 0x407708C: assoc_set (awk.h:2220)
==744448==    by 0x407708C: install (symbol.c:430)
==744448==    by 0x400E414: init_args (main.c:764)
==744448==    by 0x400E414: main (main.c:470)
==744448== 
==744448== 48 bytes in 1 blocks are still reachable in loss record 91 of 251
==744448==    at 0x497D858: malloc (vg_replace_malloc.c:447)
==744448==    by 0x4068FEB: emalloc_real (awk.h:2156)
==744448==    by 0x4068FEB: r_getblock (node.c:1164)
==744448==    by 0x40768D9: str_lookup (str_array.c:214)
==744448==    by 0x407708C: assoc_set (awk.h:2220)
==744448==    by 0x407708C: install (symbol.c:430)
==744448==    by 0x400EA90: init_args (main.c:791)
==744448==    by 0x400EA90: main (main.c:470)
==744448== 
==744448== 48 bytes in 1 blocks are still reachable in loss record 92 of 251
==744448==    at 0x497D858: malloc (vg_replace_malloc.c:447)
==744448==    by 0x4020D1E: emalloc_real (awk.h:2156)
==744448==    by 0x4020D1E: parse_program (awkgram.y:2810)
==744448==    by 0x400EAD8: main (main.c:483)
==744448== 
==744448== 48 bytes in 1 blocks are still reachable in loss record 93 of 251
==744448==    at 0x497D858: malloc (vg_replace_malloc.c:447)
==744448==    by 0x4068FEB: emalloc_real (awk.h:2156)
==744448==    by 0x4068FEB: r_getblock (node.c:1164)
==744448==    by 0x40768D9: str_lookup (str_array.c:214)
==744448==    by 0x4077FEA: load_symbols (symbol.c:664)
==744448==    by 0x400ED85: main (main.c:499)
==744448== 
==744448== 48 bytes in 13 blocks are still reachable in loss record 94 of 251
==744448==    at 0x497D858: malloc (vg_replace_malloc.c:447)
==744448==    by 0x4069457: emalloc_real (awk.h:2156)
==744448==    by 0x4069457: make_str_node (node.c:422)
==744448==    by 0x400D984: init_vars (main.c:867)
==744448==    by 0x400D984: main (main.c:403)
==744448== 
==744448== 56 bytes in 9 blocks are still reachable in loss record 95 of 251
==744448==    at 0x497D858: malloc (vg_replace_malloc.c:447)
==744448==    by 0x4069457: emalloc_real (awk.h:2156)
==744448==    by 0x4069457: make_str_node (node.c:422)
==744448==    by 0x4077055: install (symbol.c:399)
==744448==    by 0x401CA63: yyparse (awkgram.y:2148)
==744448==    by 0x402073A: parse_program (awkgram.y:2797)
==744448==    by 0x400EAD8: main (main.c:483)
==744448== 
==744448== 61 bytes in 2 blocks are still reachable in loss record 96 of 251
==744448==    at 0x498507F: realloc (vg_replace_malloc.c:1804)
==744448==    by 0x406956E: erealloc_real (awk.h:2192)
==744448==    by 0x406956E: make_str_node (node.c:494)
==744448==    by 0x401B194: yylex (awkgram.y:4074)
==744448==    by 0x401C83C: yyparse (awkgram.c:1879)
==744448==    by 0x402073A: parse_program (awkgram.y:2797)
==744448==    by 0x400EAD8: main (main.c:483)
==744448== 
==744448== 71 bytes in 12 blocks are still reachable in loss record 97 of 251
==744448==    at 0x497D858: malloc (vg_replace_malloc.c:447)
==744448==    by 0x4066564: emalloc_real (awk.h:2156)
==744448==    by 0x4066564: estrdup (main.c:1451)
==744448==    by 0x401A0B8: yylex (awkgram.y:4495)
==744448==    by 0x401C83C: yyparse (awkgram.c:1879)
==744448==    by 0x402073A: parse_program (awkgram.y:2797)
==744448==    by 0x400EAD8: main (main.c:483)
==744448== 
==744448== 80 bytes in 1 blocks are still reachable in loss record 98 of 251
==744448==    at 0x497D858: malloc (vg_replace_malloc.c:447)
==744448==    by 0x4066202: emalloc_real.constprop.0 (awk.h:2156)
==744448==    by 0x400D66C: save_argv (main.c:1496)
==744448==    by 0x400D66C: parse_args (main.c:1554)
==744448==    by 0x400D66C: main (main.c:294)
==744448== 
==744448== 80 bytes in 1 blocks are still reachable in loss record 99 of 251
==744448==    at 0x498507F: realloc (vg_replace_malloc.c:1804)
==744448==    by 0x40539DB: erealloc_real (awk.h:2192)
==744448==    by 0x40539DB: grow_fields_arr (field.c:134)
==744448==    by 0x4053BD3: set_field (field.c:155)
==744448==    by 0x4054088: def_parse_field (field.c:630)
==744448==    by 0x4056188: get_field (field.c:1074)
==744448==    by 0x4047658: update_NF (eval.c:1107)
==744448==    by 0x404E282: r_interpret (interpret.h:980)
==744448==    by 0x400EDDE: main (main.c:532)
==744448== 
==744448== 88 bytes in 1 blocks are still reachable in loss record 100 of 251
==744448==    at 0x497D858: malloc (vg_replace_malloc.c:447)
==744448==    by 0x4068FEB: emalloc_real (awk.h:2156)
==744448==    by 0x4068FEB: r_getblock (node.c:1164)
==744448==    by 0x40693C1: make_str_node (node.c:406)
==744448==    by 0x400D5C7: main (main.c:278)
==744448== 
==744448== 88 bytes in 1 blocks are still reachable in loss record 101 of 251
==744448==    at 0x497D858: malloc (vg_replace_malloc.c:447)
==744448==    by 0x4068FEB: emalloc_real (awk.h:2156)
==744448==    by 0x4068FEB: r_getblock (node.c:1164)
==744448==    by 0x40772C7: init_the_tables (symbol.c:68)
==744448==    by 0x400D60A: main (main.c:287)
==744448== 
==744448== 88 bytes in 1 blocks are still reachable in loss record 102 of 251
==744448==    at 0x497D858: malloc (vg_replace_malloc.c:447)
==744448==    by 0x4068FEB: emalloc_real (awk.h:2156)
==744448==    by 0x4068FEB: r_getblock (node.c:1164)
==744448==    by 0x4077308: init_the_tables (symbol.c:72)
==744448==    by 0x400D60A: main (main.c:287)
==744448== 
==744448== 88 bytes in 1 blocks are still reachable in loss record 103 of 251
==744448==    at 0x497D858: malloc (vg_replace_malloc.c:447)
==744448==    by 0x4068FEB: emalloc_real (awk.h:2156)
==744448==    by 0x4068FEB: r_getblock (node.c:1164)
==744448==    by 0x40693C1: make_str_node (node.c:406)
==744448==    by 0x4077055: install (symbol.c:399)
==744448==    by 0x4077369: install_symbol (symbol.c:173)
==744448==    by 0x4077369: init_the_tables (symbol.c:77)
==744448==    by 0x400D60A: main (main.c:287)
==744448== 
==744448== 88 bytes in 1 blocks are still reachable in loss record 104 of 251
==744448==    at 0x497D858: malloc (vg_replace_malloc.c:447)
==744448==    by 0x4068FEB: emalloc_real (awk.h:2156)
==744448==    by 0x4068FEB: r_getblock (node.c:1164)
==744448==    by 0x4077133: make_symbol (symbol.c:376)
==744448==    by 0x4077133: install (symbol.c:417)
==744448==    by 0x4077369: install_symbol (symbol.c:173)
==744448==    by 0x4077369: init_the_tables (symbol.c:77)
==744448==    by 0x400D60A: main (main.c:287)
==744448== 
==744448== 88 bytes in 1 blocks are still reachable in loss record 105 of 251
==744448==    at 0x497D858: malloc (vg_replace_malloc.c:447)
==744448==    by 0x4068FEB: emalloc_real (awk.h:2156)
==744448==    by 0x4068FEB: r_getblock (node.c:1164)
==744448==    by 0x40693C1: make_str_node (node.c:406)
==744448==    by 0x4077055: install (symbol.c:399)
==744448==    by 0x4077390: install_symbol (symbol.c:173)
==744448==    by 0x4077390: init_the_tables (symbol.c:78)
==744448==    by 0x400D60A: main (main.c:287)
==744448== 
==744448== 88 bytes in 1 blocks are still reachable in loss record 106 of 251
==744448==    at 0x497D858: malloc (vg_replace_malloc.c:447)
==744448==    by 0x4068FEB: emalloc_real (awk.h:2156)
==744448==    by 0x4068FEB: r_getblock (node.c:1164)
==744448==    by 0x4077133: make_symbol (symbol.c:376)
==744448==    by 0x4077133: install (symbol.c:417)
==744448==    by 0x4077390: install_symbol (symbol.c:173)
==744448==    by 0x4077390: init_the_tables (symbol.c:78)
==744448==    by 0x400D60A: main (main.c:287)
==744448== 
==744448== 88 bytes in 1 blocks are still reachable in loss record 107 of 251
==744448==    at 0x497D858: malloc (vg_replace_malloc.c:447)
==744448==    by 0x4068FEB: emalloc_real (awk.h:2156)
==744448==    by 0x4068FEB: r_getblock (node.c:1164)
==744448==    by 0x40693C1: make_str_node (node.c:406)
==744448==    by 0x4077055: install (symbol.c:399)
==744448==    by 0x400E703: load_procinfo (main.c:1019)
==744448==    by 0x400E703: init_vars (main.c:878)
==744448==    by 0x400E703: main (main.c:403)
==744448== 
==744448== 88 bytes in 1 blocks are still reachable in loss record 108 of 251
==744448==    at 0x497D858: malloc (vg_replace_malloc.c:447)
==744448==    by 0x4068FEB: emalloc_real (awk.h:2156)
==744448==    by 0x4068FEB: r_getblock (node.c:1164)
==744448==    by 0x4077133: make_symbol (symbol.c:376)
==744448==    by 0x4077133: install (symbol.c:417)
==744448==    by 0x400E703: load_procinfo (main.c:1019)
==744448==    by 0x400E703: init_vars (main.c:878)
==744448==    by 0x400E703: main (main.c:403)
==744448== 
==744448== 88 bytes in 1 blocks are still reachable in loss record 109 of 251
==744448==    at 0x497D858: malloc (vg_replace_malloc.c:447)
==744448==    by 0x4068FEB: emalloc_real (awk.h:2156)
==744448==    by 0x4068FEB: r_getblock (node.c:1164)
==744448==    by 0x40693C1: make_str_node (node.c:406)
==744448==    by 0x4054B6F: update_PROCINFO_str.part.0 (field.c:1661)
==744448==    by 0x400E71D: load_procinfo (main.c:1021)
==744448==    by 0x400E71D: init_vars (main.c:878)
==744448==    by 0x400E71D: main (main.c:403)
==744448== 
==744448== 88 bytes in 1 blocks are still reachable in loss record 110 of 251
==744448==    at 0x497D858: malloc (vg_replace_malloc.c:447)
==744448==    by 0x4068FEB: emalloc_real (awk.h:2156)
==744448==    by 0x4068FEB: r_getblock (node.c:1164)
==744448==    by 0x40693C1: make_str_node (node.c:406)
==744448==    by 0x4054B87: update_PROCINFO_str.part.0 (field.c:1662)
==744448==    by 0x400E71D: load_procinfo (main.c:1021)
==744448==    by 0x400E71D: init_vars (main.c:878)
==744448==    by 0x400E71D: main (main.c:403)
==744448== 
==744448== 88 bytes in 1 blocks are still reachable in loss record 111 of 251
==744448==    at 0x497D858: malloc (vg_replace_malloc.c:447)
==744448==    by 0x4068FEB: emalloc_real (awk.h:2156)
==744448==    by 0x4068FEB: r_getblock (node.c:1164)
==744448==    by 0x40693C1: make_str_node (node.c:406)
==744448==    by 0x4054B6F: update_PROCINFO_str.part.0 (field.c:1661)
==744448==    by 0x400E730: load_procinfo (main.c:1022)
==744448==    by 0x400E730: init_vars (main.c:878)
==744448==    by 0x400E730: main (main.c:403)
==744448== 
==744448== 88 bytes in 1 blocks are still reachable in loss record 112 of 251
==744448==    at 0x497D858: malloc (vg_replace_malloc.c:447)
==744448==    by 0x4068FEB: emalloc_real (awk.h:2156)
==744448==    by 0x4068FEB: r_getblock (node.c:1164)
==744448==    by 0x40693C1: make_str_node (node.c:406)
==744448==    by 0x4054B87: update_PROCINFO_str.part.0 (field.c:1662)
==744448==    by 0x400E730: load_procinfo (main.c:1022)
==744448==    by 0x400E730: init_vars (main.c:878)
==744448==    by 0x400E730: main (main.c:403)
==744448== 
==744448== 88 bytes in 1 blocks are still reachable in loss record 113 of 251
==744448==    at 0x497D858: malloc (vg_replace_malloc.c:447)
==744448==    by 0x4068FEB: emalloc_real (awk.h:2156)
==744448==    by 0x4068FEB: r_getblock (node.c:1164)
==744448==    by 0x40693C1: make_str_node (node.c:406)
==744448==    by 0x4054B6F: update_PROCINFO_str.part.0 (field.c:1661)
==744448==    by 0x400E743: load_procinfo (main.c:1023)
==744448==    by 0x400E743: init_vars (main.c:878)
==744448==    by 0x400E743: main (main.c:403)
==744448== 
==744448== 88 bytes in 1 blocks are still reachable in loss record 114 of 251
==744448==    at 0x497D858: malloc (vg_replace_malloc.c:447)
==744448==    by 0x4068FEB: emalloc_real (awk.h:2156)
==744448==    by 0x4068FEB: r_getblock (node.c:1164)
==744448==    by 0x40693C1: make_str_node (node.c:406)
==744448==    by 0x4054B87: update_PROCINFO_str.part.0 (field.c:1662)
==744448==    by 0x400E743: load_procinfo (main.c:1023)
==744448==    by 0x400E743: init_vars (main.c:878)
==744448==    by 0x400E743: main (main.c:403)
==744448== 
==744448== 88 bytes in 1 blocks are still reachable in loss record 115 of 251
==744448==    at 0x497D858: malloc (vg_replace_malloc.c:447)
==744448==    by 0x4068FEB: emalloc_real (awk.h:2156)
==744448==    by 0x4068FEB: r_getblock (node.c:1164)
==744448==    by 0x40693C1: make_str_node (node.c:406)
==744448==    by 0x4058004: update_PROCINFO_num (field.c:1674)
==744448==    by 0x400E757: load_procinfo (main.c:1035)
==744448==    by 0x400E757: init_vars (main.c:878)
==744448==    by 0x400E757: main (main.c:403)
==744448== 
==744448== 88 bytes in 1 blocks are still reachable in loss record 116 of 251
==744448==    at 0x497D858: malloc (vg_replace_malloc.c:447)
==744448==    by 0x4068FEB: emalloc_real (awk.h:2156)
==744448==    by 0x4068FEB: r_getblock (node.c:1164)
==744448==    by 0x4069930: make_number_node (awk.h:2206)
==744448==    by 0x4069930: r_make_number (node.c:369)
==744448==    by 0x4058013: update_PROCINFO_num (field.c:1675)
==744448==    by 0x400E757: load_procinfo (main.c:1035)
==744448==    by 0x400E757: init_vars (main.c:878)
==744448==    by 0x400E757: main (main.c:403)
==744448== 
==744448== 88 bytes in 1 blocks are still reachable in loss record 117 of 251
==744448==    at 0x497D858: malloc (vg_replace_malloc.c:447)
==744448==    by 0x4068FEB: emalloc_real (awk.h:2156)
==744448==    by 0x4068FEB: r_getblock (node.c:1164)
==744448==    by 0x40693C1: make_str_node (node.c:406)
==744448==    by 0x4058004: update_PROCINFO_num (field.c:1674)
==744448==    by 0x400E76B: load_procinfo (main.c:1036)
==744448==    by 0x400E76B: init_vars (main.c:878)
==744448==    by 0x400E76B: main (main.c:403)
==744448== 
==744448== 88 bytes in 1 blocks are still reachable in loss record 118 of 251
==744448==    at 0x497D858: malloc (vg_replace_malloc.c:447)
==744448==    by 0x4068FEB: emalloc_real (awk.h:2156)
==744448==    by 0x4068FEB: r_getblock (node.c:1164)
==744448==    by 0x4069930: make_number_node (awk.h:2206)
==744448==    by 0x4069930: r_make_number (node.c:369)
==744448==    by 0x4058013: update_PROCINFO_num (field.c:1675)
==744448==    by 0x400E76B: load_procinfo (main.c:1036)
==744448==    by 0x400E76B: init_vars (main.c:878)
==744448==    by 0x400E76B: main (main.c:403)
==744448== 
==744448== 88 bytes in 1 blocks are still reachable in loss record 119 of 251
==744448==    at 0x497D858: malloc (vg_replace_malloc.c:447)
==744448==    by 0x4068FEB: emalloc_real (awk.h:2156)
==744448==    by 0x4068FEB: r_getblock (node.c:1164)
==744448==    by 0x40693C1: make_str_node (node.c:406)
==744448==    by 0x4058004: update_PROCINFO_num (field.c:1674)
==744448==    by 0x400E784: load_procinfo (main.c:1046)
==744448==    by 0x400E784: init_vars (main.c:878)
==744448==    by 0x400E784: main (main.c:403)
==744448== 
==744448== 88 bytes in 1 blocks are still reachable in loss record 120 of 251
==744448==    at 0x497D858: malloc (vg_replace_malloc.c:447)
==744448==    by 0x4068FEB: emalloc_real (awk.h:2156)
==744448==    by 0x4068FEB: r_getblock (node.c:1164)
==744448==    by 0x4069930: make_number_node (awk.h:2206)
==744448==    by 0x4069930: r_make_number (node.c:369)
==744448==    by 0x4058013: update_PROCINFO_num (field.c:1675)
==744448==    by 0x400E784: load_procinfo (main.c:1046)
==744448==    by 0x400E784: init_vars (main.c:878)
==744448==    by 0x400E784: main (main.c:403)
==744448== 
==744448== 88 bytes in 1 blocks are still reachable in loss record 121 of 251
==744448==    at 0x497D858: malloc (vg_replace_malloc.c:447)
==744448==    by 0x4068FEB: emalloc_real (awk.h:2156)
==744448==    by 0x4068FEB: r_getblock (node.c:1164)
==744448==    by 0x40693C1: make_str_node (node.c:406)
==744448==    by 0x4058004: update_PROCINFO_num (field.c:1674)
==744448==    by 0x400E79D: load_procinfo (main.c:1055)
==744448==    by 0x400E79D: init_vars (main.c:878)
==744448==    by 0x400E79D: main (main.c:403)
==744448== 
==744448== 88 bytes in 1 blocks are still reachable in loss record 122 of 251
==744448==    at 0x497D858: malloc (vg_replace_malloc.c:447)
==744448==    by 0x4068FEB: emalloc_real (awk.h:2156)
==744448==    by 0x4068FEB: r_getblock (node.c:1164)
==744448==    by 0x4069930: make_number_node (awk.h:2206)
==744448==    by 0x4069930: r_make_number (node.c:369)
==744448==    by 0x4058013: update_PROCINFO_num (field.c:1675)
==744448==    by 0x400E79D: load_procinfo (main.c:1055)
==744448==    by 0x400E79D: init_vars (main.c:878)
==744448==    by 0x400E79D: main (main.c:403)
==744448== 
==744448== 88 bytes in 1 blocks are still reachable in loss record 123 of 251
==744448==    at 0x497D858: malloc (vg_replace_malloc.c:447)
==744448==    by 0x4068FEB: emalloc_real (awk.h:2156)
==744448==    by 0x4068FEB: r_getblock (node.c:1164)
==744448==    by 0x40693C1: make_str_node (node.c:406)
==744448==    by 0x4058004: update_PROCINFO_num (field.c:1674)
==744448==    by 0x400E7B6: load_procinfo (main.c:1058)
==744448==    by 0x400E7B6: init_vars (main.c:878)
==744448==    by 0x400E7B6: main (main.c:403)
==744448== 
==744448== 88 bytes in 1 blocks are still reachable in loss record 124 of 251
==744448==    at 0x497D858: malloc (vg_replace_malloc.c:447)
==744448==    by 0x4068FEB: emalloc_real (awk.h:2156)
==744448==    by 0x4068FEB: r_getblock (node.c:1164)
==744448==    by 0x4069930: make_number_node (awk.h:2206)
==744448==    by 0x4069930: r_make_number (node.c:369)
==744448==    by 0x4058013: update_PROCINFO_num (field.c:1675)
==744448==    by 0x400E7B6: load_procinfo (main.c:1058)
==744448==    by 0x400E7B6: init_vars (main.c:878)
==744448==    by 0x400E7B6: main (main.c:403)
==744448== 
==744448== 88 bytes in 1 blocks are still reachable in loss record 125 of 251
==744448==    at 0x497D858: malloc (vg_replace_malloc.c:447)
==744448==    by 0x4068FEB: emalloc_real (awk.h:2156)
==744448==    by 0x4068FEB: r_getblock (node.c:1164)
==744448==    by 0x40693C1: make_str_node (node.c:406)
==744448==    by 0x4058004: update_PROCINFO_num (field.c:1674)
==744448==    by 0x400E7D2: load_procinfo (main.c:1061)
==744448==    by 0x400E7D2: init_vars (main.c:878)
==744448==    by 0x400E7D2: main (main.c:403)
==744448== 
==744448== 88 bytes in 1 blocks are still reachable in loss record 126 of 251
==744448==    at 0x497D858: malloc (vg_replace_malloc.c:447)
==744448==    by 0x4068FEB: emalloc_real (awk.h:2156)
==744448==    by 0x4068FEB: r_getblock (node.c:1164)
==744448==    by 0x4069930: make_number_node (awk.h:2206)
==744448==    by 0x4069930: r_make_number (node.c:369)
==744448==    by 0x4058013: update_PROCINFO_num (field.c:1675)
==744448==    by 0x400E7D2: load_procinfo (main.c:1061)
==744448==    by 0x400E7D2: init_vars (main.c:878)
==744448==    by 0x400E7D2: main (main.c:403)
==744448== 
==744448== 88 bytes in 1 blocks are still reachable in loss record 127 of 251
==744448==    at 0x497D858: malloc (vg_replace_malloc.c:447)
==744448==    by 0x4068FEB: emalloc_real (awk.h:2156)
==744448==    by 0x4068FEB: r_getblock (node.c:1164)
==744448==    by 0x40693C1: make_str_node (node.c:406)
==744448==    by 0x4058004: update_PROCINFO_num (field.c:1674)
==744448==    by 0x400E7EE: load_procinfo (main.c:1064)
==744448==    by 0x400E7EE: init_vars (main.c:878)
==744448==    by 0x400E7EE: main (main.c:403)
==744448== 
==744448== 88 bytes in 1 blocks are still reachable in loss record 128 of 251
==744448==    at 0x497D858: malloc (vg_replace_malloc.c:447)
==744448==    by 0x4068FEB: emalloc_real (awk.h:2156)
==744448==    by 0x4068FEB: r_getblock (node.c:1164)
==744448==    by 0x4069930: make_number_node (awk.h:2206)
==744448==    by 0x4069930: r_make_number (node.c:369)
==744448==    by 0x4058013: update_PROCINFO_num (field.c:1675)
==744448==    by 0x400E7EE: load_procinfo (main.c:1064)
==744448==    by 0x400E7EE: init_vars (main.c:878)
==744448==    by 0x400E7EE: main (main.c:403)
==744448== 
==744448== 88 bytes in 1 blocks are still reachable in loss record 129 of 251
==744448==    at 0x497D858: malloc (vg_replace_malloc.c:447)
==744448==    by 0x4068FEB: emalloc_real (awk.h:2156)
==744448==    by 0x4068FEB: r_getblock (node.c:1164)
==744448==    by 0x40693C1: make_str_node (node.c:406)
==744448==    by 0x4058004: update_PROCINFO_num (field.c:1674)
==744448==    by 0x400E80A: load_procinfo (main.c:1067)
==744448==    by 0x400E80A: init_vars (main.c:878)
==744448==    by 0x400E80A: main (main.c:403)
==744448== 
==744448== 88 bytes in 1 blocks are still reachable in loss record 130 of 251
==744448==    at 0x497D858: malloc (vg_replace_malloc.c:447)
==744448==    by 0x4068FEB: emalloc_real (awk.h:2156)
==744448==    by 0x4068FEB: r_getblock (node.c:1164)
==744448==    by 0x4069930: make_number_node (awk.h:2206)
==744448==    by 0x4069930: r_make_number (node.c:369)
==744448==    by 0x4058013: update_PROCINFO_num (field.c:1675)
==744448==    by 0x400E80A: load_procinfo (main.c:1067)
==744448==    by 0x400E80A: init_vars (main.c:878)
==744448==    by 0x400E80A: main (main.c:403)
==744448== 
==744448== 88 bytes in 1 blocks are still reachable in loss record 131 of 251
==744448==    at 0x497D858: malloc (vg_replace_malloc.c:447)
==744448==    by 0x4068FEB: emalloc_real (awk.h:2156)
==744448==    by 0x4068FEB: r_getblock (node.c:1164)
==744448==    by 0x40693C1: make_str_node (node.c:406)
==744448==    by 0x4058004: update_PROCINFO_num (field.c:1674)
==744448==    by 0x400E826: load_procinfo (main.c:1070)
==744448==    by 0x400E826: init_vars (main.c:878)
==744448==    by 0x400E826: main (main.c:403)
==744448== 
==744448== 88 bytes in 1 blocks are still reachable in loss record 132 of 251
==744448==    at 0x497D858: malloc (vg_replace_malloc.c:447)
==744448==    by 0x4068FEB: emalloc_real (awk.h:2156)
==744448==    by 0x4068FEB: r_getblock (node.c:1164)
==744448==    by 0x4069930: make_number_node (awk.h:2206)
==744448==    by 0x4069930: r_make_number (node.c:369)
==744448==    by 0x4058013: update_PROCINFO_num (field.c:1675)
==744448==    by 0x400E826: load_procinfo (main.c:1070)
==744448==    by 0x400E826: init_vars (main.c:878)
==744448==    by 0x400E826: main (main.c:403)
==744448== 
==744448== 88 bytes in 1 blocks are still reachable in loss record 133 of 251
==744448==    at 0x497D858: malloc (vg_replace_malloc.c:447)
==744448==    by 0x4068FEB: emalloc_real (awk.h:2156)
==744448==    by 0x4068FEB: r_getblock (node.c:1164)
==744448==    by 0x40693C1: make_str_node (node.c:406)
==744448==    by 0x4054B6F: update_PROCINFO_str.part.0 (field.c:1661)
==744448==    by 0x400E83A: load_procinfo (main.c:1072)
==744448==    by 0x400E83A: init_vars (main.c:878)
==744448==    by 0x400E83A: main (main.c:403)
==744448== 
==744448== 88 bytes in 1 blocks are still reachable in loss record 134 of 251
==744448==    at 0x497D858: malloc (vg_replace_malloc.c:447)
==744448==    by 0x4068FEB: emalloc_real (awk.h:2156)
==744448==    by 0x4068FEB: r_getblock (node.c:1164)
==744448==    by 0x40693C1: make_str_node (node.c:406)
==744448==    by 0x4054B87: update_PROCINFO_str.part.0 (field.c:1662)
==744448==    by 0x400E83A: load_procinfo (main.c:1072)
==744448==    by 0x400E83A: init_vars (main.c:878)
==744448==    by 0x400E83A: main (main.c:403)
==744448== 
==744448== 88 bytes in 1 blocks are still reachable in loss record 135 of 251
==744448==    at 0x497D858: malloc (vg_replace_malloc.c:447)
==744448==    by 0x4068FEB: emalloc_real (awk.h:2156)
==744448==    by 0x4068FEB: r_getblock (node.c:1164)
==744448==    by 0x40693C1: make_str_node (node.c:406)
==744448==    by 0x4054B6F: update_PROCINFO_str.part.0 (field.c:1661)
==744448==    by 0x400E8D2: load_procinfo (main.c:1087)
==744448==    by 0x400E8D2: init_vars (main.c:878)
==744448==    by 0x400E8D2: main (main.c:403)
==744448== 
==744448== 88 bytes in 1 blocks are still reachable in loss record 136 of 251
==744448==    at 0x497D858: malloc (vg_replace_malloc.c:447)
==744448==    by 0x4068FEB: emalloc_real (awk.h:2156)
==744448==    by 0x4068FEB: r_getblock (node.c:1164)
==744448==    by 0x40693C1: make_str_node (node.c:406)
==744448==    by 0x4054B87: update_PROCINFO_str.part.0 (field.c:1662)
==744448==    by 0x400E8D2: load_procinfo (main.c:1087)
==744448==    by 0x400E8D2: init_vars (main.c:878)
==744448==    by 0x400E8D2: main (main.c:403)
==744448== 
==744448== 88 bytes in 1 blocks are still reachable in loss record 137 of 251
==744448==    at 0x497D858: malloc (vg_replace_malloc.c:447)
==744448==    by 0x4068FEB: emalloc_real (awk.h:2156)
==744448==    by 0x4068FEB: r_getblock (node.c:1164)
==744448==    by 0x400E8E9: load_procinfo_argv (main.c:984)
==744448==    by 0x400E8E9: load_procinfo (main.c:1093)
==744448==    by 0x400E8E9: init_vars (main.c:878)
==744448==    by 0x400E8E9: main (main.c:403)
==744448== 
==744448== 88 bytes in 1 blocks are still reachable in loss record 138 of 251
==744448==    at 0x497D858: malloc (vg_replace_malloc.c:447)
==744448==    by 0x4068FEB: emalloc_real (awk.h:2156)
==744448==    by 0x4068FEB: r_getblock (node.c:1164)
==744448==    by 0x40348D2: make_node (cint_array.c:731)
==744448==    by 0x40348D2: cint_lookup (cint_array.c:256)
==744448==    by 0x400E9D6: assoc_set (awk.h:2220)
==744448==    by 0x400E9D6: load_procinfo_argv (main.c:992)
==744448==    by 0x400E9D6: load_procinfo (main.c:1093)
==744448==    by 0x400E9D6: init_vars (main.c:878)
==744448==    by 0x400E9D6: main (main.c:403)
==744448== 
==744448== 88 bytes in 1 blocks are still reachable in loss record 139 of 251
==744448==    at 0x497D858: malloc (vg_replace_malloc.c:447)
==744448==    by 0x4068FEB: emalloc_real (awk.h:2156)
==744448==    by 0x4068FEB: r_getblock (node.c:1164)
==744448==    by 0x40344E7: make_node (cint_array.c:731)
==744448==    by 0x40344E7: tree_lookup (cint_array.c:796)
==744448==    by 0x400E9D6: assoc_set (awk.h:2220)
==744448==    by 0x400E9D6: load_procinfo_argv (main.c:992)
==744448==    by 0x400E9D6: load_procinfo (main.c:1093)
==744448==    by 0x400E9D6: init_vars (main.c:878)
==744448==    by 0x400E9D6: main (main.c:403)
==744448== 
==744448== 88 bytes in 1 blocks are still reachable in loss record 140 of 251
==744448==    at 0x497D858: malloc (vg_replace_malloc.c:447)
==744448==    by 0x4068FEB: emalloc_real (awk.h:2156)
==744448==    by 0x4068FEB: r_getblock (node.c:1164)
==744448==    by 0x40693C1: make_str_node (node.c:406)
==744448==    by 0x400EC1B: load_procinfo_argv (main.c:996)
==744448==    by 0x400EC1B: load_procinfo (main.c:1093)
==744448==    by 0x400EC1B: init_vars (main.c:878)
==744448==    by 0x400EC1B: main (main.c:403)
==744448== 
==744448== 88 bytes in 1 blocks are still reachable in loss record 141 of 251
==744448==    at 0x497D858: malloc (vg_replace_malloc.c:447)
==744448==    by 0x4068FEB: emalloc_real (awk.h:2156)
==744448==    by 0x4068FEB: r_getblock (node.c:1164)
==744448==    by 0x40693C1: make_str_node (node.c:406)
==744448==    by 0x4077055: install (symbol.c:399)
==744448==    by 0x400E038: load_environ (main.c:930)
==744448==    by 0x400E038: init_vars (main.c:879)
==744448==    by 0x400E038: main (main.c:403)
==744448== 
==744448== 88 bytes in 1 blocks are still reachable in loss record 142 of 251
==744448==    at 0x497D858: malloc (vg_replace_malloc.c:447)
==744448==    by 0x4068FEB: emalloc_real (awk.h:2156)
==744448==    by 0x4068FEB: r_getblock (node.c:1164)
==744448==    by 0x4077133: make_symbol (symbol.c:376)
==744448==    by 0x4077133: install (symbol.c:417)
==744448==    by 0x400E038: load_environ (main.c:930)
==744448==    by 0x400E038: init_vars (main.c:879)
==744448==    by 0x400E038: main (main.c:403)
==744448== 
==744448== 88 bytes in 1 blocks are still reachable in loss record 143 of 251
==744448==    at 0x497D858: malloc (vg_replace_malloc.c:447)
==744448==    by 0x4068FEB: emalloc_real (awk.h:2156)
==744448==    by 0x4068FEB: r_getblock (node.c:1164)
==744448==    by 0x40693C1: make_str_node (node.c:406)
==744448==    by 0x406617B: path_environ (main.c:891)
==744448==    by 0x400E176: load_environ (main.c:964)
==744448==    by 0x400E176: init_vars (main.c:879)
==744448==    by 0x400E176: main (main.c:403)
==744448== 
==744448== 88 bytes in 1 blocks are still reachable in loss record 144 of 251
==744448==    at 0x497D858: malloc (vg_replace_malloc.c:447)
==744448==    by 0x4068FEB: emalloc_real (awk.h:2156)
==744448==    by 0x4068FEB: r_getblock (node.c:1164)
==744448==    by 0x40693C1: make_str_node (node.c:406)
==744448==    by 0x40661D5: path_environ (main.c:906)
==744448==    by 0x400E176: load_environ (main.c:964)
==744448==    by 0x400E176: init_vars (main.c:879)
==744448==    by 0x400E176: main (main.c:403)
==744448== 
==744448== 88 bytes in 1 blocks are still reachable in loss record 145 of 251
==744448==    at 0x497D858: malloc (vg_replace_malloc.c:447)
==744448==    by 0x4068FEB: emalloc_real (awk.h:2156)
==744448==    by 0x4068FEB: r_getblock (node.c:1164)
==744448==    by 0x40693C1: make_str_node (node.c:406)
==744448==    by 0x40553E0: init_fields (field.c:111)
==744448==    by 0x400E1A4: main (main.c:410)
==744448== 
==744448== 88 bytes in 1 blocks are still reachable in loss record 146 of 251
==744448==    at 0x497D858: malloc (vg_replace_malloc.c:447)
==744448==    by 0x4068FEB: emalloc_real (awk.h:2156)
==744448==    by 0x4068FEB: r_getblock (node.c:1164)
==744448==    by 0x4048A91: init_interpret (eval.c:1902)
==744448==    by 0x400E3D5: main (main.c:468)
==744448== 
==744448== 88 bytes in 1 blocks are still reachable in loss record 147 of 251
==744448==    at 0x497D858: malloc (vg_replace_malloc.c:447)
==744448==    by 0x4068FEB: emalloc_real (awk.h:2156)
==744448==    by 0x4068FEB: r_getblock (node.c:1164)
==744448==    by 0x4069930: make_number_node (awk.h:2206)
==744448==    by 0x4069930: r_make_number (node.c:369)
==744448==    by 0x4048AE5: init_interpret (eval.c:1910)
==744448==    by 0x400E3D5: main (main.c:468)
==744448== 
==744448== 88 bytes in 1 blocks are still reachable in loss record 148 of 251
==744448==    at 0x497D858: malloc (vg_replace_malloc.c:447)
==744448==    by 0x4068FEB: emalloc_real (awk.h:2156)
==744448==    by 0x4068FEB: r_getblock (node.c:1164)
==744448==    by 0x4069930: make_number_node (awk.h:2206)
==744448==    by 0x4069930: r_make_number (node.c:369)
==744448==    by 0x4048AFA: init_interpret (eval.c:1911)
==744448==    by 0x400E3D5: main (main.c:468)
==744448== 
==744448== 88 bytes in 1 blocks are still reachable in loss record 149 of 251
==744448==    at 0x497D858: malloc (vg_replace_malloc.c:447)
==744448==    by 0x4068FEB: emalloc_real (awk.h:2156)
==744448==    by 0x4068FEB: r_getblock (node.c:1164)
==744448==    by 0x40693C1: make_str_node (node.c:406)
==744448==    by 0x4077055: install (symbol.c:399)
==744448==    by 0x400E414: init_args (main.c:764)
==744448==    by 0x400E414: main (main.c:470)
==744448== 
==744448== 88 bytes in 1 blocks are still reachable in loss record 150 of 251
==744448==    at 0x497D858: malloc (vg_replace_malloc.c:447)
==744448==    by 0x4068FEB: emalloc_real (awk.h:2156)
==744448==    by 0x4068FEB: r_getblock (node.c:1164)
==744448==    by 0x4077133: make_symbol (symbol.c:376)
==744448==    by 0x4077133: install (symbol.c:417)
==744448==    by 0x400E414: init_args (main.c:764)
==744448==    by 0x400E414: main (main.c:470)
==744448== 
==744448== 88 bytes in 1 blocks are still reachable in loss record 151 of 251
==744448==    at 0x497D858: malloc (vg_replace_malloc.c:447)
==744448==    by 0x4068FEB: emalloc_real (awk.h:2156)
==744448==    by 0x4068FEB: r_getblock (node.c:1164)
==744448==    by 0x40693C1: make_str_node (node.c:406)
==744448==    by 0x400E43D: init_args (main.c:766)
==744448==    by 0x400E43D: main (main.c:470)
==744448== 
==744448== 88 bytes in 1 blocks are still reachable in loss record 152 of 251
==744448==    at 0x497D858: malloc (vg_replace_malloc.c:447)
==744448==    by 0x4068FEB: emalloc_real (awk.h:2156)
==744448==    by 0x4068FEB: r_getblock (node.c:1164)
==744448==    by 0x40348D2: make_node (cint_array.c:731)
==744448==    by 0x40348D2: cint_lookup (cint_array.c:256)
==744448==    by 0x40662E6: assoc_set (awk.h:2220)
==744448==    by 0x400E453: init_args (main.c:768)
==744448==    by 0x400E453: main (main.c:470)
==744448== 
==744448== 88 bytes in 1 blocks are still reachable in loss record 153 of 251
==744448==    at 0x497D858: malloc (vg_replace_malloc.c:447)
==744448==    by 0x4068FEB: emalloc_real (awk.h:2156)
==744448==    by 0x4068FEB: r_getblock (node.c:1164)
==744448==    by 0x40344E7: make_node (cint_array.c:731)
==744448==    by 0x40344E7: tree_lookup (cint_array.c:796)
==744448==    by 0x40662E6: assoc_set (awk.h:2220)
==744448==    by 0x400E453: init_args (main.c:768)
==744448==    by 0x400E453: main (main.c:470)
==744448== 
==744448== 88 bytes in 1 blocks are still reachable in loss record 154 of 251
==744448==    at 0x497D858: malloc (vg_replace_malloc.c:447)
==744448==    by 0x4068FEB: emalloc_real (awk.h:2156)
==744448==    by 0x4068FEB: r_getblock (node.c:1164)
==744448==    by 0x40693C1: make_str_node (node.c:406)
==744448==    by 0x4077055: install (symbol.c:399)
==744448==    by 0x400EA90: init_args (main.c:791)
==744448==    by 0x400EA90: main (main.c:470)
==744448== 
==744448== 88 bytes in 1 blocks are still reachable in loss record 155 of 251
==744448==    at 0x497D858: malloc (vg_replace_malloc.c:447)
==744448==    by 0x4068FEB: emalloc_real (awk.h:2156)
==744448==    by 0x4068FEB: r_getblock (node.c:1164)
==744448==    by 0x4077133: make_symbol (symbol.c:376)
==744448==    by 0x4077133: install (symbol.c:417)
==744448==    by 0x400EA90: init_args (main.c:791)
==744448==    by 0x400EA90: main (main.c:470)
==744448== 
==744448== 88 bytes in 1 blocks are still reachable in loss record 156 of 251
==744448==    at 0x497D858: malloc (vg_replace_malloc.c:447)
==744448==    by 0x4068FEB: emalloc_real (awk.h:2156)
==744448==    by 0x4068FEB: r_getblock (node.c:1164)
==744448==    by 0x4069930: make_number_node (awk.h:2206)
==744448==    by 0x4069930: r_make_number (node.c:369)
==744448==    by 0x400EAA8: init_args (main.c:792)
==744448==    by 0x400EAA8: main (main.c:470)
==744448== 
==744448== 88 bytes in 1 blocks are still reachable in loss record 157 of 251
==744448==    at 0x497D858: malloc (vg_replace_malloc.c:447)
==744448==    by 0x4068FEB: emalloc_real (awk.h:2156)
==744448==    by 0x4068FEB: r_getblock (node.c:1164)
==744448==    by 0x4014FDC: make_regnode (awkgram.y:5300)
==744448==    by 0x4014FDC: mk_rexp (awkgram.y:5332)
==744448==    by 0x4017F39: snode (awkgram.y:4780)
==744448==    by 0x401DBAA: yyparse (awkgram.y:1917)
==744448==    by 0x402073A: parse_program (awkgram.y:2797)
==744448==    by 0x400EAD8: main (main.c:483)
==744448== 
==744448== 88 bytes in 1 blocks are still reachable in loss record 158 of 251
==744448==    at 0x497D858: malloc (vg_replace_malloc.c:447)
==744448==    by 0x4068FEB: emalloc_real (awk.h:2156)
==744448==    by 0x4068FEB: r_getblock (node.c:1164)
==744448==    by 0x40693C1: make_str_node (node.c:406)
==744448==    by 0x401D986: yyparse (awkgram.y:583)
==744448==    by 0x402073A: parse_program (awkgram.y:2797)
==744448==    by 0x400EAD8: main (main.c:483)
==744448== 
==744448== 88 bytes in 1 blocks are still reachable in loss record 159 of 251
==744448==    at 0x497D858: malloc (vg_replace_malloc.c:447)
==744448==    by 0x4068FEB: emalloc_real (awk.h:2156)
==744448==    by 0x4068FEB: r_getblock (node.c:1164)
==744448==    by 0x4019588: make_regnode (awkgram.y:5300)
==744448==    by 0x401D996: yyparse (awkgram.y:584)
==744448==    by 0x402073A: parse_program (awkgram.y:2797)
==744448==    by 0x400EAD8: main (main.c:483)
==744448== 
==744448== 88 bytes in 1 blocks are still reachable in loss record 160 of 251
==744448==    at 0x497D858: malloc (vg_replace_malloc.c:447)
==744448==    by 0x4068FEB: emalloc_real (awk.h:2156)
==744448==    by 0x4068FEB: r_getblock (node.c:1164)
==744448==    by 0x4069930: make_number_node (awk.h:2206)
==744448==    by 0x4069930: r_make_number (node.c:369)
==744448==    by 0x401830E: snode (awkgram.y:4609)
==744448==    by 0x401DBAA: yyparse (awkgram.y:1917)
==744448==    by 0x402073A: parse_program (awkgram.y:2797)
==744448==    by 0x400EAD8: main (main.c:483)
==744448== 
==744448== 88 bytes in 1 blocks are still reachable in loss record 161 of 251
==744448==    at 0x497D858: malloc (vg_replace_malloc.c:447)
==744448==    by 0x4068FEB: emalloc_real (awk.h:2156)
==744448==    by 0x4068FEB: r_getblock (node.c:1164)
==744448==    by 0x40693C1: make_str_node (node.c:406)
==744448==    by 0x4077FD7: load_symbols (symbol.c:663)
==744448==    by 0x400ED85: main (main.c:499)
==744448== 
==744448== 88 bytes in 1 blocks are still reachable in loss record 162 of 251
==744448==    at 0x497D858: malloc (vg_replace_malloc.c:447)
==744448==    by 0x4068FEB: emalloc_real (awk.h:2156)
==744448==    by 0x4068FEB: r_getblock (node.c:1164)
==744448==    by 0x4077FF4: load_symbols (symbol.c:666)
==744448==    by 0x400ED85: main (main.c:499)
==744448== 
==744448== 88 bytes in 1 blocks are still reachable in loss record 163 of 251
==744448==    at 0x497D858: malloc (vg_replace_malloc.c:447)
==744448==    by 0x4068FEB: emalloc_real (awk.h:2156)
==744448==    by 0x4068FEB: r_getblock (node.c:1164)
==744448==    by 0x40693C1: make_str_node (node.c:406)
==744448==    by 0x40780DA: load_symbols (symbol.c:679)
==744448==    by 0x400ED85: main (main.c:499)
==744448== 
==744448== 88 bytes in 1 blocks are still reachable in loss record 164 of 251
==744448==    at 0x497D858: malloc (vg_replace_malloc.c:447)
==744448==    by 0x4068FEB: emalloc_real (awk.h:2156)
==744448==    by 0x4068FEB: r_getblock (node.c:1164)
==744448==    by 0x40693C1: make_str_node (node.c:406)
==744448==    by 0x40780F2: load_symbols (symbol.c:680)
==744448==    by 0x400ED85: main (main.c:499)
==744448== 
==744448== 88 bytes in 1 blocks are still reachable in loss record 165 of 251
==744448==    at 0x497D858: malloc (vg_replace_malloc.c:447)
==744448==    by 0x4068FEB: emalloc_real (awk.h:2156)
==744448==    by 0x4068FEB: r_getblock (node.c:1164)
==744448==    by 0x40693C1: make_str_node (node.c:406)
==744448==    by 0x407810A: load_symbols (symbol.c:681)
==744448==    by 0x400ED85: main (main.c:499)
==744448== 
==744448== 88 bytes in 1 blocks are still reachable in loss record 166 of 251
==744448==    at 0x497D858: malloc (vg_replace_malloc.c:447)
==744448==    by 0x4068FEB: emalloc_real (awk.h:2156)
==744448==    by 0x4068FEB: r_getblock (node.c:1164)
==744448==    by 0x40693C1: make_str_node (node.c:406)
==744448==    by 0x4078122: load_symbols (symbol.c:682)
==744448==    by 0x400ED85: main (main.c:499)
==744448== 
==744448== 88 bytes in 1 blocks are still reachable in loss record 167 of 251
==744448==    at 0x497D858: malloc (vg_replace_malloc.c:447)
==744448==    by 0x4068FEB: emalloc_real (awk.h:2156)
==744448==    by 0x4068FEB: r_getblock (node.c:1164)
==744448==    by 0x40693C1: make_str_node (node.c:406)
==744448==    by 0x40604F8: get_a_record (io.c:4164)
==744448==    by 0x4064C06: do_getline_redir (io.c:2878)
==744448==    by 0x404FD86: r_interpret (interpret.h:1364)
==744448==    by 0x400EDDE: main (main.c:532)
==744448== 
==744448== 88 bytes in 1 blocks are still reachable in loss record 168 of 251
==744448==    at 0x497D858: malloc (vg_replace_malloc.c:447)
==744448==    by 0x4068FEB: emalloc_real (awk.h:2156)
==744448==    by 0x4068FEB: r_getblock (node.c:1164)
==744448==    by 0x40693C1: make_str_node (node.c:406)
==744448==    by 0x4064C68: do_getline_redir (io.c:2905)
==744448==    by 0x404FD86: r_interpret (interpret.h:1364)
==744448==    by 0x400EDDE: main (main.c:532)
==744448== 
==744448== 88 bytes in 1 blocks are still reachable in loss record 169 of 251
==744448==    at 0x497D858: malloc (vg_replace_malloc.c:447)
==744448==    by 0x4068FEB: emalloc_real (awk.h:2156)
==744448==    by 0x4068FEB: r_getblock (node.c:1164)
==744448==    by 0x40348D2: make_node (cint_array.c:731)
==744448==    by 0x40348D2: cint_lookup (cint_array.c:256)
==744448==    by 0x4053EB4: assoc_set (awk.h:2220)
==744448==    by 0x4053EB4: set_element (field.c:1116)
==744448==    by 0x4054249: sc_parse_field (field.c:758)
==744448==    by 0x40566D5: do_split (field.c:1252)
==744448==    by 0x404FC3C: r_interpret (interpret.h:1114)
==744448==    by 0x400EDDE: main (main.c:532)
==744448== 
==744448== 88 bytes in 1 blocks are still reachable in loss record 170 of 251
==744448==    at 0x497D858: malloc (vg_replace_malloc.c:447)
==744448==    by 0x4068FEB: emalloc_real (awk.h:2156)
==744448==    by 0x4068FEB: r_getblock (node.c:1164)
==744448==    by 0x40344E7: make_node (cint_array.c:731)
==744448==    by 0x40344E7: tree_lookup (cint_array.c:796)
==744448==    by 0x4053EB4: assoc_set (awk.h:2220)
==744448==    by 0x4053EB4: set_element (field.c:1116)
==744448==    by 0x4054249: sc_parse_field (field.c:758)
==744448==    by 0x40566D5: do_split (field.c:1252)
==744448==    by 0x404FC3C: r_interpret (interpret.h:1114)
==744448==    by 0x400EDDE: main (main.c:532)
==744448== 
==744448== 88 bytes in 1 blocks are still reachable in loss record 171 of 251
==744448==    at 0x497D858: malloc (vg_replace_malloc.c:447)
==744448==    by 0x4068FEB: emalloc_real (awk.h:2156)
==744448==    by 0x4068FEB: r_getblock (node.c:1164)
==744448==    by 0x4055A4F: set_record (field.c:343)
==744448==    by 0x4064D9B: do_getline_redir (io.c:2900)
==744448==    by 0x404FD86: r_interpret (interpret.h:1364)
==744448==    by 0x400EDDE: main (main.c:532)
==744448== 
==744448== 88 bytes in 1 blocks are still reachable in loss record 172 of 251
==744448==    at 0x497D858: malloc (vg_replace_malloc.c:447)
==744448==    by 0x4068FEB: emalloc_real (awk.h:2156)
==744448==    by 0x4068FEB: r_getblock (node.c:1164)
==744448==    by 0x40348D2: make_node (cint_array.c:731)
==744448==    by 0x40348D2: cint_lookup (cint_array.c:256)
==744448==    by 0x404EEEF: r_interpret (interpret.h:427)
==744448==    by 0x400EDDE: main (main.c:532)
==744448== 
==744448== 88 bytes in 1 blocks are still reachable in loss record 173 of 251
==744448==    at 0x497D858: malloc (vg_replace_malloc.c:447)
==744448==    by 0x4068FEB: emalloc_real (awk.h:2156)
==744448==    by 0x4068FEB: r_getblock (node.c:1164)
==744448==    by 0x4069930: make_number_node (awk.h:2206)
==744448==    by 0x4069930: r_make_number (node.c:369)
==744448==    by 0x404763F: update_NF (eval.c:1109)
==744448==    by 0x404E282: r_interpret (interpret.h:980)
==744448==    by 0x400EDDE: main (main.c:532)
==744448== 
==744448== 104 bytes in 1 blocks are still reachable in loss record 174 of 251
==744448==    at 0x4984E43: calloc (vg_replace_malloc.c:1678)
==744448==    by 0x4075D54: ezalloc_real (awk.h:2174)
==744448==    by 0x4075D54: grow_table (str_array.c:682)
==744448==    by 0x407693C: str_lookup (str_array.c:150)
==744448==    by 0x407708C: assoc_set (awk.h:2220)
==744448==    by 0x407708C: install (symbol.c:430)
==744448==    by 0x4077369: install_symbol (symbol.c:173)
==744448==    by 0x4077369: init_the_tables (symbol.c:77)
==744448==    by 0x400D60A: main (main.c:287)
==744448== 
==744448== 104 bytes in 1 blocks are still reachable in loss record 175 of 251
==744448==    at 0x4984E43: calloc (vg_replace_malloc.c:1678)
==744448==    by 0x4075D54: ezalloc_real (awk.h:2174)
==744448==    by 0x4075D54: grow_table (str_array.c:682)
==744448==    by 0x407693C: str_lookup (str_array.c:150)
==744448==    by 0x407708C: assoc_set (awk.h:2220)
==744448==    by 0x407708C: install (symbol.c:430)
==744448==    by 0x400DA01: init_vars (main.c:865)
==744448==    by 0x400DA01: main (main.c:403)
==744448== 
==744448== 104 bytes in 1 blocks are still reachable in loss record 176 of 251
==744448==    at 0x4984E43: calloc (vg_replace_malloc.c:1678)
==744448==    by 0x4075D54: ezalloc_real (awk.h:2174)
==744448==    by 0x4075D54: grow_table (str_array.c:682)
==744448==    by 0x407693C: str_lookup (str_array.c:150)
==744448==    by 0x4054B9E: assoc_set (awk.h:2220)
==744448==    by 0x4054B9E: update_PROCINFO_str.part.0 (field.c:1662)
==744448==    by 0x400E71D: load_procinfo (main.c:1021)
==744448==    by 0x400E71D: init_vars (main.c:878)
==744448==    by 0x400E71D: main (main.c:403)
==744448== 
==744448== 104 bytes in 1 blocks are still reachable in loss record 177 of 251
==744448==    at 0x4984E43: calloc (vg_replace_malloc.c:1678)
==744448==    by 0x4075D54: ezalloc_real (awk.h:2174)
==744448==    by 0x4075D54: grow_table (str_array.c:682)
==744448==    by 0x407693C: str_lookup (str_array.c:150)
==744448==    by 0x400E127: assoc_set (awk.h:2220)
==744448==    by 0x400E127: load_environ (main.c:949)
==744448==    by 0x400E127: init_vars (main.c:879)
==744448==    by 0x400E127: main (main.c:403)
==744448== 
==744448== 104 bytes in 1 blocks are still reachable in loss record 178 of 251
==744448==    at 0x4984E43: calloc (vg_replace_malloc.c:1678)
==744448==    by 0x4075D54: ezalloc_real (awk.h:2174)
==744448==    by 0x4075D54: grow_table (str_array.c:682)
==744448==    by 0x407693C: str_lookup (str_array.c:150)
==744448==    by 0x407708C: assoc_set (awk.h:2220)
==744448==    by 0x407708C: install (symbol.c:430)
==744448==    by 0x401982E: install_builtins (awkgram.y:6601)
==744448==    by 0x400ED71: main (main.c:491)
==744448== 
==744448== 104 bytes in 1 blocks are still reachable in loss record 179 of 251
==744448==    at 0x4984E43: calloc (vg_replace_malloc.c:1678)
==744448==    by 0x4075D54: ezalloc_real (awk.h:2174)
==744448==    by 0x4075D54: grow_table (str_array.c:682)
==744448==    by 0x407693C: str_lookup (str_array.c:150)
==744448==    by 0x40782E9: load_symbols (symbol.c:701)
==744448==    by 0x400ED85: main (main.c:499)
==744448== 
==744448== 107 bytes in 9 blocks are still reachable in loss record 180 of 251
==744448==    at 0x497D858: malloc (vg_replace_malloc.c:447)
==744448==    by 0x4066564: emalloc_real (awk.h:2156)
==744448==    by 0x4066564: estrdup (main.c:1451)
==744448==    by 0x400D69D: save_argv (main.c:1498)
==744448==    by 0x400D69D: parse_args (main.c:1554)
==744448==    by 0x400D69D: main (main.c:294)
==744448== 
==744448== 107 bytes in 9 blocks are still reachable in loss record 181 of 251
==744448==    at 0x497D858: malloc (vg_replace_malloc.c:447)
==744448==    by 0x4069457: emalloc_real (awk.h:2156)
==744448==    by 0x4069457: make_str_node (node.c:422)
==744448==    by 0x400E9C6: load_procinfo_argv (main.c:991)
==744448==    by 0x400E9C6: load_procinfo (main.c:1093)
==744448==    by 0x400E9C6: init_vars (main.c:878)
==744448==    by 0x400E9C6: main (main.c:403)
==744448== 
==744448== 111 bytes in 11 blocks are still reachable in loss record 182 of 251
==744448==    at 0x497D858: malloc (vg_replace_malloc.c:447)
==744448==    by 0x4069457: emalloc_real (awk.h:2156)
==744448==    by 0x4069457: make_str_node (node.c:422)
==744448==    by 0x401B194: yylex (awkgram.y:4074)
==744448==    by 0x401C83C: yyparse (awkgram.c:1879)
==744448==    by 0x402073A: parse_program (awkgram.y:2797)
==744448==    by 0x400EAD8: main (main.c:483)
==744448== 
==744448== 120 bytes in 1 blocks are still reachable in loss record 183 of 251
==744448==    at 0x498507F: realloc (vg_replace_malloc.c:1804)
==744448==    by 0x4014E11: erealloc_real (awk.h:2192)
==744448==    by 0x4014E11: tokexpand (awkgram.y:3290)
==744448==    by 0x401ACE7: yylex (awkgram.y:4062)
==744448==    by 0x401C83C: yyparse (awkgram.c:1879)
==744448==    by 0x402073A: parse_program (awkgram.y:2797)
==744448==    by 0x400EAD8: main (main.c:483)
==744448== 
==744448== 136 bytes in 1 blocks are still reachable in loss record 184 of 251
==744448==    at 0x4984E43: calloc (vg_replace_malloc.c:1678)
==744448==    by 0x407421C: ezalloc_real (awk.h:2174)
==744448==    by 0x407421C: make_regexp (re.c:278)
==744448==    by 0x40195EB: make_regnode (awkgram.y:5306)
==744448==    by 0x401D996: yyparse (awkgram.y:584)
==744448==    by 0x402073A: parse_program (awkgram.y:2797)
==744448==    by 0x400EAD8: main (main.c:483)
==744448== 
==744448== 144 bytes in 3 blocks are still reachable in loss record 185 of 251
==744448==    at 0x497D858: malloc (vg_replace_malloc.c:447)
==744448==    by 0x4068FEB: emalloc_real (awk.h:2156)
==744448==    by 0x4068FEB: r_getblock (node.c:1164)
==744448==    by 0x40768D9: str_lookup (str_array.c:214)
==744448==    by 0x407708C: assoc_set (awk.h:2220)
==744448==    by 0x407708C: install (symbol.c:430)
==744448==    by 0x40669EE: arg_assign (main.c:1276)
==744448==    by 0x400E259: main (main.c:416)
==744448== 
==744448== 144 bytes in 3 blocks are still reachable in loss record 186 of 251
==744448==    at 0x497D858: malloc (vg_replace_malloc.c:447)
==744448==    by 0x4068FEB: emalloc_real (awk.h:2156)
==744448==    by 0x4068FEB: r_getblock (node.c:1164)
==744448==    by 0x40768D9: str_lookup (str_array.c:214)
==744448==    by 0x407708C: assoc_set (awk.h:2220)
==744448==    by 0x407708C: install (symbol.c:430)
==744448==    by 0x401CA25: yyparse (awkgram.y:2156)
==744448==    by 0x402073A: parse_program (awkgram.y:2797)
==744448==    by 0x400EAD8: main (main.c:483)
==744448== 
==744448== 151 bytes in 24 blocks are still reachable in loss record 187 of 251
==744448==    at 0x497D858: malloc (vg_replace_malloc.c:447)
==744448==    by 0x4066564: emalloc_real (awk.h:2156)
==744448==    by 0x4066564: estrdup (main.c:1451)
==744448==    by 0x400D9F0: init_vars (main.c:865)
==744448==    by 0x400D9F0: main (main.c:403)
==744448== 
==744448== 151 bytes in 24 blocks are still reachable in loss record 188 of 251
==744448==    at 0x497D858: malloc (vg_replace_malloc.c:447)
==744448==    by 0x4069457: emalloc_real (awk.h:2156)
==744448==    by 0x4069457: make_str_node (node.c:422)
==744448==    by 0x4077055: install (symbol.c:399)
==744448==    by 0x400DA01: init_vars (main.c:865)
==744448==    by 0x400DA01: main (main.c:403)
==744448== 
==744448== 160 bytes in 1 blocks are still reachable in loss record 189 of 251
==744448==    at 0x497D858: malloc (vg_replace_malloc.c:447)
==744448==    by 0x4086BDE: compile.constprop.0 (minrx.c:1905)
==744448==    by 0x4089B38: minrx_regncomp (minrx.c:2490)
==744448==    by 0x407427D: make_regexp (re.c:355)
==744448==    by 0x40195EB: make_regnode (awkgram.y:5306)
==744448==    by 0x401D996: yyparse (awkgram.y:584)
==744448==    by 0x402073A: parse_program (awkgram.y:2797)
==744448==    by 0x400EAD8: main (main.c:483)
==744448== 
==744448== 197 bytes in 23 blocks are still reachable in loss record 190 of 251
==744448==    at 0x497D858: malloc (vg_replace_malloc.c:447)
==744448==    by 0x4069457: emalloc_real (awk.h:2156)
==744448==    by 0x4069457: make_str_node (node.c:422)
==744448==    by 0x400E0F5: load_environ (main.c:946)
==744448==    by 0x400E0F5: init_vars (main.c:879)
==744448==    by 0x400E0F5: main (main.c:403)
==744448== 
==744448== 208 bytes in 2 blocks are still reachable in loss record 191 of 251
==744448==    at 0x4984E43: calloc (vg_replace_malloc.c:1678)
==744448==    by 0x4075D54: ezalloc_real (awk.h:2174)
==744448==    by 0x4075D54: grow_table (str_array.c:682)
==744448==    by 0x407693C: str_lookup (str_array.c:150)
==744448==    by 0x404EEEF: r_interpret (interpret.h:427)
==744448==    by 0x400EDDE: main (main.c:532)
==744448== 
==744448== 256 bytes in 1 blocks are still reachable in loss record 192 of 251
==744448==    at 0x4984E43: calloc (vg_replace_malloc.c:1678)
==744448==    by 0x4034892: ezalloc_real (awk.h:2174)
==744448==    by 0x4034892: cint_lookup (cint_array.c:249)
==744448==    by 0x400E9D6: assoc_set (awk.h:2220)
==744448==    by 0x400E9D6: load_procinfo_argv (main.c:992)
==744448==    by 0x400E9D6: load_procinfo (main.c:1093)
==744448==    by 0x400E9D6: init_vars (main.c:878)
==744448==    by 0x400E9D6: main (main.c:403)
==744448== 
==744448== 256 bytes in 1 blocks are still reachable in loss record 193 of 251
==744448==    at 0x4984E43: calloc (vg_replace_malloc.c:1678)
==744448==    by 0x4034297: ezalloc_real (awk.h:2174)
==744448==    by 0x4034297: tree_lookup (cint_array.c:773)
==744448==    by 0x400E9D6: assoc_set (awk.h:2220)
==744448==    by 0x400E9D6: load_procinfo_argv (main.c:992)
==744448==    by 0x400E9D6: load_procinfo (main.c:1093)
==744448==    by 0x400E9D6: init_vars (main.c:878)
==744448==    by 0x400E9D6: main (main.c:403)
==744448== 
==744448== 256 bytes in 1 blocks are still reachable in loss record 194 of 251
==744448==    at 0x4984E43: calloc (vg_replace_malloc.c:1678)
==744448==    by 0x40344C0: ezalloc_real (awk.h:2174)
==744448==    by 0x40344C0: leaf_lookup (cint_array.c:1064)
==744448==    by 0x40344C0: tree_lookup (cint_array.c:797)
==744448==    by 0x400E9D6: assoc_set (awk.h:2220)
==744448==    by 0x400E9D6: load_procinfo_argv (main.c:992)
==744448==    by 0x400E9D6: load_procinfo (main.c:1093)
==744448==    by 0x400E9D6: init_vars (main.c:878)
==744448==    by 0x400E9D6: main (main.c:403)
==744448== 
==744448== 256 bytes in 1 blocks are still reachable in loss record 195 of 251
==744448==    at 0x4984E43: calloc (vg_replace_malloc.c:1678)
==744448==    by 0x4034892: ezalloc_real (awk.h:2174)
==744448==    by 0x4034892: cint_lookup (cint_array.c:249)
==744448==    by 0x40662E6: assoc_set (awk.h:2220)
==744448==    by 0x400E453: init_args (main.c:768)
==744448==    by 0x400E453: main (main.c:470)
==744448== 
==744448== 256 bytes in 1 blocks are still reachable in loss record 196 of 251
==744448==    at 0x4984E43: calloc (vg_replace_malloc.c:1678)
==744448==    by 0x4034297: ezalloc_real (awk.h:2174)
==744448==    by 0x4034297: tree_lookup (cint_array.c:773)
==744448==    by 0x40662E6: assoc_set (awk.h:2220)
==744448==    by 0x400E453: init_args (main.c:768)
==744448==    by 0x400E453: main (main.c:470)
==744448== 
==744448== 256 bytes in 1 blocks are still reachable in loss record 197 of 251
==744448==    at 0x4984E43: calloc (vg_replace_malloc.c:1678)
==744448==    by 0x40344C0: ezalloc_real (awk.h:2174)
==744448==    by 0x40344C0: leaf_lookup (cint_array.c:1064)
==744448==    by 0x40344C0: tree_lookup (cint_array.c:797)
==744448==    by 0x40662E6: assoc_set (awk.h:2220)
==744448==    by 0x400E453: init_args (main.c:768)
==744448==    by 0x400E453: main (main.c:470)
==744448== 
==744448== 256 bytes in 1 blocks are still reachable in loss record 198 of 251
==744448==    at 0x4984E43: calloc (vg_replace_malloc.c:1678)
==744448==    by 0x4034892: ezalloc_real (awk.h:2174)
==744448==    by 0x4034892: cint_lookup (cint_array.c:249)
==744448==    by 0x4053EB4: assoc_set (awk.h:2220)
==744448==    by 0x4053EB4: set_element (field.c:1116)
==744448==    by 0x4054249: sc_parse_field (field.c:758)
==744448==    by 0x40566D5: do_split (field.c:1252)
==744448==    by 0x404FC3C: r_interpret (interpret.h:1114)
==744448==    by 0x400EDDE: main (main.c:532)
==744448== 
==744448== 256 bytes in 1 blocks are still reachable in loss record 199 of 251
==744448==    at 0x4984E43: calloc (vg_replace_malloc.c:1678)
==744448==    by 0x4034297: ezalloc_real (awk.h:2174)
==744448==    by 0x4034297: tree_lookup (cint_array.c:773)
==744448==    by 0x4053EB4: assoc_set (awk.h:2220)
==744448==    by 0x4053EB4: set_element (field.c:1116)
==744448==    by 0x4054249: sc_parse_field (field.c:758)
==744448==    by 0x40566D5: do_split (field.c:1252)
==744448==    by 0x404FC3C: r_interpret (interpret.h:1114)
==744448==    by 0x400EDDE: main (main.c:532)
==744448== 
==744448== 256 bytes in 1 blocks are still reachable in loss record 200 of 251
==744448==    at 0x4984E43: calloc (vg_replace_malloc.c:1678)
==744448==    by 0x40344C0: ezalloc_real (awk.h:2174)
==744448==    by 0x40344C0: leaf_lookup (cint_array.c:1064)
==744448==    by 0x40344C0: tree_lookup (cint_array.c:797)
==744448==    by 0x4053EB4: assoc_set (awk.h:2220)
==744448==    by 0x4053EB4: set_element (field.c:1116)
==744448==    by 0x4054249: sc_parse_field (field.c:758)
==744448==    by 0x40566D5: do_split (field.c:1252)
==744448==    by 0x404FC3C: r_interpret (interpret.h:1114)
==744448==    by 0x400EDDE: main (main.c:532)
==744448== 
==744448== 256 bytes in 1 blocks are still reachable in loss record 201 of 251
==744448==    at 0x4984E43: calloc (vg_replace_malloc.c:1678)
==744448==    by 0x4034892: ezalloc_real (awk.h:2174)
==744448==    by 0x4034892: cint_lookup (cint_array.c:249)
==744448==    by 0x404EEEF: r_interpret (interpret.h:427)
==744448==    by 0x400EDDE: main (main.c:532)
==744448== 
==744448== 256 bytes in 1 blocks are still reachable in loss record 202 of 251
==744448==    at 0x4984E43: calloc (vg_replace_malloc.c:1678)
==744448==    by 0x4034297: ezalloc_real (awk.h:2174)
==744448==    by 0x4034297: tree_lookup (cint_array.c:773)
==744448==    by 0x404EEEF: r_interpret (interpret.h:427)
==744448==    by 0x400EDDE: main (main.c:532)
==744448== 
==744448== 264 bytes in 3 blocks are still reachable in loss record 203 of 251
==744448==    at 0x497D858: malloc (vg_replace_malloc.c:447)
==744448==    by 0x4068FEB: emalloc_real (awk.h:2156)
==744448==    by 0x4068FEB: r_getblock (node.c:1164)
==744448==    by 0x40693C1: make_str_node (node.c:406)
==744448==    by 0x4066BF5: arg_assign (main.c:1252)
==744448==    by 0x400E259: main (main.c:416)
==744448== 
==744448== 264 bytes in 3 blocks are still reachable in loss record 204 of 251
==744448==    at 0x497D858: malloc (vg_replace_malloc.c:447)
==744448==    by 0x4068FEB: emalloc_real (awk.h:2156)
==744448==    by 0x4068FEB: r_getblock (node.c:1164)
==744448==    by 0x40693C1: make_str_node (node.c:406)
==744448==    by 0x4077055: install (symbol.c:399)
==744448==    by 0x40669EE: arg_assign (main.c:1276)
==744448==    by 0x400E259: main (main.c:416)
==744448== 
==744448== 264 bytes in 3 blocks are still reachable in loss record 205 of 251
==744448==    at 0x497D858: malloc (vg_replace_malloc.c:447)
==744448==    by 0x4068FEB: emalloc_real (awk.h:2156)
==744448==    by 0x4068FEB: r_getblock (node.c:1164)
==744448==    by 0x4077133: make_symbol (symbol.c:376)
==744448==    by 0x4077133: install (symbol.c:417)
==744448==    by 0x40669EE: arg_assign (main.c:1276)
==744448==    by 0x400E259: main (main.c:416)
==744448== 
==744448== 264 bytes in 3 blocks are still reachable in loss record 206 of 251
==744448==    at 0x497D858: malloc (vg_replace_malloc.c:447)
==744448==    by 0x4068FEB: emalloc_real (awk.h:2156)
==744448==    by 0x4068FEB: r_getblock (node.c:1164)
==744448==    by 0x40693C1: make_str_node (node.c:406)
==744448==    by 0x4077055: install (symbol.c:399)
==744448==    by 0x401CA25: yyparse (awkgram.y:2156)
==744448==    by 0x402073A: parse_program (awkgram.y:2797)
==744448==    by 0x400EAD8: main (main.c:483)
==744448== 
==744448== 264 bytes in 3 blocks are still reachable in loss record 207 of 251
==744448==    at 0x497D858: malloc (vg_replace_malloc.c:447)
==744448==    by 0x4068FEB: emalloc_real (awk.h:2156)
==744448==    by 0x4068FEB: r_getblock (node.c:1164)
==744448==    by 0x4077133: make_symbol (symbol.c:376)
==744448==    by 0x4077133: install (symbol.c:417)
==744448==    by 0x401CA25: yyparse (awkgram.y:2156)
==744448==    by 0x402073A: parse_program (awkgram.y:2797)
==744448==    by 0x400EAD8: main (main.c:483)
==744448== 
==744448== 264 bytes in 3 blocks are still reachable in loss record 208 of 251
==744448==    at 0x497D858: malloc (vg_replace_malloc.c:447)
==744448==    by 0x4068FEB: emalloc_real (awk.h:2156)
==744448==    by 0x4068FEB: r_getblock (node.c:1164)
==744448==    by 0x4069930: make_number_node (awk.h:2206)
==744448==    by 0x4069930: r_make_number (node.c:369)
==744448==    by 0x404E0D1: r_interpret (interpret.h:731)
==744448==    by 0x400EDDE: main (main.c:532)
==744448== 
==744448== 264 bytes in 3 blocks are still reachable in loss record 209 of 251
==744448==    at 0x497D858: malloc (vg_replace_malloc.c:447)
==744448==    by 0x4068FEB: emalloc_real (awk.h:2156)
==744448==    by 0x4068FEB: r_getblock (node.c:1164)
==744448==    by 0x40693C1: make_str_node (node.c:406)
==744448==    by 0x4053E8E: set_element (field.c:1113)
==744448==    by 0x4054249: sc_parse_field (field.c:758)
==744448==    by 0x40566D5: do_split (field.c:1252)
==744448==    by 0x404FC3C: r_interpret (interpret.h:1114)
==744448==    by 0x400EDDE: main (main.c:532)
==744448== 
==744448== 264 bytes in 3 blocks are still reachable in loss record 210 of 251
==744448==    at 0x497D858: malloc (vg_replace_malloc.c:447)
==744448==    by 0x4068FEB: emalloc_real (awk.h:2156)
==744448==    by 0x4068FEB: r_getblock (node.c:1164)
==744448==    by 0x40344E7: make_node (cint_array.c:731)
==744448==    by 0x40344E7: tree_lookup (cint_array.c:796)
==744448==    by 0x404EEEF: r_interpret (interpret.h:427)
==744448==    by 0x400EDDE: main (main.c:532)
==744448== 
==744448== 278 bytes in 42 blocks are still reachable in loss record 211 of 251
==744448==    at 0x497D858: malloc (vg_replace_malloc.c:447)
==744448==    by 0x4069457: emalloc_real (awk.h:2156)
==744448==    by 0x4069457: make_str_node (node.c:422)
==744448==    by 0x4077055: install (symbol.c:399)
==744448==    by 0x401982E: install_builtins (awkgram.y:6601)
==744448==    by 0x400ED71: main (main.c:491)
==744448== 
==744448== 296 bytes in 1 blocks are still reachable in loss record 212 of 251
==744448==    at 0x4984E43: calloc (vg_replace_malloc.c:1678)
==744448==    by 0x4014A06: ezalloc_real (awk.h:2174)
==744448==    by 0x4014A06: do_add_srcfile (awkgram.y:2833)
==744448==    by 0x4018A70: add_srcfile (awkgram.y:2916)
==744448==    by 0x400D7E5: parse_args (main.c:1585)
==744448==    by 0x400D7E5: main (main.c:294)
==744448== 
==744448== 352 bytes in 1 blocks are still reachable in loss record 213 of 251
==744448==    at 0x497D858: malloc (vg_replace_malloc.c:447)
==744448==    by 0x40869ED: compile.constprop.0 (minrx.c:1866)
==744448==    by 0x4089B38: minrx_regncomp (minrx.c:2490)
==744448==    by 0x407427D: make_regexp (re.c:355)
==744448==    by 0x40195EB: make_regnode (awkgram.y:5306)
==744448==    by 0x401D996: yyparse (awkgram.y:584)
==744448==    by 0x402073A: parse_program (awkgram.y:2797)
==744448==    by 0x400EAD8: main (main.c:483)
==744448== 
==744448== 432 bytes in 9 blocks are still reachable in loss record 214 of 251
==744448==    at 0x497D858: malloc (vg_replace_malloc.c:447)
==744448==    by 0x4068FEB: emalloc_real (awk.h:2156)
==744448==    by 0x4068FEB: r_getblock (node.c:1164)
==744448==    by 0x40768D9: str_lookup (str_array.c:214)
==744448==    by 0x407708C: assoc_set (awk.h:2220)
==744448==    by 0x407708C: install (symbol.c:430)
==744448==    by 0x401CA63: yyparse (awkgram.y:2148)
==744448==    by 0x402073A: parse_program (awkgram.y:2797)
==744448==    by 0x400EAD8: main (main.c:483)
==744448== 
==744448== 512 bytes in 1 blocks are still reachable in loss record 215 of 251
==744448==    at 0x4984E43: calloc (vg_replace_malloc.c:1678)
==744448==    by 0x4055BEE: ezalloc_real (awk.h:2174)
==744448==    by 0x4055BEE: set_record (field.c:309)
==744448==    by 0x4064D9B: do_getline_redir (io.c:2900)
==744448==    by 0x404FD86: r_interpret (interpret.h:1364)
==744448==    by 0x400EDDE: main (main.c:532)
==744448== 
==744448== 552 bytes in 1 blocks are still reachable in loss record 216 of 251
==744448==    at 0x4984E43: calloc (vg_replace_malloc.c:1678)
==744448==    by 0x4078976: ezalloc_real (awk.h:2174)
==744448==    by 0x4078976: new_context (symbol.c:870)
==744448==    by 0x400D61D: main (main.c:292)
==744448== 
==744448== 566 bytes in 87 blocks are still reachable in loss record 217 of 251
==744448==    at 0x497D858: malloc (vg_replace_malloc.c:447)
==744448==    by 0x4069457: emalloc_real (awk.h:2156)
==744448==    by 0x4069457: make_str_node (node.c:422)
==744448==    by 0x4078494: load_symbols (symbol.c:700)
==744448==    by 0x400ED85: main (main.c:499)
==744448== 
==744448== 602 bytes in 71 blocks are still reachable in loss record 218 of 251
==744448==    at 0x497D858: malloc (vg_replace_malloc.c:447)
==744448==    by 0x4069457: emalloc_real (awk.h:2156)
==744448==    by 0x4069457: make_str_node (node.c:422)
==744448==    by 0x40768AE: str_lookup (str_array.c:193)
==744448==    by 0x404EEEF: r_interpret (interpret.h:427)
==744448==    by 0x400EDDE: main (main.c:532)
==744448== 
==744448== 639 bytes in 71 blocks are still reachable in loss record 219 of 251
==744448==    at 0x497D858: malloc (vg_replace_malloc.c:447)
==744448==    by 0x4069178: emalloc_real (awk.h:2156)
==744448==    by 0x4069178: r_dupnode (node.c:348)
==744448==    by 0x4050AD6: dupnode (awk.h:2024)
==744448==    by 0x4050AD6: r_interpret (interpret.h:486)
==744448==    by 0x400EDDE: main (main.c:532)
==744448== 
==744448== 744 bytes in 71 blocks are still reachable in loss record 220 of 251
==744448==    at 0x497D858: malloc (vg_replace_malloc.c:447)
==744448==    by 0x4029581: emalloc_real (awk.h:2156)
==744448==    by 0x4029581: do_sub (builtin.c:1963)
==744448==    by 0x404FD01: r_interpret (interpret.h:1161)
==744448==    by 0x400EDDE: main (main.c:532)
==744448== 
==744448== 768 bytes in 3 blocks are still reachable in loss record 221 of 251
==744448==    at 0x4984E43: calloc (vg_replace_malloc.c:1678)
==744448==    by 0x40344C0: ezalloc_real (awk.h:2174)
==744448==    by 0x40344C0: leaf_lookup (cint_array.c:1064)
==744448==    by 0x40344C0: tree_lookup (cint_array.c:797)
==744448==    by 0x404EEEF: r_interpret (interpret.h:427)
==744448==    by 0x400EDDE: main (main.c:532)
==744448== 
==744448== 792 bytes in 9 blocks are still reachable in loss record 222 of 251
==744448==    at 0x497D858: malloc (vg_replace_malloc.c:447)
==744448==    by 0x4068FEB: emalloc_real (awk.h:2156)
==744448==    by 0x4068FEB: r_getblock (node.c:1164)
==744448==    by 0x4069930: make_number_node (awk.h:2206)
==744448==    by 0x4069930: r_make_number (node.c:369)
==744448==    by 0x400DA23: init_vars (main.c:869)
==744448==    by 0x400DA23: main (main.c:403)
==744448== 
==744448== 792 bytes in 9 blocks are still reachable in loss record 223 of 251
==744448==    at 0x497D858: malloc (vg_replace_malloc.c:447)
==744448==    by 0x4068FEB: emalloc_real (awk.h:2156)
==744448==    by 0x4068FEB: r_getblock (node.c:1164)
==744448==    by 0x40693C1: make_str_node (node.c:406)
==744448==    by 0x400E9C6: load_procinfo_argv (main.c:991)
==744448==    by 0x400E9C6: load_procinfo (main.c:1093)
==744448==    by 0x400E9C6: init_vars (main.c:878)
==744448==    by 0x400E9C6: main (main.c:403)
==744448== 
==744448== 792 bytes in 9 blocks are still reachable in loss record 224 of 251
==744448==    at 0x497D858: malloc (vg_replace_malloc.c:447)
==744448==    by 0x4068FEB: emalloc_real (awk.h:2156)
==744448==    by 0x4068FEB: r_getblock (node.c:1164)
==744448==    by 0x40693C1: make_str_node (node.c:406)
==744448==    by 0x4077055: install (symbol.c:399)
==744448==    by 0x401CA63: yyparse (awkgram.y:2148)
==744448==    by 0x402073A: parse_program (awkgram.y:2797)
==744448==    by 0x400EAD8: main (main.c:483)
==744448== 
==744448== 792 bytes in 9 blocks are still reachable in loss record 225 of 251
==744448==    at 0x497D858: malloc (vg_replace_malloc.c:447)
==744448==    by 0x4068FEB: emalloc_real (awk.h:2156)
==744448==    by 0x4068FEB: r_getblock (node.c:1164)
==744448==    by 0x4077133: make_symbol (symbol.c:376)
==744448==    by 0x4077133: install (symbol.c:417)
==744448==    by 0x401CA63: yyparse (awkgram.y:2148)
==744448==    by 0x402073A: parse_program (awkgram.y:2797)
==744448==    by 0x400EAD8: main (main.c:483)
==744448== 
==744448== 792 bytes in 9 blocks are still reachable in loss record 226 of 251
==744448==    at 0x497D858: malloc (vg_replace_malloc.c:447)
==744448==    by 0x4068FEB: emalloc_real (awk.h:2156)
==744448==    by 0x4068FEB: r_getblock (node.c:1164)
==744448==    by 0x4053C41: purge_record (field.c:410)
==744448==    by 0x40559EB: set_record (field.c:305)
==744448==    by 0x4064D9B: do_getline_redir (io.c:2900)
==744448==    by 0x404FD86: r_interpret (interpret.h:1364)
==744448==    by 0x400EDDE: main (main.c:532)
==744448== 
==744448== 835 bytes in 23 blocks are still reachable in loss record 227 of 251
==744448==    at 0x497D858: malloc (vg_replace_malloc.c:447)
==744448==    by 0x4069457: emalloc_real (awk.h:2156)
==744448==    by 0x4069457: make_str_node (node.c:422)
==744448==    by 0x400E10D: load_environ (main.c:947)
==744448==    by 0x400E10D: init_vars (main.c:879)
==744448==    by 0x400E10D: main (main.c:403)
==744448== 
==744448== 1,104 bytes in 23 blocks are still reachable in loss record 228 of 251
==744448==    at 0x497D858: malloc (vg_replace_malloc.c:447)
==744448==    by 0x4068FEB: emalloc_real (awk.h:2156)
==744448==    by 0x4068FEB: r_getblock (node.c:1164)
==744448==    by 0x40768D9: str_lookup (str_array.c:214)
==744448==    by 0x400E127: assoc_set (awk.h:2220)
==744448==    by 0x400E127: load_environ (main.c:949)
==744448==    by 0x400E127: init_vars (main.c:879)
==744448==    by 0x400E127: main (main.c:403)
==744448== 
==744448== 1,144 bytes in 13 blocks are still reachable in loss record 229 of 251
==744448==    at 0x497D858: malloc (vg_replace_malloc.c:447)
==744448==    by 0x4068FEB: emalloc_real (awk.h:2156)
==744448==    by 0x4068FEB: r_getblock (node.c:1164)
==744448==    by 0x40693C1: make_str_node (node.c:406)
==744448==    by 0x400D984: init_vars (main.c:867)
==744448==    by 0x400D984: main (main.c:403)
==744448== 
==744448== 1,144 bytes in 13 blocks are still reachable in loss record 230 of 251
==744448==    at 0x497D858: malloc (vg_replace_malloc.c:447)
==744448==    by 0x4068FEB: emalloc_real (awk.h:2156)
==744448==    by 0x4068FEB: r_getblock (node.c:1164)
==744448==    by 0x40693C1: make_str_node (node.c:406)
==744448==    by 0x401B194: yylex (awkgram.y:4074)
==744448==    by 0x401C83C: yyparse (awkgram.c:1879)
==744448==    by 0x402073A: parse_program (awkgram.y:2797)
==744448==    by 0x400EAD8: main (main.c:483)
==744448== 
==744448== 1,152 bytes in 24 blocks are still reachable in loss record 231 of 251
==744448==    at 0x497D858: malloc (vg_replace_malloc.c:447)
==744448==    by 0x4068FEB: emalloc_real (awk.h:2156)
==744448==    by 0x4068FEB: r_getblock (node.c:1164)
==744448==    by 0x40768D9: str_lookup (str_array.c:214)
==744448==    by 0x407708C: assoc_set (awk.h:2220)
==744448==    by 0x407708C: install (symbol.c:430)
==744448==    by 0x400DA01: init_vars (main.c:865)
==744448==    by 0x400DA01: main (main.c:403)
==744448== 
==744448== 1,408 bytes in 16 blocks are still reachable in loss record 232 of 251
==744448==    at 0x497D858: malloc (vg_replace_malloc.c:447)
==744448==    by 0x4068FEB: emalloc_real (awk.h:2156)
==744448==    by 0x4068FEB: r_getblock (node.c:1164)
==744448==    by 0x40693C1: make_str_node (node.c:406)
==744448==    by 0x4024132: do_substr (builtin.c:800)
==744448==    by 0x404FC3C: r_interpret (interpret.h:1114)
==744448==    by 0x400EDDE: main (main.c:532)
==744448== 
==744448== 1,672 bytes in 19 blocks are still reachable in loss record 233 of 251
==744448==    at 0x497D858: malloc (vg_replace_malloc.c:447)
==744448==    by 0x4068FEB: emalloc_real (awk.h:2156)
==744448==    by 0x4068FEB: r_getblock (node.c:1164)
==744448==    by 0x4069930: make_number_node (awk.h:2206)
==744448==    by 0x4069930: r_make_number (node.c:369)
==744448==    by 0x401A26C: yylex (awkgram.y:4256)
==744448==    by 0x401C83C: yyparse (awkgram.c:1879)
==744448==    by 0x402073A: parse_program (awkgram.y:2797)
==744448==    by 0x400EAD8: main (main.c:483)
==744448== 
==744448== 2,016 bytes in 42 blocks are still reachable in loss record 234 of 251
==744448==    at 0x497D858: malloc (vg_replace_malloc.c:447)
==744448==    by 0x4068FEB: emalloc_real (awk.h:2156)
==744448==    by 0x4068FEB: r_getblock (node.c:1164)
==744448==    by 0x40768D9: str_lookup (str_array.c:214)
==744448==    by 0x407708C: assoc_set (awk.h:2220)
==744448==    by 0x407708C: install (symbol.c:430)
==744448==    by 0x401982E: install_builtins (awkgram.y:6601)
==744448==    by 0x400ED71: main (main.c:491)
==744448== 
==744448== 2,024 bytes in 23 blocks are still reachable in loss record 235 of 251
==744448==    at 0x497D858: malloc (vg_replace_malloc.c:447)
==744448==    by 0x4068FEB: emalloc_real (awk.h:2156)
==744448==    by 0x4068FEB: r_getblock (node.c:1164)
==744448==    by 0x40693C1: make_str_node (node.c:406)
==744448==    by 0x400E0F5: load_environ (main.c:946)
==744448==    by 0x400E0F5: init_vars (main.c:879)
==744448==    by 0x400E0F5: main (main.c:403)
==744448== 
==744448== 2,024 bytes in 23 blocks are still reachable in loss record 236 of 251
==744448==    at 0x497D858: malloc (vg_replace_malloc.c:447)
==744448==    by 0x4068FEB: emalloc_real (awk.h:2156)
==744448==    by 0x4068FEB: r_getblock (node.c:1164)
==744448==    by 0x40693C1: make_str_node (node.c:406)
==744448==    by 0x400E10D: load_environ (main.c:947)
==744448==    by 0x400E10D: init_vars (main.c:879)
==744448==    by 0x400E10D: main (main.c:403)
==744448== 
==744448== 2,048 bytes in 1 blocks are still reachable in loss record 237 of 251
==744448==    at 0x497D858: malloc (vg_replace_malloc.c:447)
==744448==    by 0x4048A59: emalloc_real (awk.h:2156)
==744448==    by 0x4048A59: init_interpret (eval.c:1897)
==744448==    by 0x400E3D5: main (main.c:468)
==744448== 
==744448== 2,112 bytes in 24 blocks are still reachable in loss record 238 of 251
==744448==    at 0x497D858: malloc (vg_replace_malloc.c:447)
==744448==    by 0x4068FEB: emalloc_real (awk.h:2156)
==744448==    by 0x4068FEB: r_getblock (node.c:1164)
==744448==    by 0x40693C1: make_str_node (node.c:406)
==744448==    by 0x4077055: install (symbol.c:399)
==744448==    by 0x400DA01: init_vars (main.c:865)
==744448==    by 0x400DA01: main (main.c:403)
==744448== 
==744448== 2,112 bytes in 24 blocks are still reachable in loss record 239 of 251
==744448==    at 0x497D858: malloc (vg_replace_malloc.c:447)
==744448==    by 0x4068FEB: emalloc_real (awk.h:2156)
==744448==    by 0x4068FEB: r_getblock (node.c:1164)
==744448==    by 0x4077133: make_symbol (symbol.c:376)
==744448==    by 0x4077133: install (symbol.c:417)
==744448==    by 0x400DA01: init_vars (main.c:865)
==744448==    by 0x400DA01: main (main.c:403)
==744448== 
==744448== 3,696 bytes in 42 blocks are still reachable in loss record 240 of 251
==744448==    at 0x497D858: malloc (vg_replace_malloc.c:447)
==744448==    by 0x4068FEB: emalloc_real (awk.h:2156)
==744448==    by 0x4068FEB: r_getblock (node.c:1164)
==744448==    by 0x40693C1: make_str_node (node.c:406)
==744448==    by 0x4077055: install (symbol.c:399)
==744448==    by 0x401982E: install_builtins (awkgram.y:6601)
==744448==    by 0x400ED71: main (main.c:491)
==744448== 
==744448== 3,696 bytes in 42 blocks are still reachable in loss record 241 of 251
==744448==    at 0x497D858: malloc (vg_replace_malloc.c:447)
==744448==    by 0x4068FEB: emalloc_real (awk.h:2156)
==744448==    by 0x4068FEB: r_getblock (node.c:1164)
==744448==    by 0x407721E: make_symbol (symbol.c:376)
==744448==    by 0x407721E: install (symbol.c:417)
==744448==    by 0x401982E: install_builtins (awkgram.y:6601)
==744448==    by 0x400ED71: main (main.c:491)
==744448== 
==744448== 4,176 bytes in 87 blocks are still reachable in loss record 242 of 251
==744448==    at 0x497D858: malloc (vg_replace_malloc.c:447)
==744448==    by 0x4068FEB: emalloc_real (awk.h:2156)
==744448==    by 0x4068FEB: r_getblock (node.c:1164)
==744448==    by 0x40768D9: str_lookup (str_array.c:214)
==744448==    by 0x40782E9: load_symbols (symbol.c:701)
==744448==    by 0x400ED85: main (main.c:499)
==744448== 
==744448== 5,048 bytes in 1 blocks are still reachable in loss record 243 of 251
==744448==    at 0x497D858: malloc (vg_replace_malloc.c:447)
==744448==    by 0x4078891: emalloc_real (awk.h:2156)
==744448==    by 0x4078891: bcalloc (symbol.c:849)
==744448==    by 0x402065C: parse_program (awkgram.y:2770)
==744448==    by 0x400EAD8: main (main.c:483)
==744448== 
==744448== 5,048 bytes in 1 blocks are still reachable in loss record 244 of 251
==744448==    at 0x497D858: malloc (vg_replace_malloc.c:447)
==744448==    by 0x4078891: emalloc_real (awk.h:2156)
==744448==    by 0x4078891: bcalloc (symbol.c:849)
==744448==    by 0x4020B58: parse_program (awkgram.y:2778)
==744448==    by 0x400EAD8: main (main.c:483)
==744448== 
==744448== 5,048 bytes in 1 blocks are still reachable in loss record 245 of 251
==744448==    at 0x497D858: malloc (vg_replace_malloc.c:447)
==744448==    by 0x4078891: emalloc_real (awk.h:2156)
==744448==    by 0x4078891: bcalloc (symbol.c:849)
==744448==    by 0x401C2EA: yylex (awkgram.y:4447)
==744448==    by 0x401C83C: yyparse (awkgram.c:1879)
==744448==    by 0x402073A: parse_program (awkgram.y:2797)
==744448==    by 0x400EAD8: main (main.c:483)
==744448== 
==744448== 5,048 bytes in 1 blocks are still reachable in loss record 246 of 251
==744448==    at 0x497D858: malloc (vg_replace_malloc.c:447)
==744448==    by 0x4078891: emalloc_real (awk.h:2156)
==744448==    by 0x4078891: bcalloc (symbol.c:849)
==744448==    by 0x401ABC6: yylex (awkgram.y:3842)
==744448==    by 0x401C83C: yyparse (awkgram.c:1879)
==744448==    by 0x402073A: parse_program (awkgram.y:2797)
==744448==    by 0x400EAD8: main (main.c:483)
==744448== 
==744448== 6,248 bytes in 71 blocks are still reachable in loss record 247 of 251
==744448==    at 0x497D858: malloc (vg_replace_malloc.c:447)
==744448==    by 0x4068FEB: emalloc_real (awk.h:2156)
==744448==    by 0x4068FEB: r_getblock (node.c:1164)
==744448==    by 0x40690FF: r_dupnode (node.c:323)
==744448==    by 0x4050AD6: dupnode (awk.h:2024)
==744448==    by 0x4050AD6: r_interpret (interpret.h:486)
==744448==    by 0x400EDDE: main (main.c:532)
==744448== 
==744448== 6,248 bytes in 71 blocks are still reachable in loss record 248 of 251
==744448==    at 0x497D858: malloc (vg_replace_malloc.c:447)
==744448==    by 0x4068FEB: emalloc_real (awk.h:2156)
==744448==    by 0x4068FEB: r_getblock (node.c:1164)
==744448==    by 0x40693C1: make_str_node (node.c:406)
==744448==    by 0x402A3B0: do_sub (builtin.c:2203)
==744448==    by 0x404FD01: r_interpret (interpret.h:1161)
==744448==    by 0x400EDDE: main (main.c:532)
==744448== 
==744448== 6,248 bytes in 71 blocks are still reachable in loss record 249 of 251
==744448==    at 0x497D858: malloc (vg_replace_malloc.c:447)
==744448==    by 0x4068FEB: emalloc_real (awk.h:2156)
==744448==    by 0x4068FEB: r_getblock (node.c:1164)
==744448==    by 0x40693C1: make_str_node (node.c:406)
==744448==    by 0x40768AE: str_lookup (str_array.c:193)
==744448==    by 0x404EEEF: r_interpret (interpret.h:427)
==744448==    by 0x400EDDE: main (main.c:532)
==744448== 
==744448== 6,816 bytes in 142 blocks are still reachable in loss record 250 of 251
==744448==    at 0x497D858: malloc (vg_replace_malloc.c:447)
==744448==    by 0x4068FEB: emalloc_real (awk.h:2156)
==744448==    by 0x4068FEB: r_getblock (node.c:1164)
==744448==    by 0x40768D9: str_lookup (str_array.c:214)
==744448==    by 0x404EEEF: r_interpret (interpret.h:427)
==744448==    by 0x400EDDE: main (main.c:532)
==744448== 
==744448== 7,656 bytes in 87 blocks are still reachable in loss record 251 of 251
==744448==    at 0x497D858: malloc (vg_replace_malloc.c:447)
==744448==    by 0x4068FEB: emalloc_real (awk.h:2156)
==744448==    by 0x4068FEB: r_getblock (node.c:1164)
==744448==    by 0x40693C1: make_str_node (node.c:406)
==744448==    by 0x4078494: load_symbols (symbol.c:700)
==744448==    by 0x400ED85: main (main.c:499)
==744448== 
==744448== LEAK SUMMARY:
==744448==    definitely lost: 0 bytes in 0 blocks
==744448==    indirectly lost: 0 bytes in 0 blocks
==744448==      possibly lost: 0 bytes in 0 blocks
==744448==    still reachable: 111,465 bytes in 1,670 blocks
==744448==         suppressed: 0 bytes in 0 blocks
==744448== 
==744448== For lists of detected and suppressed errors, rerun with: -s
==744448== ERROR SUMMARY: 0 errors from 0 contexts (suppressed: 0 from 0)
