==743055== Memcheck, a memory error detector
==743055== Copyright (C) 2002-2024, and GNU GPL'd, by Julian Seward et al.
==743055== Using Valgrind-3.26.0 and LibVEX; rerun with -h for copyright info
==743055== Command: gawk -f patsplit.awk
==743055== Parent PID: 743053
==743055== 
==743055== 
==743055== FILE DESCRIPTORS: 3 open (3 inherited) at exit.
==743055== 
==743055== HEAP SUMMARY:
==743055==     in use at exit: 78,561 bytes in 994 blocks
==743055==   total heap usage: 2,767 allocs, 1,773 frees, 223,144 bytes allocated
==743055== 
==743055== 1 bytes in 1 blocks are still reachable in loss record 1 of 237
==743055==    at 0x497D858: malloc (vg_replace_malloc.c:447)
==743055==    by 0x4066564: emalloc_real (awk.h:2156)
==743055==    by 0x4066564: estrdup (main.c:1451)
==743055==    by 0x400D434: init_locale (main.c:1476)
==743055==    by 0x400D434: set_locale_stuff (main.c:1849)
==743055==    by 0x400D434: main (main.c:254)
==743055== 
==743055== 1 bytes in 1 blocks are still reachable in loss record 2 of 237
==743055==    at 0x497D858: malloc (vg_replace_malloc.c:447)
==743055==    by 0x4066564: emalloc_real (awk.h:2156)
==743055==    by 0x4066564: estrdup (main.c:1451)
==743055==    by 0x400D469: init_locale (main.c:1478)
==743055==    by 0x400D469: set_locale_stuff (main.c:1849)
==743055==    by 0x400D469: main (main.c:254)
==743055== 
==743055== 1 bytes in 1 blocks are still reachable in loss record 3 of 237
==743055==    at 0x497D858: malloc (vg_replace_malloc.c:447)
==743055==    by 0x4066564: emalloc_real (awk.h:2156)
==743055==    by 0x4066564: estrdup (main.c:1451)
==743055==    by 0x400D485: init_locale (main.c:1479)
==743055==    by 0x400D485: set_locale_stuff (main.c:1849)
==743055==    by 0x400D485: main (main.c:254)
==743055== 
==743055== 1 bytes in 1 blocks are still reachable in loss record 4 of 237
==743055==    at 0x497D858: malloc (vg_replace_malloc.c:447)
==743055==    by 0x4066564: emalloc_real (awk.h:2156)
==743055==    by 0x4066564: estrdup (main.c:1451)
==743055==    by 0x400D4A1: init_locale (main.c:1480)
==743055==    by 0x400D4A1: set_locale_stuff (main.c:1849)
==743055==    by 0x400D4A1: main (main.c:254)
==743055== 
==743055== 1 bytes in 1 blocks are still reachable in loss record 5 of 237
==743055==    at 0x497D858: malloc (vg_replace_malloc.c:447)
==743055==    by 0x4066564: emalloc_real (awk.h:2156)
==743055==    by 0x4066564: estrdup (main.c:1451)
==743055==    by 0x400D4BD: init_locale (main.c:1481)
==743055==    by 0x400D4BD: set_locale_stuff (main.c:1849)
==743055==    by 0x400D4BD: main (main.c:254)
==743055== 
==743055== 1 bytes in 1 blocks are still reachable in loss record 6 of 237
==743055==    at 0x497D858: malloc (vg_replace_malloc.c:447)
==743055==    by 0x4066564: emalloc_real (awk.h:2156)
==743055==    by 0x4066564: estrdup (main.c:1451)
==743055==    by 0x400D4D9: init_locale (main.c:1482)
==743055==    by 0x400D4D9: set_locale_stuff (main.c:1849)
==743055==    by 0x400D4D9: main (main.c:254)
==743055== 
==743055== 1 bytes in 1 blocks are still reachable in loss record 7 of 237
==743055==    at 0x497D858: malloc (vg_replace_malloc.c:447)
==743055==    by 0x4066564: emalloc_real (awk.h:2156)
==743055==    by 0x4066564: estrdup (main.c:1451)
==743055==    by 0x400D4F5: init_locale (main.c:1483)
==743055==    by 0x400D4F5: set_locale_stuff (main.c:1849)
==743055==    by 0x400D4F5: main (main.c:254)
==743055== 
==743055== 1 bytes in 1 blocks are still reachable in loss record 8 of 237
==743055==    at 0x497D858: malloc (vg_replace_malloc.c:447)
==743055==    by 0x4066564: emalloc_real (awk.h:2156)
==743055==    by 0x4066564: estrdup (main.c:1451)
==743055==    by 0x400D511: init_locale (main.c:1484)
==743055==    by 0x400D511: set_locale_stuff (main.c:1849)
==743055==    by 0x400D511: main (main.c:254)
==743055== 
==743055== 1 bytes in 1 blocks are still reachable in loss record 9 of 237
==743055==    at 0x497D858: malloc (vg_replace_malloc.c:447)
==743055==    by 0x4066564: emalloc_real (awk.h:2156)
==743055==    by 0x4066564: estrdup (main.c:1451)
==743055==    by 0x400D52D: init_locale (main.c:1485)
==743055==    by 0x400D52D: set_locale_stuff (main.c:1849)
==743055==    by 0x400D52D: main (main.c:254)
==743055== 
==743055== 1 bytes in 1 blocks are still reachable in loss record 10 of 237
==743055==    at 0x497D858: malloc (vg_replace_malloc.c:447)
==743055==    by 0x4069457: emalloc_real (awk.h:2156)
==743055==    by 0x4069457: make_str_node (node.c:422)
==743055==    by 0x400D5C7: main (main.c:278)
==743055== 
==743055== 1 bytes in 1 blocks are still reachable in loss record 11 of 237
==743055==    at 0x497D858: malloc (vg_replace_malloc.c:447)
==743055==    by 0x4069457: emalloc_real (awk.h:2156)
==743055==    by 0x4069457: make_str_node (node.c:422)
==743055==    by 0x4055395: init_fields (field.c:105)
==743055==    by 0x400E1A4: main (main.c:410)
==743055== 
==743055== 1 bytes in 1 blocks are still reachable in loss record 12 of 237
==743055==    at 0x497D858: malloc (vg_replace_malloc.c:447)
==743055==    by 0x4069457: emalloc_real (awk.h:2156)
==743055==    by 0x4069457: make_str_node (node.c:422)
==743055==    by 0x40553E0: init_fields (field.c:111)
==743055==    by 0x400E1A4: main (main.c:410)
==743055== 
==743055== 2 bytes in 1 blocks are still reachable in loss record 13 of 237
==743055==    at 0x497D858: malloc (vg_replace_malloc.c:447)
==743055==    by 0x4066564: emalloc_real (awk.h:2156)
==743055==    by 0x4066564: estrdup (main.c:1451)
==743055==    by 0x400D44E: init_locale (main.c:1477)
==743055==    by 0x400D44E: set_locale_stuff (main.c:1849)
==743055==    by 0x400D44E: main (main.c:254)
==743055== 
==743055== 2 bytes in 1 blocks are still reachable in loss record 14 of 237
==743055==    at 0x497D858: malloc (vg_replace_malloc.c:447)
==743055==    by 0x4046CFF: emalloc_real (awk.h:2156)
==743055==    by 0x4046CFF: set_OFS (eval.c:839)
==743055==    by 0x400D9A3: init_vars (main.c:873)
==743055==    by 0x400D9A3: main (main.c:403)
==743055== 
==743055== 2 bytes in 1 blocks are still reachable in loss record 15 of 237
==743055==    at 0x497D858: malloc (vg_replace_malloc.c:447)
==743055==    by 0x40686AD: emalloc_real (awk.h:2156)
==743055==    by 0x40686AD: r_format_val.part.0 (node.c:299)
==743055==    by 0x4026E28: force_string_fmt (awk.h:2058)
==743055==    by 0x4026E28: do_print (builtin.c:1166)
==743055==    by 0x404FED0: r_interpret (interpret.h:1166)
==743055==    by 0x400EDDE: main (main.c:532)
==743055== 
==743055== 2 bytes in 1 blocks are still reachable in loss record 16 of 237
==743055==    at 0x497D858: malloc (vg_replace_malloc.c:447)
==743055==    by 0x40686AD: emalloc_real (awk.h:2156)
==743055==    by 0x40686AD: r_format_val.part.0 (node.c:299)
==743055==    by 0x406BAA1: force_string_fmt (awk.h:2058)
==743055==    by 0x406BAA1: format_args (printf.c:580)
==743055==    by 0x406E4D4: printf_common (printf.c:781)
==743055==    by 0x406EA67: do_printf (printf.c:857)
==743055==    by 0x404FC1B: r_interpret (interpret.h:1170)
==743055==    by 0x400EDDE: main (main.c:532)
==743055== 
==743055== 3 bytes in 1 blocks are still reachable in loss record 17 of 237
==743055==    at 0x497D858: malloc (vg_replace_malloc.c:447)
==743055==    by 0x4069457: emalloc_real (awk.h:2156)
==743055==    by 0x4069457: make_str_node (node.c:422)
==743055==    by 0x4054B6F: update_PROCINFO_str.part.0 (field.c:1661)
==743055==    by 0x400E83A: load_procinfo (main.c:1072)
==743055==    by 0x400E83A: init_vars (main.c:878)
==743055==    by 0x400E83A: main (main.c:403)
==743055== 
==743055== 3 bytes in 1 blocks are still reachable in loss record 18 of 237
==743055==    at 0x497D858: malloc (vg_replace_malloc.c:447)
==743055==    by 0x4069457: emalloc_real (awk.h:2156)
==743055==    by 0x4069457: make_str_node (node.c:422)
==743055==    by 0x4054B87: update_PROCINFO_str.part.0 (field.c:1662)
==743055==    by 0x400E83A: load_procinfo (main.c:1072)
==743055==    by 0x400E83A: init_vars (main.c:878)
==743055==    by 0x400E83A: main (main.c:403)
==743055== 
==743055== 4 bytes in 1 blocks are still reachable in loss record 19 of 237
==743055==    at 0x497D858: malloc (vg_replace_malloc.c:447)
==743055==    by 0x4069457: emalloc_real (awk.h:2156)
==743055==    by 0x4069457: make_str_node (node.c:422)
==743055==    by 0x4058004: update_PROCINFO_num (field.c:1674)
==743055==    by 0x400E79D: load_procinfo (main.c:1055)
==743055==    by 0x400E79D: init_vars (main.c:878)
==743055==    by 0x400E79D: main (main.c:403)
==743055== 
==743055== 4 bytes in 1 blocks are still reachable in loss record 20 of 237
==743055==    at 0x497D858: malloc (vg_replace_malloc.c:447)
==743055==    by 0x4069457: emalloc_real (awk.h:2156)
==743055==    by 0x4069457: make_str_node (node.c:422)
==743055==    by 0x4058004: update_PROCINFO_num (field.c:1674)
==743055==    by 0x400E7D2: load_procinfo (main.c:1061)
==743055==    by 0x400E7D2: init_vars (main.c:878)
==743055==    by 0x400E7D2: main (main.c:403)
==743055== 
==743055== 4 bytes in 1 blocks are still reachable in loss record 21 of 237
==743055==    at 0x497D858: malloc (vg_replace_malloc.c:447)
==743055==    by 0x4069457: emalloc_real (awk.h:2156)
==743055==    by 0x4069457: make_str_node (node.c:422)
==743055==    by 0x4058004: update_PROCINFO_num (field.c:1674)
==743055==    by 0x400E80A: load_procinfo (main.c:1067)
==743055==    by 0x400E80A: init_vars (main.c:878)
==743055==    by 0x400E80A: main (main.c:403)
==743055== 
==743055== 4 bytes in 1 blocks are still reachable in loss record 22 of 237
==743055==    at 0x497D858: malloc (vg_replace_malloc.c:447)
==743055==    by 0x4069457: emalloc_real (awk.h:2156)
==743055==    by 0x4069457: make_str_node (node.c:422)
==743055==    by 0x4054B6F: update_PROCINFO_str.part.0 (field.c:1661)
==743055==    by 0x400E8D2: load_procinfo (main.c:1087)
==743055==    by 0x400E8D2: init_vars (main.c:878)
==743055==    by 0x400E8D2: main (main.c:403)
==743055== 
==743055== 5 bytes in 1 blocks are still reachable in loss record 23 of 237
==743055==    at 0x497D858: malloc (vg_replace_malloc.c:447)
==743055==    by 0x4069457: emalloc_real (awk.h:2156)
==743055==    by 0x4069457: make_str_node (node.c:422)
==743055==    by 0x4058004: update_PROCINFO_num (field.c:1674)
==743055==    by 0x400E7B6: load_procinfo (main.c:1058)
==743055==    by 0x400E7B6: init_vars (main.c:878)
==743055==    by 0x400E7B6: main (main.c:403)
==743055== 
==743055== 5 bytes in 1 blocks are still reachable in loss record 24 of 237
==743055==    at 0x497D858: malloc (vg_replace_malloc.c:447)
==743055==    by 0x4069457: emalloc_real (awk.h:2156)
==743055==    by 0x4069457: make_str_node (node.c:422)
==743055==    by 0x4058004: update_PROCINFO_num (field.c:1674)
==743055==    by 0x400E7EE: load_procinfo (main.c:1064)
==743055==    by 0x400E7EE: init_vars (main.c:878)
==743055==    by 0x400E7EE: main (main.c:403)
==743055== 
==743055== 5 bytes in 1 blocks are still reachable in loss record 25 of 237
==743055==    at 0x497D858: malloc (vg_replace_malloc.c:447)
==743055==    by 0x4069457: emalloc_real (awk.h:2156)
==743055==    by 0x4069457: make_str_node (node.c:422)
==743055==    by 0x4058004: update_PROCINFO_num (field.c:1674)
==743055==    by 0x400E826: load_procinfo (main.c:1070)
==743055==    by 0x400E826: init_vars (main.c:878)
==743055==    by 0x400E826: main (main.c:403)
==743055== 
==743055== 5 bytes in 1 blocks are still reachable in loss record 26 of 237
==743055==    at 0x497D858: malloc (vg_replace_malloc.c:447)
==743055==    by 0x4066564: emalloc_real (awk.h:2156)
==743055==    by 0x4066564: estrdup (main.c:1451)
==743055==    by 0x400E91C: load_procinfo_argv (main.c:988)
==743055==    by 0x400E91C: load_procinfo (main.c:1093)
==743055==    by 0x400E91C: init_vars (main.c:878)
==743055==    by 0x400E91C: main (main.c:403)
==743055== 
==743055== 5 bytes in 1 blocks are still reachable in loss record 27 of 237
==743055==    at 0x497D858: malloc (vg_replace_malloc.c:447)
==743055==    by 0x4069457: emalloc_real (awk.h:2156)
==743055==    by 0x4069457: make_str_node (node.c:422)
==743055==    by 0x400EC1B: load_procinfo_argv (main.c:996)
==743055==    by 0x400EC1B: load_procinfo (main.c:1093)
==743055==    by 0x400EC1B: init_vars (main.c:878)
==743055==    by 0x400EC1B: main (main.c:403)
==743055== 
==743055== 5 bytes in 1 blocks are still reachable in loss record 28 of 237
==743055==    at 0x497D858: malloc (vg_replace_malloc.c:447)
==743055==    by 0x4066564: emalloc_real (awk.h:2156)
==743055==    by 0x4066564: estrdup (main.c:1451)
==743055==    by 0x400E407: init_args (main.c:764)
==743055==    by 0x400E407: main (main.c:470)
==743055== 
==743055== 5 bytes in 1 blocks are still reachable in loss record 29 of 237
==743055==    at 0x497D858: malloc (vg_replace_malloc.c:447)
==743055==    by 0x4069457: emalloc_real (awk.h:2156)
==743055==    by 0x4069457: make_str_node (node.c:422)
==743055==    by 0x4077055: install (symbol.c:399)
==743055==    by 0x400E414: init_args (main.c:764)
==743055==    by 0x400E414: main (main.c:470)
==743055== 
==743055== 5 bytes in 1 blocks are still reachable in loss record 30 of 237
==743055==    at 0x497D858: malloc (vg_replace_malloc.c:447)
==743055==    by 0x4069457: emalloc_real (awk.h:2156)
==743055==    by 0x4069457: make_str_node (node.c:422)
==743055==    by 0x400E43D: init_args (main.c:766)
==743055==    by 0x400E43D: main (main.c:470)
==743055== 
==743055== 5 bytes in 1 blocks are still reachable in loss record 31 of 237
==743055==    at 0x497D858: malloc (vg_replace_malloc.c:447)
==743055==    by 0x4066564: emalloc_real (awk.h:2156)
==743055==    by 0x4066564: estrdup (main.c:1451)
==743055==    by 0x400EA83: init_args (main.c:791)
==743055==    by 0x400EA83: main (main.c:470)
==743055== 
==743055== 5 bytes in 1 blocks are still reachable in loss record 32 of 237
==743055==    at 0x497D858: malloc (vg_replace_malloc.c:447)
==743055==    by 0x4069457: emalloc_real (awk.h:2156)
==743055==    by 0x4069457: make_str_node (node.c:422)
==743055==    by 0x4077055: install (symbol.c:399)
==743055==    by 0x400EA90: init_args (main.c:791)
==743055==    by 0x400EA90: main (main.c:470)
==743055== 
==743055== 6 bytes in 1 blocks are still reachable in loss record 33 of 237
==743055==    at 0x497D858: malloc (vg_replace_malloc.c:447)
==743055==    by 0x4069457: emalloc_real (awk.h:2156)
==743055==    by 0x4069457: make_str_node (node.c:422)
==743055==    by 0x4054B87: update_PROCINFO_str.part.0 (field.c:1662)
==743055==    by 0x400E71D: load_procinfo (main.c:1021)
==743055==    by 0x400E71D: init_vars (main.c:878)
==743055==    by 0x400E71D: main (main.c:403)
==743055== 
==743055== 6 bytes in 1 blocks are still reachable in loss record 34 of 237
==743055==    at 0x497D858: malloc (vg_replace_malloc.c:447)
==743055==    by 0x4069457: emalloc_real (awk.h:2156)
==743055==    by 0x4069457: make_str_node (node.c:422)
==743055==    by 0x4054B87: update_PROCINFO_str.part.0 (field.c:1662)
==743055==    by 0x400E743: load_procinfo (main.c:1023)
==743055==    by 0x400E743: init_vars (main.c:878)
==743055==    by 0x400E743: main (main.c:403)
==743055== 
==743055== 6 bytes in 1 blocks are still reachable in loss record 35 of 237
==743055==    at 0x497D858: malloc (vg_replace_malloc.c:447)
==743055==    by 0x4069457: emalloc_real (awk.h:2156)
==743055==    by 0x4069457: make_str_node (node.c:422)
==743055==    by 0x407810A: load_symbols (symbol.c:681)
==743055==    by 0x400ED85: main (main.c:499)
==743055== 
==743055== 6 bytes in 1 blocks are still reachable in loss record 36 of 237
==743055==    at 0x497D858: malloc (vg_replace_malloc.c:447)
==743055==    by 0x4069457: emalloc_real (awk.h:2156)
==743055==    by 0x4069457: make_str_node (node.c:422)
==743055==    by 0x4053E8E: set_element (field.c:1113)
==743055==    by 0x4054A71: fpat_parse_field (field.c:1906)
==743055==    by 0x405711B: do_patsplit (field.c:1341)
==743055==    by 0x404FC3C: r_interpret (interpret.h:1114)
==743055==    by 0x400EDDE: main (main.c:532)
==743055== 
==743055== 7 bytes in 1 blocks are still reachable in loss record 37 of 237
==743055==    at 0x497D858: malloc (vg_replace_malloc.c:447)
==743055==    by 0x4066564: emalloc_real (awk.h:2156)
==743055==    by 0x4066564: estrdup (main.c:1451)
==743055==    by 0x4077381: init_the_tables (symbol.c:78)
==743055==    by 0x400D60A: main (main.c:287)
==743055== 
==743055== 7 bytes in 1 blocks are still reachable in loss record 38 of 237
==743055==    at 0x497D858: malloc (vg_replace_malloc.c:447)
==743055==    by 0x4069457: emalloc_real (awk.h:2156)
==743055==    by 0x4069457: make_str_node (node.c:422)
==743055==    by 0x4077055: install (symbol.c:399)
==743055==    by 0x4077390: install_symbol (symbol.c:173)
==743055==    by 0x4077390: init_the_tables (symbol.c:78)
==743055==    by 0x400D60A: main (main.c:287)
==743055== 
==743055== 7 bytes in 1 blocks are still reachable in loss record 39 of 237
==743055==    at 0x497D858: malloc (vg_replace_malloc.c:447)
==743055==    by 0x4069457: emalloc_real (awk.h:2156)
==743055==    by 0x4069457: make_str_node (node.c:422)
==743055==    by 0x4058004: update_PROCINFO_num (field.c:1674)
==743055==    by 0x400E784: load_procinfo (main.c:1046)
==743055==    by 0x400E784: init_vars (main.c:878)
==743055==    by 0x400E784: main (main.c:403)
==743055== 
==743055== 7 bytes in 1 blocks are still reachable in loss record 40 of 237
==743055==    at 0x497D858: malloc (vg_replace_malloc.c:447)
==743055==    by 0x4069457: emalloc_real (awk.h:2156)
==743055==    by 0x4069457: make_str_node (node.c:422)
==743055==    by 0x40780DA: load_symbols (symbol.c:679)
==743055==    by 0x400ED85: main (main.c:499)
==743055== 
==743055== 8 bytes in 1 blocks are still reachable in loss record 41 of 237
==743055==    at 0x497D858: malloc (vg_replace_malloc.c:447)
==743055==    by 0x4066564: emalloc_real (awk.h:2156)
==743055==    by 0x4066564: estrdup (main.c:1451)
==743055==    by 0x407735A: init_the_tables (symbol.c:77)
==743055==    by 0x400D60A: main (main.c:287)
==743055== 
==743055== 8 bytes in 1 blocks are still reachable in loss record 42 of 237
==743055==    at 0x497D858: malloc (vg_replace_malloc.c:447)
==743055==    by 0x4069457: emalloc_real (awk.h:2156)
==743055==    by 0x4069457: make_str_node (node.c:422)
==743055==    by 0x4077055: install (symbol.c:399)
==743055==    by 0x4077369: install_symbol (symbol.c:173)
==743055==    by 0x4077369: init_the_tables (symbol.c:77)
==743055==    by 0x400D60A: main (main.c:287)
==743055== 
==743055== 8 bytes in 1 blocks are still reachable in loss record 43 of 237
==743055==    at 0x497D858: malloc (vg_replace_malloc.c:447)
==743055==    by 0x4069457: emalloc_real (awk.h:2156)
==743055==    by 0x4069457: make_str_node (node.c:422)
==743055==    by 0x4054B6F: update_PROCINFO_str.part.0 (field.c:1661)
==743055==    by 0x400E71D: load_procinfo (main.c:1021)
==743055==    by 0x400E71D: init_vars (main.c:878)
==743055==    by 0x400E71D: main (main.c:403)
==743055== 
==743055== 8 bytes in 1 blocks are still reachable in loss record 44 of 237
==743055==    at 0x497D858: malloc (vg_replace_malloc.c:447)
==743055==    by 0x4066564: emalloc_real (awk.h:2156)
==743055==    by 0x4066564: estrdup (main.c:1451)
==743055==    by 0x400E02B: load_environ (main.c:930)
==743055==    by 0x400E02B: init_vars (main.c:879)
==743055==    by 0x400E02B: main (main.c:403)
==743055== 
==743055== 8 bytes in 1 blocks are still reachable in loss record 45 of 237
==743055==    at 0x497D858: malloc (vg_replace_malloc.c:447)
==743055==    by 0x4069457: emalloc_real (awk.h:2156)
==743055==    by 0x4069457: make_str_node (node.c:422)
==743055==    by 0x4077055: install (symbol.c:399)
==743055==    by 0x400E038: load_environ (main.c:930)
==743055==    by 0x400E038: init_vars (main.c:879)
==743055==    by 0x400E038: main (main.c:403)
==743055== 
==743055== 8 bytes in 1 blocks are still reachable in loss record 46 of 237
==743055==    at 0x497D858: malloc (vg_replace_malloc.c:447)
==743055==    by 0x4055372: emalloc_real (awk.h:2156)
==743055==    by 0x4055372: init_fields (field.c:103)
==743055==    by 0x400E1A4: main (main.c:410)
==743055== 
==743055== 8 bytes in 1 blocks are still reachable in loss record 47 of 237
==743055==    at 0x497D858: malloc (vg_replace_malloc.c:447)
==743055==    by 0x4069457: emalloc_real (awk.h:2156)
==743055==    by 0x4069457: make_str_node (node.c:422)
==743055==    by 0x40780F2: load_symbols (symbol.c:680)
==743055==    by 0x400ED85: main (main.c:499)
==743055== 
==743055== 8 bytes in 1 blocks are still reachable in loss record 48 of 237
==743055==    at 0x497D858: malloc (vg_replace_malloc.c:447)
==743055==    by 0x4069457: emalloc_real (awk.h:2156)
==743055==    by 0x4069457: make_str_node (node.c:422)
==743055==    by 0x4078122: load_symbols (symbol.c:682)
==743055==    by 0x400ED85: main (main.c:499)
==743055== 
==743055== 8 bytes in 1 blocks are still reachable in loss record 49 of 237
==743055==    at 0x497D858: malloc (vg_replace_malloc.c:447)
==743055==    by 0x4086EBA: firstclosure (minrx.c:1834)
==743055==    by 0x4086EBA: compile.constprop.0 (minrx.c:1923)
==743055==    by 0x4089B38: minrx_regncomp (minrx.c:2490)
==743055==    by 0x407427D: make_regexp (re.c:355)
==743055==    by 0x40753B5: re_cache_get (re.c:556)
==743055==    by 0x40753B5: re_update (re.c:610)
==743055==    by 0x40570DF: do_patsplit (field.c:1339)
==743055==    by 0x404FC3C: r_interpret (interpret.h:1114)
==743055==    by 0x400EDDE: main (main.c:532)
==743055== 
==743055== 9 bytes in 1 blocks are still reachable in loss record 50 of 237
==743055==    at 0x497D858: malloc (vg_replace_malloc.c:447)
==743055==    by 0x4066564: emalloc_real (awk.h:2156)
==743055==    by 0x4066564: estrdup (main.c:1451)
==743055==    by 0x400E6F6: load_procinfo (main.c:1019)
==743055==    by 0x400E6F6: init_vars (main.c:878)
==743055==    by 0x400E6F6: main (main.c:403)
==743055== 
==743055== 9 bytes in 1 blocks are still reachable in loss record 51 of 237
==743055==    at 0x497D858: malloc (vg_replace_malloc.c:447)
==743055==    by 0x4069457: emalloc_real (awk.h:2156)
==743055==    by 0x4069457: make_str_node (node.c:422)
==743055==    by 0x4077055: install (symbol.c:399)
==743055==    by 0x400E703: load_procinfo (main.c:1019)
==743055==    by 0x400E703: init_vars (main.c:878)
==743055==    by 0x400E703: main (main.c:403)
==743055== 
==743055== 9 bytes in 1 blocks are still reachable in loss record 52 of 237
==743055==    at 0x497D858: malloc (vg_replace_malloc.c:447)
==743055==    by 0x4069457: emalloc_real (awk.h:2156)
==743055==    by 0x4069457: make_str_node (node.c:422)
==743055==    by 0x4054B6F: update_PROCINFO_str.part.0 (field.c:1661)
==743055==    by 0x400E730: load_procinfo (main.c:1022)
==743055==    by 0x400E730: init_vars (main.c:878)
==743055==    by 0x400E730: main (main.c:403)
==743055== 
==743055== 9 bytes in 1 blocks are still reachable in loss record 53 of 237
==743055==    at 0x497D858: malloc (vg_replace_malloc.c:447)
==743055==    by 0x4069457: emalloc_real (awk.h:2156)
==743055==    by 0x4069457: make_str_node (node.c:422)
==743055==    by 0x4054B6F: update_PROCINFO_str.part.0 (field.c:1661)
==743055==    by 0x400E743: load_procinfo (main.c:1023)
==743055==    by 0x400E743: init_vars (main.c:878)
==743055==    by 0x400E743: main (main.c:403)
==743055== 
==743055== 10 bytes in 1 blocks are still reachable in loss record 54 of 237
==743055==    at 0x497D858: malloc (vg_replace_malloc.c:447)
==743055==    by 0x4069457: emalloc_real (awk.h:2156)
==743055==    by 0x4069457: make_str_node (node.c:422)
==743055==    by 0x4058004: update_PROCINFO_num (field.c:1674)
==743055==    by 0x400E757: load_procinfo (main.c:1035)
==743055==    by 0x400E757: init_vars (main.c:878)
==743055==    by 0x400E757: main (main.c:403)
==743055== 
==743055== 10 bytes in 1 blocks are still reachable in loss record 55 of 237
==743055==    at 0x497D858: malloc (vg_replace_malloc.c:447)
==743055==    by 0x4069457: emalloc_real (awk.h:2156)
==743055==    by 0x4069457: make_str_node (node.c:422)
==743055==    by 0x4058004: update_PROCINFO_num (field.c:1674)
==743055==    by 0x400E76B: load_procinfo (main.c:1036)
==743055==    by 0x400E76B: init_vars (main.c:878)
==743055==    by 0x400E76B: main (main.c:403)
==743055== 
==743055== 10 bytes in 1 blocks are still reachable in loss record 56 of 237
==743055==    at 0x497D858: malloc (vg_replace_malloc.c:447)
==743055==    by 0x4069457: emalloc_real (awk.h:2156)
==743055==    by 0x4069457: make_str_node (node.c:422)
==743055==    by 0x4054B87: update_PROCINFO_str.part.0 (field.c:1662)
==743055==    by 0x400E8D2: load_procinfo (main.c:1087)
==743055==    by 0x400E8D2: init_vars (main.c:878)
==743055==    by 0x400E8D2: main (main.c:403)
==743055== 
==743055== 10 bytes in 2 blocks are still reachable in loss record 57 of 237
==743055==    at 0x497D858: malloc (vg_replace_malloc.c:447)
==743055==    by 0x4069457: emalloc_real (awk.h:2156)
==743055==    by 0x4069457: make_str_node (node.c:422)
==743055==    by 0x4077055: install (symbol.c:399)
==743055==    by 0x401CA25: yyparse (awkgram.y:2156)
==743055==    by 0x402073A: parse_program (awkgram.y:2797)
==743055==    by 0x400EAD8: main (main.c:483)
==743055== 
==743055== 10 bytes in 2 blocks are still reachable in loss record 58 of 237
==743055==    at 0x497D858: malloc (vg_replace_malloc.c:447)
==743055==    by 0x4069457: emalloc_real (awk.h:2156)
==743055==    by 0x4069457: make_str_node (node.c:422)
==743055==    by 0x4053E8E: set_element (field.c:1113)
==743055==    by 0x4054A01: fpat_parse_field (field.c:1894)
==743055==    by 0x405711B: do_patsplit (field.c:1341)
==743055==    by 0x404FC3C: r_interpret (interpret.h:1114)
==743055==    by 0x400EDDE: main (main.c:532)
==743055== 
==743055== 11 bytes in 2 blocks are still reachable in loss record 59 of 237
==743055==    at 0x497D858: malloc (vg_replace_malloc.c:447)
==743055==    by 0x4069457: emalloc_real (awk.h:2156)
==743055==    by 0x4069457: make_str_node (node.c:422)
==743055==    by 0x4053E8E: set_element (field.c:1113)
==743055==    by 0x40549CE: fpat_parse_field (field.c:1888)
==743055==    by 0x405711B: do_patsplit (field.c:1341)
==743055==    by 0x404FC3C: r_interpret (interpret.h:1114)
==743055==    by 0x400EDDE: main (main.c:532)
==743055== 
==743055== 12 bytes in 1 blocks are still reachable in loss record 60 of 237
==743055==    at 0x497D858: malloc (vg_replace_malloc.c:447)
==743055==    by 0x4069457: emalloc_real (awk.h:2156)
==743055==    by 0x4069457: make_str_node (node.c:422)
==743055==    by 0x4077FD7: load_symbols (symbol.c:663)
==743055==    by 0x400ED85: main (main.c:499)
==743055== 
==743055== 12 bytes in 1 blocks are still reachable in loss record 61 of 237
==743055==    at 0x497D858: malloc (vg_replace_malloc.c:447)
==743055==    by 0x4066564: emalloc_real (awk.h:2156)
==743055==    by 0x4066564: estrdup (main.c:1451)
==743055==    by 0x4078093: load_symbols (symbol.c:675)
==743055==    by 0x400ED85: main (main.c:499)
==743055== 
==743055== 13 bytes in 1 blocks are still reachable in loss record 62 of 237
==743055==    at 0x497D858: malloc (vg_replace_malloc.c:447)
==743055==    by 0x4066564: emalloc_real (awk.h:2156)
==743055==    by 0x4066564: estrdup (main.c:1451)
==743055==    by 0x4014A21: do_add_srcfile (awkgram.y:2834)
==743055==    by 0x4018A70: add_srcfile (awkgram.y:2916)
==743055==    by 0x400D7E5: parse_args (main.c:1585)
==743055==    by 0x400D7E5: main (main.c:294)
==743055== 
==743055== 16 bytes in 1 blocks are still reachable in loss record 63 of 237
==743055==    at 0x497D858: malloc (vg_replace_malloc.c:447)
==743055==    by 0x407474B: emalloc_real (awk.h:2156)
==743055==    by 0x407474B: make_regexp (re.c:370)
==743055==    by 0x40753B5: re_cache_get (re.c:556)
==743055==    by 0x40753B5: re_update (re.c:610)
==743055==    by 0x40570DF: do_patsplit (field.c:1339)
==743055==    by 0x404FC3C: r_interpret (interpret.h:1114)
==743055==    by 0x400EDDE: main (main.c:532)
==743055== 
==743055== 18 bytes in 1 blocks are still reachable in loss record 64 of 237
==743055==    at 0x497D858: malloc (vg_replace_malloc.c:447)
==743055==    by 0x4074886: emalloc_real (awk.h:2156)
==743055==    by 0x4074886: make_regexp (re.c:98)
==743055==    by 0x40753B5: re_cache_get (re.c:556)
==743055==    by 0x40753B5: re_update (re.c:610)
==743055==    by 0x40570DF: do_patsplit (field.c:1339)
==743055==    by 0x404FC3C: r_interpret (interpret.h:1114)
==743055==    by 0x400EDDE: main (main.c:532)
==743055== 
==743055== 21 bytes in 3 blocks are still reachable in loss record 65 of 237
==743055==    at 0x497D858: malloc (vg_replace_malloc.c:447)
==743055==    by 0x4066564: emalloc_real (awk.h:2156)
==743055==    by 0x4066564: estrdup (main.c:1451)
==743055==    by 0x400D69D: save_argv (main.c:1498)
==743055==    by 0x400D69D: parse_args (main.c:1554)
==743055==    by 0x400D69D: main (main.c:294)
==743055== 
==743055== 21 bytes in 3 blocks are still reachable in loss record 66 of 237
==743055==    at 0x497D858: malloc (vg_replace_malloc.c:447)
==743055==    by 0x4069457: emalloc_real (awk.h:2156)
==743055==    by 0x4069457: make_str_node (node.c:422)
==743055==    by 0x400E9C6: load_procinfo_argv (main.c:991)
==743055==    by 0x400E9C6: load_procinfo (main.c:1093)
==743055==    by 0x400E9C6: init_vars (main.c:878)
==743055==    by 0x400E9C6: main (main.c:403)
==743055== 
==743055== 24 bytes in 1 blocks are still reachable in loss record 67 of 237
==743055==    at 0x4984E43: calloc (vg_replace_malloc.c:1678)
==743055==    by 0x405E8B2: ezalloc_real (awk.h:2174)
==743055==    by 0x405E8B2: init_awkpath (io.c:2996)
==743055==    by 0x405E8B2: do_find_source (io.c:3068)
==743055==    by 0x4065061: find_source (io.c:3098)
==743055==    by 0x40189F8: add_srcfile (awkgram.y:2864)
==743055==    by 0x400D7E5: parse_args (main.c:1585)
==743055==    by 0x400D7E5: main (main.c:294)
==743055== 
==743055== 24 bytes in 1 blocks are still reachable in loss record 68 of 237
==743055==    at 0x497D858: malloc (vg_replace_malloc.c:447)
==743055==    by 0x4069457: emalloc_real (awk.h:2156)
==743055==    by 0x4069457: make_str_node (node.c:422)
==743055==    by 0x4054B87: update_PROCINFO_str.part.0 (field.c:1662)
==743055==    by 0x400E730: load_procinfo (main.c:1022)
==743055==    by 0x400E730: init_vars (main.c:878)
==743055==    by 0x400E730: main (main.c:403)
==743055== 
==743055== 26 bytes in 1 blocks are still reachable in loss record 69 of 237
==743055==    at 0x497D858: malloc (vg_replace_malloc.c:447)
==743055==    by 0x405E9A7: emalloc_real (awk.h:2156)
==743055==    by 0x405E9A7: init_awkpath (io.c:3026)
==743055==    by 0x405E9A7: do_find_source (io.c:3068)
==743055==    by 0x4065061: find_source (io.c:3098)
==743055==    by 0x40189F8: add_srcfile (awkgram.y:2864)
==743055==    by 0x400D7E5: parse_args (main.c:1585)
==743055==    by 0x400D7E5: main (main.c:294)
==743055== 
==743055== 29 bytes in 7 blocks are still reachable in loss record 70 of 237
==743055==    at 0x497D858: malloc (vg_replace_malloc.c:447)
==743055==    by 0x4069457: emalloc_real (awk.h:2156)
==743055==    by 0x4069457: make_str_node (node.c:422)
==743055==    by 0x4077055: install (symbol.c:399)
==743055==    by 0x401CA63: yyparse (awkgram.y:2148)
==743055==    by 0x402073A: parse_program (awkgram.y:2797)
==743055==    by 0x400EAD8: main (main.c:483)
==743055== 
==743055== 32 bytes in 1 blocks are still reachable in loss record 71 of 237
==743055==    at 0x497D858: malloc (vg_replace_malloc.c:447)
==743055==    by 0x4066202: emalloc_real.constprop.0 (awk.h:2156)
==743055==    by 0x400D66C: save_argv (main.c:1496)
==743055==    by 0x400D66C: parse_args (main.c:1554)
==743055==    by 0x400D66C: main (main.c:294)
==743055== 
==743055== 32 bytes in 1 blocks are still reachable in loss record 72 of 237
==743055==    at 0x497D858: malloc (vg_replace_malloc.c:447)
==743055==    by 0x4045E57: emalloc_real (awk.h:2156)
==743055==    by 0x4045E57: fmt_index (eval.c:913)
==743055==    by 0x4046F46: set_CONVFMT (eval.c:956)
==743055==    by 0x400D9A3: init_vars (main.c:873)
==743055==    by 0x400D9A3: main (main.c:403)
==743055== 
==743055== 38 bytes in 1 blocks are still reachable in loss record 73 of 237
==743055==    at 0x497D858: malloc (vg_replace_malloc.c:447)
==743055==    by 0x405E673: emalloc_real (awk.h:2156)
==743055==    by 0x405E673: do_find_source (io.c:3070)
==743055==    by 0x4065061: find_source (io.c:3098)
==743055==    by 0x40189F8: add_srcfile (awkgram.y:2864)
==743055==    by 0x400D7E5: parse_args (main.c:1585)
==743055==    by 0x400D7E5: main (main.c:294)
==743055== 
==743055== 39 bytes in 9 blocks are still reachable in loss record 74 of 237
==743055==    at 0x497D858: malloc (vg_replace_malloc.c:447)
==743055==    by 0x4066564: emalloc_real (awk.h:2156)
==743055==    by 0x4066564: estrdup (main.c:1451)
==743055==    by 0x401A0B8: yylex (awkgram.y:4495)
==743055==    by 0x401C83C: yyparse (awkgram.c:1879)
==743055==    by 0x402073A: parse_program (awkgram.y:2797)
==743055==    by 0x400EAD8: main (main.c:483)
==743055== 
==743055== 40 bytes in 1 blocks are still reachable in loss record 75 of 237
==743055==    at 0x497D858: malloc (vg_replace_malloc.c:447)
==743055==    by 0x4082059: add_char_to_set (charset.c:3407)
==743055==    by 0x4082C22: charset_add_char.part.0 (charset.c:9054)
==743055==    by 0x4086F77: charset_add_char (charset.c:9051)
==743055==    by 0x4086F77: cset_set (minrx.c:928)
==743055==    by 0x4086F77: firstclosure (minrx.c:1841)
==743055==    by 0x4086F77: compile.constprop.0 (minrx.c:1923)
==743055==    by 0x4089B38: minrx_regncomp (minrx.c:2490)
==743055==    by 0x407427D: make_regexp (re.c:355)
==743055==    by 0x40753B5: re_cache_get (re.c:556)
==743055==    by 0x40753B5: re_update (re.c:610)
==743055==    by 0x40570DF: do_patsplit (field.c:1339)
==743055==    by 0x404FC3C: r_interpret (interpret.h:1114)
==743055==    by 0x400EDDE: main (main.c:532)
==743055== 
==743055== 48 bytes in 1 blocks are still reachable in loss record 76 of 237
==743055==    at 0x497D858: malloc (vg_replace_malloc.c:447)
==743055==    by 0x4068FEB: emalloc_real (awk.h:2156)
==743055==    by 0x4068FEB: r_getblock (node.c:1164)
==743055==    by 0x40768D9: str_lookup (str_array.c:214)
==743055==    by 0x407708C: assoc_set (awk.h:2220)
==743055==    by 0x407708C: install (symbol.c:430)
==743055==    by 0x4077369: install_symbol (symbol.c:173)
==743055==    by 0x4077369: init_the_tables (symbol.c:77)
==743055==    by 0x400D60A: main (main.c:287)
==743055== 
==743055== 48 bytes in 1 blocks are still reachable in loss record 77 of 237
==743055==    at 0x497D858: malloc (vg_replace_malloc.c:447)
==743055==    by 0x4068FEB: emalloc_real (awk.h:2156)
==743055==    by 0x4068FEB: r_getblock (node.c:1164)
==743055==    by 0x40768D9: str_lookup (str_array.c:214)
==743055==    by 0x407708C: assoc_set (awk.h:2220)
==743055==    by 0x407708C: install (symbol.c:430)
==743055==    by 0x4077390: install_symbol (symbol.c:173)
==743055==    by 0x4077390: init_the_tables (symbol.c:78)
==743055==    by 0x400D60A: main (main.c:287)
==743055== 
==743055== 48 bytes in 1 blocks are still reachable in loss record 78 of 237
==743055==    at 0x497D858: malloc (vg_replace_malloc.c:447)
==743055==    by 0x4068FEB: emalloc_real (awk.h:2156)
==743055==    by 0x4068FEB: r_getblock (node.c:1164)
==743055==    by 0x40768D9: str_lookup (str_array.c:214)
==743055==    by 0x407708C: assoc_set (awk.h:2220)
==743055==    by 0x407708C: install (symbol.c:430)
==743055==    by 0x400E703: load_procinfo (main.c:1019)
==743055==    by 0x400E703: init_vars (main.c:878)
==743055==    by 0x400E703: main (main.c:403)
==743055== 
==743055== 48 bytes in 1 blocks are still reachable in loss record 79 of 237
==743055==    at 0x497D858: malloc (vg_replace_malloc.c:447)
==743055==    by 0x4068FEB: emalloc_real (awk.h:2156)
==743055==    by 0x4068FEB: r_getblock (node.c:1164)
==743055==    by 0x40768D9: str_lookup (str_array.c:214)
==743055==    by 0x4054B9E: assoc_set (awk.h:2220)
==743055==    by 0x4054B9E: update_PROCINFO_str.part.0 (field.c:1662)
==743055==    by 0x400E71D: load_procinfo (main.c:1021)
==743055==    by 0x400E71D: init_vars (main.c:878)
==743055==    by 0x400E71D: main (main.c:403)
==743055== 
==743055== 48 bytes in 1 blocks are still reachable in loss record 80 of 237
==743055==    at 0x497D858: malloc (vg_replace_malloc.c:447)
==743055==    by 0x4068FEB: emalloc_real (awk.h:2156)
==743055==    by 0x4068FEB: r_getblock (node.c:1164)
==743055==    by 0x40768D9: str_lookup (str_array.c:214)
==743055==    by 0x4054B9E: assoc_set (awk.h:2220)
==743055==    by 0x4054B9E: update_PROCINFO_str.part.0 (field.c:1662)
==743055==    by 0x400E730: load_procinfo (main.c:1022)
==743055==    by 0x400E730: init_vars (main.c:878)
==743055==    by 0x400E730: main (main.c:403)
==743055== 
==743055== 48 bytes in 1 blocks are still reachable in loss record 81 of 237
==743055==    at 0x497D858: malloc (vg_replace_malloc.c:447)
==743055==    by 0x4068FEB: emalloc_real (awk.h:2156)
==743055==    by 0x4068FEB: r_getblock (node.c:1164)
==743055==    by 0x40768D9: str_lookup (str_array.c:214)
==743055==    by 0x4054B9E: assoc_set (awk.h:2220)
==743055==    by 0x4054B9E: update_PROCINFO_str.part.0 (field.c:1662)
==743055==    by 0x400E743: load_procinfo (main.c:1023)
==743055==    by 0x400E743: init_vars (main.c:878)
==743055==    by 0x400E743: main (main.c:403)
==743055== 
==743055== 48 bytes in 1 blocks are still reachable in loss record 82 of 237
==743055==    at 0x497D858: malloc (vg_replace_malloc.c:447)
==743055==    by 0x4068FEB: emalloc_real (awk.h:2156)
==743055==    by 0x4068FEB: r_getblock (node.c:1164)
==743055==    by 0x40768D9: str_lookup (str_array.c:214)
==743055==    by 0x405802A: assoc_set (awk.h:2220)
==743055==    by 0x405802A: update_PROCINFO_num (field.c:1675)
==743055==    by 0x400E757: load_procinfo (main.c:1035)
==743055==    by 0x400E757: init_vars (main.c:878)
==743055==    by 0x400E757: main (main.c:403)
==743055== 
==743055== 48 bytes in 1 blocks are still reachable in loss record 83 of 237
==743055==    at 0x497D858: malloc (vg_replace_malloc.c:447)
==743055==    by 0x4068FEB: emalloc_real (awk.h:2156)
==743055==    by 0x4068FEB: r_getblock (node.c:1164)
==743055==    by 0x40768D9: str_lookup (str_array.c:214)
==743055==    by 0x405802A: assoc_set (awk.h:2220)
==743055==    by 0x405802A: update_PROCINFO_num (field.c:1675)
==743055==    by 0x400E76B: load_procinfo (main.c:1036)
==743055==    by 0x400E76B: init_vars (main.c:878)
==743055==    by 0x400E76B: main (main.c:403)
==743055== 
==743055== 48 bytes in 1 blocks are still reachable in loss record 84 of 237
==743055==    at 0x497D858: malloc (vg_replace_malloc.c:447)
==743055==    by 0x4068FEB: emalloc_real (awk.h:2156)
==743055==    by 0x4068FEB: r_getblock (node.c:1164)
==743055==    by 0x40768D9: str_lookup (str_array.c:214)
==743055==    by 0x405802A: assoc_set (awk.h:2220)
==743055==    by 0x405802A: update_PROCINFO_num (field.c:1675)
==743055==    by 0x400E784: load_procinfo (main.c:1046)
==743055==    by 0x400E784: init_vars (main.c:878)
==743055==    by 0x400E784: main (main.c:403)
==743055== 
==743055== 48 bytes in 1 blocks are still reachable in loss record 85 of 237
==743055==    at 0x497D858: malloc (vg_replace_malloc.c:447)
==743055==    by 0x4068FEB: emalloc_real (awk.h:2156)
==743055==    by 0x4068FEB: r_getblock (node.c:1164)
==743055==    by 0x40768D9: str_lookup (str_array.c:214)
==743055==    by 0x405802A: assoc_set (awk.h:2220)
==743055==    by 0x405802A: update_PROCINFO_num (field.c:1675)
==743055==    by 0x400E79D: load_procinfo (main.c:1055)
==743055==    by 0x400E79D: init_vars (main.c:878)
==743055==    by 0x400E79D: main (main.c:403)
==743055== 
==743055== 48 bytes in 1 blocks are still reachable in loss record 86 of 237
==743055==    at 0x497D858: malloc (vg_replace_malloc.c:447)
==743055==    by 0x4068FEB: emalloc_real (awk.h:2156)
==743055==    by 0x4068FEB: r_getblock (node.c:1164)
==743055==    by 0x40768D9: str_lookup (str_array.c:214)
==743055==    by 0x405802A: assoc_set (awk.h:2220)
==743055==    by 0x405802A: update_PROCINFO_num (field.c:1675)
==743055==    by 0x400E7B6: load_procinfo (main.c:1058)
==743055==    by 0x400E7B6: init_vars (main.c:878)
==743055==    by 0x400E7B6: main (main.c:403)
==743055== 
==743055== 48 bytes in 1 blocks are still reachable in loss record 87 of 237
==743055==    at 0x497D858: malloc (vg_replace_malloc.c:447)
==743055==    by 0x4068FEB: emalloc_real (awk.h:2156)
==743055==    by 0x4068FEB: r_getblock (node.c:1164)
==743055==    by 0x40768D9: str_lookup (str_array.c:214)
==743055==    by 0x405802A: assoc_set (awk.h:2220)
==743055==    by 0x405802A: update_PROCINFO_num (field.c:1675)
==743055==    by 0x400E7D2: load_procinfo (main.c:1061)
==743055==    by 0x400E7D2: init_vars (main.c:878)
==743055==    by 0x400E7D2: main (main.c:403)
==743055== 
==743055== 48 bytes in 1 blocks are still reachable in loss record 88 of 237
==743055==    at 0x497D858: malloc (vg_replace_malloc.c:447)
==743055==    by 0x4068FEB: emalloc_real (awk.h:2156)
==743055==    by 0x4068FEB: r_getblock (node.c:1164)
==743055==    by 0x40768D9: str_lookup (str_array.c:214)
==743055==    by 0x405802A: assoc_set (awk.h:2220)
==743055==    by 0x405802A: update_PROCINFO_num (field.c:1675)
==743055==    by 0x400E7EE: load_procinfo (main.c:1064)
==743055==    by 0x400E7EE: init_vars (main.c:878)
==743055==    by 0x400E7EE: main (main.c:403)
==743055== 
==743055== 48 bytes in 1 blocks are still reachable in loss record 89 of 237
==743055==    at 0x497D858: malloc (vg_replace_malloc.c:447)
==743055==    by 0x4068FEB: emalloc_real (awk.h:2156)
==743055==    by 0x4068FEB: r_getblock (node.c:1164)
==743055==    by 0x40768D9: str_lookup (str_array.c:214)
==743055==    by 0x405802A: assoc_set (awk.h:2220)
==743055==    by 0x405802A: update_PROCINFO_num (field.c:1675)
==743055==    by 0x400E80A: load_procinfo (main.c:1067)
==743055==    by 0x400E80A: init_vars (main.c:878)
==743055==    by 0x400E80A: main (main.c:403)
==743055== 
==743055== 48 bytes in 1 blocks are still reachable in loss record 90 of 237
==743055==    at 0x497D858: malloc (vg_replace_malloc.c:447)
==743055==    by 0x4068FEB: emalloc_real (awk.h:2156)
==743055==    by 0x4068FEB: r_getblock (node.c:1164)
==743055==    by 0x40768D9: str_lookup (str_array.c:214)
==743055==    by 0x405802A: assoc_set (awk.h:2220)
==743055==    by 0x405802A: update_PROCINFO_num (field.c:1675)
==743055==    by 0x400E826: load_procinfo (main.c:1070)
==743055==    by 0x400E826: init_vars (main.c:878)
==743055==    by 0x400E826: main (main.c:403)
==743055== 
==743055== 48 bytes in 1 blocks are still reachable in loss record 91 of 237
==743055==    at 0x497D858: malloc (vg_replace_malloc.c:447)
==743055==    by 0x4068FEB: emalloc_real (awk.h:2156)
==743055==    by 0x4068FEB: r_getblock (node.c:1164)
==743055==    by 0x40768D9: str_lookup (str_array.c:214)
==743055==    by 0x4054B9E: assoc_set (awk.h:2220)
==743055==    by 0x4054B9E: update_PROCINFO_str.part.0 (field.c:1662)
==743055==    by 0x400E83A: load_procinfo (main.c:1072)
==743055==    by 0x400E83A: init_vars (main.c:878)
==743055==    by 0x400E83A: main (main.c:403)
==743055== 
==743055== 48 bytes in 1 blocks are still reachable in loss record 92 of 237
==743055==    at 0x497D858: malloc (vg_replace_malloc.c:447)
==743055==    by 0x4068FEB: emalloc_real (awk.h:2156)
==743055==    by 0x4068FEB: r_getblock (node.c:1164)
==743055==    by 0x40768D9: str_lookup (str_array.c:214)
==743055==    by 0x4054B9E: assoc_set (awk.h:2220)
==743055==    by 0x4054B9E: update_PROCINFO_str.part.0 (field.c:1662)
==743055==    by 0x400E8D2: load_procinfo (main.c:1087)
==743055==    by 0x400E8D2: init_vars (main.c:878)
==743055==    by 0x400E8D2: main (main.c:403)
==743055== 
==743055== 48 bytes in 1 blocks are still reachable in loss record 93 of 237
==743055==    at 0x497D858: malloc (vg_replace_malloc.c:447)
==743055==    by 0x4068FEB: emalloc_real (awk.h:2156)
==743055==    by 0x4068FEB: r_getblock (node.c:1164)
==743055==    by 0x40768D9: str_lookup (str_array.c:214)
==743055==    by 0x40662E6: assoc_set (awk.h:2220)
==743055==    by 0x400EC2D: load_procinfo_argv (main.c:997)
==743055==    by 0x400EC2D: load_procinfo (main.c:1093)
==743055==    by 0x400EC2D: init_vars (main.c:878)
==743055==    by 0x400EC2D: main (main.c:403)
==743055== 
==743055== 48 bytes in 1 blocks are still reachable in loss record 94 of 237
==743055==    at 0x497D858: malloc (vg_replace_malloc.c:447)
==743055==    by 0x4068FEB: emalloc_real (awk.h:2156)
==743055==    by 0x4068FEB: r_getblock (node.c:1164)
==743055==    by 0x40768D9: str_lookup (str_array.c:214)
==743055==    by 0x407708C: assoc_set (awk.h:2220)
==743055==    by 0x407708C: install (symbol.c:430)
==743055==    by 0x400E038: load_environ (main.c:930)
==743055==    by 0x400E038: init_vars (main.c:879)
==743055==    by 0x400E038: main (main.c:403)
==743055== 
==743055== 48 bytes in 1 blocks are still reachable in loss record 95 of 237
==743055==    at 0x497D858: malloc (vg_replace_malloc.c:447)
==743055==    by 0x4068FEB: emalloc_real (awk.h:2156)
==743055==    by 0x4068FEB: r_getblock (node.c:1164)
==743055==    by 0x40768D9: str_lookup (str_array.c:214)
==743055==    by 0x407708C: assoc_set (awk.h:2220)
==743055==    by 0x407708C: install (symbol.c:430)
==743055==    by 0x400E414: init_args (main.c:764)
==743055==    by 0x400E414: main (main.c:470)
==743055== 
==743055== 48 bytes in 1 blocks are still reachable in loss record 96 of 237
==743055==    at 0x497D858: malloc (vg_replace_malloc.c:447)
==743055==    by 0x4068FEB: emalloc_real (awk.h:2156)
==743055==    by 0x4068FEB: r_getblock (node.c:1164)
==743055==    by 0x40768D9: str_lookup (str_array.c:214)
==743055==    by 0x407708C: assoc_set (awk.h:2220)
==743055==    by 0x407708C: install (symbol.c:430)
==743055==    by 0x400EA90: init_args (main.c:791)
==743055==    by 0x400EA90: main (main.c:470)
==743055== 
==743055== 48 bytes in 1 blocks are still reachable in loss record 97 of 237
==743055==    at 0x497D858: malloc (vg_replace_malloc.c:447)
==743055==    by 0x4020D1E: emalloc_real (awk.h:2156)
==743055==    by 0x4020D1E: parse_program (awkgram.y:2810)
==743055==    by 0x400EAD8: main (main.c:483)
==743055== 
==743055== 48 bytes in 1 blocks are still reachable in loss record 98 of 237
==743055==    at 0x497D858: malloc (vg_replace_malloc.c:447)
==743055==    by 0x4068FEB: emalloc_real (awk.h:2156)
==743055==    by 0x4068FEB: r_getblock (node.c:1164)
==743055==    by 0x40768D9: str_lookup (str_array.c:214)
==743055==    by 0x4077FEA: load_symbols (symbol.c:664)
==743055==    by 0x400ED85: main (main.c:499)
==743055== 
==743055== 49 bytes in 14 blocks are still reachable in loss record 99 of 237
==743055==    at 0x497D858: malloc (vg_replace_malloc.c:447)
==743055==    by 0x4069457: emalloc_real (awk.h:2156)
==743055==    by 0x4069457: make_str_node (node.c:422)
==743055==    by 0x400D984: init_vars (main.c:867)
==743055==    by 0x400D984: main (main.c:403)
==743055== 
==743055== 64 bytes in 1 blocks are still reachable in loss record 100 of 237
==743055==    at 0x497D858: malloc (vg_replace_malloc.c:447)
==743055==    by 0x4086F0A: charset_create (charset.c:9027)
==743055==    by 0x4086F0A: cset_construct (minrx.c:883)
==743055==    by 0x4086F0A: firstclosure (minrx.c:1836)
==743055==    by 0x4086F0A: compile.constprop.0 (minrx.c:1923)
==743055==    by 0x4089B38: minrx_regncomp (minrx.c:2490)
==743055==    by 0x407427D: make_regexp (re.c:355)
==743055==    by 0x40753B5: re_cache_get (re.c:556)
==743055==    by 0x40753B5: re_update (re.c:610)
==743055==    by 0x40570DF: do_patsplit (field.c:1339)
==743055==    by 0x404FC3C: r_interpret (interpret.h:1114)
==743055==    by 0x400EDDE: main (main.c:532)
==743055== 
==743055== 70 bytes in 5 blocks are still reachable in loss record 101 of 237
==743055==    at 0x497D858: malloc (vg_replace_malloc.c:447)
==743055==    by 0x4069457: emalloc_real (awk.h:2156)
==743055==    by 0x4069457: make_str_node (node.c:422)
==743055==    by 0x401B194: yylex (awkgram.y:4074)
==743055==    by 0x401C83C: yyparse (awkgram.c:1879)
==743055==    by 0x402073A: parse_program (awkgram.y:2797)
==743055==    by 0x400EAD8: main (main.c:483)
==743055== 
==743055== 80 bytes in 1 blocks are still reachable in loss record 102 of 237
==743055==    at 0x497D858: malloc (vg_replace_malloc.c:447)
==743055==    by 0x4082141: add_range_to_set (charset.c:3438)
==743055==    by 0x408269F: charset_finalize (charset.c:8983)
==743055==    by 0x4087709: charset_firstbytes (charset.c:9475)
==743055==    by 0x4087709: cset_firstbytes (minrx.c:1060)
==743055==    by 0x4087709: firstbytes (minrx.c:1859)
==743055==    by 0x4087709: compile.constprop.0 (minrx.c:1924)
==743055==    by 0x4089B38: minrx_regncomp (minrx.c:2490)
==743055==    by 0x407427D: make_regexp (re.c:355)
==743055==    by 0x40753B5: re_cache_get (re.c:556)
==743055==    by 0x40753B5: re_update (re.c:610)
==743055==    by 0x40570DF: do_patsplit (field.c:1339)
==743055==    by 0x404FC3C: r_interpret (interpret.h:1114)
==743055==    by 0x400EDDE: main (main.c:532)
==743055== 
==743055== 88 bytes in 1 blocks are still reachable in loss record 103 of 237
==743055==    at 0x497D858: malloc (vg_replace_malloc.c:447)
==743055==    by 0x4068FEB: emalloc_real (awk.h:2156)
==743055==    by 0x4068FEB: r_getblock (node.c:1164)
==743055==    by 0x40693C1: make_str_node (node.c:406)
==743055==    by 0x400D5C7: main (main.c:278)
==743055== 
==743055== 88 bytes in 1 blocks are still reachable in loss record 104 of 237
==743055==    at 0x497D858: malloc (vg_replace_malloc.c:447)
==743055==    by 0x4068FEB: emalloc_real (awk.h:2156)
==743055==    by 0x4068FEB: r_getblock (node.c:1164)
==743055==    by 0x40772C7: init_the_tables (symbol.c:68)
==743055==    by 0x400D60A: main (main.c:287)
==743055== 
==743055== 88 bytes in 1 blocks are still reachable in loss record 105 of 237
==743055==    at 0x497D858: malloc (vg_replace_malloc.c:447)
==743055==    by 0x4068FEB: emalloc_real (awk.h:2156)
==743055==    by 0x4068FEB: r_getblock (node.c:1164)
==743055==    by 0x4077308: init_the_tables (symbol.c:72)
==743055==    by 0x400D60A: main (main.c:287)
==743055== 
==743055== 88 bytes in 1 blocks are still reachable in loss record 106 of 237
==743055==    at 0x497D858: malloc (vg_replace_malloc.c:447)
==743055==    by 0x4068FEB: emalloc_real (awk.h:2156)
==743055==    by 0x4068FEB: r_getblock (node.c:1164)
==743055==    by 0x40693C1: make_str_node (node.c:406)
==743055==    by 0x4077055: install (symbol.c:399)
==743055==    by 0x4077369: install_symbol (symbol.c:173)
==743055==    by 0x4077369: init_the_tables (symbol.c:77)
==743055==    by 0x400D60A: main (main.c:287)
==743055== 
==743055== 88 bytes in 1 blocks are still reachable in loss record 107 of 237
==743055==    at 0x497D858: malloc (vg_replace_malloc.c:447)
==743055==    by 0x4068FEB: emalloc_real (awk.h:2156)
==743055==    by 0x4068FEB: r_getblock (node.c:1164)
==743055==    by 0x4077133: make_symbol (symbol.c:376)
==743055==    by 0x4077133: install (symbol.c:417)
==743055==    by 0x4077369: install_symbol (symbol.c:173)
==743055==    by 0x4077369: init_the_tables (symbol.c:77)
==743055==    by 0x400D60A: main (main.c:287)
==743055== 
==743055== 88 bytes in 1 blocks are still reachable in loss record 108 of 237
==743055==    at 0x497D858: malloc (vg_replace_malloc.c:447)
==743055==    by 0x4068FEB: emalloc_real (awk.h:2156)
==743055==    by 0x4068FEB: r_getblock (node.c:1164)
==743055==    by 0x40693C1: make_str_node (node.c:406)
==743055==    by 0x4077055: install (symbol.c:399)
==743055==    by 0x4077390: install_symbol (symbol.c:173)
==743055==    by 0x4077390: init_the_tables (symbol.c:78)
==743055==    by 0x400D60A: main (main.c:287)
==743055== 
==743055== 88 bytes in 1 blocks are still reachable in loss record 109 of 237
==743055==    at 0x497D858: malloc (vg_replace_malloc.c:447)
==743055==    by 0x4068FEB: emalloc_real (awk.h:2156)
==743055==    by 0x4068FEB: r_getblock (node.c:1164)
==743055==    by 0x4077133: make_symbol (symbol.c:376)
==743055==    by 0x4077133: install (symbol.c:417)
==743055==    by 0x4077390: install_symbol (symbol.c:173)
==743055==    by 0x4077390: init_the_tables (symbol.c:78)
==743055==    by 0x400D60A: main (main.c:287)
==743055== 
==743055== 88 bytes in 1 blocks are still reachable in loss record 110 of 237
==743055==    at 0x497D858: malloc (vg_replace_malloc.c:447)
==743055==    by 0x4068FEB: emalloc_real (awk.h:2156)
==743055==    by 0x4068FEB: r_getblock (node.c:1164)
==743055==    by 0x40693C1: make_str_node (node.c:406)
==743055==    by 0x4077055: install (symbol.c:399)
==743055==    by 0x400E703: load_procinfo (main.c:1019)
==743055==    by 0x400E703: init_vars (main.c:878)
==743055==    by 0x400E703: main (main.c:403)
==743055== 
==743055== 88 bytes in 1 blocks are still reachable in loss record 111 of 237
==743055==    at 0x497D858: malloc (vg_replace_malloc.c:447)
==743055==    by 0x4068FEB: emalloc_real (awk.h:2156)
==743055==    by 0x4068FEB: r_getblock (node.c:1164)
==743055==    by 0x4077133: make_symbol (symbol.c:376)
==743055==    by 0x4077133: install (symbol.c:417)
==743055==    by 0x400E703: load_procinfo (main.c:1019)
==743055==    by 0x400E703: init_vars (main.c:878)
==743055==    by 0x400E703: main (main.c:403)
==743055== 
==743055== 88 bytes in 1 blocks are still reachable in loss record 112 of 237
==743055==    at 0x497D858: malloc (vg_replace_malloc.c:447)
==743055==    by 0x4068FEB: emalloc_real (awk.h:2156)
==743055==    by 0x4068FEB: r_getblock (node.c:1164)
==743055==    by 0x40693C1: make_str_node (node.c:406)
==743055==    by 0x4054B6F: update_PROCINFO_str.part.0 (field.c:1661)
==743055==    by 0x400E71D: load_procinfo (main.c:1021)
==743055==    by 0x400E71D: init_vars (main.c:878)
==743055==    by 0x400E71D: main (main.c:403)
==743055== 
==743055== 88 bytes in 1 blocks are still reachable in loss record 113 of 237
==743055==    at 0x497D858: malloc (vg_replace_malloc.c:447)
==743055==    by 0x4068FEB: emalloc_real (awk.h:2156)
==743055==    by 0x4068FEB: r_getblock (node.c:1164)
==743055==    by 0x40693C1: make_str_node (node.c:406)
==743055==    by 0x4054B87: update_PROCINFO_str.part.0 (field.c:1662)
==743055==    by 0x400E71D: load_procinfo (main.c:1021)
==743055==    by 0x400E71D: init_vars (main.c:878)
==743055==    by 0x400E71D: main (main.c:403)
==743055== 
==743055== 88 bytes in 1 blocks are still reachable in loss record 114 of 237
==743055==    at 0x497D858: malloc (vg_replace_malloc.c:447)
==743055==    by 0x4068FEB: emalloc_real (awk.h:2156)
==743055==    by 0x4068FEB: r_getblock (node.c:1164)
==743055==    by 0x40693C1: make_str_node (node.c:406)
==743055==    by 0x4054B6F: update_PROCINFO_str.part.0 (field.c:1661)
==743055==    by 0x400E730: load_procinfo (main.c:1022)
==743055==    by 0x400E730: init_vars (main.c:878)
==743055==    by 0x400E730: main (main.c:403)
==743055== 
==743055== 88 bytes in 1 blocks are still reachable in loss record 115 of 237
==743055==    at 0x497D858: malloc (vg_replace_malloc.c:447)
==743055==    by 0x4068FEB: emalloc_real (awk.h:2156)
==743055==    by 0x4068FEB: r_getblock (node.c:1164)
==743055==    by 0x40693C1: make_str_node (node.c:406)
==743055==    by 0x4054B87: update_PROCINFO_str.part.0 (field.c:1662)
==743055==    by 0x400E730: load_procinfo (main.c:1022)
==743055==    by 0x400E730: init_vars (main.c:878)
==743055==    by 0x400E730: main (main.c:403)
==743055== 
==743055== 88 bytes in 1 blocks are still reachable in loss record 116 of 237
==743055==    at 0x497D858: malloc (vg_replace_malloc.c:447)
==743055==    by 0x4068FEB: emalloc_real (awk.h:2156)
==743055==    by 0x4068FEB: r_getblock (node.c:1164)
==743055==    by 0x40693C1: make_str_node (node.c:406)
==743055==    by 0x4054B6F: update_PROCINFO_str.part.0 (field.c:1661)
==743055==    by 0x400E743: load_procinfo (main.c:1023)
==743055==    by 0x400E743: init_vars (main.c:878)
==743055==    by 0x400E743: main (main.c:403)
==743055== 
==743055== 88 bytes in 1 blocks are still reachable in loss record 117 of 237
==743055==    at 0x497D858: malloc (vg_replace_malloc.c:447)
==743055==    by 0x4068FEB: emalloc_real (awk.h:2156)
==743055==    by 0x4068FEB: r_getblock (node.c:1164)
==743055==    by 0x40693C1: make_str_node (node.c:406)
==743055==    by 0x4054B87: update_PROCINFO_str.part.0 (field.c:1662)
==743055==    by 0x400E743: load_procinfo (main.c:1023)
==743055==    by 0x400E743: init_vars (main.c:878)
==743055==    by 0x400E743: main (main.c:403)
==743055== 
==743055== 88 bytes in 1 blocks are still reachable in loss record 118 of 237
==743055==    at 0x497D858: malloc (vg_replace_malloc.c:447)
==743055==    by 0x4068FEB: emalloc_real (awk.h:2156)
==743055==    by 0x4068FEB: r_getblock (node.c:1164)
==743055==    by 0x40693C1: make_str_node (node.c:406)
==743055==    by 0x4058004: update_PROCINFO_num (field.c:1674)
==743055==    by 0x400E757: load_procinfo (main.c:1035)
==743055==    by 0x400E757: init_vars (main.c:878)
==743055==    by 0x400E757: main (main.c:403)
==743055== 
==743055== 88 bytes in 1 blocks are still reachable in loss record 119 of 237
==743055==    at 0x497D858: malloc (vg_replace_malloc.c:447)
==743055==    by 0x4068FEB: emalloc_real (awk.h:2156)
==743055==    by 0x4068FEB: r_getblock (node.c:1164)
==743055==    by 0x4069930: make_number_node (awk.h:2206)
==743055==    by 0x4069930: r_make_number (node.c:369)
==743055==    by 0x4058013: update_PROCINFO_num (field.c:1675)
==743055==    by 0x400E757: load_procinfo (main.c:1035)
==743055==    by 0x400E757: init_vars (main.c:878)
==743055==    by 0x400E757: main (main.c:403)
==743055== 
==743055== 88 bytes in 1 blocks are still reachable in loss record 120 of 237
==743055==    at 0x497D858: malloc (vg_replace_malloc.c:447)
==743055==    by 0x4068FEB: emalloc_real (awk.h:2156)
==743055==    by 0x4068FEB: r_getblock (node.c:1164)
==743055==    by 0x40693C1: make_str_node (node.c:406)
==743055==    by 0x4058004: update_PROCINFO_num (field.c:1674)
==743055==    by 0x400E76B: load_procinfo (main.c:1036)
==743055==    by 0x400E76B: init_vars (main.c:878)
==743055==    by 0x400E76B: main (main.c:403)
==743055== 
==743055== 88 bytes in 1 blocks are still reachable in loss record 121 of 237
==743055==    at 0x497D858: malloc (vg_replace_malloc.c:447)
==743055==    by 0x4068FEB: emalloc_real (awk.h:2156)
==743055==    by 0x4068FEB: r_getblock (node.c:1164)
==743055==    by 0x4069930: make_number_node (awk.h:2206)
==743055==    by 0x4069930: r_make_number (node.c:369)
==743055==    by 0x4058013: update_PROCINFO_num (field.c:1675)
==743055==    by 0x400E76B: load_procinfo (main.c:1036)
==743055==    by 0x400E76B: init_vars (main.c:878)
==743055==    by 0x400E76B: main (main.c:403)
==743055== 
==743055== 88 bytes in 1 blocks are still reachable in loss record 122 of 237
==743055==    at 0x497D858: malloc (vg_replace_malloc.c:447)
==743055==    by 0x4068FEB: emalloc_real (awk.h:2156)
==743055==    by 0x4068FEB: r_getblock (node.c:1164)
==743055==    by 0x40693C1: make_str_node (node.c:406)
==743055==    by 0x4058004: update_PROCINFO_num (field.c:1674)
==743055==    by 0x400E784: load_procinfo (main.c:1046)
==743055==    by 0x400E784: init_vars (main.c:878)
==743055==    by 0x400E784: main (main.c:403)
==743055== 
==743055== 88 bytes in 1 blocks are still reachable in loss record 123 of 237
==743055==    at 0x497D858: malloc (vg_replace_malloc.c:447)
==743055==    by 0x4068FEB: emalloc_real (awk.h:2156)
==743055==    by 0x4068FEB: r_getblock (node.c:1164)
==743055==    by 0x4069930: make_number_node (awk.h:2206)
==743055==    by 0x4069930: r_make_number (node.c:369)
==743055==    by 0x4058013: update_PROCINFO_num (field.c:1675)
==743055==    by 0x400E784: load_procinfo (main.c:1046)
==743055==    by 0x400E784: init_vars (main.c:878)
==743055==    by 0x400E784: main (main.c:403)
==743055== 
==743055== 88 bytes in 1 blocks are still reachable in loss record 124 of 237
==743055==    at 0x497D858: malloc (vg_replace_malloc.c:447)
==743055==    by 0x4068FEB: emalloc_real (awk.h:2156)
==743055==    by 0x4068FEB: r_getblock (node.c:1164)
==743055==    by 0x40693C1: make_str_node (node.c:406)
==743055==    by 0x4058004: update_PROCINFO_num (field.c:1674)
==743055==    by 0x400E79D: load_procinfo (main.c:1055)
==743055==    by 0x400E79D: init_vars (main.c:878)
==743055==    by 0x400E79D: main (main.c:403)
==743055== 
==743055== 88 bytes in 1 blocks are still reachable in loss record 125 of 237
==743055==    at 0x497D858: malloc (vg_replace_malloc.c:447)
==743055==    by 0x4068FEB: emalloc_real (awk.h:2156)
==743055==    by 0x4068FEB: r_getblock (node.c:1164)
==743055==    by 0x4069930: make_number_node (awk.h:2206)
==743055==    by 0x4069930: r_make_number (node.c:369)
==743055==    by 0x4058013: update_PROCINFO_num (field.c:1675)
==743055==    by 0x400E79D: load_procinfo (main.c:1055)
==743055==    by 0x400E79D: init_vars (main.c:878)
==743055==    by 0x400E79D: main (main.c:403)
==743055== 
==743055== 88 bytes in 1 blocks are still reachable in loss record 126 of 237
==743055==    at 0x497D858: malloc (vg_replace_malloc.c:447)
==743055==    by 0x4068FEB: emalloc_real (awk.h:2156)
==743055==    by 0x4068FEB: r_getblock (node.c:1164)
==743055==    by 0x40693C1: make_str_node (node.c:406)
==743055==    by 0x4058004: update_PROCINFO_num (field.c:1674)
==743055==    by 0x400E7B6: load_procinfo (main.c:1058)
==743055==    by 0x400E7B6: init_vars (main.c:878)
==743055==    by 0x400E7B6: main (main.c:403)
==743055== 
==743055== 88 bytes in 1 blocks are still reachable in loss record 127 of 237
==743055==    at 0x497D858: malloc (vg_replace_malloc.c:447)
==743055==    by 0x4068FEB: emalloc_real (awk.h:2156)
==743055==    by 0x4068FEB: r_getblock (node.c:1164)
==743055==    by 0x4069930: make_number_node (awk.h:2206)
==743055==    by 0x4069930: r_make_number (node.c:369)
==743055==    by 0x4058013: update_PROCINFO_num (field.c:1675)
==743055==    by 0x400E7B6: load_procinfo (main.c:1058)
==743055==    by 0x400E7B6: init_vars (main.c:878)
==743055==    by 0x400E7B6: main (main.c:403)
==743055== 
==743055== 88 bytes in 1 blocks are still reachable in loss record 128 of 237
==743055==    at 0x497D858: malloc (vg_replace_malloc.c:447)
==743055==    by 0x4068FEB: emalloc_real (awk.h:2156)
==743055==    by 0x4068FEB: r_getblock (node.c:1164)
==743055==    by 0x40693C1: make_str_node (node.c:406)
==743055==    by 0x4058004: update_PROCINFO_num (field.c:1674)
==743055==    by 0x400E7D2: load_procinfo (main.c:1061)
==743055==    by 0x400E7D2: init_vars (main.c:878)
==743055==    by 0x400E7D2: main (main.c:403)
==743055== 
==743055== 88 bytes in 1 blocks are still reachable in loss record 129 of 237
==743055==    at 0x497D858: malloc (vg_replace_malloc.c:447)
==743055==    by 0x4068FEB: emalloc_real (awk.h:2156)
==743055==    by 0x4068FEB: r_getblock (node.c:1164)
==743055==    by 0x4069930: make_number_node (awk.h:2206)
==743055==    by 0x4069930: r_make_number (node.c:369)
==743055==    by 0x4058013: update_PROCINFO_num (field.c:1675)
==743055==    by 0x400E7D2: load_procinfo (main.c:1061)
==743055==    by 0x400E7D2: init_vars (main.c:878)
==743055==    by 0x400E7D2: main (main.c:403)
==743055== 
==743055== 88 bytes in 1 blocks are still reachable in loss record 130 of 237
==743055==    at 0x497D858: malloc (vg_replace_malloc.c:447)
==743055==    by 0x4068FEB: emalloc_real (awk.h:2156)
==743055==    by 0x4068FEB: r_getblock (node.c:1164)
==743055==    by 0x40693C1: make_str_node (node.c:406)
==743055==    by 0x4058004: update_PROCINFO_num (field.c:1674)
==743055==    by 0x400E7EE: load_procinfo (main.c:1064)
==743055==    by 0x400E7EE: init_vars (main.c:878)
==743055==    by 0x400E7EE: main (main.c:403)
==743055== 
==743055== 88 bytes in 1 blocks are still reachable in loss record 131 of 237
==743055==    at 0x497D858: malloc (vg_replace_malloc.c:447)
==743055==    by 0x4068FEB: emalloc_real (awk.h:2156)
==743055==    by 0x4068FEB: r_getblock (node.c:1164)
==743055==    by 0x4069930: make_number_node (awk.h:2206)
==743055==    by 0x4069930: r_make_number (node.c:369)
==743055==    by 0x4058013: update_PROCINFO_num (field.c:1675)
==743055==    by 0x400E7EE: load_procinfo (main.c:1064)
==743055==    by 0x400E7EE: init_vars (main.c:878)
==743055==    by 0x400E7EE: main (main.c:403)
==743055== 
==743055== 88 bytes in 1 blocks are still reachable in loss record 132 of 237
==743055==    at 0x497D858: malloc (vg_replace_malloc.c:447)
==743055==    by 0x4068FEB: emalloc_real (awk.h:2156)
==743055==    by 0x4068FEB: r_getblock (node.c:1164)
==743055==    by 0x40693C1: make_str_node (node.c:406)
==743055==    by 0x4058004: update_PROCINFO_num (field.c:1674)
==743055==    by 0x400E80A: load_procinfo (main.c:1067)
==743055==    by 0x400E80A: init_vars (main.c:878)
==743055==    by 0x400E80A: main (main.c:403)
==743055== 
==743055== 88 bytes in 1 blocks are still reachable in loss record 133 of 237
==743055==    at 0x497D858: malloc (vg_replace_malloc.c:447)
==743055==    by 0x4068FEB: emalloc_real (awk.h:2156)
==743055==    by 0x4068FEB: r_getblock (node.c:1164)
==743055==    by 0x4069930: make_number_node (awk.h:2206)
==743055==    by 0x4069930: r_make_number (node.c:369)
==743055==    by 0x4058013: update_PROCINFO_num (field.c:1675)
==743055==    by 0x400E80A: load_procinfo (main.c:1067)
==743055==    by 0x400E80A: init_vars (main.c:878)
==743055==    by 0x400E80A: main (main.c:403)
==743055== 
==743055== 88 bytes in 1 blocks are still reachable in loss record 134 of 237
==743055==    at 0x497D858: malloc (vg_replace_malloc.c:447)
==743055==    by 0x4068FEB: emalloc_real (awk.h:2156)
==743055==    by 0x4068FEB: r_getblock (node.c:1164)
==743055==    by 0x40693C1: make_str_node (node.c:406)
==743055==    by 0x4058004: update_PROCINFO_num (field.c:1674)
==743055==    by 0x400E826: load_procinfo (main.c:1070)
==743055==    by 0x400E826: init_vars (main.c:878)
==743055==    by 0x400E826: main (main.c:403)
==743055== 
==743055== 88 bytes in 1 blocks are still reachable in loss record 135 of 237
==743055==    at 0x497D858: malloc (vg_replace_malloc.c:447)
==743055==    by 0x4068FEB: emalloc_real (awk.h:2156)
==743055==    by 0x4068FEB: r_getblock (node.c:1164)
==743055==    by 0x4069930: make_number_node (awk.h:2206)
==743055==    by 0x4069930: r_make_number (node.c:369)
==743055==    by 0x4058013: update_PROCINFO_num (field.c:1675)
==743055==    by 0x400E826: load_procinfo (main.c:1070)
==743055==    by 0x400E826: init_vars (main.c:878)
==743055==    by 0x400E826: main (main.c:403)
==743055== 
==743055== 88 bytes in 1 blocks are still reachable in loss record 136 of 237
==743055==    at 0x497D858: malloc (vg_replace_malloc.c:447)
==743055==    by 0x4068FEB: emalloc_real (awk.h:2156)
==743055==    by 0x4068FEB: r_getblock (node.c:1164)
==743055==    by 0x40693C1: make_str_node (node.c:406)
==743055==    by 0x4054B6F: update_PROCINFO_str.part.0 (field.c:1661)
==743055==    by 0x400E83A: load_procinfo (main.c:1072)
==743055==    by 0x400E83A: init_vars (main.c:878)
==743055==    by 0x400E83A: main (main.c:403)
==743055== 
==743055== 88 bytes in 1 blocks are still reachable in loss record 137 of 237
==743055==    at 0x497D858: malloc (vg_replace_malloc.c:447)
==743055==    by 0x4068FEB: emalloc_real (awk.h:2156)
==743055==    by 0x4068FEB: r_getblock (node.c:1164)
==743055==    by 0x40693C1: make_str_node (node.c:406)
==743055==    by 0x4054B87: update_PROCINFO_str.part.0 (field.c:1662)
==743055==    by 0x400E83A: load_procinfo (main.c:1072)
==743055==    by 0x400E83A: init_vars (main.c:878)
==743055==    by 0x400E83A: main (main.c:403)
==743055== 
==743055== 88 bytes in 1 blocks are still reachable in loss record 138 of 237
==743055==    at 0x497D858: malloc (vg_replace_malloc.c:447)
==743055==    by 0x4068FEB: emalloc_real (awk.h:2156)
==743055==    by 0x4068FEB: r_getblock (node.c:1164)
==743055==    by 0x40693C1: make_str_node (node.c:406)
==743055==    by 0x4054B6F: update_PROCINFO_str.part.0 (field.c:1661)
==743055==    by 0x400E8D2: load_procinfo (main.c:1087)
==743055==    by 0x400E8D2: init_vars (main.c:878)
==743055==    by 0x400E8D2: main (main.c:403)
==743055== 
==743055== 88 bytes in 1 blocks are still reachable in loss record 139 of 237
==743055==    at 0x497D858: malloc (vg_replace_malloc.c:447)
==743055==    by 0x4068FEB: emalloc_real (awk.h:2156)
==743055==    by 0x4068FEB: r_getblock (node.c:1164)
==743055==    by 0x40693C1: make_str_node (node.c:406)
==743055==    by 0x4054B87: update_PROCINFO_str.part.0 (field.c:1662)
==743055==    by 0x400E8D2: load_procinfo (main.c:1087)
==743055==    by 0x400E8D2: init_vars (main.c:878)
==743055==    by 0x400E8D2: main (main.c:403)
==743055== 
==743055== 88 bytes in 1 blocks are still reachable in loss record 140 of 237
==743055==    at 0x497D858: malloc (vg_replace_malloc.c:447)
==743055==    by 0x4068FEB: emalloc_real (awk.h:2156)
==743055==    by 0x4068FEB: r_getblock (node.c:1164)
==743055==    by 0x400E8E9: load_procinfo_argv (main.c:984)
==743055==    by 0x400E8E9: load_procinfo (main.c:1093)
==743055==    by 0x400E8E9: init_vars (main.c:878)
==743055==    by 0x400E8E9: main (main.c:403)
==743055== 
==743055== 88 bytes in 1 blocks are still reachable in loss record 141 of 237
==743055==    at 0x497D858: malloc (vg_replace_malloc.c:447)
==743055==    by 0x4068FEB: emalloc_real (awk.h:2156)
==743055==    by 0x4068FEB: r_getblock (node.c:1164)
==743055==    by 0x40348D2: make_node (cint_array.c:731)
==743055==    by 0x40348D2: cint_lookup (cint_array.c:256)
==743055==    by 0x400E9D6: assoc_set (awk.h:2220)
==743055==    by 0x400E9D6: load_procinfo_argv (main.c:992)
==743055==    by 0x400E9D6: load_procinfo (main.c:1093)
==743055==    by 0x400E9D6: init_vars (main.c:878)
==743055==    by 0x400E9D6: main (main.c:403)
==743055== 
==743055== 88 bytes in 1 blocks are still reachable in loss record 142 of 237
==743055==    at 0x497D858: malloc (vg_replace_malloc.c:447)
==743055==    by 0x4068FEB: emalloc_real (awk.h:2156)
==743055==    by 0x4068FEB: r_getblock (node.c:1164)
==743055==    by 0x40344E7: make_node (cint_array.c:731)
==743055==    by 0x40344E7: tree_lookup (cint_array.c:796)
==743055==    by 0x400E9D6: assoc_set (awk.h:2220)
==743055==    by 0x400E9D6: load_procinfo_argv (main.c:992)
==743055==    by 0x400E9D6: load_procinfo (main.c:1093)
==743055==    by 0x400E9D6: init_vars (main.c:878)
==743055==    by 0x400E9D6: main (main.c:403)
==743055== 
==743055== 88 bytes in 1 blocks are still reachable in loss record 143 of 237
==743055==    at 0x497D858: malloc (vg_replace_malloc.c:447)
==743055==    by 0x4068FEB: emalloc_real (awk.h:2156)
==743055==    by 0x4068FEB: r_getblock (node.c:1164)
==743055==    by 0x40693C1: make_str_node (node.c:406)
==743055==    by 0x400EC1B: load_procinfo_argv (main.c:996)
==743055==    by 0x400EC1B: load_procinfo (main.c:1093)
==743055==    by 0x400EC1B: init_vars (main.c:878)
==743055==    by 0x400EC1B: main (main.c:403)
==743055== 
==743055== 88 bytes in 1 blocks are still reachable in loss record 144 of 237
==743055==    at 0x497D858: malloc (vg_replace_malloc.c:447)
==743055==    by 0x4068FEB: emalloc_real (awk.h:2156)
==743055==    by 0x4068FEB: r_getblock (node.c:1164)
==743055==    by 0x40693C1: make_str_node (node.c:406)
==743055==    by 0x4077055: install (symbol.c:399)
==743055==    by 0x400E038: load_environ (main.c:930)
==743055==    by 0x400E038: init_vars (main.c:879)
==743055==    by 0x400E038: main (main.c:403)
==743055== 
==743055== 88 bytes in 1 blocks are still reachable in loss record 145 of 237
==743055==    at 0x497D858: malloc (vg_replace_malloc.c:447)
==743055==    by 0x4068FEB: emalloc_real (awk.h:2156)
==743055==    by 0x4068FEB: r_getblock (node.c:1164)
==743055==    by 0x4077133: make_symbol (symbol.c:376)
==743055==    by 0x4077133: install (symbol.c:417)
==743055==    by 0x400E038: load_environ (main.c:930)
==743055==    by 0x400E038: init_vars (main.c:879)
==743055==    by 0x400E038: main (main.c:403)
==743055== 
==743055== 88 bytes in 1 blocks are still reachable in loss record 146 of 237
==743055==    at 0x497D858: malloc (vg_replace_malloc.c:447)
==743055==    by 0x4068FEB: emalloc_real (awk.h:2156)
==743055==    by 0x4068FEB: r_getblock (node.c:1164)
==743055==    by 0x40693C1: make_str_node (node.c:406)
==743055==    by 0x4055395: init_fields (field.c:105)
==743055==    by 0x400E1A4: main (main.c:410)
==743055== 
==743055== 88 bytes in 1 blocks are still reachable in loss record 147 of 237
==743055==    at 0x497D858: malloc (vg_replace_malloc.c:447)
==743055==    by 0x4068FEB: emalloc_real (awk.h:2156)
==743055==    by 0x4068FEB: r_getblock (node.c:1164)
==743055==    by 0x40693C1: make_str_node (node.c:406)
==743055==    by 0x40553E0: init_fields (field.c:111)
==743055==    by 0x400E1A4: main (main.c:410)
==743055== 
==743055== 88 bytes in 1 blocks are still reachable in loss record 148 of 237
==743055==    at 0x497D858: malloc (vg_replace_malloc.c:447)
==743055==    by 0x4068FEB: emalloc_real (awk.h:2156)
==743055==    by 0x4068FEB: r_getblock (node.c:1164)
==743055==    by 0x4048A91: init_interpret (eval.c:1902)
==743055==    by 0x400E3D5: main (main.c:468)
==743055== 
==743055== 88 bytes in 1 blocks are still reachable in loss record 149 of 237
==743055==    at 0x497D858: malloc (vg_replace_malloc.c:447)
==743055==    by 0x4068FEB: emalloc_real (awk.h:2156)
==743055==    by 0x4068FEB: r_getblock (node.c:1164)
==743055==    by 0x4069930: make_number_node (awk.h:2206)
==743055==    by 0x4069930: r_make_number (node.c:369)
==743055==    by 0x4048AE5: init_interpret (eval.c:1910)
==743055==    by 0x400E3D5: main (main.c:468)
==743055== 
==743055== 88 bytes in 1 blocks are still reachable in loss record 150 of 237
==743055==    at 0x497D858: malloc (vg_replace_malloc.c:447)
==743055==    by 0x4068FEB: emalloc_real (awk.h:2156)
==743055==    by 0x4068FEB: r_getblock (node.c:1164)
==743055==    by 0x4069930: make_number_node (awk.h:2206)
==743055==    by 0x4069930: r_make_number (node.c:369)
==743055==    by 0x4048AFA: init_interpret (eval.c:1911)
==743055==    by 0x400E3D5: main (main.c:468)
==743055== 
==743055== 88 bytes in 1 blocks are still reachable in loss record 151 of 237
==743055==    at 0x497D858: malloc (vg_replace_malloc.c:447)
==743055==    by 0x4068FEB: emalloc_real (awk.h:2156)
==743055==    by 0x4068FEB: r_getblock (node.c:1164)
==743055==    by 0x40693C1: make_str_node (node.c:406)
==743055==    by 0x4077055: install (symbol.c:399)
==743055==    by 0x400E414: init_args (main.c:764)
==743055==    by 0x400E414: main (main.c:470)
==743055== 
==743055== 88 bytes in 1 blocks are still reachable in loss record 152 of 237
==743055==    at 0x497D858: malloc (vg_replace_malloc.c:447)
==743055==    by 0x4068FEB: emalloc_real (awk.h:2156)
==743055==    by 0x4068FEB: r_getblock (node.c:1164)
==743055==    by 0x4077133: make_symbol (symbol.c:376)
==743055==    by 0x4077133: install (symbol.c:417)
==743055==    by 0x400E414: init_args (main.c:764)
==743055==    by 0x400E414: main (main.c:470)
==743055== 
==743055== 88 bytes in 1 blocks are still reachable in loss record 153 of 237
==743055==    at 0x497D858: malloc (vg_replace_malloc.c:447)
==743055==    by 0x4068FEB: emalloc_real (awk.h:2156)
==743055==    by 0x4068FEB: r_getblock (node.c:1164)
==743055==    by 0x40693C1: make_str_node (node.c:406)
==743055==    by 0x400E43D: init_args (main.c:766)
==743055==    by 0x400E43D: main (main.c:470)
==743055== 
==743055== 88 bytes in 1 blocks are still reachable in loss record 154 of 237
==743055==    at 0x497D858: malloc (vg_replace_malloc.c:447)
==743055==    by 0x4068FEB: emalloc_real (awk.h:2156)
==743055==    by 0x4068FEB: r_getblock (node.c:1164)
==743055==    by 0x40348D2: make_node (cint_array.c:731)
==743055==    by 0x40348D2: cint_lookup (cint_array.c:256)
==743055==    by 0x40662E6: assoc_set (awk.h:2220)
==743055==    by 0x400E453: init_args (main.c:768)
==743055==    by 0x400E453: main (main.c:470)
==743055== 
==743055== 88 bytes in 1 blocks are still reachable in loss record 155 of 237
==743055==    at 0x497D858: malloc (vg_replace_malloc.c:447)
==743055==    by 0x4068FEB: emalloc_real (awk.h:2156)
==743055==    by 0x4068FEB: r_getblock (node.c:1164)
==743055==    by 0x40344E7: make_node (cint_array.c:731)
==743055==    by 0x40344E7: tree_lookup (cint_array.c:796)
==743055==    by 0x40662E6: assoc_set (awk.h:2220)
==743055==    by 0x400E453: init_args (main.c:768)
==743055==    by 0x400E453: main (main.c:470)
==743055== 
==743055== 88 bytes in 1 blocks are still reachable in loss record 156 of 237
==743055==    at 0x497D858: malloc (vg_replace_malloc.c:447)
==743055==    by 0x4068FEB: emalloc_real (awk.h:2156)
==743055==    by 0x4068FEB: r_getblock (node.c:1164)
==743055==    by 0x40693C1: make_str_node (node.c:406)
==743055==    by 0x4077055: install (symbol.c:399)
==743055==    by 0x400EA90: init_args (main.c:791)
==743055==    by 0x400EA90: main (main.c:470)
==743055== 
==743055== 88 bytes in 1 blocks are still reachable in loss record 157 of 237
==743055==    at 0x497D858: malloc (vg_replace_malloc.c:447)
==743055==    by 0x4068FEB: emalloc_real (awk.h:2156)
==743055==    by 0x4068FEB: r_getblock (node.c:1164)
==743055==    by 0x4077133: make_symbol (symbol.c:376)
==743055==    by 0x4077133: install (symbol.c:417)
==743055==    by 0x400EA90: init_args (main.c:791)
==743055==    by 0x400EA90: main (main.c:470)
==743055== 
==743055== 88 bytes in 1 blocks are still reachable in loss record 158 of 237
==743055==    at 0x497D858: malloc (vg_replace_malloc.c:447)
==743055==    by 0x4068FEB: emalloc_real (awk.h:2156)
==743055==    by 0x4068FEB: r_getblock (node.c:1164)
==743055==    by 0x4069930: make_number_node (awk.h:2206)
==743055==    by 0x4069930: r_make_number (node.c:369)
==743055==    by 0x400EAA8: init_args (main.c:792)
==743055==    by 0x400EAA8: main (main.c:470)
==743055== 
==743055== 88 bytes in 1 blocks are still reachable in loss record 159 of 237
==743055==    at 0x497D858: malloc (vg_replace_malloc.c:447)
==743055==    by 0x4068FEB: emalloc_real (awk.h:2156)
==743055==    by 0x4068FEB: r_getblock (node.c:1164)
==743055==    by 0x4014FDC: make_regnode (awkgram.y:5300)
==743055==    by 0x4014FDC: mk_rexp (awkgram.y:5332)
==743055==    by 0x4017F39: snode (awkgram.y:4780)
==743055==    by 0x401DBAA: yyparse (awkgram.y:1917)
==743055==    by 0x402073A: parse_program (awkgram.y:2797)
==743055==    by 0x400EAD8: main (main.c:483)
==743055== 
==743055== 88 bytes in 1 blocks are still reachable in loss record 160 of 237
==743055==    at 0x497D858: malloc (vg_replace_malloc.c:447)
==743055==    by 0x4068FEB: emalloc_real (awk.h:2156)
==743055==    by 0x4068FEB: r_getblock (node.c:1164)
==743055==    by 0x40693C1: make_str_node (node.c:406)
==743055==    by 0x4077FD7: load_symbols (symbol.c:663)
==743055==    by 0x400ED85: main (main.c:499)
==743055== 
==743055== 88 bytes in 1 blocks are still reachable in loss record 161 of 237
==743055==    at 0x497D858: malloc (vg_replace_malloc.c:447)
==743055==    by 0x4068FEB: emalloc_real (awk.h:2156)
==743055==    by 0x4068FEB: r_getblock (node.c:1164)
==743055==    by 0x4077FF4: load_symbols (symbol.c:666)
==743055==    by 0x400ED85: main (main.c:499)
==743055== 
==743055== 88 bytes in 1 blocks are still reachable in loss record 162 of 237
==743055==    at 0x497D858: malloc (vg_replace_malloc.c:447)
==743055==    by 0x4068FEB: emalloc_real (awk.h:2156)
==743055==    by 0x4068FEB: r_getblock (node.c:1164)
==743055==    by 0x40693C1: make_str_node (node.c:406)
==743055==    by 0x40780DA: load_symbols (symbol.c:679)
==743055==    by 0x400ED85: main (main.c:499)
==743055== 
==743055== 88 bytes in 1 blocks are still reachable in loss record 163 of 237
==743055==    at 0x497D858: malloc (vg_replace_malloc.c:447)
==743055==    by 0x4068FEB: emalloc_real (awk.h:2156)
==743055==    by 0x4068FEB: r_getblock (node.c:1164)
==743055==    by 0x40693C1: make_str_node (node.c:406)
==743055==    by 0x40780F2: load_symbols (symbol.c:680)
==743055==    by 0x400ED85: main (main.c:499)
==743055== 
==743055== 88 bytes in 1 blocks are still reachable in loss record 164 of 237
==743055==    at 0x497D858: malloc (vg_replace_malloc.c:447)
==743055==    by 0x4068FEB: emalloc_real (awk.h:2156)
==743055==    by 0x4068FEB: r_getblock (node.c:1164)
==743055==    by 0x40693C1: make_str_node (node.c:406)
==743055==    by 0x407810A: load_symbols (symbol.c:681)
==743055==    by 0x400ED85: main (main.c:499)
==743055== 
==743055== 88 bytes in 1 blocks are still reachable in loss record 165 of 237
==743055==    at 0x497D858: malloc (vg_replace_malloc.c:447)
==743055==    by 0x4068FEB: emalloc_real (awk.h:2156)
==743055==    by 0x4068FEB: r_getblock (node.c:1164)
==743055==    by 0x40693C1: make_str_node (node.c:406)
==743055==    by 0x4078122: load_symbols (symbol.c:682)
==743055==    by 0x400ED85: main (main.c:499)
==743055== 
==743055== 88 bytes in 1 blocks are still reachable in loss record 166 of 237
==743055==    at 0x497D858: malloc (vg_replace_malloc.c:447)
==743055==    by 0x4068FEB: emalloc_real (awk.h:2156)
==743055==    by 0x4068FEB: r_getblock (node.c:1164)
==743055==    by 0x40348D2: make_node (cint_array.c:731)
==743055==    by 0x40348D2: cint_lookup (cint_array.c:256)
==743055==    by 0x4053EB4: assoc_set (awk.h:2220)
==743055==    by 0x4053EB4: set_element (field.c:1116)
==743055==    by 0x4054A01: fpat_parse_field (field.c:1894)
==743055==    by 0x405711B: do_patsplit (field.c:1341)
==743055==    by 0x404FC3C: r_interpret (interpret.h:1114)
==743055==    by 0x400EDDE: main (main.c:532)
==743055== 
==743055== 88 bytes in 1 blocks are still reachable in loss record 167 of 237
==743055==    at 0x497D858: malloc (vg_replace_malloc.c:447)
==743055==    by 0x4068FEB: emalloc_real (awk.h:2156)
==743055==    by 0x4068FEB: r_getblock (node.c:1164)
==743055==    by 0x40344E7: make_node (cint_array.c:731)
==743055==    by 0x40344E7: tree_lookup (cint_array.c:796)
==743055==    by 0x4053EB4: assoc_set (awk.h:2220)
==743055==    by 0x4053EB4: set_element (field.c:1116)
==743055==    by 0x4054A01: fpat_parse_field (field.c:1894)
==743055==    by 0x405711B: do_patsplit (field.c:1341)
==743055==    by 0x404FC3C: r_interpret (interpret.h:1114)
==743055==    by 0x400EDDE: main (main.c:532)
==743055== 
==743055== 88 bytes in 1 blocks are still reachable in loss record 168 of 237
==743055==    at 0x497D858: malloc (vg_replace_malloc.c:447)
==743055==    by 0x4068FEB: emalloc_real (awk.h:2156)
==743055==    by 0x4068FEB: r_getblock (node.c:1164)
==743055==    by 0x4069930: make_number_node (awk.h:2206)
==743055==    by 0x4069930: r_make_number (node.c:369)
==743055==    by 0x405712A: do_patsplit (field.c:1341)
==743055==    by 0x404FC3C: r_interpret (interpret.h:1114)
==743055==    by 0x400EDDE: main (main.c:532)
==743055== 
==743055== 88 bytes in 1 blocks are still reachable in loss record 169 of 237
==743055==    at 0x497D858: malloc (vg_replace_malloc.c:447)
==743055==    by 0x4068FEB: emalloc_real (awk.h:2156)
==743055==    by 0x4068FEB: r_getblock (node.c:1164)
==743055==    by 0x40348D2: make_node (cint_array.c:731)
==743055==    by 0x40348D2: cint_lookup (cint_array.c:256)
==743055==    by 0x4053EB4: assoc_set (awk.h:2220)
==743055==    by 0x4053EB4: set_element (field.c:1116)
==743055==    by 0x40549CE: fpat_parse_field (field.c:1888)
==743055==    by 0x405711B: do_patsplit (field.c:1341)
==743055==    by 0x404FC3C: r_interpret (interpret.h:1114)
==743055==    by 0x400EDDE: main (main.c:532)
==743055== 
==743055== 88 bytes in 1 blocks are still reachable in loss record 170 of 237
==743055==    at 0x497D858: malloc (vg_replace_malloc.c:447)
==743055==    by 0x4068FEB: emalloc_real (awk.h:2156)
==743055==    by 0x4068FEB: r_getblock (node.c:1164)
==743055==    by 0x40344E7: make_node (cint_array.c:731)
==743055==    by 0x40344E7: tree_lookup (cint_array.c:796)
==743055==    by 0x4053EB4: assoc_set (awk.h:2220)
==743055==    by 0x4053EB4: set_element (field.c:1116)
==743055==    by 0x40549CE: fpat_parse_field (field.c:1888)
==743055==    by 0x405711B: do_patsplit (field.c:1341)
==743055==    by 0x404FC3C: r_interpret (interpret.h:1114)
==743055==    by 0x400EDDE: main (main.c:532)
==743055== 
==743055== 88 bytes in 1 blocks are still reachable in loss record 171 of 237
==743055==    at 0x497D858: malloc (vg_replace_malloc.c:447)
==743055==    by 0x4068FEB: emalloc_real (awk.h:2156)
==743055==    by 0x4068FEB: r_getblock (node.c:1164)
==743055==    by 0x40693C1: make_str_node (node.c:406)
==743055==    by 0x4053E8E: set_element (field.c:1113)
==743055==    by 0x4054A71: fpat_parse_field (field.c:1906)
==743055==    by 0x405711B: do_patsplit (field.c:1341)
==743055==    by 0x404FC3C: r_interpret (interpret.h:1114)
==743055==    by 0x400EDDE: main (main.c:532)
==743055== 
==743055== 96 bytes in 2 blocks are still reachable in loss record 172 of 237
==743055==    at 0x497D858: malloc (vg_replace_malloc.c:447)
==743055==    by 0x4068FEB: emalloc_real (awk.h:2156)
==743055==    by 0x4068FEB: r_getblock (node.c:1164)
==743055==    by 0x40768D9: str_lookup (str_array.c:214)
==743055==    by 0x407708C: assoc_set (awk.h:2220)
==743055==    by 0x407708C: install (symbol.c:430)
==743055==    by 0x401CA25: yyparse (awkgram.y:2156)
==743055==    by 0x402073A: parse_program (awkgram.y:2797)
==743055==    by 0x400EAD8: main (main.c:483)
==743055== 
==743055== 104 bytes in 1 blocks are still reachable in loss record 173 of 237
==743055==    at 0x4984E43: calloc (vg_replace_malloc.c:1678)
==743055==    by 0x4075D54: ezalloc_real (awk.h:2174)
==743055==    by 0x4075D54: grow_table (str_array.c:682)
==743055==    by 0x407693C: str_lookup (str_array.c:150)
==743055==    by 0x407708C: assoc_set (awk.h:2220)
==743055==    by 0x407708C: install (symbol.c:430)
==743055==    by 0x4077369: install_symbol (symbol.c:173)
==743055==    by 0x4077369: init_the_tables (symbol.c:77)
==743055==    by 0x400D60A: main (main.c:287)
==743055== 
==743055== 104 bytes in 1 blocks are still reachable in loss record 174 of 237
==743055==    at 0x4984E43: calloc (vg_replace_malloc.c:1678)
==743055==    by 0x4075D54: ezalloc_real (awk.h:2174)
==743055==    by 0x4075D54: grow_table (str_array.c:682)
==743055==    by 0x407693C: str_lookup (str_array.c:150)
==743055==    by 0x407708C: assoc_set (awk.h:2220)
==743055==    by 0x407708C: install (symbol.c:430)
==743055==    by 0x400DA01: init_vars (main.c:865)
==743055==    by 0x400DA01: main (main.c:403)
==743055== 
==743055== 104 bytes in 1 blocks are still reachable in loss record 175 of 237
==743055==    at 0x4984E43: calloc (vg_replace_malloc.c:1678)
==743055==    by 0x4075D54: ezalloc_real (awk.h:2174)
==743055==    by 0x4075D54: grow_table (str_array.c:682)
==743055==    by 0x407693C: str_lookup (str_array.c:150)
==743055==    by 0x4054B9E: assoc_set (awk.h:2220)
==743055==    by 0x4054B9E: update_PROCINFO_str.part.0 (field.c:1662)
==743055==    by 0x400E71D: load_procinfo (main.c:1021)
==743055==    by 0x400E71D: init_vars (main.c:878)
==743055==    by 0x400E71D: main (main.c:403)
==743055== 
==743055== 104 bytes in 1 blocks are still reachable in loss record 176 of 237
==743055==    at 0x4984E43: calloc (vg_replace_malloc.c:1678)
==743055==    by 0x4075D54: ezalloc_real (awk.h:2174)
==743055==    by 0x4075D54: grow_table (str_array.c:682)
==743055==    by 0x407693C: str_lookup (str_array.c:150)
==743055==    by 0x400E127: assoc_set (awk.h:2220)
==743055==    by 0x400E127: load_environ (main.c:949)
==743055==    by 0x400E127: init_vars (main.c:879)
==743055==    by 0x400E127: main (main.c:403)
==743055== 
==743055== 104 bytes in 1 blocks are still reachable in loss record 177 of 237
==743055==    at 0x4984E43: calloc (vg_replace_malloc.c:1678)
==743055==    by 0x4075D54: ezalloc_real (awk.h:2174)
==743055==    by 0x4075D54: grow_table (str_array.c:682)
==743055==    by 0x407693C: str_lookup (str_array.c:150)
==743055==    by 0x407708C: assoc_set (awk.h:2220)
==743055==    by 0x407708C: install (symbol.c:430)
==743055==    by 0x401982E: install_builtins (awkgram.y:6601)
==743055==    by 0x400ED71: main (main.c:491)
==743055== 
==743055== 104 bytes in 1 blocks are still reachable in loss record 178 of 237
==743055==    at 0x4984E43: calloc (vg_replace_malloc.c:1678)
==743055==    by 0x4075D54: ezalloc_real (awk.h:2174)
==743055==    by 0x4075D54: grow_table (str_array.c:682)
==743055==    by 0x407693C: str_lookup (str_array.c:150)
==743055==    by 0x40782E9: load_symbols (symbol.c:701)
==743055==    by 0x400ED85: main (main.c:499)
==743055== 
==743055== 120 bytes in 1 blocks are still reachable in loss record 179 of 237
==743055==    at 0x498507F: realloc (vg_replace_malloc.c:1804)
==743055==    by 0x4014E11: erealloc_real (awk.h:2192)
==743055==    by 0x4014E11: tokexpand (awkgram.y:3290)
==743055==    by 0x401ACE7: yylex (awkgram.y:4062)
==743055==    by 0x401C83C: yyparse (awkgram.c:1879)
==743055==    by 0x402073A: parse_program (awkgram.y:2797)
==743055==    by 0x400EAD8: main (main.c:483)
==743055== 
==743055== 136 bytes in 1 blocks are still reachable in loss record 180 of 237
==743055==    at 0x4984E43: calloc (vg_replace_malloc.c:1678)
==743055==    by 0x407421C: ezalloc_real (awk.h:2174)
==743055==    by 0x407421C: make_regexp (re.c:278)
==743055==    by 0x40753B5: re_cache_get (re.c:556)
==743055==    by 0x40753B5: re_update (re.c:610)
==743055==    by 0x40570DF: do_patsplit (field.c:1339)
==743055==    by 0x404FC3C: r_interpret (interpret.h:1114)
==743055==    by 0x400EDDE: main (main.c:532)
==743055== 
==743055== 151 bytes in 24 blocks are still reachable in loss record 181 of 237
==743055==    at 0x497D858: malloc (vg_replace_malloc.c:447)
==743055==    by 0x4066564: emalloc_real (awk.h:2156)
==743055==    by 0x4066564: estrdup (main.c:1451)
==743055==    by 0x400D9F0: init_vars (main.c:865)
==743055==    by 0x400D9F0: main (main.c:403)
==743055== 
==743055== 151 bytes in 24 blocks are still reachable in loss record 182 of 237
==743055==    at 0x497D858: malloc (vg_replace_malloc.c:447)
==743055==    by 0x4069457: emalloc_real (awk.h:2156)
==743055==    by 0x4069457: make_str_node (node.c:422)
==743055==    by 0x4077055: install (symbol.c:399)
==743055==    by 0x400DA01: init_vars (main.c:865)
==743055==    by 0x400DA01: main (main.c:403)
==743055== 
==743055== 160 bytes in 1 blocks are still reachable in loss record 183 of 237
==743055==    at 0x497D858: malloc (vg_replace_malloc.c:447)
==743055==    by 0x4086BDE: compile.constprop.0 (minrx.c:1905)
==743055==    by 0x4089B38: minrx_regncomp (minrx.c:2490)
==743055==    by 0x407427D: make_regexp (re.c:355)
==743055==    by 0x40753B5: re_cache_get (re.c:556)
==743055==    by 0x40753B5: re_update (re.c:610)
==743055==    by 0x40570DF: do_patsplit (field.c:1339)
==743055==    by 0x404FC3C: r_interpret (interpret.h:1114)
==743055==    by 0x400EDDE: main (main.c:532)
==743055== 
==743055== 176 bytes in 2 blocks are still reachable in loss record 184 of 237
==743055==    at 0x497D858: malloc (vg_replace_malloc.c:447)
==743055==    by 0x4068FEB: emalloc_real (awk.h:2156)
==743055==    by 0x4068FEB: r_getblock (node.c:1164)
==743055==    by 0x40693C1: make_str_node (node.c:406)
==743055==    by 0x4077055: install (symbol.c:399)
==743055==    by 0x401CA25: yyparse (awkgram.y:2156)
==743055==    by 0x402073A: parse_program (awkgram.y:2797)
==743055==    by 0x400EAD8: main (main.c:483)
==743055== 
==743055== 176 bytes in 2 blocks are still reachable in loss record 185 of 237
==743055==    at 0x497D858: malloc (vg_replace_malloc.c:447)
==743055==    by 0x4068FEB: emalloc_real (awk.h:2156)
==743055==    by 0x4068FEB: r_getblock (node.c:1164)
==743055==    by 0x4077133: make_symbol (symbol.c:376)
==743055==    by 0x4077133: install (symbol.c:417)
==743055==    by 0x401CA25: yyparse (awkgram.y:2156)
==743055==    by 0x402073A: parse_program (awkgram.y:2797)
==743055==    by 0x400EAD8: main (main.c:483)
==743055== 
==743055== 176 bytes in 2 blocks are still reachable in loss record 186 of 237
==743055==    at 0x497D858: malloc (vg_replace_malloc.c:447)
==743055==    by 0x4068FEB: emalloc_real (awk.h:2156)
==743055==    by 0x4068FEB: r_getblock (node.c:1164)
==743055==    by 0x40348D2: make_node (cint_array.c:731)
==743055==    by 0x40348D2: cint_lookup (cint_array.c:256)
==743055==    by 0x404EEEF: r_interpret (interpret.h:427)
==743055==    by 0x400EDDE: main (main.c:532)
==743055== 
==743055== 176 bytes in 2 blocks are still reachable in loss record 187 of 237
==743055==    at 0x497D858: malloc (vg_replace_malloc.c:447)
==743055==    by 0x4068FEB: emalloc_real (awk.h:2156)
==743055==    by 0x4068FEB: r_getblock (node.c:1164)
==743055==    by 0x40344E7: make_node (cint_array.c:731)
==743055==    by 0x40344E7: tree_lookup (cint_array.c:796)
==743055==    by 0x404EEEF: r_interpret (interpret.h:427)
==743055==    by 0x400EDDE: main (main.c:532)
==743055== 
==743055== 176 bytes in 2 blocks are still reachable in loss record 188 of 237
==743055==    at 0x497D858: malloc (vg_replace_malloc.c:447)
==743055==    by 0x4068FEB: emalloc_real (awk.h:2156)
==743055==    by 0x4068FEB: r_getblock (node.c:1164)
==743055==    by 0x40693C1: make_str_node (node.c:406)
==743055==    by 0x4053E8E: set_element (field.c:1113)
==743055==    by 0x4054A01: fpat_parse_field (field.c:1894)
==743055==    by 0x405711B: do_patsplit (field.c:1341)
==743055==    by 0x404FC3C: r_interpret (interpret.h:1114)
==743055==    by 0x400EDDE: main (main.c:532)
==743055== 
==743055== 176 bytes in 2 blocks are still reachable in loss record 189 of 237
==743055==    at 0x497D858: malloc (vg_replace_malloc.c:447)
==743055==    by 0x4068FEB: emalloc_real (awk.h:2156)
==743055==    by 0x4068FEB: r_getblock (node.c:1164)
==743055==    by 0x40693C1: make_str_node (node.c:406)
==743055==    by 0x4053E8E: set_element (field.c:1113)
==743055==    by 0x40549CE: fpat_parse_field (field.c:1888)
==743055==    by 0x405711B: do_patsplit (field.c:1341)
==743055==    by 0x404FC3C: r_interpret (interpret.h:1114)
==743055==    by 0x400EDDE: main (main.c:532)
==743055== 
==743055== 176 bytes in 2 blocks are still reachable in loss record 190 of 237
==743055==    at 0x497D858: malloc (vg_replace_malloc.c:447)
==743055==    by 0x4068FEB: emalloc_real (awk.h:2156)
==743055==    by 0x4068FEB: r_getblock (node.c:1164)
==743055==    by 0x4069930: make_number_node (awk.h:2206)
==743055==    by 0x4069930: r_make_number (node.c:369)
==743055==    by 0x404E0D1: r_interpret (interpret.h:731)
==743055==    by 0x400EDDE: main (main.c:532)
==743055== 
==743055== 199 bytes in 6 blocks are still reachable in loss record 191 of 237
==743055==    at 0x498507F: realloc (vg_replace_malloc.c:1804)
==743055==    by 0x406956E: erealloc_real (awk.h:2192)
==743055==    by 0x406956E: make_str_node (node.c:494)
==743055==    by 0x401B194: yylex (awkgram.y:4074)
==743055==    by 0x401C83C: yyparse (awkgram.c:1879)
==743055==    by 0x402073A: parse_program (awkgram.y:2797)
==743055==    by 0x400EAD8: main (main.c:483)
==743055== 
==743055== 205 bytes in 24 blocks are still reachable in loss record 192 of 237
==743055==    at 0x497D858: malloc (vg_replace_malloc.c:447)
==743055==    by 0x4069457: emalloc_real (awk.h:2156)
==743055==    by 0x4069457: make_str_node (node.c:422)
==743055==    by 0x400E0F5: load_environ (main.c:946)
==743055==    by 0x400E0F5: init_vars (main.c:879)
==743055==    by 0x400E0F5: main (main.c:403)
==743055== 
==743055== 256 bytes in 1 blocks are still reachable in loss record 193 of 237
==743055==    at 0x4984E43: calloc (vg_replace_malloc.c:1678)
==743055==    by 0x4034892: ezalloc_real (awk.h:2174)
==743055==    by 0x4034892: cint_lookup (cint_array.c:249)
==743055==    by 0x400E9D6: assoc_set (awk.h:2220)
==743055==    by 0x400E9D6: load_procinfo_argv (main.c:992)
==743055==    by 0x400E9D6: load_procinfo (main.c:1093)
==743055==    by 0x400E9D6: init_vars (main.c:878)
==743055==    by 0x400E9D6: main (main.c:403)
==743055== 
==743055== 256 bytes in 1 blocks are still reachable in loss record 194 of 237
==743055==    at 0x4984E43: calloc (vg_replace_malloc.c:1678)
==743055==    by 0x4034297: ezalloc_real (awk.h:2174)
==743055==    by 0x4034297: tree_lookup (cint_array.c:773)
==743055==    by 0x400E9D6: assoc_set (awk.h:2220)
==743055==    by 0x400E9D6: load_procinfo_argv (main.c:992)
==743055==    by 0x400E9D6: load_procinfo (main.c:1093)
==743055==    by 0x400E9D6: init_vars (main.c:878)
==743055==    by 0x400E9D6: main (main.c:403)
==743055== 
==743055== 256 bytes in 1 blocks are still reachable in loss record 195 of 237
==743055==    at 0x4984E43: calloc (vg_replace_malloc.c:1678)
==743055==    by 0x40344C0: ezalloc_real (awk.h:2174)
==743055==    by 0x40344C0: leaf_lookup (cint_array.c:1064)
==743055==    by 0x40344C0: tree_lookup (cint_array.c:797)
==743055==    by 0x400E9D6: assoc_set (awk.h:2220)
==743055==    by 0x400E9D6: load_procinfo_argv (main.c:992)
==743055==    by 0x400E9D6: load_procinfo (main.c:1093)
==743055==    by 0x400E9D6: init_vars (main.c:878)
==743055==    by 0x400E9D6: main (main.c:403)
==743055== 
==743055== 256 bytes in 1 blocks are still reachable in loss record 196 of 237
==743055==    at 0x4984E43: calloc (vg_replace_malloc.c:1678)
==743055==    by 0x4034892: ezalloc_real (awk.h:2174)
==743055==    by 0x4034892: cint_lookup (cint_array.c:249)
==743055==    by 0x40662E6: assoc_set (awk.h:2220)
==743055==    by 0x400E453: init_args (main.c:768)
==743055==    by 0x400E453: main (main.c:470)
==743055== 
==743055== 256 bytes in 1 blocks are still reachable in loss record 197 of 237
==743055==    at 0x4984E43: calloc (vg_replace_malloc.c:1678)
==743055==    by 0x4034297: ezalloc_real (awk.h:2174)
==743055==    by 0x4034297: tree_lookup (cint_array.c:773)
==743055==    by 0x40662E6: assoc_set (awk.h:2220)
==743055==    by 0x400E453: init_args (main.c:768)
==743055==    by 0x400E453: main (main.c:470)
==743055== 
==743055== 256 bytes in 1 blocks are still reachable in loss record 198 of 237
==743055==    at 0x4984E43: calloc (vg_replace_malloc.c:1678)
==743055==    by 0x40344C0: ezalloc_real (awk.h:2174)
==743055==    by 0x40344C0: leaf_lookup (cint_array.c:1064)
==743055==    by 0x40344C0: tree_lookup (cint_array.c:797)
==743055==    by 0x40662E6: assoc_set (awk.h:2220)
==743055==    by 0x400E453: init_args (main.c:768)
==743055==    by 0x400E453: main (main.c:470)
==743055== 
==743055== 256 bytes in 1 blocks are still reachable in loss record 199 of 237
==743055==    at 0x4984E43: calloc (vg_replace_malloc.c:1678)
==743055==    by 0x4034892: ezalloc_real (awk.h:2174)
==743055==    by 0x4034892: cint_lookup (cint_array.c:249)
==743055==    by 0x4053EB4: assoc_set (awk.h:2220)
==743055==    by 0x4053EB4: set_element (field.c:1116)
==743055==    by 0x4054A01: fpat_parse_field (field.c:1894)
==743055==    by 0x405711B: do_patsplit (field.c:1341)
==743055==    by 0x404FC3C: r_interpret (interpret.h:1114)
==743055==    by 0x400EDDE: main (main.c:532)
==743055== 
==743055== 256 bytes in 1 blocks are still reachable in loss record 200 of 237
==743055==    at 0x4984E43: calloc (vg_replace_malloc.c:1678)
==743055==    by 0x4034297: ezalloc_real (awk.h:2174)
==743055==    by 0x4034297: tree_lookup (cint_array.c:773)
==743055==    by 0x4053EB4: assoc_set (awk.h:2220)
==743055==    by 0x4053EB4: set_element (field.c:1116)
==743055==    by 0x4054A01: fpat_parse_field (field.c:1894)
==743055==    by 0x405711B: do_patsplit (field.c:1341)
==743055==    by 0x404FC3C: r_interpret (interpret.h:1114)
==743055==    by 0x400EDDE: main (main.c:532)
==743055== 
==743055== 256 bytes in 1 blocks are still reachable in loss record 201 of 237
==743055==    at 0x4984E43: calloc (vg_replace_malloc.c:1678)
==743055==    by 0x40344C0: ezalloc_real (awk.h:2174)
==743055==    by 0x40344C0: leaf_lookup (cint_array.c:1064)
==743055==    by 0x40344C0: tree_lookup (cint_array.c:797)
==743055==    by 0x4053EB4: assoc_set (awk.h:2220)
==743055==    by 0x4053EB4: set_element (field.c:1116)
==743055==    by 0x4054A01: fpat_parse_field (field.c:1894)
==743055==    by 0x405711B: do_patsplit (field.c:1341)
==743055==    by 0x404FC3C: r_interpret (interpret.h:1114)
==743055==    by 0x400EDDE: main (main.c:532)
==743055== 
==743055== 256 bytes in 1 blocks are still reachable in loss record 202 of 237
==743055==    at 0x4984E43: calloc (vg_replace_malloc.c:1678)
==743055==    by 0x4034892: ezalloc_real (awk.h:2174)
==743055==    by 0x4034892: cint_lookup (cint_array.c:249)
==743055==    by 0x4053EB4: assoc_set (awk.h:2220)
==743055==    by 0x4053EB4: set_element (field.c:1116)
==743055==    by 0x40549CE: fpat_parse_field (field.c:1888)
==743055==    by 0x405711B: do_patsplit (field.c:1341)
==743055==    by 0x404FC3C: r_interpret (interpret.h:1114)
==743055==    by 0x400EDDE: main (main.c:532)
==743055== 
==743055== 256 bytes in 1 blocks are still reachable in loss record 203 of 237
==743055==    at 0x4984E43: calloc (vg_replace_malloc.c:1678)
==743055==    by 0x4034297: ezalloc_real (awk.h:2174)
==743055==    by 0x4034297: tree_lookup (cint_array.c:773)
==743055==    by 0x4053EB4: assoc_set (awk.h:2220)
==743055==    by 0x4053EB4: set_element (field.c:1116)
==743055==    by 0x40549CE: fpat_parse_field (field.c:1888)
==743055==    by 0x405711B: do_patsplit (field.c:1341)
==743055==    by 0x404FC3C: r_interpret (interpret.h:1114)
==743055==    by 0x400EDDE: main (main.c:532)
==743055== 
==743055== 256 bytes in 1 blocks are still reachable in loss record 204 of 237
==743055==    at 0x4984E43: calloc (vg_replace_malloc.c:1678)
==743055==    by 0x40344C0: ezalloc_real (awk.h:2174)
==743055==    by 0x40344C0: leaf_lookup (cint_array.c:1064)
==743055==    by 0x40344C0: tree_lookup (cint_array.c:797)
==743055==    by 0x4053EB4: assoc_set (awk.h:2220)
==743055==    by 0x4053EB4: set_element (field.c:1116)
==743055==    by 0x40549CE: fpat_parse_field (field.c:1888)
==743055==    by 0x405711B: do_patsplit (field.c:1341)
==743055==    by 0x404FC3C: r_interpret (interpret.h:1114)
==743055==    by 0x400EDDE: main (main.c:532)
==743055== 
==743055== 264 bytes in 3 blocks are still reachable in loss record 205 of 237
==743055==    at 0x497D858: malloc (vg_replace_malloc.c:447)
==743055==    by 0x4068FEB: emalloc_real (awk.h:2156)
==743055==    by 0x4068FEB: r_getblock (node.c:1164)
==743055==    by 0x40693C1: make_str_node (node.c:406)
==743055==    by 0x400E9C6: load_procinfo_argv (main.c:991)
==743055==    by 0x400E9C6: load_procinfo (main.c:1093)
==743055==    by 0x400E9C6: init_vars (main.c:878)
==743055==    by 0x400E9C6: main (main.c:403)
==743055== 
==743055== 278 bytes in 42 blocks are still reachable in loss record 206 of 237
==743055==    at 0x497D858: malloc (vg_replace_malloc.c:447)
==743055==    by 0x4069457: emalloc_real (awk.h:2156)
==743055==    by 0x4069457: make_str_node (node.c:422)
==743055==    by 0x4077055: install (symbol.c:399)
==743055==    by 0x401982E: install_builtins (awkgram.y:6601)
==743055==    by 0x400ED71: main (main.c:491)
==743055== 
==743055== 296 bytes in 1 blocks are still reachable in loss record 207 of 237
==743055==    at 0x4984E43: calloc (vg_replace_malloc.c:1678)
==743055==    by 0x4014A06: ezalloc_real (awk.h:2174)
==743055==    by 0x4014A06: do_add_srcfile (awkgram.y:2833)
==743055==    by 0x4018A70: add_srcfile (awkgram.y:2916)
==743055==    by 0x400D7E5: parse_args (main.c:1585)
==743055==    by 0x400D7E5: main (main.c:294)
==743055== 
==743055== 336 bytes in 7 blocks are still reachable in loss record 208 of 237
==743055==    at 0x497D858: malloc (vg_replace_malloc.c:447)
==743055==    by 0x4068FEB: emalloc_real (awk.h:2156)
==743055==    by 0x4068FEB: r_getblock (node.c:1164)
==743055==    by 0x40768D9: str_lookup (str_array.c:214)
==743055==    by 0x407708C: assoc_set (awk.h:2220)
==743055==    by 0x407708C: install (symbol.c:430)
==743055==    by 0x401CA63: yyparse (awkgram.y:2148)
==743055==    by 0x402073A: parse_program (awkgram.y:2797)
==743055==    by 0x400EAD8: main (main.c:483)
==743055== 
==743055== 352 bytes in 1 blocks are still reachable in loss record 209 of 237
==743055==    at 0x497D858: malloc (vg_replace_malloc.c:447)
==743055==    by 0x40869ED: compile.constprop.0 (minrx.c:1866)
==743055==    by 0x4089B38: minrx_regncomp (minrx.c:2490)
==743055==    by 0x407427D: make_regexp (re.c:355)
==743055==    by 0x40753B5: re_cache_get (re.c:556)
==743055==    by 0x40753B5: re_update (re.c:610)
==743055==    by 0x40570DF: do_patsplit (field.c:1339)
==743055==    by 0x404FC3C: r_interpret (interpret.h:1114)
==743055==    by 0x400EDDE: main (main.c:532)
==743055== 
==743055== 510 bytes in 81 blocks are still reachable in loss record 210 of 237
==743055==    at 0x497D858: malloc (vg_replace_malloc.c:447)
==743055==    by 0x4069457: emalloc_real (awk.h:2156)
==743055==    by 0x4069457: make_str_node (node.c:422)
==743055==    by 0x4078494: load_symbols (symbol.c:700)
==743055==    by 0x400ED85: main (main.c:499)
==743055== 
==743055== 512 bytes in 2 blocks are still reachable in loss record 211 of 237
==743055==    at 0x4984E43: calloc (vg_replace_malloc.c:1678)
==743055==    by 0x4034892: ezalloc_real (awk.h:2174)
==743055==    by 0x4034892: cint_lookup (cint_array.c:249)
==743055==    by 0x404EEEF: r_interpret (interpret.h:427)
==743055==    by 0x400EDDE: main (main.c:532)
==743055== 
==743055== 512 bytes in 2 blocks are still reachable in loss record 212 of 237
==743055==    at 0x4984E43: calloc (vg_replace_malloc.c:1678)
==743055==    by 0x4034297: ezalloc_real (awk.h:2174)
==743055==    by 0x4034297: tree_lookup (cint_array.c:773)
==743055==    by 0x404EEEF: r_interpret (interpret.h:427)
==743055==    by 0x400EDDE: main (main.c:532)
==743055== 
==743055== 512 bytes in 2 blocks are still reachable in loss record 213 of 237
==743055==    at 0x4984E43: calloc (vg_replace_malloc.c:1678)
==743055==    by 0x40344C0: ezalloc_real (awk.h:2174)
==743055==    by 0x40344C0: leaf_lookup (cint_array.c:1064)
==743055==    by 0x40344C0: tree_lookup (cint_array.c:797)
==743055==    by 0x404EEEF: r_interpret (interpret.h:427)
==743055==    by 0x400EDDE: main (main.c:532)
==743055== 
==743055== 552 bytes in 1 blocks are still reachable in loss record 214 of 237
==743055==    at 0x4984E43: calloc (vg_replace_malloc.c:1678)
==743055==    by 0x4078976: ezalloc_real (awk.h:2174)
==743055==    by 0x4078976: new_context (symbol.c:870)
==743055==    by 0x400D61D: main (main.c:292)
==743055== 
==743055== 616 bytes in 7 blocks are still reachable in loss record 215 of 237
==743055==    at 0x497D858: malloc (vg_replace_malloc.c:447)
==743055==    by 0x4068FEB: emalloc_real (awk.h:2156)
==743055==    by 0x4068FEB: r_getblock (node.c:1164)
==743055==    by 0x40693C1: make_str_node (node.c:406)
==743055==    by 0x4077055: install (symbol.c:399)
==743055==    by 0x401CA63: yyparse (awkgram.y:2148)
==743055==    by 0x402073A: parse_program (awkgram.y:2797)
==743055==    by 0x400EAD8: main (main.c:483)
==743055== 
==743055== 616 bytes in 7 blocks are still reachable in loss record 216 of 237
==743055==    at 0x497D858: malloc (vg_replace_malloc.c:447)
==743055==    by 0x4068FEB: emalloc_real (awk.h:2156)
==743055==    by 0x4068FEB: r_getblock (node.c:1164)
==743055==    by 0x4077133: make_symbol (symbol.c:376)
==743055==    by 0x4077133: install (symbol.c:417)
==743055==    by 0x401CA63: yyparse (awkgram.y:2148)
==743055==    by 0x402073A: parse_program (awkgram.y:2797)
==743055==    by 0x400EAD8: main (main.c:483)
==743055== 
==743055== 830 bytes in 24 blocks are still reachable in loss record 217 of 237
==743055==    at 0x497D858: malloc (vg_replace_malloc.c:447)
==743055==    by 0x4069457: emalloc_real (awk.h:2156)
==743055==    by 0x4069457: make_str_node (node.c:422)
==743055==    by 0x400E10D: load_environ (main.c:947)
==743055==    by 0x400E10D: init_vars (main.c:879)
==743055==    by 0x400E10D: main (main.c:403)
==743055== 
==743055== 880 bytes in 10 blocks are still reachable in loss record 218 of 237
==743055==    at 0x497D858: malloc (vg_replace_malloc.c:447)
==743055==    by 0x4068FEB: emalloc_real (awk.h:2156)
==743055==    by 0x4068FEB: r_getblock (node.c:1164)
==743055==    by 0x4069930: make_number_node (awk.h:2206)
==743055==    by 0x4069930: r_make_number (node.c:369)
==743055==    by 0x400DA23: init_vars (main.c:869)
==743055==    by 0x400DA23: main (main.c:403)
==743055== 
==743055== 968 bytes in 11 blocks are still reachable in loss record 219 of 237
==743055==    at 0x497D858: malloc (vg_replace_malloc.c:447)
==743055==    by 0x4068FEB: emalloc_real (awk.h:2156)
==743055==    by 0x4068FEB: r_getblock (node.c:1164)
==743055==    by 0x40693C1: make_str_node (node.c:406)
==743055==    by 0x401B194: yylex (awkgram.y:4074)
==743055==    by 0x401C83C: yyparse (awkgram.c:1879)
==743055==    by 0x402073A: parse_program (awkgram.y:2797)
==743055==    by 0x400EAD8: main (main.c:483)
==743055== 
==743055== 1,152 bytes in 24 blocks are still reachable in loss record 220 of 237
==743055==    at 0x497D858: malloc (vg_replace_malloc.c:447)
==743055==    by 0x4068FEB: emalloc_real (awk.h:2156)
==743055==    by 0x4068FEB: r_getblock (node.c:1164)
==743055==    by 0x40768D9: str_lookup (str_array.c:214)
==743055==    by 0x407708C: assoc_set (awk.h:2220)
==743055==    by 0x407708C: install (symbol.c:430)
==743055==    by 0x400DA01: init_vars (main.c:865)
==743055==    by 0x400DA01: main (main.c:403)
==743055== 
==743055== 1,152 bytes in 24 blocks are still reachable in loss record 221 of 237
==743055==    at 0x497D858: malloc (vg_replace_malloc.c:447)
==743055==    by 0x4068FEB: emalloc_real (awk.h:2156)
==743055==    by 0x4068FEB: r_getblock (node.c:1164)
==743055==    by 0x40768D9: str_lookup (str_array.c:214)
==743055==    by 0x400E127: assoc_set (awk.h:2220)
==743055==    by 0x400E127: load_environ (main.c:949)
==743055==    by 0x400E127: init_vars (main.c:879)
==743055==    by 0x400E127: main (main.c:403)
==743055== 
==743055== 1,232 bytes in 14 blocks are still reachable in loss record 222 of 237
==743055==    at 0x497D858: malloc (vg_replace_malloc.c:447)
==743055==    by 0x4068FEB: emalloc_real (awk.h:2156)
==743055==    by 0x4068FEB: r_getblock (node.c:1164)
==743055==    by 0x40693C1: make_str_node (node.c:406)
==743055==    by 0x400D984: init_vars (main.c:867)
==743055==    by 0x400D984: main (main.c:403)
==743055== 
==743055== 1,584 bytes in 18 blocks are still reachable in loss record 223 of 237
==743055==    at 0x497D858: malloc (vg_replace_malloc.c:447)
==743055==    by 0x4068FEB: emalloc_real (awk.h:2156)
==743055==    by 0x4068FEB: r_getblock (node.c:1164)
==743055==    by 0x4069930: make_number_node (awk.h:2206)
==743055==    by 0x4069930: r_make_number (node.c:369)
==743055==    by 0x401A26C: yylex (awkgram.y:4256)
==743055==    by 0x401C83C: yyparse (awkgram.c:1879)
==743055==    by 0x402073A: parse_program (awkgram.y:2797)
==743055==    by 0x400EAD8: main (main.c:483)
==743055== 
==743055== 2,016 bytes in 42 blocks are still reachable in loss record 224 of 237
==743055==    at 0x497D858: malloc (vg_replace_malloc.c:447)
==743055==    by 0x4068FEB: emalloc_real (awk.h:2156)
==743055==    by 0x4068FEB: r_getblock (node.c:1164)
==743055==    by 0x40768D9: str_lookup (str_array.c:214)
==743055==    by 0x407708C: assoc_set (awk.h:2220)
==743055==    by 0x407708C: install (symbol.c:430)
==743055==    by 0x401982E: install_builtins (awkgram.y:6601)
==743055==    by 0x400ED71: main (main.c:491)
==743055== 
==743055== 2,048 bytes in 1 blocks are still reachable in loss record 225 of 237
==743055==    at 0x497D858: malloc (vg_replace_malloc.c:447)
==743055==    by 0x4048A59: emalloc_real (awk.h:2156)
==743055==    by 0x4048A59: init_interpret (eval.c:1897)
==743055==    by 0x400E3D5: main (main.c:468)
==743055== 
==743055== 2,112 bytes in 24 blocks are still reachable in loss record 226 of 237
==743055==    at 0x497D858: malloc (vg_replace_malloc.c:447)
==743055==    by 0x4068FEB: emalloc_real (awk.h:2156)
==743055==    by 0x4068FEB: r_getblock (node.c:1164)
==743055==    by 0x40693C1: make_str_node (node.c:406)
==743055==    by 0x4077055: install (symbol.c:399)
==743055==    by 0x400DA01: init_vars (main.c:865)
==743055==    by 0x400DA01: main (main.c:403)
==743055== 
==743055== 2,112 bytes in 24 blocks are still reachable in loss record 227 of 237
==743055==    at 0x497D858: malloc (vg_replace_malloc.c:447)
==743055==    by 0x4068FEB: emalloc_real (awk.h:2156)
==743055==    by 0x4068FEB: r_getblock (node.c:1164)
==743055==    by 0x4077133: make_symbol (symbol.c:376)
==743055==    by 0x4077133: install (symbol.c:417)
==743055==    by 0x400DA01: init_vars (main.c:865)
==743055==    by 0x400DA01: main (main.c:403)
==743055== 
==743055== 2,112 bytes in 24 blocks are still reachable in loss record 228 of 237
==743055==    at 0x497D858: malloc (vg_replace_malloc.c:447)
==743055==    by 0x4068FEB: emalloc_real (awk.h:2156)
==743055==    by 0x4068FEB: r_getblock (node.c:1164)
==743055==    by 0x40693C1: make_str_node (node.c:406)
==743055==    by 0x400E0F5: load_environ (main.c:946)
==743055==    by 0x400E0F5: init_vars (main.c:879)
==743055==    by 0x400E0F5: main (main.c:403)
==743055== 
==743055== 2,112 bytes in 24 blocks are still reachable in loss record 229 of 237
==743055==    at 0x497D858: malloc (vg_replace_malloc.c:447)
==743055==    by 0x4068FEB: emalloc_real (awk.h:2156)
==743055==    by 0x4068FEB: r_getblock (node.c:1164)
==743055==    by 0x40693C1: make_str_node (node.c:406)
==743055==    by 0x400E10D: load_environ (main.c:947)
==743055==    by 0x400E10D: init_vars (main.c:879)
==743055==    by 0x400E10D: main (main.c:403)
==743055== 
==743055== 3,696 bytes in 42 blocks are still reachable in loss record 230 of 237
==743055==    at 0x497D858: malloc (vg_replace_malloc.c:447)
==743055==    by 0x4068FEB: emalloc_real (awk.h:2156)
==743055==    by 0x4068FEB: r_getblock (node.c:1164)
==743055==    by 0x40693C1: make_str_node (node.c:406)
==743055==    by 0x4077055: install (symbol.c:399)
==743055==    by 0x401982E: install_builtins (awkgram.y:6601)
==743055==    by 0x400ED71: main (main.c:491)
==743055== 
==743055== 3,696 bytes in 42 blocks are still reachable in loss record 231 of 237
==743055==    at 0x497D858: malloc (vg_replace_malloc.c:447)
==743055==    by 0x4068FEB: emalloc_real (awk.h:2156)
==743055==    by 0x4068FEB: r_getblock (node.c:1164)
==743055==    by 0x407721E: make_symbol (symbol.c:376)
==743055==    by 0x407721E: install (symbol.c:417)
==743055==    by 0x401982E: install_builtins (awkgram.y:6601)
==743055==    by 0x400ED71: main (main.c:491)
==743055== 
==743055== 3,888 bytes in 81 blocks are still reachable in loss record 232 of 237
==743055==    at 0x497D858: malloc (vg_replace_malloc.c:447)
==743055==    by 0x4068FEB: emalloc_real (awk.h:2156)
==743055==    by 0x4068FEB: r_getblock (node.c:1164)
==743055==    by 0x40768D9: str_lookup (str_array.c:214)
==743055==    by 0x40782E9: load_symbols (symbol.c:701)
==743055==    by 0x400ED85: main (main.c:499)
==743055== 
==743055== 5,048 bytes in 1 blocks are still reachable in loss record 233 of 237
==743055==    at 0x497D858: malloc (vg_replace_malloc.c:447)
==743055==    by 0x4078891: emalloc_real (awk.h:2156)
==743055==    by 0x4078891: bcalloc (symbol.c:849)
==743055==    by 0x402065C: parse_program (awkgram.y:2770)
==743055==    by 0x400EAD8: main (main.c:483)
==743055== 
==743055== 5,048 bytes in 1 blocks are still reachable in loss record 234 of 237
==743055==    at 0x497D858: malloc (vg_replace_malloc.c:447)
==743055==    by 0x4078891: emalloc_real (awk.h:2156)
==743055==    by 0x4078891: bcalloc (symbol.c:849)
==743055==    by 0x4020B58: parse_program (awkgram.y:2778)
==743055==    by 0x400EAD8: main (main.c:483)
==743055== 
==743055== 5,048 bytes in 1 blocks are still reachable in loss record 235 of 237
==743055==    at 0x497D858: malloc (vg_replace_malloc.c:447)
==743055==    by 0x4078891: emalloc_real (awk.h:2156)
==743055==    by 0x4078891: bcalloc (symbol.c:849)
==743055==    by 0x401C2EA: yylex (awkgram.y:4447)
==743055==    by 0x401C83C: yyparse (awkgram.c:1879)
==743055==    by 0x402073A: parse_program (awkgram.y:2797)
==743055==    by 0x400EAD8: main (main.c:483)
==743055== 
==743055== 5,048 bytes in 1 blocks are still reachable in loss record 236 of 237
==743055==    at 0x497D858: malloc (vg_replace_malloc.c:447)
==743055==    by 0x4078891: emalloc_real (awk.h:2156)
==743055==    by 0x4078891: bcalloc (symbol.c:849)
==743055==    by 0x401DF23: list_create (awkgram.y:6411)
==743055==    by 0x401DF23: yyparse (awkgram.y:1958)
==743055==    by 0x402073A: parse_program (awkgram.y:2797)
==743055==    by 0x400EAD8: main (main.c:483)
==743055== 
==743055== 7,128 bytes in 81 blocks are still reachable in loss record 237 of 237
==743055==    at 0x497D858: malloc (vg_replace_malloc.c:447)
==743055==    by 0x4068FEB: emalloc_real (awk.h:2156)
==743055==    by 0x4068FEB: r_getblock (node.c:1164)
==743055==    by 0x40693C1: make_str_node (node.c:406)
==743055==    by 0x4078494: load_symbols (symbol.c:700)
==743055==    by 0x400ED85: main (main.c:499)
==743055== 
==743055== LEAK SUMMARY:
==743055==    definitely lost: 0 bytes in 0 blocks
==743055==    indirectly lost: 0 bytes in 0 blocks
==743055==      possibly lost: 0 bytes in 0 blocks
==743055==    still reachable: 78,561 bytes in 994 blocks
==743055==         suppressed: 0 bytes in 0 blocks
==743055== 
==743055== For lists of detected and suppressed errors, rerun with: -s
==743055== ERROR SUMMARY: 0 errors from 0 contexts (suppressed: 0 from 0)
