==734315== Memcheck, a memory error detector
==734315== Copyright (C) 2002-2024, and GNU GPL'd, by Julian Seward et al.
==734315== Using Valgrind-3.26.0 and LibVEX; rerun with -h for copyright info
==734315== Command: gawk -f /opt/src/gawk-5.4.1/test/argcasfile.awk ARGC=1 \ /no/such/file
==734315== Parent PID: 734314
==734315== 
==734315== 
==734315== FILE DESCRIPTORS: 3 open (2 inherited) at exit.
==734315== Open file descriptor 0: /dev/null
==734315==    at 0x4C4BE8B: dup2 (dup2.c:29)
==734315==    by 0x405EDA8: remap_std_file (io.c:615)
==734315==    by 0x405EDA8: iop_close (io.c:651)
==734315==    by 0x4061153: nextfile (io.c:453)
==734315==    by 0x404ECBF: r_interpret (interpret.h:1421)
==734315==    by 0x400EDDE: main (main.c:532)
==734315== 
==734315== 
==734315== HEAP SUMMARY:
==734315==     in use at exit: 63,569 bytes in 861 blocks
==734315==   total heap usage: 1,343 allocs, 482 frees, 90,921 bytes allocated
==734315== 
==734315== 1 bytes in 1 blocks are still reachable in loss record 1 of 214
==734315==    at 0x497D858: malloc (vg_replace_malloc.c:447)
==734315==    by 0x4066564: emalloc_real (awk.h:2156)
==734315==    by 0x4066564: estrdup (main.c:1451)
==734315==    by 0x400D434: init_locale (main.c:1476)
==734315==    by 0x400D434: set_locale_stuff (main.c:1849)
==734315==    by 0x400D434: main (main.c:254)
==734315== 
==734315== 1 bytes in 1 blocks are still reachable in loss record 2 of 214
==734315==    at 0x497D858: malloc (vg_replace_malloc.c:447)
==734315==    by 0x4066564: emalloc_real (awk.h:2156)
==734315==    by 0x4066564: estrdup (main.c:1451)
==734315==    by 0x400D469: init_locale (main.c:1478)
==734315==    by 0x400D469: set_locale_stuff (main.c:1849)
==734315==    by 0x400D469: main (main.c:254)
==734315== 
==734315== 1 bytes in 1 blocks are still reachable in loss record 3 of 214
==734315==    at 0x497D858: malloc (vg_replace_malloc.c:447)
==734315==    by 0x4066564: emalloc_real (awk.h:2156)
==734315==    by 0x4066564: estrdup (main.c:1451)
==734315==    by 0x400D485: init_locale (main.c:1479)
==734315==    by 0x400D485: set_locale_stuff (main.c:1849)
==734315==    by 0x400D485: main (main.c:254)
==734315== 
==734315== 1 bytes in 1 blocks are still reachable in loss record 4 of 214
==734315==    at 0x497D858: malloc (vg_replace_malloc.c:447)
==734315==    by 0x4066564: emalloc_real (awk.h:2156)
==734315==    by 0x4066564: estrdup (main.c:1451)
==734315==    by 0x400D4A1: init_locale (main.c:1480)
==734315==    by 0x400D4A1: set_locale_stuff (main.c:1849)
==734315==    by 0x400D4A1: main (main.c:254)
==734315== 
==734315== 1 bytes in 1 blocks are still reachable in loss record 5 of 214
==734315==    at 0x497D858: malloc (vg_replace_malloc.c:447)
==734315==    by 0x4066564: emalloc_real (awk.h:2156)
==734315==    by 0x4066564: estrdup (main.c:1451)
==734315==    by 0x400D4BD: init_locale (main.c:1481)
==734315==    by 0x400D4BD: set_locale_stuff (main.c:1849)
==734315==    by 0x400D4BD: main (main.c:254)
==734315== 
==734315== 1 bytes in 1 blocks are still reachable in loss record 6 of 214
==734315==    at 0x497D858: malloc (vg_replace_malloc.c:447)
==734315==    by 0x4066564: emalloc_real (awk.h:2156)
==734315==    by 0x4066564: estrdup (main.c:1451)
==734315==    by 0x400D4D9: init_locale (main.c:1482)
==734315==    by 0x400D4D9: set_locale_stuff (main.c:1849)
==734315==    by 0x400D4D9: main (main.c:254)
==734315== 
==734315== 1 bytes in 1 blocks are still reachable in loss record 7 of 214
==734315==    at 0x497D858: malloc (vg_replace_malloc.c:447)
==734315==    by 0x4066564: emalloc_real (awk.h:2156)
==734315==    by 0x4066564: estrdup (main.c:1451)
==734315==    by 0x400D4F5: init_locale (main.c:1483)
==734315==    by 0x400D4F5: set_locale_stuff (main.c:1849)
==734315==    by 0x400D4F5: main (main.c:254)
==734315== 
==734315== 1 bytes in 1 blocks are still reachable in loss record 8 of 214
==734315==    at 0x497D858: malloc (vg_replace_malloc.c:447)
==734315==    by 0x4066564: emalloc_real (awk.h:2156)
==734315==    by 0x4066564: estrdup (main.c:1451)
==734315==    by 0x400D511: init_locale (main.c:1484)
==734315==    by 0x400D511: set_locale_stuff (main.c:1849)
==734315==    by 0x400D511: main (main.c:254)
==734315== 
==734315== 1 bytes in 1 blocks are still reachable in loss record 9 of 214
==734315==    at 0x497D858: malloc (vg_replace_malloc.c:447)
==734315==    by 0x4066564: emalloc_real (awk.h:2156)
==734315==    by 0x4066564: estrdup (main.c:1451)
==734315==    by 0x400D52D: init_locale (main.c:1485)
==734315==    by 0x400D52D: set_locale_stuff (main.c:1849)
==734315==    by 0x400D52D: main (main.c:254)
==734315== 
==734315== 1 bytes in 1 blocks are still reachable in loss record 10 of 214
==734315==    at 0x497D858: malloc (vg_replace_malloc.c:447)
==734315==    by 0x4069457: emalloc_real (awk.h:2156)
==734315==    by 0x4069457: make_str_node (node.c:422)
==734315==    by 0x400D5C7: main (main.c:278)
==734315== 
==734315== 1 bytes in 1 blocks are still reachable in loss record 11 of 214
==734315==    at 0x497D858: malloc (vg_replace_malloc.c:447)
==734315==    by 0x4069457: emalloc_real (awk.h:2156)
==734315==    by 0x4069457: make_str_node (node.c:422)
==734315==    by 0x40553E0: init_fields (field.c:111)
==734315==    by 0x400E1A4: main (main.c:410)
==734315== 
==734315== 1 bytes in 1 blocks are still reachable in loss record 12 of 214
==734315==    at 0x497D858: malloc (vg_replace_malloc.c:447)
==734315==    by 0x4069457: emalloc_real (awk.h:2156)
==734315==    by 0x4069457: make_str_node (node.c:422)
==734315==    by 0x40473FB: update_ERRNO_int (eval.c:1036)
==734315==    by 0x40473FB: update_ERRNO_int (eval.c:1022)
==734315==    by 0x40613B8: nextfile (io.c:515)
==734315==    by 0x404ECBF: r_interpret (interpret.h:1421)
==734315==    by 0x400EDDE: main (main.c:532)
==734315== 
==734315== 2 bytes in 1 blocks are still reachable in loss record 13 of 214
==734315==    at 0x497D858: malloc (vg_replace_malloc.c:447)
==734315==    by 0x4066564: emalloc_real (awk.h:2156)
==734315==    by 0x4066564: estrdup (main.c:1451)
==734315==    by 0x400D44E: init_locale (main.c:1477)
==734315==    by 0x400D44E: set_locale_stuff (main.c:1849)
==734315==    by 0x400D44E: main (main.c:254)
==734315== 
==734315== 2 bytes in 1 blocks are still reachable in loss record 14 of 214
==734315==    at 0x497D858: malloc (vg_replace_malloc.c:447)
==734315==    by 0x4046CFF: emalloc_real (awk.h:2156)
==734315==    by 0x4046CFF: set_OFS (eval.c:839)
==734315==    by 0x400D9A3: init_vars (main.c:873)
==734315==    by 0x400D9A3: main (main.c:403)
==734315== 
==734315== 2 bytes in 1 blocks are still reachable in loss record 15 of 214
==734315==    at 0x497D858: malloc (vg_replace_malloc.c:447)
==734315==    by 0x4066564: emalloc_real (awk.h:2156)
==734315==    by 0x4066564: estrdup (main.c:1451)
==734315==    by 0x401A0B8: yylex (awkgram.y:4495)
==734315==    by 0x401C83C: yyparse (awkgram.c:1879)
==734315==    by 0x402073A: parse_program (awkgram.y:2797)
==734315==    by 0x400EAD8: main (main.c:483)
==734315== 
==734315== 2 bytes in 1 blocks are still reachable in loss record 16 of 214
==734315==    at 0x497D858: malloc (vg_replace_malloc.c:447)
==734315==    by 0x4069457: emalloc_real (awk.h:2156)
==734315==    by 0x4069457: make_str_node (node.c:422)
==734315==    by 0x4077055: install (symbol.c:399)
==734315==    by 0x401CA63: yyparse (awkgram.y:2148)
==734315==    by 0x402073A: parse_program (awkgram.y:2797)
==734315==    by 0x400EAD8: main (main.c:483)
==734315== 
==734315== 2 bytes in 1 blocks are still reachable in loss record 17 of 214
==734315==    at 0x498507F: realloc (vg_replace_malloc.c:1804)
==734315==    by 0x406956E: erealloc_real (awk.h:2192)
==734315==    by 0x406956E: make_str_node (node.c:494)
==734315==    by 0x4066BF5: arg_assign (main.c:1252)
==734315==    by 0x4061222: nextfile (io.c:473)
==734315==    by 0x404ECBF: r_interpret (interpret.h:1421)
==734315==    by 0x400EDDE: main (main.c:532)
==734315== 
==734315== 2 bytes in 1 blocks are still reachable in loss record 18 of 214
==734315==    at 0x497D858: malloc (vg_replace_malloc.c:447)
==734315==    by 0x4069457: emalloc_real (awk.h:2156)
==734315==    by 0x4069457: make_str_node (node.c:422)
==734315==    by 0x40613F5: nextfile (io.c:518)
==734315==    by 0x404ECBF: r_interpret (interpret.h:1421)
==734315==    by 0x400EDDE: main (main.c:532)
==734315== 
==734315== 2 bytes in 1 blocks are still reachable in loss record 19 of 214
==734315==    at 0x497D858: malloc (vg_replace_malloc.c:447)
==734315==    by 0x4069457: emalloc_real (awk.h:2156)
==734315==    by 0x4069457: make_str_node (node.c:422)
==734315==    by 0x40604F8: get_a_record (io.c:4164)
==734315==    by 0x4060947: inrec (io.c:585)
==734315==    by 0x404ECFC: r_interpret (interpret.h:1457)
==734315==    by 0x400EDDE: main (main.c:532)
==734315== 
==734315== 2 bytes in 1 blocks are still reachable in loss record 20 of 214
==734315==    at 0x497D858: malloc (vg_replace_malloc.c:447)
==734315==    by 0x40686AD: emalloc_real (awk.h:2156)
==734315==    by 0x40686AD: r_format_val.part.0 (node.c:299)
==734315==    by 0x4026E28: force_string_fmt (awk.h:2058)
==734315==    by 0x4026E28: do_print (builtin.c:1166)
==734315==    by 0x404FED0: r_interpret (interpret.h:1166)
==734315==    by 0x400EDDE: main (main.c:532)
==734315== 
==734315== 3 bytes in 1 blocks are still reachable in loss record 21 of 214
==734315==    at 0x497D858: malloc (vg_replace_malloc.c:447)
==734315==    by 0x4069457: emalloc_real (awk.h:2156)
==734315==    by 0x4069457: make_str_node (node.c:422)
==734315==    by 0x4054B6F: update_PROCINFO_str.part.0 (field.c:1661)
==734315==    by 0x400E83A: load_procinfo (main.c:1072)
==734315==    by 0x400E83A: init_vars (main.c:878)
==734315==    by 0x400E83A: main (main.c:403)
==734315== 
==734315== 3 bytes in 1 blocks are still reachable in loss record 22 of 214
==734315==    at 0x497D858: malloc (vg_replace_malloc.c:447)
==734315==    by 0x4069457: emalloc_real (awk.h:2156)
==734315==    by 0x4069457: make_str_node (node.c:422)
==734315==    by 0x4054B87: update_PROCINFO_str.part.0 (field.c:1662)
==734315==    by 0x400E83A: load_procinfo (main.c:1072)
==734315==    by 0x400E83A: init_vars (main.c:878)
==734315==    by 0x400E83A: main (main.c:403)
==734315== 
==734315== 4 bytes in 1 blocks are still reachable in loss record 23 of 214
==734315==    at 0x497D858: malloc (vg_replace_malloc.c:447)
==734315==    by 0x4069457: emalloc_real (awk.h:2156)
==734315==    by 0x4069457: make_str_node (node.c:422)
==734315==    by 0x4058004: update_PROCINFO_num (field.c:1674)
==734315==    by 0x400E79D: load_procinfo (main.c:1055)
==734315==    by 0x400E79D: init_vars (main.c:878)
==734315==    by 0x400E79D: main (main.c:403)
==734315== 
==734315== 4 bytes in 1 blocks are still reachable in loss record 24 of 214
==734315==    at 0x497D858: malloc (vg_replace_malloc.c:447)
==734315==    by 0x4069457: emalloc_real (awk.h:2156)
==734315==    by 0x4069457: make_str_node (node.c:422)
==734315==    by 0x4058004: update_PROCINFO_num (field.c:1674)
==734315==    by 0x400E7D2: load_procinfo (main.c:1061)
==734315==    by 0x400E7D2: init_vars (main.c:878)
==734315==    by 0x400E7D2: main (main.c:403)
==734315== 
==734315== 4 bytes in 1 blocks are still reachable in loss record 25 of 214
==734315==    at 0x497D858: malloc (vg_replace_malloc.c:447)
==734315==    by 0x4069457: emalloc_real (awk.h:2156)
==734315==    by 0x4069457: make_str_node (node.c:422)
==734315==    by 0x4058004: update_PROCINFO_num (field.c:1674)
==734315==    by 0x400E80A: load_procinfo (main.c:1067)
==734315==    by 0x400E80A: init_vars (main.c:878)
==734315==    by 0x400E80A: main (main.c:403)
==734315== 
==734315== 4 bytes in 1 blocks are still reachable in loss record 26 of 214
==734315==    at 0x497D858: malloc (vg_replace_malloc.c:447)
==734315==    by 0x4069457: emalloc_real (awk.h:2156)
==734315==    by 0x4069457: make_str_node (node.c:422)
==734315==    by 0x4054B6F: update_PROCINFO_str.part.0 (field.c:1661)
==734315==    by 0x400E8D2: load_procinfo (main.c:1087)
==734315==    by 0x400E8D2: init_vars (main.c:878)
==734315==    by 0x400E8D2: main (main.c:403)
==734315== 
==734315== 5 bytes in 1 blocks are still reachable in loss record 27 of 214
==734315==    at 0x497D858: malloc (vg_replace_malloc.c:447)
==734315==    by 0x4069457: emalloc_real (awk.h:2156)
==734315==    by 0x4069457: make_str_node (node.c:422)
==734315==    by 0x4058004: update_PROCINFO_num (field.c:1674)
==734315==    by 0x400E7B6: load_procinfo (main.c:1058)
==734315==    by 0x400E7B6: init_vars (main.c:878)
==734315==    by 0x400E7B6: main (main.c:403)
==734315== 
==734315== 5 bytes in 1 blocks are still reachable in loss record 28 of 214
==734315==    at 0x497D858: malloc (vg_replace_malloc.c:447)
==734315==    by 0x4069457: emalloc_real (awk.h:2156)
==734315==    by 0x4069457: make_str_node (node.c:422)
==734315==    by 0x4058004: update_PROCINFO_num (field.c:1674)
==734315==    by 0x400E7EE: load_procinfo (main.c:1064)
==734315==    by 0x400E7EE: init_vars (main.c:878)
==734315==    by 0x400E7EE: main (main.c:403)
==734315== 
==734315== 5 bytes in 1 blocks are still reachable in loss record 29 of 214
==734315==    at 0x497D858: malloc (vg_replace_malloc.c:447)
==734315==    by 0x4069457: emalloc_real (awk.h:2156)
==734315==    by 0x4069457: make_str_node (node.c:422)
==734315==    by 0x4058004: update_PROCINFO_num (field.c:1674)
==734315==    by 0x400E826: load_procinfo (main.c:1070)
==734315==    by 0x400E826: init_vars (main.c:878)
==734315==    by 0x400E826: main (main.c:403)
==734315== 
==734315== 5 bytes in 1 blocks are still reachable in loss record 30 of 214
==734315==    at 0x497D858: malloc (vg_replace_malloc.c:447)
==734315==    by 0x4066564: emalloc_real (awk.h:2156)
==734315==    by 0x4066564: estrdup (main.c:1451)
==734315==    by 0x400E91C: load_procinfo_argv (main.c:988)
==734315==    by 0x400E91C: load_procinfo (main.c:1093)
==734315==    by 0x400E91C: init_vars (main.c:878)
==734315==    by 0x400E91C: main (main.c:403)
==734315== 
==734315== 5 bytes in 1 blocks are still reachable in loss record 31 of 214
==734315==    at 0x497D858: malloc (vg_replace_malloc.c:447)
==734315==    by 0x4069457: emalloc_real (awk.h:2156)
==734315==    by 0x4069457: make_str_node (node.c:422)
==734315==    by 0x400EC1B: load_procinfo_argv (main.c:996)
==734315==    by 0x400EC1B: load_procinfo (main.c:1093)
==734315==    by 0x400EC1B: init_vars (main.c:878)
==734315==    by 0x400EC1B: main (main.c:403)
==734315== 
==734315== 5 bytes in 1 blocks are still reachable in loss record 32 of 214
==734315==    at 0x497D858: malloc (vg_replace_malloc.c:447)
==734315==    by 0x4066564: emalloc_real (awk.h:2156)
==734315==    by 0x4066564: estrdup (main.c:1451)
==734315==    by 0x400E407: init_args (main.c:764)
==734315==    by 0x400E407: main (main.c:470)
==734315== 
==734315== 5 bytes in 1 blocks are still reachable in loss record 33 of 214
==734315==    at 0x497D858: malloc (vg_replace_malloc.c:447)
==734315==    by 0x4069457: emalloc_real (awk.h:2156)
==734315==    by 0x4069457: make_str_node (node.c:422)
==734315==    by 0x4077055: install (symbol.c:399)
==734315==    by 0x400E414: init_args (main.c:764)
==734315==    by 0x400E414: main (main.c:470)
==734315== 
==734315== 5 bytes in 1 blocks are still reachable in loss record 34 of 214
==734315==    at 0x497D858: malloc (vg_replace_malloc.c:447)
==734315==    by 0x4069457: emalloc_real (awk.h:2156)
==734315==    by 0x4069457: make_str_node (node.c:422)
==734315==    by 0x400E43D: init_args (main.c:766)
==734315==    by 0x400E43D: main (main.c:470)
==734315== 
==734315== 5 bytes in 1 blocks are still reachable in loss record 35 of 214
==734315==    at 0x497D858: malloc (vg_replace_malloc.c:447)
==734315==    by 0x4066564: emalloc_real (awk.h:2156)
==734315==    by 0x4066564: estrdup (main.c:1451)
==734315==    by 0x400EA83: init_args (main.c:791)
==734315==    by 0x400EA83: main (main.c:470)
==734315== 
==734315== 5 bytes in 1 blocks are still reachable in loss record 36 of 214
==734315==    at 0x497D858: malloc (vg_replace_malloc.c:447)
==734315==    by 0x4069457: emalloc_real (awk.h:2156)
==734315==    by 0x4069457: make_str_node (node.c:422)
==734315==    by 0x4077055: install (symbol.c:399)
==734315==    by 0x400EA90: init_args (main.c:791)
==734315==    by 0x400EA90: main (main.c:470)
==734315== 
==734315== 6 bytes in 1 blocks are still reachable in loss record 37 of 214
==734315==    at 0x497D858: malloc (vg_replace_malloc.c:447)
==734315==    by 0x4069457: emalloc_real (awk.h:2156)
==734315==    by 0x4069457: make_str_node (node.c:422)
==734315==    by 0x4054B87: update_PROCINFO_str.part.0 (field.c:1662)
==734315==    by 0x400E71D: load_procinfo (main.c:1021)
==734315==    by 0x400E71D: init_vars (main.c:878)
==734315==    by 0x400E71D: main (main.c:403)
==734315== 
==734315== 6 bytes in 1 blocks are still reachable in loss record 38 of 214
==734315==    at 0x497D858: malloc (vg_replace_malloc.c:447)
==734315==    by 0x4069457: emalloc_real (awk.h:2156)
==734315==    by 0x4069457: make_str_node (node.c:422)
==734315==    by 0x4054B87: update_PROCINFO_str.part.0 (field.c:1662)
==734315==    by 0x400E743: load_procinfo (main.c:1023)
==734315==    by 0x400E743: init_vars (main.c:878)
==734315==    by 0x400E743: main (main.c:403)
==734315== 
==734315== 6 bytes in 1 blocks are still reachable in loss record 39 of 214
==734315==    at 0x497D858: malloc (vg_replace_malloc.c:447)
==734315==    by 0x4069457: emalloc_real (awk.h:2156)
==734315==    by 0x4069457: make_str_node (node.c:422)
==734315==    by 0x407810A: load_symbols (symbol.c:681)
==734315==    by 0x400ED85: main (main.c:499)
==734315== 
==734315== 6 bytes in 1 blocks are still reachable in loss record 40 of 214
==734315==    at 0x497D858: malloc (vg_replace_malloc.c:447)
==734315==    by 0x4069457: emalloc_real (awk.h:2156)
==734315==    by 0x4069457: make_str_node (node.c:422)
==734315==    by 0x4058004: update_PROCINFO_num (field.c:1674)
==734315==    by 0x40473B3: update_ERRNO_int (eval.c:1029)
==734315==    by 0x40473B3: update_ERRNO_int (eval.c:1022)
==734315==    by 0x40613B8: nextfile (io.c:515)
==734315==    by 0x404ECBF: r_interpret (interpret.h:1421)
==734315==    by 0x400EDDE: main (main.c:532)
==734315== 
==734315== 7 bytes in 1 blocks are still reachable in loss record 41 of 214
==734315==    at 0x497D858: malloc (vg_replace_malloc.c:447)
==734315==    by 0x4066564: emalloc_real (awk.h:2156)
==734315==    by 0x4066564: estrdup (main.c:1451)
==734315==    by 0x4077381: init_the_tables (symbol.c:78)
==734315==    by 0x400D60A: main (main.c:287)
==734315== 
==734315== 7 bytes in 1 blocks are still reachable in loss record 42 of 214
==734315==    at 0x497D858: malloc (vg_replace_malloc.c:447)
==734315==    by 0x4069457: emalloc_real (awk.h:2156)
==734315==    by 0x4069457: make_str_node (node.c:422)
==734315==    by 0x4077055: install (symbol.c:399)
==734315==    by 0x4077390: install_symbol (symbol.c:173)
==734315==    by 0x4077390: init_the_tables (symbol.c:78)
==734315==    by 0x400D60A: main (main.c:287)
==734315== 
==734315== 7 bytes in 1 blocks are still reachable in loss record 43 of 214
==734315==    at 0x497D858: malloc (vg_replace_malloc.c:447)
==734315==    by 0x4069457: emalloc_real (awk.h:2156)
==734315==    by 0x4069457: make_str_node (node.c:422)
==734315==    by 0x4058004: update_PROCINFO_num (field.c:1674)
==734315==    by 0x400E784: load_procinfo (main.c:1046)
==734315==    by 0x400E784: init_vars (main.c:878)
==734315==    by 0x400E784: main (main.c:403)
==734315== 
==734315== 7 bytes in 1 blocks are still reachable in loss record 44 of 214
==734315==    at 0x497D858: malloc (vg_replace_malloc.c:447)
==734315==    by 0x4069457: emalloc_real (awk.h:2156)
==734315==    by 0x4069457: make_str_node (node.c:422)
==734315==    by 0x40780DA: load_symbols (symbol.c:679)
==734315==    by 0x400ED85: main (main.c:499)
==734315== 
==734315== 8 bytes in 1 blocks are still reachable in loss record 45 of 214
==734315==    at 0x497D858: malloc (vg_replace_malloc.c:447)
==734315==    by 0x4066564: emalloc_real (awk.h:2156)
==734315==    by 0x4066564: estrdup (main.c:1451)
==734315==    by 0x407735A: init_the_tables (symbol.c:77)
==734315==    by 0x400D60A: main (main.c:287)
==734315== 
==734315== 8 bytes in 1 blocks are still reachable in loss record 46 of 214
==734315==    at 0x497D858: malloc (vg_replace_malloc.c:447)
==734315==    by 0x4069457: emalloc_real (awk.h:2156)
==734315==    by 0x4069457: make_str_node (node.c:422)
==734315==    by 0x4077055: install (symbol.c:399)
==734315==    by 0x4077369: install_symbol (symbol.c:173)
==734315==    by 0x4077369: init_the_tables (symbol.c:77)
==734315==    by 0x400D60A: main (main.c:287)
==734315== 
==734315== 8 bytes in 1 blocks are still reachable in loss record 47 of 214
==734315==    at 0x497D858: malloc (vg_replace_malloc.c:447)
==734315==    by 0x4069457: emalloc_real (awk.h:2156)
==734315==    by 0x4069457: make_str_node (node.c:422)
==734315==    by 0x4054B6F: update_PROCINFO_str.part.0 (field.c:1661)
==734315==    by 0x400E71D: load_procinfo (main.c:1021)
==734315==    by 0x400E71D: init_vars (main.c:878)
==734315==    by 0x400E71D: main (main.c:403)
==734315== 
==734315== 8 bytes in 1 blocks are still reachable in loss record 48 of 214
==734315==    at 0x497D858: malloc (vg_replace_malloc.c:447)
==734315==    by 0x4066564: emalloc_real (awk.h:2156)
==734315==    by 0x4066564: estrdup (main.c:1451)
==734315==    by 0x400E02B: load_environ (main.c:930)
==734315==    by 0x400E02B: init_vars (main.c:879)
==734315==    by 0x400E02B: main (main.c:403)
==734315== 
==734315== 8 bytes in 1 blocks are still reachable in loss record 49 of 214
==734315==    at 0x497D858: malloc (vg_replace_malloc.c:447)
==734315==    by 0x4069457: emalloc_real (awk.h:2156)
==734315==    by 0x4069457: make_str_node (node.c:422)
==734315==    by 0x4077055: install (symbol.c:399)
==734315==    by 0x400E038: load_environ (main.c:930)
==734315==    by 0x400E038: init_vars (main.c:879)
==734315==    by 0x400E038: main (main.c:403)
==734315== 
==734315== 8 bytes in 1 blocks are still reachable in loss record 50 of 214
==734315==    at 0x497D858: malloc (vg_replace_malloc.c:447)
==734315==    by 0x4069457: emalloc_real (awk.h:2156)
==734315==    by 0x4069457: make_str_node (node.c:422)
==734315==    by 0x406617B: path_environ (main.c:891)
==734315==    by 0x400E176: load_environ (main.c:964)
==734315==    by 0x400E176: init_vars (main.c:879)
==734315==    by 0x400E176: main (main.c:403)
==734315== 
==734315== 8 bytes in 1 blocks are still reachable in loss record 51 of 214
==734315==    at 0x497D858: malloc (vg_replace_malloc.c:447)
==734315==    by 0x4055372: emalloc_real (awk.h:2156)
==734315==    by 0x4055372: init_fields (field.c:103)
==734315==    by 0x400E1A4: main (main.c:410)
==734315== 
==734315== 8 bytes in 1 blocks are still reachable in loss record 52 of 214
==734315==    at 0x497D858: malloc (vg_replace_malloc.c:447)
==734315==    by 0x4069457: emalloc_real (awk.h:2156)
==734315==    by 0x4069457: make_str_node (node.c:422)
==734315==    by 0x40780F2: load_symbols (symbol.c:680)
==734315==    by 0x400ED85: main (main.c:499)
==734315== 
==734315== 8 bytes in 1 blocks are still reachable in loss record 53 of 214
==734315==    at 0x497D858: malloc (vg_replace_malloc.c:447)
==734315==    by 0x4069457: emalloc_real (awk.h:2156)
==734315==    by 0x4069457: make_str_node (node.c:422)
==734315==    by 0x4078122: load_symbols (symbol.c:682)
==734315==    by 0x400ED85: main (main.c:499)
==734315== 
==734315== 9 bytes in 1 blocks are still reachable in loss record 54 of 214
==734315==    at 0x497D858: malloc (vg_replace_malloc.c:447)
==734315==    by 0x4066564: emalloc_real (awk.h:2156)
==734315==    by 0x4066564: estrdup (main.c:1451)
==734315==    by 0x400E6F6: load_procinfo (main.c:1019)
==734315==    by 0x400E6F6: init_vars (main.c:878)
==734315==    by 0x400E6F6: main (main.c:403)
==734315== 
==734315== 9 bytes in 1 blocks are still reachable in loss record 55 of 214
==734315==    at 0x497D858: malloc (vg_replace_malloc.c:447)
==734315==    by 0x4069457: emalloc_real (awk.h:2156)
==734315==    by 0x4069457: make_str_node (node.c:422)
==734315==    by 0x4077055: install (symbol.c:399)
==734315==    by 0x400E703: load_procinfo (main.c:1019)
==734315==    by 0x400E703: init_vars (main.c:878)
==734315==    by 0x400E703: main (main.c:403)
==734315== 
==734315== 9 bytes in 1 blocks are still reachable in loss record 56 of 214
==734315==    at 0x497D858: malloc (vg_replace_malloc.c:447)
==734315==    by 0x4069457: emalloc_real (awk.h:2156)
==734315==    by 0x4069457: make_str_node (node.c:422)
==734315==    by 0x4054B6F: update_PROCINFO_str.part.0 (field.c:1661)
==734315==    by 0x400E730: load_procinfo (main.c:1022)
==734315==    by 0x400E730: init_vars (main.c:878)
==734315==    by 0x400E730: main (main.c:403)
==734315== 
==734315== 9 bytes in 1 blocks are still reachable in loss record 57 of 214
==734315==    at 0x497D858: malloc (vg_replace_malloc.c:447)
==734315==    by 0x4069457: emalloc_real (awk.h:2156)
==734315==    by 0x4069457: make_str_node (node.c:422)
==734315==    by 0x4054B6F: update_PROCINFO_str.part.0 (field.c:1661)
==734315==    by 0x400E743: load_procinfo (main.c:1023)
==734315==    by 0x400E743: init_vars (main.c:878)
==734315==    by 0x400E743: main (main.c:403)
==734315== 
==734315== 10 bytes in 1 blocks are still reachable in loss record 58 of 214
==734315==    at 0x497D858: malloc (vg_replace_malloc.c:447)
==734315==    by 0x4069457: emalloc_real (awk.h:2156)
==734315==    by 0x4069457: make_str_node (node.c:422)
==734315==    by 0x4058004: update_PROCINFO_num (field.c:1674)
==734315==    by 0x400E757: load_procinfo (main.c:1035)
==734315==    by 0x400E757: init_vars (main.c:878)
==734315==    by 0x400E757: main (main.c:403)
==734315== 
==734315== 10 bytes in 1 blocks are still reachable in loss record 59 of 214
==734315==    at 0x497D858: malloc (vg_replace_malloc.c:447)
==734315==    by 0x4069457: emalloc_real (awk.h:2156)
==734315==    by 0x4069457: make_str_node (node.c:422)
==734315==    by 0x4058004: update_PROCINFO_num (field.c:1674)
==734315==    by 0x400E76B: load_procinfo (main.c:1036)
==734315==    by 0x400E76B: init_vars (main.c:878)
==734315==    by 0x400E76B: main (main.c:403)
==734315== 
==734315== 10 bytes in 1 blocks are still reachable in loss record 60 of 214
==734315==    at 0x497D858: malloc (vg_replace_malloc.c:447)
==734315==    by 0x4069457: emalloc_real (awk.h:2156)
==734315==    by 0x4069457: make_str_node (node.c:422)
==734315==    by 0x4054B87: update_PROCINFO_str.part.0 (field.c:1662)
==734315==    by 0x400E8D2: load_procinfo (main.c:1087)
==734315==    by 0x400E8D2: init_vars (main.c:878)
==734315==    by 0x400E8D2: main (main.c:403)
==734315== 
==734315== 10 bytes in 1 blocks are still reachable in loss record 61 of 214
==734315==    at 0x497D858: malloc (vg_replace_malloc.c:447)
==734315==    by 0x4069457: emalloc_real (awk.h:2156)
==734315==    by 0x4069457: make_str_node (node.c:422)
==734315==    by 0x4052611: r_interpret (interpret.h:1052)
==734315==    by 0x400EDDE: main (main.c:532)
==734315== 
==734315== 12 bytes in 1 blocks are still reachable in loss record 62 of 214
==734315==    at 0x497D858: malloc (vg_replace_malloc.c:447)
==734315==    by 0x4069457: emalloc_real (awk.h:2156)
==734315==    by 0x4069457: make_str_node (node.c:422)
==734315==    by 0x4077FD7: load_symbols (symbol.c:663)
==734315==    by 0x400ED85: main (main.c:499)
==734315== 
==734315== 12 bytes in 1 blocks are still reachable in loss record 63 of 214
==734315==    at 0x497D858: malloc (vg_replace_malloc.c:447)
==734315==    by 0x4066564: emalloc_real (awk.h:2156)
==734315==    by 0x4066564: estrdup (main.c:1451)
==734315==    by 0x4078093: load_symbols (symbol.c:675)
==734315==    by 0x400ED85: main (main.c:499)
==734315== 
==734315== 22 bytes in 2 blocks are still reachable in loss record 64 of 214
==734315==    at 0x497D858: malloc (vg_replace_malloc.c:447)
==734315==    by 0x4069457: emalloc_real (awk.h:2156)
==734315==    by 0x4069457: make_str_node (node.c:422)
==734315==    by 0x400E4C3: init_args (main.c:780)
==734315==    by 0x400E4C3: main (main.c:470)
==734315== 
==734315== 24 bytes in 1 blocks are still reachable in loss record 65 of 214
==734315==    at 0x497D858: malloc (vg_replace_malloc.c:447)
==734315==    by 0x4069457: emalloc_real (awk.h:2156)
==734315==    by 0x4069457: make_str_node (node.c:422)
==734315==    by 0x4054B87: update_PROCINFO_str.part.0 (field.c:1662)
==734315==    by 0x400E730: load_procinfo (main.c:1022)
==734315==    by 0x400E730: init_vars (main.c:878)
==734315==    by 0x400E730: main (main.c:403)
==734315== 
==734315== 32 bytes in 1 blocks are still reachable in loss record 66 of 214
==734315==    at 0x497D858: malloc (vg_replace_malloc.c:447)
==734315==    by 0x4045E57: emalloc_real (awk.h:2156)
==734315==    by 0x4045E57: fmt_index (eval.c:913)
==734315==    by 0x4046F46: set_CONVFMT (eval.c:956)
==734315==    by 0x400D9A3: init_vars (main.c:873)
==734315==    by 0x400D9A3: main (main.c:403)
==734315== 
==734315== 32 bytes in 1 blocks are still reachable in loss record 67 of 214
==734315==    at 0x497D858: malloc (vg_replace_malloc.c:447)
==734315==    by 0x4020D1E: emalloc_real (awk.h:2156)
==734315==    by 0x4020D1E: parse_program (awkgram.y:2810)
==734315==    by 0x400EAD8: main (main.c:483)
==734315== 
==734315== 40 bytes in 1 blocks are still reachable in loss record 68 of 214
==734315==    at 0x497D858: malloc (vg_replace_malloc.c:447)
==734315==    by 0x405E713: emalloc_real (awk.h:2156)
==734315==    by 0x405E713: do_find_source (io.c:3058)
==734315==    by 0x4065061: find_source (io.c:3098)
==734315==    by 0x40189F8: add_srcfile (awkgram.y:2864)
==734315==    by 0x400D7E5: parse_args (main.c:1585)
==734315==    by 0x400D7E5: main (main.c:294)
==734315== 
==734315== 40 bytes in 1 blocks are still reachable in loss record 69 of 214
==734315==    at 0x497D858: malloc (vg_replace_malloc.c:447)
==734315==    by 0x4066564: emalloc_real (awk.h:2156)
==734315==    by 0x4066564: estrdup (main.c:1451)
==734315==    by 0x4014A21: do_add_srcfile (awkgram.y:2834)
==734315==    by 0x4018A70: add_srcfile (awkgram.y:2916)
==734315==    by 0x400D7E5: parse_args (main.c:1585)
==734315==    by 0x400D7E5: main (main.c:294)
==734315== 
==734315== 42 bytes in 1 blocks are still reachable in loss record 70 of 214
==734315==    at 0x497D858: malloc (vg_replace_malloc.c:447)
==734315==    by 0x4069457: emalloc_real (awk.h:2156)
==734315==    by 0x4069457: make_str_node (node.c:422)
==734315==    by 0x40661D5: path_environ (main.c:906)
==734315==    by 0x400E176: load_environ (main.c:964)
==734315==    by 0x400E176: init_vars (main.c:879)
==734315==    by 0x400E176: main (main.c:403)
==734315== 
==734315== 46 bytes in 11 blocks are still reachable in loss record 71 of 214
==734315==    at 0x497D858: malloc (vg_replace_malloc.c:447)
==734315==    by 0x4069457: emalloc_real (awk.h:2156)
==734315==    by 0x4069457: make_str_node (node.c:422)
==734315==    by 0x400D984: init_vars (main.c:867)
==734315==    by 0x400D984: main (main.c:403)
==734315== 
==734315== 48 bytes in 1 blocks are still reachable in loss record 72 of 214
==734315==    at 0x497D858: malloc (vg_replace_malloc.c:447)
==734315==    by 0x4068FEB: emalloc_real (awk.h:2156)
==734315==    by 0x4068FEB: r_getblock (node.c:1164)
==734315==    by 0x40768D9: str_lookup (str_array.c:214)
==734315==    by 0x407708C: assoc_set (awk.h:2220)
==734315==    by 0x407708C: install (symbol.c:430)
==734315==    by 0x4077369: install_symbol (symbol.c:173)
==734315==    by 0x4077369: init_the_tables (symbol.c:77)
==734315==    by 0x400D60A: main (main.c:287)
==734315== 
==734315== 48 bytes in 1 blocks are still reachable in loss record 73 of 214
==734315==    at 0x497D858: malloc (vg_replace_malloc.c:447)
==734315==    by 0x4068FEB: emalloc_real (awk.h:2156)
==734315==    by 0x4068FEB: r_getblock (node.c:1164)
==734315==    by 0x40768D9: str_lookup (str_array.c:214)
==734315==    by 0x407708C: assoc_set (awk.h:2220)
==734315==    by 0x407708C: install (symbol.c:430)
==734315==    by 0x4077390: install_symbol (symbol.c:173)
==734315==    by 0x4077390: init_the_tables (symbol.c:78)
==734315==    by 0x400D60A: main (main.c:287)
==734315== 
==734315== 48 bytes in 1 blocks are still reachable in loss record 74 of 214
==734315==    at 0x497D858: malloc (vg_replace_malloc.c:447)
==734315==    by 0x4066202: emalloc_real.constprop.0 (awk.h:2156)
==734315==    by 0x400D66C: save_argv (main.c:1496)
==734315==    by 0x400D66C: parse_args (main.c:1554)
==734315==    by 0x400D66C: main (main.c:294)
==734315== 
==734315== 48 bytes in 1 blocks are still reachable in loss record 75 of 214
==734315==    at 0x497D858: malloc (vg_replace_malloc.c:447)
==734315==    by 0x4068FEB: emalloc_real (awk.h:2156)
==734315==    by 0x4068FEB: r_getblock (node.c:1164)
==734315==    by 0x40768D9: str_lookup (str_array.c:214)
==734315==    by 0x407708C: assoc_set (awk.h:2220)
==734315==    by 0x407708C: install (symbol.c:430)
==734315==    by 0x400E703: load_procinfo (main.c:1019)
==734315==    by 0x400E703: init_vars (main.c:878)
==734315==    by 0x400E703: main (main.c:403)
==734315== 
==734315== 48 bytes in 1 blocks are still reachable in loss record 76 of 214
==734315==    at 0x497D858: malloc (vg_replace_malloc.c:447)
==734315==    by 0x4068FEB: emalloc_real (awk.h:2156)
==734315==    by 0x4068FEB: r_getblock (node.c:1164)
==734315==    by 0x40768D9: str_lookup (str_array.c:214)
==734315==    by 0x4054B9E: assoc_set (awk.h:2220)
==734315==    by 0x4054B9E: update_PROCINFO_str.part.0 (field.c:1662)
==734315==    by 0x400E71D: load_procinfo (main.c:1021)
==734315==    by 0x400E71D: init_vars (main.c:878)
==734315==    by 0x400E71D: main (main.c:403)
==734315== 
==734315== 48 bytes in 1 blocks are still reachable in loss record 77 of 214
==734315==    at 0x497D858: malloc (vg_replace_malloc.c:447)
==734315==    by 0x4068FEB: emalloc_real (awk.h:2156)
==734315==    by 0x4068FEB: r_getblock (node.c:1164)
==734315==    by 0x40768D9: str_lookup (str_array.c:214)
==734315==    by 0x4054B9E: assoc_set (awk.h:2220)
==734315==    by 0x4054B9E: update_PROCINFO_str.part.0 (field.c:1662)
==734315==    by 0x400E730: load_procinfo (main.c:1022)
==734315==    by 0x400E730: init_vars (main.c:878)
==734315==    by 0x400E730: main (main.c:403)
==734315== 
==734315== 48 bytes in 1 blocks are still reachable in loss record 78 of 214
==734315==    at 0x497D858: malloc (vg_replace_malloc.c:447)
==734315==    by 0x4068FEB: emalloc_real (awk.h:2156)
==734315==    by 0x4068FEB: r_getblock (node.c:1164)
==734315==    by 0x40768D9: str_lookup (str_array.c:214)
==734315==    by 0x4054B9E: assoc_set (awk.h:2220)
==734315==    by 0x4054B9E: update_PROCINFO_str.part.0 (field.c:1662)
==734315==    by 0x400E743: load_procinfo (main.c:1023)
==734315==    by 0x400E743: init_vars (main.c:878)
==734315==    by 0x400E743: main (main.c:403)
==734315== 
==734315== 48 bytes in 1 blocks are still reachable in loss record 79 of 214
==734315==    at 0x497D858: malloc (vg_replace_malloc.c:447)
==734315==    by 0x4068FEB: emalloc_real (awk.h:2156)
==734315==    by 0x4068FEB: r_getblock (node.c:1164)
==734315==    by 0x40768D9: str_lookup (str_array.c:214)
==734315==    by 0x405802A: assoc_set (awk.h:2220)
==734315==    by 0x405802A: update_PROCINFO_num (field.c:1675)
==734315==    by 0x400E757: load_procinfo (main.c:1035)
==734315==    by 0x400E757: init_vars (main.c:878)
==734315==    by 0x400E757: main (main.c:403)
==734315== 
==734315== 48 bytes in 1 blocks are still reachable in loss record 80 of 214
==734315==    at 0x497D858: malloc (vg_replace_malloc.c:447)
==734315==    by 0x4068FEB: emalloc_real (awk.h:2156)
==734315==    by 0x4068FEB: r_getblock (node.c:1164)
==734315==    by 0x40768D9: str_lookup (str_array.c:214)
==734315==    by 0x405802A: assoc_set (awk.h:2220)
==734315==    by 0x405802A: update_PROCINFO_num (field.c:1675)
==734315==    by 0x400E76B: load_procinfo (main.c:1036)
==734315==    by 0x400E76B: init_vars (main.c:878)
==734315==    by 0x400E76B: main (main.c:403)
==734315== 
==734315== 48 bytes in 1 blocks are still reachable in loss record 81 of 214
==734315==    at 0x497D858: malloc (vg_replace_malloc.c:447)
==734315==    by 0x4068FEB: emalloc_real (awk.h:2156)
==734315==    by 0x4068FEB: r_getblock (node.c:1164)
==734315==    by 0x40768D9: str_lookup (str_array.c:214)
==734315==    by 0x405802A: assoc_set (awk.h:2220)
==734315==    by 0x405802A: update_PROCINFO_num (field.c:1675)
==734315==    by 0x400E784: load_procinfo (main.c:1046)
==734315==    by 0x400E784: init_vars (main.c:878)
==734315==    by 0x400E784: main (main.c:403)
==734315== 
==734315== 48 bytes in 1 blocks are still reachable in loss record 82 of 214
==734315==    at 0x497D858: malloc (vg_replace_malloc.c:447)
==734315==    by 0x4068FEB: emalloc_real (awk.h:2156)
==734315==    by 0x4068FEB: r_getblock (node.c:1164)
==734315==    by 0x40768D9: str_lookup (str_array.c:214)
==734315==    by 0x405802A: assoc_set (awk.h:2220)
==734315==    by 0x405802A: update_PROCINFO_num (field.c:1675)
==734315==    by 0x400E79D: load_procinfo (main.c:1055)
==734315==    by 0x400E79D: init_vars (main.c:878)
==734315==    by 0x400E79D: main (main.c:403)
==734315== 
==734315== 48 bytes in 1 blocks are still reachable in loss record 83 of 214
==734315==    at 0x497D858: malloc (vg_replace_malloc.c:447)
==734315==    by 0x4068FEB: emalloc_real (awk.h:2156)
==734315==    by 0x4068FEB: r_getblock (node.c:1164)
==734315==    by 0x40768D9: str_lookup (str_array.c:214)
==734315==    by 0x405802A: assoc_set (awk.h:2220)
==734315==    by 0x405802A: update_PROCINFO_num (field.c:1675)
==734315==    by 0x400E7B6: load_procinfo (main.c:1058)
==734315==    by 0x400E7B6: init_vars (main.c:878)
==734315==    by 0x400E7B6: main (main.c:403)
==734315== 
==734315== 48 bytes in 1 blocks are still reachable in loss record 84 of 214
==734315==    at 0x497D858: malloc (vg_replace_malloc.c:447)
==734315==    by 0x4068FEB: emalloc_real (awk.h:2156)
==734315==    by 0x4068FEB: r_getblock (node.c:1164)
==734315==    by 0x40768D9: str_lookup (str_array.c:214)
==734315==    by 0x405802A: assoc_set (awk.h:2220)
==734315==    by 0x405802A: update_PROCINFO_num (field.c:1675)
==734315==    by 0x400E7D2: load_procinfo (main.c:1061)
==734315==    by 0x400E7D2: init_vars (main.c:878)
==734315==    by 0x400E7D2: main (main.c:403)
==734315== 
==734315== 48 bytes in 1 blocks are still reachable in loss record 85 of 214
==734315==    at 0x497D858: malloc (vg_replace_malloc.c:447)
==734315==    by 0x4068FEB: emalloc_real (awk.h:2156)
==734315==    by 0x4068FEB: r_getblock (node.c:1164)
==734315==    by 0x40768D9: str_lookup (str_array.c:214)
==734315==    by 0x405802A: assoc_set (awk.h:2220)
==734315==    by 0x405802A: update_PROCINFO_num (field.c:1675)
==734315==    by 0x400E7EE: load_procinfo (main.c:1064)
==734315==    by 0x400E7EE: init_vars (main.c:878)
==734315==    by 0x400E7EE: main (main.c:403)
==734315== 
==734315== 48 bytes in 1 blocks are still reachable in loss record 86 of 214
==734315==    at 0x497D858: malloc (vg_replace_malloc.c:447)
==734315==    by 0x4068FEB: emalloc_real (awk.h:2156)
==734315==    by 0x4068FEB: r_getblock (node.c:1164)
==734315==    by 0x40768D9: str_lookup (str_array.c:214)
==734315==    by 0x405802A: assoc_set (awk.h:2220)
==734315==    by 0x405802A: update_PROCINFO_num (field.c:1675)
==734315==    by 0x400E80A: load_procinfo (main.c:1067)
==734315==    by 0x400E80A: init_vars (main.c:878)
==734315==    by 0x400E80A: main (main.c:403)
==734315== 
==734315== 48 bytes in 1 blocks are still reachable in loss record 87 of 214
==734315==    at 0x497D858: malloc (vg_replace_malloc.c:447)
==734315==    by 0x4068FEB: emalloc_real (awk.h:2156)
==734315==    by 0x4068FEB: r_getblock (node.c:1164)
==734315==    by 0x40768D9: str_lookup (str_array.c:214)
==734315==    by 0x405802A: assoc_set (awk.h:2220)
==734315==    by 0x405802A: update_PROCINFO_num (field.c:1675)
==734315==    by 0x400E826: load_procinfo (main.c:1070)
==734315==    by 0x400E826: init_vars (main.c:878)
==734315==    by 0x400E826: main (main.c:403)
==734315== 
==734315== 48 bytes in 1 blocks are still reachable in loss record 88 of 214
==734315==    at 0x497D858: malloc (vg_replace_malloc.c:447)
==734315==    by 0x4068FEB: emalloc_real (awk.h:2156)
==734315==    by 0x4068FEB: r_getblock (node.c:1164)
==734315==    by 0x40768D9: str_lookup (str_array.c:214)
==734315==    by 0x4054B9E: assoc_set (awk.h:2220)
==734315==    by 0x4054B9E: update_PROCINFO_str.part.0 (field.c:1662)
==734315==    by 0x400E83A: load_procinfo (main.c:1072)
==734315==    by 0x400E83A: init_vars (main.c:878)
==734315==    by 0x400E83A: main (main.c:403)
==734315== 
==734315== 48 bytes in 1 blocks are still reachable in loss record 89 of 214
==734315==    at 0x497D858: malloc (vg_replace_malloc.c:447)
==734315==    by 0x4068FEB: emalloc_real (awk.h:2156)
==734315==    by 0x4068FEB: r_getblock (node.c:1164)
==734315==    by 0x40768D9: str_lookup (str_array.c:214)
==734315==    by 0x4054B9E: assoc_set (awk.h:2220)
==734315==    by 0x4054B9E: update_PROCINFO_str.part.0 (field.c:1662)
==734315==    by 0x400E8D2: load_procinfo (main.c:1087)
==734315==    by 0x400E8D2: init_vars (main.c:878)
==734315==    by 0x400E8D2: main (main.c:403)
==734315== 
==734315== 48 bytes in 1 blocks are still reachable in loss record 90 of 214
==734315==    at 0x497D858: malloc (vg_replace_malloc.c:447)
==734315==    by 0x4068FEB: emalloc_real (awk.h:2156)
==734315==    by 0x4068FEB: r_getblock (node.c:1164)
==734315==    by 0x40768D9: str_lookup (str_array.c:214)
==734315==    by 0x40662E6: assoc_set (awk.h:2220)
==734315==    by 0x400EC2D: load_procinfo_argv (main.c:997)
==734315==    by 0x400EC2D: load_procinfo (main.c:1093)
==734315==    by 0x400EC2D: init_vars (main.c:878)
==734315==    by 0x400EC2D: main (main.c:403)
==734315== 
==734315== 48 bytes in 1 blocks are still reachable in loss record 91 of 214
==734315==    at 0x497D858: malloc (vg_replace_malloc.c:447)
==734315==    by 0x4068FEB: emalloc_real (awk.h:2156)
==734315==    by 0x4068FEB: r_getblock (node.c:1164)
==734315==    by 0x40768D9: str_lookup (str_array.c:214)
==734315==    by 0x407708C: assoc_set (awk.h:2220)
==734315==    by 0x407708C: install (symbol.c:430)
==734315==    by 0x400E038: load_environ (main.c:930)
==734315==    by 0x400E038: init_vars (main.c:879)
==734315==    by 0x400E038: main (main.c:403)
==734315== 
==734315== 48 bytes in 1 blocks are still reachable in loss record 92 of 214
==734315==    at 0x497D858: malloc (vg_replace_malloc.c:447)
==734315==    by 0x4068FEB: emalloc_real (awk.h:2156)
==734315==    by 0x4068FEB: r_getblock (node.c:1164)
==734315==    by 0x40768D9: str_lookup (str_array.c:214)
==734315==    by 0x40661A2: path_environ (main.c:899)
==734315==    by 0x400E176: load_environ (main.c:964)
==734315==    by 0x400E176: init_vars (main.c:879)
==734315==    by 0x400E176: main (main.c:403)
==734315== 
==734315== 48 bytes in 1 blocks are still reachable in loss record 93 of 214
==734315==    at 0x497D858: malloc (vg_replace_malloc.c:447)
==734315==    by 0x4068FEB: emalloc_real (awk.h:2156)
==734315==    by 0x4068FEB: r_getblock (node.c:1164)
==734315==    by 0x40768D9: str_lookup (str_array.c:214)
==734315==    by 0x407708C: assoc_set (awk.h:2220)
==734315==    by 0x407708C: install (symbol.c:430)
==734315==    by 0x400E414: init_args (main.c:764)
==734315==    by 0x400E414: main (main.c:470)
==734315== 
==734315== 48 bytes in 1 blocks are still reachable in loss record 94 of 214
==734315==    at 0x497D858: malloc (vg_replace_malloc.c:447)
==734315==    by 0x4068FEB: emalloc_real (awk.h:2156)
==734315==    by 0x4068FEB: r_getblock (node.c:1164)
==734315==    by 0x40768D9: str_lookup (str_array.c:214)
==734315==    by 0x407708C: assoc_set (awk.h:2220)
==734315==    by 0x407708C: install (symbol.c:430)
==734315==    by 0x400EA90: init_args (main.c:791)
==734315==    by 0x400EA90: main (main.c:470)
==734315== 
==734315== 48 bytes in 1 blocks are still reachable in loss record 95 of 214
==734315==    at 0x497D858: malloc (vg_replace_malloc.c:447)
==734315==    by 0x4068FEB: emalloc_real (awk.h:2156)
==734315==    by 0x4068FEB: r_getblock (node.c:1164)
==734315==    by 0x40768D9: str_lookup (str_array.c:214)
==734315==    by 0x407708C: assoc_set (awk.h:2220)
==734315==    by 0x407708C: install (symbol.c:430)
==734315==    by 0x401CA63: yyparse (awkgram.y:2148)
==734315==    by 0x402073A: parse_program (awkgram.y:2797)
==734315==    by 0x400EAD8: main (main.c:483)
==734315== 
==734315== 48 bytes in 1 blocks are still reachable in loss record 96 of 214
==734315==    at 0x497D858: malloc (vg_replace_malloc.c:447)
==734315==    by 0x4068FEB: emalloc_real (awk.h:2156)
==734315==    by 0x4068FEB: r_getblock (node.c:1164)
==734315==    by 0x40768D9: str_lookup (str_array.c:214)
==734315==    by 0x4077FEA: load_symbols (symbol.c:664)
==734315==    by 0x400ED85: main (main.c:499)
==734315== 
==734315== 48 bytes in 1 blocks are still reachable in loss record 97 of 214
==734315==    at 0x497D858: malloc (vg_replace_malloc.c:447)
==734315==    by 0x4068FEB: emalloc_real (awk.h:2156)
==734315==    by 0x4068FEB: r_getblock (node.c:1164)
==734315==    by 0x40768D9: str_lookup (str_array.c:214)
==734315==    by 0x405802A: assoc_set (awk.h:2220)
==734315==    by 0x405802A: update_PROCINFO_num (field.c:1675)
==734315==    by 0x40473B3: update_ERRNO_int (eval.c:1029)
==734315==    by 0x40473B3: update_ERRNO_int (eval.c:1022)
==734315==    by 0x40613B8: nextfile (io.c:515)
==734315==    by 0x404ECBF: r_interpret (interpret.h:1421)
==734315==    by 0x400EDDE: main (main.c:532)
==734315== 
==734315== 60 bytes in 1 blocks are still reachable in loss record 98 of 214
==734315==    at 0x497D858: malloc (vg_replace_malloc.c:447)
==734315==    by 0x4014E9C: emalloc_real (awk.h:2156)
==734315==    by 0x4014E9C: tokexpand (awkgram.y:3294)
==734315==    by 0x4020FE6: parse_program (awkgram.y:2795)
==734315==    by 0x400EAD8: main (main.c:483)
==734315== 
==734315== 70 bytes in 5 blocks are still reachable in loss record 99 of 214
==734315==    at 0x497D858: malloc (vg_replace_malloc.c:447)
==734315==    by 0x4066564: emalloc_real (awk.h:2156)
==734315==    by 0x4066564: estrdup (main.c:1451)
==734315==    by 0x400D69D: save_argv (main.c:1498)
==734315==    by 0x400D69D: parse_args (main.c:1554)
==734315==    by 0x400D69D: main (main.c:294)
==734315== 
==734315== 70 bytes in 5 blocks are still reachable in loss record 100 of 214
==734315==    at 0x497D858: malloc (vg_replace_malloc.c:447)
==734315==    by 0x4069457: emalloc_real (awk.h:2156)
==734315==    by 0x4069457: make_str_node (node.c:422)
==734315==    by 0x400E9C6: load_procinfo_argv (main.c:991)
==734315==    by 0x400E9C6: load_procinfo (main.c:1093)
==734315==    by 0x400E9C6: init_vars (main.c:878)
==734315==    by 0x400E9C6: main (main.c:403)
==734315== 
==734315== 88 bytes in 1 blocks are still reachable in loss record 101 of 214
==734315==    at 0x497D858: malloc (vg_replace_malloc.c:447)
==734315==    by 0x4068FEB: emalloc_real (awk.h:2156)
==734315==    by 0x4068FEB: r_getblock (node.c:1164)
==734315==    by 0x40693C1: make_str_node (node.c:406)
==734315==    by 0x400D5C7: main (main.c:278)
==734315== 
==734315== 88 bytes in 1 blocks are still reachable in loss record 102 of 214
==734315==    at 0x497D858: malloc (vg_replace_malloc.c:447)
==734315==    by 0x4068FEB: emalloc_real (awk.h:2156)
==734315==    by 0x4068FEB: r_getblock (node.c:1164)
==734315==    by 0x40772C7: init_the_tables (symbol.c:68)
==734315==    by 0x400D60A: main (main.c:287)
==734315== 
==734315== 88 bytes in 1 blocks are still reachable in loss record 103 of 214
==734315==    at 0x497D858: malloc (vg_replace_malloc.c:447)
==734315==    by 0x4068FEB: emalloc_real (awk.h:2156)
==734315==    by 0x4068FEB: r_getblock (node.c:1164)
==734315==    by 0x4077308: init_the_tables (symbol.c:72)
==734315==    by 0x400D60A: main (main.c:287)
==734315== 
==734315== 88 bytes in 1 blocks are still reachable in loss record 104 of 214
==734315==    at 0x497D858: malloc (vg_replace_malloc.c:447)
==734315==    by 0x4068FEB: emalloc_real (awk.h:2156)
==734315==    by 0x4068FEB: r_getblock (node.c:1164)
==734315==    by 0x40693C1: make_str_node (node.c:406)
==734315==    by 0x4077055: install (symbol.c:399)
==734315==    by 0x4077369: install_symbol (symbol.c:173)
==734315==    by 0x4077369: init_the_tables (symbol.c:77)
==734315==    by 0x400D60A: main (main.c:287)
==734315== 
==734315== 88 bytes in 1 blocks are still reachable in loss record 105 of 214
==734315==    at 0x497D858: malloc (vg_replace_malloc.c:447)
==734315==    by 0x4068FEB: emalloc_real (awk.h:2156)
==734315==    by 0x4068FEB: r_getblock (node.c:1164)
==734315==    by 0x4077133: make_symbol (symbol.c:376)
==734315==    by 0x4077133: install (symbol.c:417)
==734315==    by 0x4077369: install_symbol (symbol.c:173)
==734315==    by 0x4077369: init_the_tables (symbol.c:77)
==734315==    by 0x400D60A: main (main.c:287)
==734315== 
==734315== 88 bytes in 1 blocks are still reachable in loss record 106 of 214
==734315==    at 0x497D858: malloc (vg_replace_malloc.c:447)
==734315==    by 0x4068FEB: emalloc_real (awk.h:2156)
==734315==    by 0x4068FEB: r_getblock (node.c:1164)
==734315==    by 0x40693C1: make_str_node (node.c:406)
==734315==    by 0x4077055: install (symbol.c:399)
==734315==    by 0x4077390: install_symbol (symbol.c:173)
==734315==    by 0x4077390: init_the_tables (symbol.c:78)
==734315==    by 0x400D60A: main (main.c:287)
==734315== 
==734315== 88 bytes in 1 blocks are still reachable in loss record 107 of 214
==734315==    at 0x497D858: malloc (vg_replace_malloc.c:447)
==734315==    by 0x4068FEB: emalloc_real (awk.h:2156)
==734315==    by 0x4068FEB: r_getblock (node.c:1164)
==734315==    by 0x4077133: make_symbol (symbol.c:376)
==734315==    by 0x4077133: install (symbol.c:417)
==734315==    by 0x4077390: install_symbol (symbol.c:173)
==734315==    by 0x4077390: init_the_tables (symbol.c:78)
==734315==    by 0x400D60A: main (main.c:287)
==734315== 
==734315== 88 bytes in 1 blocks are still reachable in loss record 108 of 214
==734315==    at 0x497D858: malloc (vg_replace_malloc.c:447)
==734315==    by 0x4068FEB: emalloc_real (awk.h:2156)
==734315==    by 0x4068FEB: r_getblock (node.c:1164)
==734315==    by 0x40693C1: make_str_node (node.c:406)
==734315==    by 0x4077055: install (symbol.c:399)
==734315==    by 0x400E703: load_procinfo (main.c:1019)
==734315==    by 0x400E703: init_vars (main.c:878)
==734315==    by 0x400E703: main (main.c:403)
==734315== 
==734315== 88 bytes in 1 blocks are still reachable in loss record 109 of 214
==734315==    at 0x497D858: malloc (vg_replace_malloc.c:447)
==734315==    by 0x4068FEB: emalloc_real (awk.h:2156)
==734315==    by 0x4068FEB: r_getblock (node.c:1164)
==734315==    by 0x4077133: make_symbol (symbol.c:376)
==734315==    by 0x4077133: install (symbol.c:417)
==734315==    by 0x400E703: load_procinfo (main.c:1019)
==734315==    by 0x400E703: init_vars (main.c:878)
==734315==    by 0x400E703: main (main.c:403)
==734315== 
==734315== 88 bytes in 1 blocks are still reachable in loss record 110 of 214
==734315==    at 0x497D858: malloc (vg_replace_malloc.c:447)
==734315==    by 0x4068FEB: emalloc_real (awk.h:2156)
==734315==    by 0x4068FEB: r_getblock (node.c:1164)
==734315==    by 0x40693C1: make_str_node (node.c:406)
==734315==    by 0x4054B6F: update_PROCINFO_str.part.0 (field.c:1661)
==734315==    by 0x400E71D: load_procinfo (main.c:1021)
==734315==    by 0x400E71D: init_vars (main.c:878)
==734315==    by 0x400E71D: main (main.c:403)
==734315== 
==734315== 88 bytes in 1 blocks are still reachable in loss record 111 of 214
==734315==    at 0x497D858: malloc (vg_replace_malloc.c:447)
==734315==    by 0x4068FEB: emalloc_real (awk.h:2156)
==734315==    by 0x4068FEB: r_getblock (node.c:1164)
==734315==    by 0x40693C1: make_str_node (node.c:406)
==734315==    by 0x4054B87: update_PROCINFO_str.part.0 (field.c:1662)
==734315==    by 0x400E71D: load_procinfo (main.c:1021)
==734315==    by 0x400E71D: init_vars (main.c:878)
==734315==    by 0x400E71D: main (main.c:403)
==734315== 
==734315== 88 bytes in 1 blocks are still reachable in loss record 112 of 214
==734315==    at 0x497D858: malloc (vg_replace_malloc.c:447)
==734315==    by 0x4068FEB: emalloc_real (awk.h:2156)
==734315==    by 0x4068FEB: r_getblock (node.c:1164)
==734315==    by 0x40693C1: make_str_node (node.c:406)
==734315==    by 0x4054B6F: update_PROCINFO_str.part.0 (field.c:1661)
==734315==    by 0x400E730: load_procinfo (main.c:1022)
==734315==    by 0x400E730: init_vars (main.c:878)
==734315==    by 0x400E730: main (main.c:403)
==734315== 
==734315== 88 bytes in 1 blocks are still reachable in loss record 113 of 214
==734315==    at 0x497D858: malloc (vg_replace_malloc.c:447)
==734315==    by 0x4068FEB: emalloc_real (awk.h:2156)
==734315==    by 0x4068FEB: r_getblock (node.c:1164)
==734315==    by 0x40693C1: make_str_node (node.c:406)
==734315==    by 0x4054B87: update_PROCINFO_str.part.0 (field.c:1662)
==734315==    by 0x400E730: load_procinfo (main.c:1022)
==734315==    by 0x400E730: init_vars (main.c:878)
==734315==    by 0x400E730: main (main.c:403)
==734315== 
==734315== 88 bytes in 1 blocks are still reachable in loss record 114 of 214
==734315==    at 0x497D858: malloc (vg_replace_malloc.c:447)
==734315==    by 0x4068FEB: emalloc_real (awk.h:2156)
==734315==    by 0x4068FEB: r_getblock (node.c:1164)
==734315==    by 0x40693C1: make_str_node (node.c:406)
==734315==    by 0x4054B6F: update_PROCINFO_str.part.0 (field.c:1661)
==734315==    by 0x400E743: load_procinfo (main.c:1023)
==734315==    by 0x400E743: init_vars (main.c:878)
==734315==    by 0x400E743: main (main.c:403)
==734315== 
==734315== 88 bytes in 1 blocks are still reachable in loss record 115 of 214
==734315==    at 0x497D858: malloc (vg_replace_malloc.c:447)
==734315==    by 0x4068FEB: emalloc_real (awk.h:2156)
==734315==    by 0x4068FEB: r_getblock (node.c:1164)
==734315==    by 0x40693C1: make_str_node (node.c:406)
==734315==    by 0x4054B87: update_PROCINFO_str.part.0 (field.c:1662)
==734315==    by 0x400E743: load_procinfo (main.c:1023)
==734315==    by 0x400E743: init_vars (main.c:878)
==734315==    by 0x400E743: main (main.c:403)
==734315== 
==734315== 88 bytes in 1 blocks are still reachable in loss record 116 of 214
==734315==    at 0x497D858: malloc (vg_replace_malloc.c:447)
==734315==    by 0x4068FEB: emalloc_real (awk.h:2156)
==734315==    by 0x4068FEB: r_getblock (node.c:1164)
==734315==    by 0x40693C1: make_str_node (node.c:406)
==734315==    by 0x4058004: update_PROCINFO_num (field.c:1674)
==734315==    by 0x400E757: load_procinfo (main.c:1035)
==734315==    by 0x400E757: init_vars (main.c:878)
==734315==    by 0x400E757: main (main.c:403)
==734315== 
==734315== 88 bytes in 1 blocks are still reachable in loss record 117 of 214
==734315==    at 0x497D858: malloc (vg_replace_malloc.c:447)
==734315==    by 0x4068FEB: emalloc_real (awk.h:2156)
==734315==    by 0x4068FEB: r_getblock (node.c:1164)
==734315==    by 0x4069930: make_number_node (awk.h:2206)
==734315==    by 0x4069930: r_make_number (node.c:369)
==734315==    by 0x4058013: update_PROCINFO_num (field.c:1675)
==734315==    by 0x400E757: load_procinfo (main.c:1035)
==734315==    by 0x400E757: init_vars (main.c:878)
==734315==    by 0x400E757: main (main.c:403)
==734315== 
==734315== 88 bytes in 1 blocks are still reachable in loss record 118 of 214
==734315==    at 0x497D858: malloc (vg_replace_malloc.c:447)
==734315==    by 0x4068FEB: emalloc_real (awk.h:2156)
==734315==    by 0x4068FEB: r_getblock (node.c:1164)
==734315==    by 0x40693C1: make_str_node (node.c:406)
==734315==    by 0x4058004: update_PROCINFO_num (field.c:1674)
==734315==    by 0x400E76B: load_procinfo (main.c:1036)
==734315==    by 0x400E76B: init_vars (main.c:878)
==734315==    by 0x400E76B: main (main.c:403)
==734315== 
==734315== 88 bytes in 1 blocks are still reachable in loss record 119 of 214
==734315==    at 0x497D858: malloc (vg_replace_malloc.c:447)
==734315==    by 0x4068FEB: emalloc_real (awk.h:2156)
==734315==    by 0x4068FEB: r_getblock (node.c:1164)
==734315==    by 0x4069930: make_number_node (awk.h:2206)
==734315==    by 0x4069930: r_make_number (node.c:369)
==734315==    by 0x4058013: update_PROCINFO_num (field.c:1675)
==734315==    by 0x400E76B: load_procinfo (main.c:1036)
==734315==    by 0x400E76B: init_vars (main.c:878)
==734315==    by 0x400E76B: main (main.c:403)
==734315== 
==734315== 88 bytes in 1 blocks are still reachable in loss record 120 of 214
==734315==    at 0x497D858: malloc (vg_replace_malloc.c:447)
==734315==    by 0x4068FEB: emalloc_real (awk.h:2156)
==734315==    by 0x4068FEB: r_getblock (node.c:1164)
==734315==    by 0x40693C1: make_str_node (node.c:406)
==734315==    by 0x4058004: update_PROCINFO_num (field.c:1674)
==734315==    by 0x400E784: load_procinfo (main.c:1046)
==734315==    by 0x400E784: init_vars (main.c:878)
==734315==    by 0x400E784: main (main.c:403)
==734315== 
==734315== 88 bytes in 1 blocks are still reachable in loss record 121 of 214
==734315==    at 0x497D858: malloc (vg_replace_malloc.c:447)
==734315==    by 0x4068FEB: emalloc_real (awk.h:2156)
==734315==    by 0x4068FEB: r_getblock (node.c:1164)
==734315==    by 0x4069930: make_number_node (awk.h:2206)
==734315==    by 0x4069930: r_make_number (node.c:369)
==734315==    by 0x4058013: update_PROCINFO_num (field.c:1675)
==734315==    by 0x400E784: load_procinfo (main.c:1046)
==734315==    by 0x400E784: init_vars (main.c:878)
==734315==    by 0x400E784: main (main.c:403)
==734315== 
==734315== 88 bytes in 1 blocks are still reachable in loss record 122 of 214
==734315==    at 0x497D858: malloc (vg_replace_malloc.c:447)
==734315==    by 0x4068FEB: emalloc_real (awk.h:2156)
==734315==    by 0x4068FEB: r_getblock (node.c:1164)
==734315==    by 0x40693C1: make_str_node (node.c:406)
==734315==    by 0x4058004: update_PROCINFO_num (field.c:1674)
==734315==    by 0x400E79D: load_procinfo (main.c:1055)
==734315==    by 0x400E79D: init_vars (main.c:878)
==734315==    by 0x400E79D: main (main.c:403)
==734315== 
==734315== 88 bytes in 1 blocks are still reachable in loss record 123 of 214
==734315==    at 0x497D858: malloc (vg_replace_malloc.c:447)
==734315==    by 0x4068FEB: emalloc_real (awk.h:2156)
==734315==    by 0x4068FEB: r_getblock (node.c:1164)
==734315==    by 0x4069930: make_number_node (awk.h:2206)
==734315==    by 0x4069930: r_make_number (node.c:369)
==734315==    by 0x4058013: update_PROCINFO_num (field.c:1675)
==734315==    by 0x400E79D: load_procinfo (main.c:1055)
==734315==    by 0x400E79D: init_vars (main.c:878)
==734315==    by 0x400E79D: main (main.c:403)
==734315== 
==734315== 88 bytes in 1 blocks are still reachable in loss record 124 of 214
==734315==    at 0x497D858: malloc (vg_replace_malloc.c:447)
==734315==    by 0x4068FEB: emalloc_real (awk.h:2156)
==734315==    by 0x4068FEB: r_getblock (node.c:1164)
==734315==    by 0x40693C1: make_str_node (node.c:406)
==734315==    by 0x4058004: update_PROCINFO_num (field.c:1674)
==734315==    by 0x400E7B6: load_procinfo (main.c:1058)
==734315==    by 0x400E7B6: init_vars (main.c:878)
==734315==    by 0x400E7B6: main (main.c:403)
==734315== 
==734315== 88 bytes in 1 blocks are still reachable in loss record 125 of 214
==734315==    at 0x497D858: malloc (vg_replace_malloc.c:447)
==734315==    by 0x4068FEB: emalloc_real (awk.h:2156)
==734315==    by 0x4068FEB: r_getblock (node.c:1164)
==734315==    by 0x4069930: make_number_node (awk.h:2206)
==734315==    by 0x4069930: r_make_number (node.c:369)
==734315==    by 0x4058013: update_PROCINFO_num (field.c:1675)
==734315==    by 0x400E7B6: load_procinfo (main.c:1058)
==734315==    by 0x400E7B6: init_vars (main.c:878)
==734315==    by 0x400E7B6: main (main.c:403)
==734315== 
==734315== 88 bytes in 1 blocks are still reachable in loss record 126 of 214
==734315==    at 0x497D858: malloc (vg_replace_malloc.c:447)
==734315==    by 0x4068FEB: emalloc_real (awk.h:2156)
==734315==    by 0x4068FEB: r_getblock (node.c:1164)
==734315==    by 0x40693C1: make_str_node (node.c:406)
==734315==    by 0x4058004: update_PROCINFO_num (field.c:1674)
==734315==    by 0x400E7D2: load_procinfo (main.c:1061)
==734315==    by 0x400E7D2: init_vars (main.c:878)
==734315==    by 0x400E7D2: main (main.c:403)
==734315== 
==734315== 88 bytes in 1 blocks are still reachable in loss record 127 of 214
==734315==    at 0x497D858: malloc (vg_replace_malloc.c:447)
==734315==    by 0x4068FEB: emalloc_real (awk.h:2156)
==734315==    by 0x4068FEB: r_getblock (node.c:1164)
==734315==    by 0x4069930: make_number_node (awk.h:2206)
==734315==    by 0x4069930: r_make_number (node.c:369)
==734315==    by 0x4058013: update_PROCINFO_num (field.c:1675)
==734315==    by 0x400E7D2: load_procinfo (main.c:1061)
==734315==    by 0x400E7D2: init_vars (main.c:878)
==734315==    by 0x400E7D2: main (main.c:403)
==734315== 
==734315== 88 bytes in 1 blocks are still reachable in loss record 128 of 214
==734315==    at 0x497D858: malloc (vg_replace_malloc.c:447)
==734315==    by 0x4068FEB: emalloc_real (awk.h:2156)
==734315==    by 0x4068FEB: r_getblock (node.c:1164)
==734315==    by 0x40693C1: make_str_node (node.c:406)
==734315==    by 0x4058004: update_PROCINFO_num (field.c:1674)
==734315==    by 0x400E7EE: load_procinfo (main.c:1064)
==734315==    by 0x400E7EE: init_vars (main.c:878)
==734315==    by 0x400E7EE: main (main.c:403)
==734315== 
==734315== 88 bytes in 1 blocks are still reachable in loss record 129 of 214
==734315==    at 0x497D858: malloc (vg_replace_malloc.c:447)
==734315==    by 0x4068FEB: emalloc_real (awk.h:2156)
==734315==    by 0x4068FEB: r_getblock (node.c:1164)
==734315==    by 0x4069930: make_number_node (awk.h:2206)
==734315==    by 0x4069930: r_make_number (node.c:369)
==734315==    by 0x4058013: update_PROCINFO_num (field.c:1675)
==734315==    by 0x400E7EE: load_procinfo (main.c:1064)
==734315==    by 0x400E7EE: init_vars (main.c:878)
==734315==    by 0x400E7EE: main (main.c:403)
==734315== 
==734315== 88 bytes in 1 blocks are still reachable in loss record 130 of 214
==734315==    at 0x497D858: malloc (vg_replace_malloc.c:447)
==734315==    by 0x4068FEB: emalloc_real (awk.h:2156)
==734315==    by 0x4068FEB: r_getblock (node.c:1164)
==734315==    by 0x40693C1: make_str_node (node.c:406)
==734315==    by 0x4058004: update_PROCINFO_num (field.c:1674)
==734315==    by 0x400E80A: load_procinfo (main.c:1067)
==734315==    by 0x400E80A: init_vars (main.c:878)
==734315==    by 0x400E80A: main (main.c:403)
==734315== 
==734315== 88 bytes in 1 blocks are still reachable in loss record 131 of 214
==734315==    at 0x497D858: malloc (vg_replace_malloc.c:447)
==734315==    by 0x4068FEB: emalloc_real (awk.h:2156)
==734315==    by 0x4068FEB: r_getblock (node.c:1164)
==734315==    by 0x4069930: make_number_node (awk.h:2206)
==734315==    by 0x4069930: r_make_number (node.c:369)
==734315==    by 0x4058013: update_PROCINFO_num (field.c:1675)
==734315==    by 0x400E80A: load_procinfo (main.c:1067)
==734315==    by 0x400E80A: init_vars (main.c:878)
==734315==    by 0x400E80A: main (main.c:403)
==734315== 
==734315== 88 bytes in 1 blocks are still reachable in loss record 132 of 214
==734315==    at 0x497D858: malloc (vg_replace_malloc.c:447)
==734315==    by 0x4068FEB: emalloc_real (awk.h:2156)
==734315==    by 0x4068FEB: r_getblock (node.c:1164)
==734315==    by 0x40693C1: make_str_node (node.c:406)
==734315==    by 0x4058004: update_PROCINFO_num (field.c:1674)
==734315==    by 0x400E826: load_procinfo (main.c:1070)
==734315==    by 0x400E826: init_vars (main.c:878)
==734315==    by 0x400E826: main (main.c:403)
==734315== 
==734315== 88 bytes in 1 blocks are still reachable in loss record 133 of 214
==734315==    at 0x497D858: malloc (vg_replace_malloc.c:447)
==734315==    by 0x4068FEB: emalloc_real (awk.h:2156)
==734315==    by 0x4068FEB: r_getblock (node.c:1164)
==734315==    by 0x4069930: make_number_node (awk.h:2206)
==734315==    by 0x4069930: r_make_number (node.c:369)
==734315==    by 0x4058013: update_PROCINFO_num (field.c:1675)
==734315==    by 0x400E826: load_procinfo (main.c:1070)
==734315==    by 0x400E826: init_vars (main.c:878)
==734315==    by 0x400E826: main (main.c:403)
==734315== 
==734315== 88 bytes in 1 blocks are still reachable in loss record 134 of 214
==734315==    at 0x497D858: malloc (vg_replace_malloc.c:447)
==734315==    by 0x4068FEB: emalloc_real (awk.h:2156)
==734315==    by 0x4068FEB: r_getblock (node.c:1164)
==734315==    by 0x40693C1: make_str_node (node.c:406)
==734315==    by 0x4054B6F: update_PROCINFO_str.part.0 (field.c:1661)
==734315==    by 0x400E83A: load_procinfo (main.c:1072)
==734315==    by 0x400E83A: init_vars (main.c:878)
==734315==    by 0x400E83A: main (main.c:403)
==734315== 
==734315== 88 bytes in 1 blocks are still reachable in loss record 135 of 214
==734315==    at 0x497D858: malloc (vg_replace_malloc.c:447)
==734315==    by 0x4068FEB: emalloc_real (awk.h:2156)
==734315==    by 0x4068FEB: r_getblock (node.c:1164)
==734315==    by 0x40693C1: make_str_node (node.c:406)
==734315==    by 0x4054B87: update_PROCINFO_str.part.0 (field.c:1662)
==734315==    by 0x400E83A: load_procinfo (main.c:1072)
==734315==    by 0x400E83A: init_vars (main.c:878)
==734315==    by 0x400E83A: main (main.c:403)
==734315== 
==734315== 88 bytes in 1 blocks are still reachable in loss record 136 of 214
==734315==    at 0x497D858: malloc (vg_replace_malloc.c:447)
==734315==    by 0x4068FEB: emalloc_real (awk.h:2156)
==734315==    by 0x4068FEB: r_getblock (node.c:1164)
==734315==    by 0x40693C1: make_str_node (node.c:406)
==734315==    by 0x4054B6F: update_PROCINFO_str.part.0 (field.c:1661)
==734315==    by 0x400E8D2: load_procinfo (main.c:1087)
==734315==    by 0x400E8D2: init_vars (main.c:878)
==734315==    by 0x400E8D2: main (main.c:403)
==734315== 
==734315== 88 bytes in 1 blocks are still reachable in loss record 137 of 214
==734315==    at 0x497D858: malloc (vg_replace_malloc.c:447)
==734315==    by 0x4068FEB: emalloc_real (awk.h:2156)
==734315==    by 0x4068FEB: r_getblock (node.c:1164)
==734315==    by 0x40693C1: make_str_node (node.c:406)
==734315==    by 0x4054B87: update_PROCINFO_str.part.0 (field.c:1662)
==734315==    by 0x400E8D2: load_procinfo (main.c:1087)
==734315==    by 0x400E8D2: init_vars (main.c:878)
==734315==    by 0x400E8D2: main (main.c:403)
==734315== 
==734315== 88 bytes in 1 blocks are still reachable in loss record 138 of 214
==734315==    at 0x497D858: malloc (vg_replace_malloc.c:447)
==734315==    by 0x4068FEB: emalloc_real (awk.h:2156)
==734315==    by 0x4068FEB: r_getblock (node.c:1164)
==734315==    by 0x400E8E9: load_procinfo_argv (main.c:984)
==734315==    by 0x400E8E9: load_procinfo (main.c:1093)
==734315==    by 0x400E8E9: init_vars (main.c:878)
==734315==    by 0x400E8E9: main (main.c:403)
==734315== 
==734315== 88 bytes in 1 blocks are still reachable in loss record 139 of 214
==734315==    at 0x497D858: malloc (vg_replace_malloc.c:447)
==734315==    by 0x4068FEB: emalloc_real (awk.h:2156)
==734315==    by 0x4068FEB: r_getblock (node.c:1164)
==734315==    by 0x40348D2: make_node (cint_array.c:731)
==734315==    by 0x40348D2: cint_lookup (cint_array.c:256)
==734315==    by 0x400E9D6: assoc_set (awk.h:2220)
==734315==    by 0x400E9D6: load_procinfo_argv (main.c:992)
==734315==    by 0x400E9D6: load_procinfo (main.c:1093)
==734315==    by 0x400E9D6: init_vars (main.c:878)
==734315==    by 0x400E9D6: main (main.c:403)
==734315== 
==734315== 88 bytes in 1 blocks are still reachable in loss record 140 of 214
==734315==    at 0x497D858: malloc (vg_replace_malloc.c:447)
==734315==    by 0x4068FEB: emalloc_real (awk.h:2156)
==734315==    by 0x4068FEB: r_getblock (node.c:1164)
==734315==    by 0x40344E7: make_node (cint_array.c:731)
==734315==    by 0x40344E7: tree_lookup (cint_array.c:796)
==734315==    by 0x400E9D6: assoc_set (awk.h:2220)
==734315==    by 0x400E9D6: load_procinfo_argv (main.c:992)
==734315==    by 0x400E9D6: load_procinfo (main.c:1093)
==734315==    by 0x400E9D6: init_vars (main.c:878)
==734315==    by 0x400E9D6: main (main.c:403)
==734315== 
==734315== 88 bytes in 1 blocks are still reachable in loss record 141 of 214
==734315==    at 0x497D858: malloc (vg_replace_malloc.c:447)
==734315==    by 0x4068FEB: emalloc_real (awk.h:2156)
==734315==    by 0x4068FEB: r_getblock (node.c:1164)
==734315==    by 0x40693C1: make_str_node (node.c:406)
==734315==    by 0x400EC1B: load_procinfo_argv (main.c:996)
==734315==    by 0x400EC1B: load_procinfo (main.c:1093)
==734315==    by 0x400EC1B: init_vars (main.c:878)
==734315==    by 0x400EC1B: main (main.c:403)
==734315== 
==734315== 88 bytes in 1 blocks are still reachable in loss record 142 of 214
==734315==    at 0x497D858: malloc (vg_replace_malloc.c:447)
==734315==    by 0x4068FEB: emalloc_real (awk.h:2156)
==734315==    by 0x4068FEB: r_getblock (node.c:1164)
==734315==    by 0x40693C1: make_str_node (node.c:406)
==734315==    by 0x4077055: install (symbol.c:399)
==734315==    by 0x400E038: load_environ (main.c:930)
==734315==    by 0x400E038: init_vars (main.c:879)
==734315==    by 0x400E038: main (main.c:403)
==734315== 
==734315== 88 bytes in 1 blocks are still reachable in loss record 143 of 214
==734315==    at 0x497D858: malloc (vg_replace_malloc.c:447)
==734315==    by 0x4068FEB: emalloc_real (awk.h:2156)
==734315==    by 0x4068FEB: r_getblock (node.c:1164)
==734315==    by 0x4077133: make_symbol (symbol.c:376)
==734315==    by 0x4077133: install (symbol.c:417)
==734315==    by 0x400E038: load_environ (main.c:930)
==734315==    by 0x400E038: init_vars (main.c:879)
==734315==    by 0x400E038: main (main.c:403)
==734315== 
==734315== 88 bytes in 1 blocks are still reachable in loss record 144 of 214
==734315==    at 0x497D858: malloc (vg_replace_malloc.c:447)
==734315==    by 0x4068FEB: emalloc_real (awk.h:2156)
==734315==    by 0x4068FEB: r_getblock (node.c:1164)
==734315==    by 0x40693C1: make_str_node (node.c:406)
==734315==    by 0x406617B: path_environ (main.c:891)
==734315==    by 0x400E176: load_environ (main.c:964)
==734315==    by 0x400E176: init_vars (main.c:879)
==734315==    by 0x400E176: main (main.c:403)
==734315== 
==734315== 88 bytes in 1 blocks are still reachable in loss record 145 of 214
==734315==    at 0x497D858: malloc (vg_replace_malloc.c:447)
==734315==    by 0x4068FEB: emalloc_real (awk.h:2156)
==734315==    by 0x4068FEB: r_getblock (node.c:1164)
==734315==    by 0x40693C1: make_str_node (node.c:406)
==734315==    by 0x40661D5: path_environ (main.c:906)
==734315==    by 0x400E176: load_environ (main.c:964)
==734315==    by 0x400E176: init_vars (main.c:879)
==734315==    by 0x400E176: main (main.c:403)
==734315== 
==734315== 88 bytes in 1 blocks are still reachable in loss record 146 of 214
==734315==    at 0x497D858: malloc (vg_replace_malloc.c:447)
==734315==    by 0x4068FEB: emalloc_real (awk.h:2156)
==734315==    by 0x4068FEB: r_getblock (node.c:1164)
==734315==    by 0x40693C1: make_str_node (node.c:406)
==734315==    by 0x40553E0: init_fields (field.c:111)
==734315==    by 0x400E1A4: main (main.c:410)
==734315== 
==734315== 88 bytes in 1 blocks are still reachable in loss record 147 of 214
==734315==    at 0x497D858: malloc (vg_replace_malloc.c:447)
==734315==    by 0x4068FEB: emalloc_real (awk.h:2156)
==734315==    by 0x4068FEB: r_getblock (node.c:1164)
==734315==    by 0x4048A91: init_interpret (eval.c:1902)
==734315==    by 0x400E3D5: main (main.c:468)
==734315== 
==734315== 88 bytes in 1 blocks are still reachable in loss record 148 of 214
==734315==    at 0x497D858: malloc (vg_replace_malloc.c:447)
==734315==    by 0x4068FEB: emalloc_real (awk.h:2156)
==734315==    by 0x4068FEB: r_getblock (node.c:1164)
==734315==    by 0x4069930: make_number_node (awk.h:2206)
==734315==    by 0x4069930: r_make_number (node.c:369)
==734315==    by 0x4048AE5: init_interpret (eval.c:1910)
==734315==    by 0x400E3D5: main (main.c:468)
==734315== 
==734315== 88 bytes in 1 blocks are still reachable in loss record 149 of 214
==734315==    at 0x497D858: malloc (vg_replace_malloc.c:447)
==734315==    by 0x4068FEB: emalloc_real (awk.h:2156)
==734315==    by 0x4068FEB: r_getblock (node.c:1164)
==734315==    by 0x4069930: make_number_node (awk.h:2206)
==734315==    by 0x4069930: r_make_number (node.c:369)
==734315==    by 0x4048AFA: init_interpret (eval.c:1911)
==734315==    by 0x400E3D5: main (main.c:468)
==734315== 
==734315== 88 bytes in 1 blocks are still reachable in loss record 150 of 214
==734315==    at 0x497D858: malloc (vg_replace_malloc.c:447)
==734315==    by 0x4068FEB: emalloc_real (awk.h:2156)
==734315==    by 0x4068FEB: r_getblock (node.c:1164)
==734315==    by 0x40693C1: make_str_node (node.c:406)
==734315==    by 0x4077055: install (symbol.c:399)
==734315==    by 0x400E414: init_args (main.c:764)
==734315==    by 0x400E414: main (main.c:470)
==734315== 
==734315== 88 bytes in 1 blocks are still reachable in loss record 151 of 214
==734315==    at 0x497D858: malloc (vg_replace_malloc.c:447)
==734315==    by 0x4068FEB: emalloc_real (awk.h:2156)
==734315==    by 0x4068FEB: r_getblock (node.c:1164)
==734315==    by 0x4077133: make_symbol (symbol.c:376)
==734315==    by 0x4077133: install (symbol.c:417)
==734315==    by 0x400E414: init_args (main.c:764)
==734315==    by 0x400E414: main (main.c:470)
==734315== 
==734315== 88 bytes in 1 blocks are still reachable in loss record 152 of 214
==734315==    at 0x497D858: malloc (vg_replace_malloc.c:447)
==734315==    by 0x4068FEB: emalloc_real (awk.h:2156)
==734315==    by 0x4068FEB: r_getblock (node.c:1164)
==734315==    by 0x40693C1: make_str_node (node.c:406)
==734315==    by 0x400E43D: init_args (main.c:766)
==734315==    by 0x400E43D: main (main.c:470)
==734315== 
==734315== 88 bytes in 1 blocks are still reachable in loss record 153 of 214
==734315==    at 0x497D858: malloc (vg_replace_malloc.c:447)
==734315==    by 0x4068FEB: emalloc_real (awk.h:2156)
==734315==    by 0x4068FEB: r_getblock (node.c:1164)
==734315==    by 0x40348D2: make_node (cint_array.c:731)
==734315==    by 0x40348D2: cint_lookup (cint_array.c:256)
==734315==    by 0x40662E6: assoc_set (awk.h:2220)
==734315==    by 0x400E453: init_args (main.c:768)
==734315==    by 0x400E453: main (main.c:470)
==734315== 
==734315== 88 bytes in 1 blocks are still reachable in loss record 154 of 214
==734315==    at 0x497D858: malloc (vg_replace_malloc.c:447)
==734315==    by 0x4068FEB: emalloc_real (awk.h:2156)
==734315==    by 0x4068FEB: r_getblock (node.c:1164)
==734315==    by 0x40344E7: make_node (cint_array.c:731)
==734315==    by 0x40344E7: tree_lookup (cint_array.c:796)
==734315==    by 0x40662E6: assoc_set (awk.h:2220)
==734315==    by 0x400E453: init_args (main.c:768)
==734315==    by 0x400E453: main (main.c:470)
==734315== 
==734315== 88 bytes in 1 blocks are still reachable in loss record 155 of 214
==734315==    at 0x497D858: malloc (vg_replace_malloc.c:447)
==734315==    by 0x4068FEB: emalloc_real (awk.h:2156)
==734315==    by 0x4068FEB: r_getblock (node.c:1164)
==734315==    by 0x40693C1: make_str_node (node.c:406)
==734315==    by 0x4077055: install (symbol.c:399)
==734315==    by 0x400EA90: init_args (main.c:791)
==734315==    by 0x400EA90: main (main.c:470)
==734315== 
==734315== 88 bytes in 1 blocks are still reachable in loss record 156 of 214
==734315==    at 0x497D858: malloc (vg_replace_malloc.c:447)
==734315==    by 0x4068FEB: emalloc_real (awk.h:2156)
==734315==    by 0x4068FEB: r_getblock (node.c:1164)
==734315==    by 0x4077133: make_symbol (symbol.c:376)
==734315==    by 0x4077133: install (symbol.c:417)
==734315==    by 0x400EA90: init_args (main.c:791)
==734315==    by 0x400EA90: main (main.c:470)
==734315== 
==734315== 88 bytes in 1 blocks are still reachable in loss record 157 of 214
==734315==    at 0x497D858: malloc (vg_replace_malloc.c:447)
==734315==    by 0x4068FEB: emalloc_real (awk.h:2156)
==734315==    by 0x4068FEB: r_getblock (node.c:1164)
==734315==    by 0x40693C1: make_str_node (node.c:406)
==734315==    by 0x4077055: install (symbol.c:399)
==734315==    by 0x401CA63: yyparse (awkgram.y:2148)
==734315==    by 0x402073A: parse_program (awkgram.y:2797)
==734315==    by 0x400EAD8: main (main.c:483)
==734315== 
==734315== 88 bytes in 1 blocks are still reachable in loss record 158 of 214
==734315==    at 0x497D858: malloc (vg_replace_malloc.c:447)
==734315==    by 0x4068FEB: emalloc_real (awk.h:2156)
==734315==    by 0x4068FEB: r_getblock (node.c:1164)
==734315==    by 0x4077133: make_symbol (symbol.c:376)
==734315==    by 0x4077133: install (symbol.c:417)
==734315==    by 0x401CA63: yyparse (awkgram.y:2148)
==734315==    by 0x402073A: parse_program (awkgram.y:2797)
==734315==    by 0x400EAD8: main (main.c:483)
==734315== 
==734315== 88 bytes in 1 blocks are still reachable in loss record 159 of 214
==734315==    at 0x497D858: malloc (vg_replace_malloc.c:447)
==734315==    by 0x4068FEB: emalloc_real (awk.h:2156)
==734315==    by 0x4068FEB: r_getblock (node.c:1164)
==734315==    by 0x40693C1: make_str_node (node.c:406)
==734315==    by 0x4077FD7: load_symbols (symbol.c:663)
==734315==    by 0x400ED85: main (main.c:499)
==734315== 
==734315== 88 bytes in 1 blocks are still reachable in loss record 160 of 214
==734315==    at 0x497D858: malloc (vg_replace_malloc.c:447)
==734315==    by 0x4068FEB: emalloc_real (awk.h:2156)
==734315==    by 0x4068FEB: r_getblock (node.c:1164)
==734315==    by 0x4077FF4: load_symbols (symbol.c:666)
==734315==    by 0x400ED85: main (main.c:499)
==734315== 
==734315== 88 bytes in 1 blocks are still reachable in loss record 161 of 214
==734315==    at 0x497D858: malloc (vg_replace_malloc.c:447)
==734315==    by 0x4068FEB: emalloc_real (awk.h:2156)
==734315==    by 0x4068FEB: r_getblock (node.c:1164)
==734315==    by 0x40693C1: make_str_node (node.c:406)
==734315==    by 0x40780DA: load_symbols (symbol.c:679)
==734315==    by 0x400ED85: main (main.c:499)
==734315== 
==734315== 88 bytes in 1 blocks are still reachable in loss record 162 of 214
==734315==    at 0x497D858: malloc (vg_replace_malloc.c:447)
==734315==    by 0x4068FEB: emalloc_real (awk.h:2156)
==734315==    by 0x4068FEB: r_getblock (node.c:1164)
==734315==    by 0x40693C1: make_str_node (node.c:406)
==734315==    by 0x40780F2: load_symbols (symbol.c:680)
==734315==    by 0x400ED85: main (main.c:499)
==734315== 
==734315== 88 bytes in 1 blocks are still reachable in loss record 163 of 214
==734315==    at 0x497D858: malloc (vg_replace_malloc.c:447)
==734315==    by 0x4068FEB: emalloc_real (awk.h:2156)
==734315==    by 0x4068FEB: r_getblock (node.c:1164)
==734315==    by 0x40693C1: make_str_node (node.c:406)
==734315==    by 0x407810A: load_symbols (symbol.c:681)
==734315==    by 0x400ED85: main (main.c:499)
==734315== 
==734315== 88 bytes in 1 blocks are still reachable in loss record 164 of 214
==734315==    at 0x497D858: malloc (vg_replace_malloc.c:447)
==734315==    by 0x4068FEB: emalloc_real (awk.h:2156)
==734315==    by 0x4068FEB: r_getblock (node.c:1164)
==734315==    by 0x40693C1: make_str_node (node.c:406)
==734315==    by 0x4078122: load_symbols (symbol.c:682)
==734315==    by 0x400ED85: main (main.c:499)
==734315== 
==734315== 88 bytes in 1 blocks are still reachable in loss record 165 of 214
==734315==    at 0x497D858: malloc (vg_replace_malloc.c:447)
==734315==    by 0x4068FEB: emalloc_real (awk.h:2156)
==734315==    by 0x4068FEB: r_getblock (node.c:1164)
==734315==    by 0x4069930: make_number_node (awk.h:2206)
==734315==    by 0x4069930: r_make_number (node.c:369)
==734315==    by 0x4061354: nextfile (io.c:470)
==734315==    by 0x404ECBF: r_interpret (interpret.h:1421)
==734315==    by 0x400EDDE: main (main.c:532)
==734315== 
==734315== 88 bytes in 1 blocks are still reachable in loss record 166 of 214
==734315==    at 0x497D858: malloc (vg_replace_malloc.c:447)
==734315==    by 0x4068FEB: emalloc_real (awk.h:2156)
==734315==    by 0x4068FEB: r_getblock (node.c:1164)
==734315==    by 0x40693C1: make_str_node (node.c:406)
==734315==    by 0x4066BF5: arg_assign (main.c:1252)
==734315==    by 0x4061222: nextfile (io.c:473)
==734315==    by 0x404ECBF: r_interpret (interpret.h:1421)
==734315==    by 0x400EDDE: main (main.c:532)
==734315== 
==734315== 88 bytes in 1 blocks are still reachable in loss record 167 of 214
==734315==    at 0x497D858: malloc (vg_replace_malloc.c:447)
==734315==    by 0x4068FEB: emalloc_real (awk.h:2156)
==734315==    by 0x4068FEB: r_getblock (node.c:1164)
==734315==    by 0x40693C1: make_str_node (node.c:406)
==734315==    by 0x4058004: update_PROCINFO_num (field.c:1674)
==734315==    by 0x40473B3: update_ERRNO_int (eval.c:1029)
==734315==    by 0x40473B3: update_ERRNO_int (eval.c:1022)
==734315==    by 0x40613B8: nextfile (io.c:515)
==734315==    by 0x404ECBF: r_interpret (interpret.h:1421)
==734315==    by 0x400EDDE: main (main.c:532)
==734315== 
==734315== 88 bytes in 1 blocks are still reachable in loss record 168 of 214
==734315==    at 0x497D858: malloc (vg_replace_malloc.c:447)
==734315==    by 0x4068FEB: emalloc_real (awk.h:2156)
==734315==    by 0x4068FEB: r_getblock (node.c:1164)
==734315==    by 0x4069930: make_number_node (awk.h:2206)
==734315==    by 0x4069930: r_make_number (node.c:369)
==734315==    by 0x4058013: update_PROCINFO_num (field.c:1675)
==734315==    by 0x40473B3: update_ERRNO_int (eval.c:1029)
==734315==    by 0x40473B3: update_ERRNO_int (eval.c:1022)
==734315==    by 0x40613B8: nextfile (io.c:515)
==734315==    by 0x404ECBF: r_interpret (interpret.h:1421)
==734315==    by 0x400EDDE: main (main.c:532)
==734315== 
==734315== 88 bytes in 1 blocks are still reachable in loss record 169 of 214
==734315==    at 0x497D858: malloc (vg_replace_malloc.c:447)
==734315==    by 0x4068FEB: emalloc_real (awk.h:2156)
==734315==    by 0x4068FEB: r_getblock (node.c:1164)
==734315==    by 0x40693C1: make_str_node (node.c:406)
==734315==    by 0x40473FB: update_ERRNO_int (eval.c:1036)
==734315==    by 0x40473FB: update_ERRNO_int (eval.c:1022)
==734315==    by 0x40613B8: nextfile (io.c:515)
==734315==    by 0x404ECBF: r_interpret (interpret.h:1421)
==734315==    by 0x400EDDE: main (main.c:532)
==734315== 
==734315== 88 bytes in 1 blocks are still reachable in loss record 170 of 214
==734315==    at 0x497D858: malloc (vg_replace_malloc.c:447)
==734315==    by 0x4068FEB: emalloc_real (awk.h:2156)
==734315==    by 0x4068FEB: r_getblock (node.c:1164)
==734315==    by 0x40693C1: make_str_node (node.c:406)
==734315==    by 0x40613F5: nextfile (io.c:518)
==734315==    by 0x404ECBF: r_interpret (interpret.h:1421)
==734315==    by 0x400EDDE: main (main.c:532)
==734315== 
==734315== 88 bytes in 1 blocks are still reachable in loss record 171 of 214
==734315==    at 0x497D858: malloc (vg_replace_malloc.c:447)
==734315==    by 0x4068FEB: emalloc_real (awk.h:2156)
==734315==    by 0x4068FEB: r_getblock (node.c:1164)
==734315==    by 0x40693C1: make_str_node (node.c:406)
==734315==    by 0x40604F8: get_a_record (io.c:4164)
==734315==    by 0x4060947: inrec (io.c:585)
==734315==    by 0x404ECFC: r_interpret (interpret.h:1457)
==734315==    by 0x400EDDE: main (main.c:532)
==734315== 
==734315== 88 bytes in 1 blocks are still reachable in loss record 172 of 214
==734315==    at 0x497D858: malloc (vg_replace_malloc.c:447)
==734315==    by 0x4068FEB: emalloc_real (awk.h:2156)
==734315==    by 0x4068FEB: r_getblock (node.c:1164)
==734315==    by 0x4055A4F: set_record (field.c:343)
==734315==    by 0x406096F: inrec (io.c:590)
==734315==    by 0x404ECFC: r_interpret (interpret.h:1457)
==734315==    by 0x400EDDE: main (main.c:532)
==734315== 
==734315== 88 bytes in 1 blocks are still reachable in loss record 173 of 214
==734315==    at 0x497D858: malloc (vg_replace_malloc.c:447)
==734315==    by 0x4068FEB: emalloc_real (awk.h:2156)
==734315==    by 0x4068FEB: r_getblock (node.c:1164)
==734315==    by 0x40693C1: make_str_node (node.c:406)
==734315==    by 0x4052611: r_interpret (interpret.h:1052)
==734315==    by 0x400EDDE: main (main.c:532)
==734315== 
==734315== 88 bytes in 1 blocks are still reachable in loss record 174 of 214
==734315==    at 0x497D858: malloc (vg_replace_malloc.c:447)
==734315==    by 0x4068FEB: emalloc_real (awk.h:2156)
==734315==    by 0x4068FEB: r_getblock (node.c:1164)
==734315==    by 0x4069930: make_number_node (awk.h:2206)
==734315==    by 0x4069930: r_make_number (node.c:369)
==734315==    by 0x4033132: leaf_list (cint_array.c:1191)
==734315==    by 0x4033132: tree_list (cint_array.c:926)
==734315==    by 0x403364A: cint_list (cint_array.c:485)
==734315==    by 0x40121D2: assoc_list (array.c:1489)
==734315==    by 0x404E921: r_interpret (interpret.h:1071)
==734315==    by 0x400EDDE: main (main.c:532)
==734315== 
==734315== 104 bytes in 1 blocks are still reachable in loss record 175 of 214
==734315==    at 0x4984E43: calloc (vg_replace_malloc.c:1678)
==734315==    by 0x4075D54: ezalloc_real (awk.h:2174)
==734315==    by 0x4075D54: grow_table (str_array.c:682)
==734315==    by 0x407693C: str_lookup (str_array.c:150)
==734315==    by 0x407708C: assoc_set (awk.h:2220)
==734315==    by 0x407708C: install (symbol.c:430)
==734315==    by 0x4077369: install_symbol (symbol.c:173)
==734315==    by 0x4077369: init_the_tables (symbol.c:77)
==734315==    by 0x400D60A: main (main.c:287)
==734315== 
==734315== 104 bytes in 1 blocks are still reachable in loss record 176 of 214
==734315==    at 0x4984E43: calloc (vg_replace_malloc.c:1678)
==734315==    by 0x4075D54: ezalloc_real (awk.h:2174)
==734315==    by 0x4075D54: grow_table (str_array.c:682)
==734315==    by 0x407693C: str_lookup (str_array.c:150)
==734315==    by 0x407708C: assoc_set (awk.h:2220)
==734315==    by 0x407708C: install (symbol.c:430)
==734315==    by 0x400DA01: init_vars (main.c:865)
==734315==    by 0x400DA01: main (main.c:403)
==734315== 
==734315== 104 bytes in 1 blocks are still reachable in loss record 177 of 214
==734315==    at 0x4984E43: calloc (vg_replace_malloc.c:1678)
==734315==    by 0x4075D54: ezalloc_real (awk.h:2174)
==734315==    by 0x4075D54: grow_table (str_array.c:682)
==734315==    by 0x407693C: str_lookup (str_array.c:150)
==734315==    by 0x4054B9E: assoc_set (awk.h:2220)
==734315==    by 0x4054B9E: update_PROCINFO_str.part.0 (field.c:1662)
==734315==    by 0x400E71D: load_procinfo (main.c:1021)
==734315==    by 0x400E71D: init_vars (main.c:878)
==734315==    by 0x400E71D: main (main.c:403)
==734315== 
==734315== 104 bytes in 1 blocks are still reachable in loss record 178 of 214
==734315==    at 0x4984E43: calloc (vg_replace_malloc.c:1678)
==734315==    by 0x4075D54: ezalloc_real (awk.h:2174)
==734315==    by 0x4075D54: grow_table (str_array.c:682)
==734315==    by 0x407693C: str_lookup (str_array.c:150)
==734315==    by 0x400E127: assoc_set (awk.h:2220)
==734315==    by 0x400E127: load_environ (main.c:949)
==734315==    by 0x400E127: init_vars (main.c:879)
==734315==    by 0x400E127: main (main.c:403)
==734315== 
==734315== 104 bytes in 1 blocks are still reachable in loss record 179 of 214
==734315==    at 0x4984E43: calloc (vg_replace_malloc.c:1678)
==734315==    by 0x4075D54: ezalloc_real (awk.h:2174)
==734315==    by 0x4075D54: grow_table (str_array.c:682)
==734315==    by 0x407693C: str_lookup (str_array.c:150)
==734315==    by 0x407708C: assoc_set (awk.h:2220)
==734315==    by 0x407708C: install (symbol.c:430)
==734315==    by 0x401982E: install_builtins (awkgram.y:6601)
==734315==    by 0x400ED71: main (main.c:491)
==734315== 
==734315== 104 bytes in 1 blocks are still reachable in loss record 180 of 214
==734315==    at 0x4984E43: calloc (vg_replace_malloc.c:1678)
==734315==    by 0x4075D54: ezalloc_real (awk.h:2174)
==734315==    by 0x4075D54: grow_table (str_array.c:682)
==734315==    by 0x407693C: str_lookup (str_array.c:150)
==734315==    by 0x40782E9: load_symbols (symbol.c:701)
==734315==    by 0x400ED85: main (main.c:499)
==734315== 
==734315== 151 bytes in 24 blocks are still reachable in loss record 181 of 214
==734315==    at 0x497D858: malloc (vg_replace_malloc.c:447)
==734315==    by 0x4066564: emalloc_real (awk.h:2156)
==734315==    by 0x4066564: estrdup (main.c:1451)
==734315==    by 0x400D9F0: init_vars (main.c:865)
==734315==    by 0x400D9F0: main (main.c:403)
==734315== 
==734315== 151 bytes in 24 blocks are still reachable in loss record 182 of 214
==734315==    at 0x497D858: malloc (vg_replace_malloc.c:447)
==734315==    by 0x4069457: emalloc_real (awk.h:2156)
==734315==    by 0x4069457: make_str_node (node.c:422)
==734315==    by 0x4077055: install (symbol.c:399)
==734315==    by 0x400DA01: init_vars (main.c:865)
==734315==    by 0x400DA01: main (main.c:403)
==734315== 
==734315== 176 bytes in 2 blocks are still reachable in loss record 183 of 214
==734315==    at 0x497D858: malloc (vg_replace_malloc.c:447)
==734315==    by 0x4068FEB: emalloc_real (awk.h:2156)
==734315==    by 0x4068FEB: r_getblock (node.c:1164)
==734315==    by 0x40693C1: make_str_node (node.c:406)
==734315==    by 0x400E4C3: init_args (main.c:780)
==734315==    by 0x400E4C3: main (main.c:470)
==734315== 
==734315== 197 bytes in 23 blocks are still reachable in loss record 184 of 214
==734315==    at 0x497D858: malloc (vg_replace_malloc.c:447)
==734315==    by 0x4069457: emalloc_real (awk.h:2156)
==734315==    by 0x4069457: make_str_node (node.c:422)
==734315==    by 0x400E0F5: load_environ (main.c:946)
==734315==    by 0x400E0F5: init_vars (main.c:879)
==734315==    by 0x400E0F5: main (main.c:403)
==734315== 
==734315== 256 bytes in 1 blocks are still reachable in loss record 185 of 214
==734315==    at 0x4984E43: calloc (vg_replace_malloc.c:1678)
==734315==    by 0x4034892: ezalloc_real (awk.h:2174)
==734315==    by 0x4034892: cint_lookup (cint_array.c:249)
==734315==    by 0x400E9D6: assoc_set (awk.h:2220)
==734315==    by 0x400E9D6: load_procinfo_argv (main.c:992)
==734315==    by 0x400E9D6: load_procinfo (main.c:1093)
==734315==    by 0x400E9D6: init_vars (main.c:878)
==734315==    by 0x400E9D6: main (main.c:403)
==734315== 
==734315== 256 bytes in 1 blocks are still reachable in loss record 186 of 214
==734315==    at 0x4984E43: calloc (vg_replace_malloc.c:1678)
==734315==    by 0x4034297: ezalloc_real (awk.h:2174)
==734315==    by 0x4034297: tree_lookup (cint_array.c:773)
==734315==    by 0x400E9D6: assoc_set (awk.h:2220)
==734315==    by 0x400E9D6: load_procinfo_argv (main.c:992)
==734315==    by 0x400E9D6: load_procinfo (main.c:1093)
==734315==    by 0x400E9D6: init_vars (main.c:878)
==734315==    by 0x400E9D6: main (main.c:403)
==734315== 
==734315== 256 bytes in 1 blocks are still reachable in loss record 187 of 214
==734315==    at 0x4984E43: calloc (vg_replace_malloc.c:1678)
==734315==    by 0x40344C0: ezalloc_real (awk.h:2174)
==734315==    by 0x40344C0: leaf_lookup (cint_array.c:1064)
==734315==    by 0x40344C0: tree_lookup (cint_array.c:797)
==734315==    by 0x400E9D6: assoc_set (awk.h:2220)
==734315==    by 0x400E9D6: load_procinfo_argv (main.c:992)
==734315==    by 0x400E9D6: load_procinfo (main.c:1093)
==734315==    by 0x400E9D6: init_vars (main.c:878)
==734315==    by 0x400E9D6: main (main.c:403)
==734315== 
==734315== 256 bytes in 1 blocks are still reachable in loss record 188 of 214
==734315==    at 0x4984E43: calloc (vg_replace_malloc.c:1678)
==734315==    by 0x4034892: ezalloc_real (awk.h:2174)
==734315==    by 0x4034892: cint_lookup (cint_array.c:249)
==734315==    by 0x40662E6: assoc_set (awk.h:2220)
==734315==    by 0x400E453: init_args (main.c:768)
==734315==    by 0x400E453: main (main.c:470)
==734315== 
==734315== 256 bytes in 1 blocks are still reachable in loss record 189 of 214
==734315==    at 0x4984E43: calloc (vg_replace_malloc.c:1678)
==734315==    by 0x4034297: ezalloc_real (awk.h:2174)
==734315==    by 0x4034297: tree_lookup (cint_array.c:773)
==734315==    by 0x40662E6: assoc_set (awk.h:2220)
==734315==    by 0x400E453: init_args (main.c:768)
==734315==    by 0x400E453: main (main.c:470)
==734315== 
==734315== 256 bytes in 1 blocks are still reachable in loss record 190 of 214
==734315==    at 0x4984E43: calloc (vg_replace_malloc.c:1678)
==734315==    by 0x40344C0: ezalloc_real (awk.h:2174)
==734315==    by 0x40344C0: leaf_lookup (cint_array.c:1064)
==734315==    by 0x40344C0: tree_lookup (cint_array.c:797)
==734315==    by 0x40662E6: assoc_set (awk.h:2220)
==734315==    by 0x400E453: init_args (main.c:768)
==734315==    by 0x400E453: main (main.c:470)
==734315== 
==734315== 278 bytes in 42 blocks are still reachable in loss record 191 of 214
==734315==    at 0x497D858: malloc (vg_replace_malloc.c:447)
==734315==    by 0x4069457: emalloc_real (awk.h:2156)
==734315==    by 0x4069457: make_str_node (node.c:422)
==734315==    by 0x4077055: install (symbol.c:399)
==734315==    by 0x401982E: install_builtins (awkgram.y:6601)
==734315==    by 0x400ED71: main (main.c:491)
==734315== 
==734315== 296 bytes in 1 blocks are still reachable in loss record 192 of 214
==734315==    at 0x4984E43: calloc (vg_replace_malloc.c:1678)
==734315==    by 0x4014A06: ezalloc_real (awk.h:2174)
==734315==    by 0x4014A06: do_add_srcfile (awkgram.y:2833)
==734315==    by 0x4018A70: add_srcfile (awkgram.y:2916)
==734315==    by 0x400D7E5: parse_args (main.c:1585)
==734315==    by 0x400D7E5: main (main.c:294)
==734315== 
==734315== 440 bytes in 5 blocks are still reachable in loss record 193 of 214
==734315==    at 0x497D858: malloc (vg_replace_malloc.c:447)
==734315==    by 0x4068FEB: emalloc_real (awk.h:2156)
==734315==    by 0x4068FEB: r_getblock (node.c:1164)
==734315==    by 0x40693C1: make_str_node (node.c:406)
==734315==    by 0x400E9C6: load_procinfo_argv (main.c:991)
==734315==    by 0x400E9C6: load_procinfo (main.c:1093)
==734315==    by 0x400E9C6: init_vars (main.c:878)
==734315==    by 0x400E9C6: main (main.c:403)
==734315== 
==734315== 473 bytes in 73 blocks are still reachable in loss record 194 of 214
==734315==    at 0x497D858: malloc (vg_replace_malloc.c:447)
==734315==    by 0x4069457: emalloc_real (awk.h:2156)
==734315==    by 0x4069457: make_str_node (node.c:422)
==734315==    by 0x4078494: load_symbols (symbol.c:700)
==734315==    by 0x400ED85: main (main.c:499)
==734315== 
==734315== 512 bytes in 1 blocks are still reachable in loss record 195 of 214
==734315==    at 0x4984E43: calloc (vg_replace_malloc.c:1678)
==734315==    by 0x4055BEE: ezalloc_real (awk.h:2174)
==734315==    by 0x4055BEE: set_record (field.c:309)
==734315==    by 0x406096F: inrec (io.c:590)
==734315==    by 0x404ECFC: r_interpret (interpret.h:1457)
==734315==    by 0x400EDDE: main (main.c:532)
==734315== 
==734315== 552 bytes in 1 blocks are still reachable in loss record 196 of 214
==734315==    at 0x4984E43: calloc (vg_replace_malloc.c:1678)
==734315==    by 0x4078976: ezalloc_real (awk.h:2174)
==734315==    by 0x4078976: new_context (symbol.c:870)
==734315==    by 0x400D61D: main (main.c:292)
==734315== 
==734315== 792 bytes in 9 blocks are still reachable in loss record 197 of 214
==734315==    at 0x497D858: malloc (vg_replace_malloc.c:447)
==734315==    by 0x4068FEB: emalloc_real (awk.h:2156)
==734315==    by 0x4068FEB: r_getblock (node.c:1164)
==734315==    by 0x4069930: make_number_node (awk.h:2206)
==734315==    by 0x4069930: r_make_number (node.c:369)
==734315==    by 0x400DA23: init_vars (main.c:869)
==734315==    by 0x400DA23: main (main.c:403)
==734315== 
==734315== 805 bytes in 23 blocks are still reachable in loss record 198 of 214
==734315==    at 0x497D858: malloc (vg_replace_malloc.c:447)
==734315==    by 0x4069457: emalloc_real (awk.h:2156)
==734315==    by 0x4069457: make_str_node (node.c:422)
==734315==    by 0x400E10D: load_environ (main.c:947)
==734315==    by 0x400E10D: init_vars (main.c:879)
==734315==    by 0x400E10D: main (main.c:403)
==734315== 
==734315== 968 bytes in 11 blocks are still reachable in loss record 199 of 214
==734315==    at 0x497D858: malloc (vg_replace_malloc.c:447)
==734315==    by 0x4068FEB: emalloc_real (awk.h:2156)
==734315==    by 0x4068FEB: r_getblock (node.c:1164)
==734315==    by 0x40693C1: make_str_node (node.c:406)
==734315==    by 0x400D984: init_vars (main.c:867)
==734315==    by 0x400D984: main (main.c:403)
==734315== 
==734315== 1,104 bytes in 23 blocks are still reachable in loss record 200 of 214
==734315==    at 0x497D858: malloc (vg_replace_malloc.c:447)
==734315==    by 0x4068FEB: emalloc_real (awk.h:2156)
==734315==    by 0x4068FEB: r_getblock (node.c:1164)
==734315==    by 0x40768D9: str_lookup (str_array.c:214)
==734315==    by 0x400E127: assoc_set (awk.h:2220)
==734315==    by 0x400E127: load_environ (main.c:949)
==734315==    by 0x400E127: init_vars (main.c:879)
==734315==    by 0x400E127: main (main.c:403)
==734315== 
==734315== 1,152 bytes in 24 blocks are still reachable in loss record 201 of 214
==734315==    at 0x497D858: malloc (vg_replace_malloc.c:447)
==734315==    by 0x4068FEB: emalloc_real (awk.h:2156)
==734315==    by 0x4068FEB: r_getblock (node.c:1164)
==734315==    by 0x40768D9: str_lookup (str_array.c:214)
==734315==    by 0x407708C: assoc_set (awk.h:2220)
==734315==    by 0x407708C: install (symbol.c:430)
==734315==    by 0x400DA01: init_vars (main.c:865)
==734315==    by 0x400DA01: main (main.c:403)
==734315== 
==734315== 2,016 bytes in 42 blocks are still reachable in loss record 202 of 214
==734315==    at 0x497D858: malloc (vg_replace_malloc.c:447)
==734315==    by 0x4068FEB: emalloc_real (awk.h:2156)
==734315==    by 0x4068FEB: r_getblock (node.c:1164)
==734315==    by 0x40768D9: str_lookup (str_array.c:214)
==734315==    by 0x407708C: assoc_set (awk.h:2220)
==734315==    by 0x407708C: install (symbol.c:430)
==734315==    by 0x401982E: install_builtins (awkgram.y:6601)
==734315==    by 0x400ED71: main (main.c:491)
==734315== 
==734315== 2,024 bytes in 23 blocks are still reachable in loss record 203 of 214
==734315==    at 0x497D858: malloc (vg_replace_malloc.c:447)
==734315==    by 0x4068FEB: emalloc_real (awk.h:2156)
==734315==    by 0x4068FEB: r_getblock (node.c:1164)
==734315==    by 0x40693C1: make_str_node (node.c:406)
==734315==    by 0x400E0F5: load_environ (main.c:946)
==734315==    by 0x400E0F5: init_vars (main.c:879)
==734315==    by 0x400E0F5: main (main.c:403)
==734315== 
==734315== 2,024 bytes in 23 blocks are still reachable in loss record 204 of 214
==734315==    at 0x497D858: malloc (vg_replace_malloc.c:447)
==734315==    by 0x4068FEB: emalloc_real (awk.h:2156)
==734315==    by 0x4068FEB: r_getblock (node.c:1164)
==734315==    by 0x40693C1: make_str_node (node.c:406)
==734315==    by 0x400E10D: load_environ (main.c:947)
==734315==    by 0x400E10D: init_vars (main.c:879)
==734315==    by 0x400E10D: main (main.c:403)
==734315== 
==734315== 2,048 bytes in 1 blocks are still reachable in loss record 205 of 214
==734315==    at 0x497D858: malloc (vg_replace_malloc.c:447)
==734315==    by 0x4048A59: emalloc_real (awk.h:2156)
==734315==    by 0x4048A59: init_interpret (eval.c:1897)
==734315==    by 0x400E3D5: main (main.c:468)
==734315== 
==734315== 2,112 bytes in 24 blocks are still reachable in loss record 206 of 214
==734315==    at 0x497D858: malloc (vg_replace_malloc.c:447)
==734315==    by 0x4068FEB: emalloc_real (awk.h:2156)
==734315==    by 0x4068FEB: r_getblock (node.c:1164)
==734315==    by 0x40693C1: make_str_node (node.c:406)
==734315==    by 0x4077055: install (symbol.c:399)
==734315==    by 0x400DA01: init_vars (main.c:865)
==734315==    by 0x400DA01: main (main.c:403)
==734315== 
==734315== 2,112 bytes in 24 blocks are still reachable in loss record 207 of 214
==734315==    at 0x497D858: malloc (vg_replace_malloc.c:447)
==734315==    by 0x4068FEB: emalloc_real (awk.h:2156)
==734315==    by 0x4068FEB: r_getblock (node.c:1164)
==734315==    by 0x4077133: make_symbol (symbol.c:376)
==734315==    by 0x4077133: install (symbol.c:417)
==734315==    by 0x400DA01: init_vars (main.c:865)
==734315==    by 0x400DA01: main (main.c:403)
==734315== 
==734315== 3,504 bytes in 73 blocks are still reachable in loss record 208 of 214
==734315==    at 0x497D858: malloc (vg_replace_malloc.c:447)
==734315==    by 0x4068FEB: emalloc_real (awk.h:2156)
==734315==    by 0x4068FEB: r_getblock (node.c:1164)
==734315==    by 0x40768D9: str_lookup (str_array.c:214)
==734315==    by 0x40782E9: load_symbols (symbol.c:701)
==734315==    by 0x400ED85: main (main.c:499)
==734315== 
==734315== 3,696 bytes in 42 blocks are still reachable in loss record 209 of 214
==734315==    at 0x497D858: malloc (vg_replace_malloc.c:447)
==734315==    by 0x4068FEB: emalloc_real (awk.h:2156)
==734315==    by 0x4068FEB: r_getblock (node.c:1164)
==734315==    by 0x40693C1: make_str_node (node.c:406)
==734315==    by 0x4077055: install (symbol.c:399)
==734315==    by 0x401982E: install_builtins (awkgram.y:6601)
==734315==    by 0x400ED71: main (main.c:491)
==734315== 
==734315== 3,696 bytes in 42 blocks are still reachable in loss record 210 of 214
==734315==    at 0x497D858: malloc (vg_replace_malloc.c:447)
==734315==    by 0x4068FEB: emalloc_real (awk.h:2156)
==734315==    by 0x4068FEB: r_getblock (node.c:1164)
==734315==    by 0x407721E: make_symbol (symbol.c:376)
==734315==    by 0x407721E: install (symbol.c:417)
==734315==    by 0x401982E: install_builtins (awkgram.y:6601)
==734315==    by 0x400ED71: main (main.c:491)
==734315== 
==734315== 5,048 bytes in 1 blocks are still reachable in loss record 211 of 214
==734315==    at 0x497D858: malloc (vg_replace_malloc.c:447)
==734315==    by 0x4078891: emalloc_real (awk.h:2156)
==734315==    by 0x4078891: bcalloc (symbol.c:849)
==734315==    by 0x402065C: parse_program (awkgram.y:2770)
==734315==    by 0x400EAD8: main (main.c:483)
==734315== 
==734315== 5,048 bytes in 1 blocks are still reachable in loss record 212 of 214
==734315==    at 0x497D858: malloc (vg_replace_malloc.c:447)
==734315==    by 0x4078891: emalloc_real (awk.h:2156)
==734315==    by 0x4078891: bcalloc (symbol.c:849)
==734315==    by 0x4020B58: parse_program (awkgram.y:2778)
==734315==    by 0x400EAD8: main (main.c:483)
==734315== 
==734315== 5,048 bytes in 1 blocks are still reachable in loss record 213 of 214
==734315==    at 0x497D858: malloc (vg_replace_malloc.c:447)
==734315==    by 0x4078891: emalloc_real (awk.h:2156)
==734315==    by 0x4078891: bcalloc (symbol.c:849)
==734315==    by 0x4016298: append_rule.isra.0 (awkgram.y:5806)
==734315==    by 0x401E19B: yyparse (awkgram.y:271)
==734315==    by 0x402073A: parse_program (awkgram.y:2797)
==734315==    by 0x400EAD8: main (main.c:483)
==734315== 
==734315== 6,424 bytes in 73 blocks are still reachable in loss record 214 of 214
==734315==    at 0x497D858: malloc (vg_replace_malloc.c:447)
==734315==    by 0x4068FEB: emalloc_real (awk.h:2156)
==734315==    by 0x4068FEB: r_getblock (node.c:1164)
==734315==    by 0x40693C1: make_str_node (node.c:406)
==734315==    by 0x4078494: load_symbols (symbol.c:700)
==734315==    by 0x400ED85: main (main.c:499)
==734315== 
==734315== LEAK SUMMARY:
==734315==    definitely lost: 0 bytes in 0 blocks
==734315==    indirectly lost: 0 bytes in 0 blocks
==734315==      possibly lost: 0 bytes in 0 blocks
==734315==    still reachable: 63,569 bytes in 861 blocks
==734315==         suppressed: 0 bytes in 0 blocks
==734315== 
==734315== For lists of detected and suppressed errors, rerun with: -s
==734315== ERROR SUMMARY: 1 errors from 1 contexts (suppressed: 0 from 0)
